Date,Product ID,Store ID,Location_ID,SKU_ID,Predicted_Demand,Inventory_Level,Supplier_Lead_Time_Days,Reorder_Point,Order_Quantity,Unit_Cost,Unit_Price,Promotion_Flag,Stockout_Flag
2024-01-01,P0002,S002,WH_2,SKU_10,32.97942,520.0,10.0,310.0,0.0,13.83,22.36,0.0,0.0
2024-01-01,P0006,S005,WH_5,SKU_14,74.59894,980.0,6.0,259.0,0.0,11.19,14.98,0.0,0.0
2024-01-01,P0016,S002,WH_2,SKU_23,119.16337,701.0,12.0,312.0,0.0,6.68,11.81,0.0,0.0
2024-01-01,P0010,S001,WH_1,SKU_18,45.693356,548.0,2.0,346.0,0.0,8.62,10.49,0.0,0.0
2024-01-01,P0019,S003,WH_3,SKU_26,82.39297,829.0,14.0,222.0,0.0,7.66,9.43,0.0,0.0
2024-01-01,P0011,S003,WH_3,SKU_19,64.4964,806.0,4.0,295.0,0.0,14.17,23.01,1.0,0.0
2024-01-01,P0019,S002,WH_2,SKU_26,129.10497,856.0,5.0,273.0,0.0,8.5,11.16,0.0,0.0
2024-01-01,P0019,S004,WH_4,SKU_26,138.52043,661.0,14.0,331.0,0.0,8.71,13.65,0.0,0.0
2024-01-01,P0005,S004,WH_4,SKU_13,134.99397,902.0,10.0,251.0,0.0,14.29,19.75,0.0,0.0
2024-01-01,P0007,S001,WH_1,SKU_15,91.50884,792.0,13.0,327.0,0.0,16.7,28.78,1.0,0.0
2024-01-01,P0014,S005,WH_5,SKU_21,60.619633,751.0,8.0,309.0,0.0,13.11,23.25,0.0,0.0
2024-01-01,P0003,S001,WH_1,SKU_11,105.81511,922.0,4.0,286.0,0.0,19.54,34.79,0.0,0.0
2024-01-01,P0014,S004,WH_4,SKU_21,49.006016,619.0,8.0,379.0,0.0,12.65,20.04,0.0,0.0
2024-01-01,P0001,S001,WH_1,SKU_1,53.56248,592.0,14.0,379.0,0.0,13.95,20.48,0.0,0.0
2024-01-01,P0011,S001,WH_1,SKU_19,34.192513,509.0,8.0,287.0,0.0,12.4,18.41,0.0,0.0
2024-01-01,P0016,S005,WH_5,SKU_23,20.02412,759.0,3.0,383.0,0.0,19.43,28.74,0.0,0.0
2024-01-01,P0016,S004,WH_4,SKU_23,30.569283,888.0,14.0,236.0,0.0,15.4,18.69,0.0,0.0
2024-01-01,P0006,S004,WH_4,SKU_14,90.79642,498.0,10.0,343.0,0.0,5.76,8.49,0.0,0.0
2024-01-01,P0010,S003,WH_3,SKU_18,110.76642,840.0,9.0,213.0,0.0,15.53,20.4,0.0,0.0
2024-01-01,P0006,S002,WH_2,SKU_14,82.42797,841.0,14.0,268.0,0.0,18.83,23.34,1.0,0.0
2024-01-01,P0017,S004,WH_4,SKU_24,125.77206,536.0,13.0,301.0,0.0,7.11,12.19,0.0,0.0
2024-01-01,P0007,S002,WH_2,SKU_15,33.2959,928.0,8.0,386.0,0.0,11.37,14.92,0.0,0.0
2024-01-01,P0008,S005,WH_5,SKU_16,76.52537,482.0,2.0,394.0,0.0,13.23,20.46,0.0,0.0
2024-01-01,P0017,S002,WH_2,SKU_24,21.424051,807.0,5.0,365.0,0.0,19.69,29.64,0.0,0.0
2024-01-01,P0008,S003,WH_3,SKU_16,89.90812,560.0,6.0,336.0,0.0,12.08,18.52,0.0,0.0
2024-01-01,P0010,S005,WH_5,SKU_18,88.62295,523.0,13.0,394.0,0.0,13.35,21.48,0.0,0.0
2024-01-01,P0008,S001,WH_1,SKU_16,44.399254,890.0,14.0,328.0,0.0,11.96,17.38,0.0,0.0
2024-01-01,P0020,S001,WH_1,SKU_27,30.350443,724.0,2.0,389.0,0.0,5.89,7.48,0.0,0.0
2024-01-01,P0012,S005,WH_5,SKU_2,23.578505,844.0,14.0,267.0,0.0,15.0,26.38,0.0,0.0
2024-01-01,P0004,S003,WH_3,SKU_12,63.245255,755.0,6.0,234.0,0.0,10.01,13.38,0.0,0.0
2024-01-01,P0020,S003,WH_3,SKU_27,85.05883,762.0,3.0,296.0,0.0,9.18,15.91,0.0,0.0
2024-01-01,P0001,S004,WH_4,SKU_1,58.381554,522.0,9.0,333.0,0.0,6.93,10.7,0.0,0.0
2024-01-01,P0008,S002,WH_2,SKU_16,59.330273,492.0,11.0,327.0,0.0,19.0,26.16,0.0,0.0
2024-01-01,P0001,S002,WH_2,SKU_1,79.561615,843.0,8.0,322.0,0.0,11.46,19.92,0.0,0.0
2024-01-01,P0014,S002,WH_2,SKU_21,65.72755,617.0,7.0,349.0,0.0,8.18,12.0,0.0,0.0
2024-01-01,P0015,S004,WH_4,SKU_22,42.589066,638.0,11.0,374.0,0.0,19.16,23.34,0.0,0.0
2024-01-01,P0013,S001,WH_1,SKU_20,29.678972,523.0,9.0,295.0,0.0,9.55,16.05,1.0,0.0
2024-01-01,P0007,S003,WH_3,SKU_15,78.18953,794.0,7.0,265.0,0.0,6.24,9.99,0.0,0.0
2024-01-01,P0004,S004,WH_4,SKU_12,90.11659,849.0,12.0,227.0,0.0,14.2,19.73,0.0,0.0
2024-01-01,P0009,S001,WH_1,SKU_17,97.112816,945.0,10.0,268.0,0.0,14.9,26.61,0.0,0.0
2024-01-01,P0018,S005,WH_5,SKU_25,176.99072,578.0,7.0,311.0,0.0,8.45,14.29,0.0,0.0
2024-01-01,P0020,S004,WH_4,SKU_27,44.77584,966.0,14.0,289.0,0.0,13.84,20.65,0.0,0.0
2024-01-01,P0007,S004,WH_4,SKU_15,94.58434,681.0,5.0,224.0,0.0,13.52,23.32,0.0,0.0
2024-01-01,P0009,S003,WH_3,SKU_17,71.54274,703.0,3.0,339.0,0.0,16.8,28.54,0.0,0.0
2024-01-01,P0018,S002,WH_2,SKU_25,133.85632,495.0,3.0,352.0,0.0,5.07,6.95,1.0,0.0
2024-01-01,P0020,S005,WH_5,SKU_27,24.981546,514.0,2.0,353.0,0.0,17.89,25.71,0.0,0.0
2024-01-01,P0011,S005,WH_5,SKU_19,53.537766,638.0,7.0,281.0,0.0,15.87,25.1,0.0,0.0
2024-01-01,P0003,S002,WH_2,SKU_11,72.92393,954.0,4.0,230.0,0.0,17.93,29.29,0.0,0.0
2024-01-01,P0015,S002,WH_2,SKU_22,115.07215,725.0,7.0,261.0,0.0,9.82,14.68,1.0,0.0
2024-01-01,P0012,S003,WH_3,SKU_2,30.43893,892.0,10.0,319.0,0.0,5.02,7.82,0.0,0.0
2024-01-01,P0012,S001,WH_1,SKU_2,52.841595,971.0,13.0,228.0,0.0,19.76,35.1,0.0,0.0
2024-01-01,P0012,S002,WH_2,SKU_2,39.004826,925.0,8.0,377.0,0.0,16.77,22.06,0.0,0.0
2024-01-01,P0009,S005,WH_5,SKU_17,85.99048,549.0,8.0,321.0,0.0,7.73,13.36,0.0,0.0
2024-01-01,P0009,S004,WH_4,SKU_17,137.87007,512.0,5.0,341.0,0.0,8.62,10.66,0.0,0.0
2024-01-01,P0018,S001,WH_1,SKU_25,96.929184,606.0,5.0,314.0,0.0,14.23,20.28,0.0,0.0
2024-01-01,P0019,S001,WH_1,SKU_26,27.365013,860.0,2.0,335.0,0.0,18.22,23.67,1.0,0.0
2024-01-01,P0017,S003,WH_3,SKU_24,27.333662,808.0,10.0,209.0,0.0,10.59,15.15,0.0,0.0
2024-01-01,P0009,S002,WH_2,SKU_17,80.98397,546.0,13.0,372.0,0.0,16.68,21.24,0.0,0.0
2024-01-01,P0016,S003,WH_3,SKU_23,54.38735,763.0,5.0,293.0,0.0,18.08,23.36,0.0,0.0
2024-01-01,P0010,S004,WH_4,SKU_18,117.79005,581.0,6.0,250.0,0.0,5.35,9.51,0.0,0.0
2024-01-01,P0013,S002,WH_2,SKU_20,73.60357,687.0,9.0,336.0,0.0,12.31,20.86,0.0,0.0
2024-01-01,P0005,S005,WH_5,SKU_13,74.5314,811.0,7.0,305.0,0.0,15.13,23.34,0.0,0.0
2024-01-01,P0006,S003,WH_3,SKU_14,36.62568,671.0,3.0,283.0,0.0,5.88,9.37,0.0,0.0
2024-01-01,P0017,S001,WH_1,SKU_24,26.06425,575.0,2.0,288.0,0.0,6.14,10.22,0.0,0.0
2024-01-01,P0013,S005,WH_5,SKU_20,59.595432,826.0,2.0,246.0,0.0,10.07,18.03,0.0,0.0
2024-01-01,P0018,S003,WH_3,SKU_25,44.514675,826.0,7.0,232.0,0.0,6.51,8.04,0.0,0.0
2024-01-01,P0001,S003,WH_3,SKU_1,31.77387,505.0,6.0,314.0,0.0,6.06,8.41,1.0,0.0
2024-01-01,P0002,S005,WH_5,SKU_10,63.881653,510.0,9.0,246.0,0.0,9.67,15.35,0.0,0.0
2024-01-01,P0017,S005,WH_5,SKU_24,34.097393,786.0,7.0,313.0,0.0,7.27,12.17,0.0,0.0
2024-01-01,P0013,S003,WH_3,SKU_20,66.20618,832.0,3.0,319.0,0.0,14.9,25.16,0.0,0.0
2024-01-01,P0004,S005,WH_5,SKU_12,69.13653,749.0,6.0,349.0,0.0,10.21,15.8,0.0,0.0
2024-01-01,P0002,S001,WH_1,SKU_10,120.25365,835.0,13.0,361.0,0.0,12.67,18.73,0.0,0.0
2024-01-01,P0004,S001,WH_1,SKU_12,42.1093,964.0,5.0,299.0,0.0,5.36,7.17,0.0,0.0
2024-01-01,P0011,S002,WH_2,SKU_19,96.098724,605.0,8.0,316.0,0.0,12.67,18.56,1.0,0.0
2024-01-01,P0015,S001,WH_1,SKU_22,42.306652,947.0,4.0,282.0,0.0,8.88,12.51,0.0,0.0
2024-01-01,P0013,S004,WH_4,SKU_20,84.1761,925.0,2.0,327.0,0.0,16.89,23.51,0.0,0.0
2024-01-01,P0006,S001,WH_1,SKU_14,19.218458,504.0,11.0,265.0,0.0,8.21,11.1,0.0,0.0
2024-01-01,P0005,S002,WH_2,SKU_13,53.613728,484.0,11.0,350.0,0.0,17.04,21.69,0.0,0.0
2024-01-01,P0003,S005,WH_5,SKU_11,25.406347,977.0,3.0,349.0,0.0,18.92,31.99,0.0,0.0
2024-01-01,P0003,S003,WH_3,SKU_11,58.847668,813.0,13.0,342.0,0.0,13.85,18.39,0.0,0.0
2024-01-01,P0018,S004,WH_4,SKU_25,50.53135,583.0,9.0,273.0,0.0,12.02,19.24,0.0,0.0
2024-01-01,P0003,S004,WH_4,SKU_11,35.811123,953.0,2.0,382.0,0.0,6.2,7.82,0.0,0.0
2024-01-01,P0008,S004,WH_4,SKU_16,37.21264,771.0,4.0,367.0,0.0,6.61,9.52,1.0,0.0
2024-01-01,P0007,S005,WH_5,SKU_15,105.09098,628.0,14.0,279.0,0.0,15.48,21.47,0.0,0.0
2024-01-01,P0014,S001,WH_1,SKU_21,61.56587,739.0,11.0,245.0,0.0,19.68,23.66,0.0,0.0
2024-01-01,P0002,S003,WH_3,SKU_10,98.02026,769.0,5.0,218.0,0.0,13.68,17.87,0.0,0.0
2024-01-01,P0004,S002,WH_2,SKU_12,75.14252,680.0,6.0,370.0,0.0,19.03,23.02,0.0,0.0
2024-01-01,P0016,S001,WH_1,SKU_23,74.00082,638.0,8.0,239.0,0.0,9.05,14.03,0.0,0.0
2024-01-01,P0011,S004,WH_4,SKU_19,90.91031,639.0,4.0,352.0,0.0,5.41,7.4,0.0,0.0
2024-01-01,P0012,S004,WH_4,SKU_2,60.835075,544.0,6.0,290.0,0.0,7.06,10.96,0.0,0.0
2024-01-01,P0020,S002,WH_2,SKU_27,40.87369,909.0,4.0,223.0,0.0,16.3,21.54,0.0,0.0
2024-01-01,P0015,S003,WH_3,SKU_22,104.62551,705.0,4.0,211.0,0.0,18.38,32.58,0.0,0.0
2024-01-01,P0019,S005,WH_5,SKU_26,36.090694,791.0,4.0,393.0,0.0,17.15,27.81,0.0,0.0
2024-01-01,P0002,S004,WH_4,SKU_10,92.54741,781.0,14.0,328.0,0.0,19.02,24.9,1.0,0.0
2024-01-01,P0001,S005,WH_5,SKU_1,76.92236,640.0,4.0,366.0,0.0,19.41,23.81,0.0,0.0
2024-01-01,P0015,S005,WH_5,SKU_22,115.93684,500.0,4.0,326.0,0.0,16.45,25.06,0.0,0.0
2024-01-01,P0010,S002,WH_2,SKU_18,102.21746,895.0,10.0,270.0,0.0,17.51,24.82,0.0,0.0
2024-01-01,P0005,S003,WH_3,SKU_13,23.720736,540.0,14.0,382.0,0.0,6.01,8.52,0.0,0.0
2024-01-01,P0005,S001,WH_1,SKU_13,59.068275,870.0,9.0,246.0,0.0,19.52,24.09,0.0,0.0
2024-01-01,P0014,S003,WH_3,SKU_21,99.60381,981.0,10.0,283.0,0.0,5.75,8.47,0.0,0.0
2024-01-02,P0002,S001,WH_1,SKU_10,174.07298,812.0,13.0,361.0,0.0,12.67,18.73,0.0,0.0
2024-01-02,P0014,S005,WH_5,SKU_21,28.527557,723.0,8.0,309.0,0.0,13.11,23.25,1.0,0.0
2024-01-02,P0002,S004,WH_4,SKU_10,77.01705,768.0,14.0,328.0,0.0,19.02,24.9,0.0,0.0
2024-01-02,P0016,S005,WH_5,SKU_23,14.997979,738.0,3.0,383.0,0.0,19.43,28.74,0.0,0.0
2024-01-02,P0008,S003,WH_3,SKU_16,125.30857,548.0,6.0,336.0,0.0,12.08,18.52,0.0,0.0
2024-01-02,P0019,S002,WH_2,SKU_26,131.5478,833.0,5.0,273.0,0.0,8.5,11.16,0.0,0.0
2024-01-02,P0006,S005,WH_5,SKU_14,93.31817,975.0,6.0,259.0,0.0,11.19,14.98,0.0,0.0
2024-01-02,P0007,S003,WH_3,SKU_15,65.32678,776.0,7.0,265.0,0.0,6.24,9.99,0.0,0.0
2024-01-02,P0005,S002,WH_2,SKU_13,67.74436,466.0,11.0,350.0,0.0,17.04,21.69,0.0,0.0
2024-01-02,P0015,S002,WH_2,SKU_22,134.70747,695.0,7.0,261.0,0.0,9.82,14.68,0.0,0.0
2024-01-02,P0003,S002,WH_2,SKU_11,100.594376,933.0,4.0,230.0,0.0,17.93,29.29,0.0,0.0
2024-01-02,P0020,S003,WH_3,SKU_27,132.39896,743.0,3.0,296.0,0.0,9.18,15.91,0.0,0.0
2024-01-02,P0012,S002,WH_2,SKU_2,46.564022,897.0,8.0,377.0,0.0,16.77,22.06,0.0,0.0
2024-01-02,P0015,S005,WH_5,SKU_22,79.07502,480.0,4.0,326.0,0.0,16.45,25.06,0.0,0.0
2024-01-02,P0013,S002,WH_2,SKU_20,83.89786,668.0,9.0,336.0,0.0,12.31,20.86,0.0,0.0
2024-01-02,P0018,S003,WH_3,SKU_25,26.37492,806.0,7.0,232.0,0.0,6.51,8.04,0.0,0.0
2024-01-02,P0018,S002,WH_2,SKU_25,115.13984,479.0,3.0,352.0,0.0,5.07,6.95,0.0,0.0
2024-01-02,P0009,S003,WH_3,SKU_17,69.19354,679.0,3.0,339.0,0.0,16.8,28.54,1.0,0.0
2024-01-02,P0006,S002,WH_2,SKU_14,190.32544,818.0,14.0,268.0,0.0,18.83,23.34,1.0,0.0
2024-01-02,P0010,S002,WH_2,SKU_18,89.11516,877.0,10.0,270.0,0.0,17.51,24.82,0.0,0.0
2024-01-02,P0005,S005,WH_5,SKU_13,80.14292,791.0,7.0,305.0,0.0,15.13,23.34,0.0,0.0
2024-01-02,P0005,S003,WH_3,SKU_13,26.60136,526.0,14.0,382.0,0.0,6.01,8.52,0.0,0.0
2024-01-02,P0012,S005,WH_5,SKU_2,26.661072,813.0,14.0,267.0,0.0,15.0,26.38,1.0,0.0
2024-01-02,P0011,S005,WH_5,SKU_19,48.20431,613.0,7.0,281.0,0.0,15.87,25.1,0.0,0.0
2024-01-02,P0009,S002,WH_2,SKU_17,108.37944,526.0,13.0,372.0,0.0,16.68,21.24,0.0,0.0
2024-01-02,P0006,S001,WH_1,SKU_14,48.776012,483.0,11.0,265.0,0.0,8.21,11.1,0.0,0.0
2024-01-02,P0011,S003,WH_3,SKU_19,54.005714,786.0,4.0,295.0,0.0,14.17,23.01,0.0,0.0
2024-01-02,P0011,S002,WH_2,SKU_19,78.9676,583.0,8.0,316.0,0.0,12.67,18.56,0.0,0.0
2024-01-02,P0016,S002,WH_2,SKU_23,126.11902,679.0,12.0,312.0,0.0,6.68,11.81,0.0,0.0
2024-01-02,P0020,S002,WH_2,SKU_27,46.070736,880.0,4.0,223.0,0.0,16.3,21.54,0.0,0.0
2024-01-02,P0016,S003,WH_3,SKU_23,48.901398,731.0,5.0,293.0,0.0,18.08,23.36,1.0,0.0
2024-01-02,P0001,S003,WH_3,SKU_1,30.828363,494.0,6.0,314.0,0.0,6.06,8.41,0.0,0.0
2024-01-02,P0014,S003,WH_3,SKU_21,113.15635,957.0,10.0,283.0,0.0,5.75,8.47,0.0,0.0
2024-01-02,P0006,S003,WH_3,SKU_14,28.685246,658.0,3.0,283.0,0.0,5.88,9.37,0.0,0.0
2024-01-02,P0015,S003,WH_3,SKU_22,63.08979,681.0,4.0,211.0,0.0,18.38,32.58,1.0,0.0
2024-01-02,P0013,S005,WH_5,SKU_20,86.59505,803.0,2.0,246.0,0.0,10.07,18.03,0.0,0.0
2024-01-02,P0010,S003,WH_3,SKU_18,72.21444,812.0,9.0,213.0,0.0,15.53,20.4,0.0,0.0
2024-01-02,P0017,S002,WH_2,SKU_24,20.900614,784.0,5.0,365.0,0.0,19.69,29.64,0.0,0.0
2024-01-02,P0020,S005,WH_5,SKU_27,34.72268,490.0,2.0,353.0,0.0,17.89,25.71,0.0,0.0
2024-01-02,P0019,S003,WH_3,SKU_26,50.1538,805.0,14.0,222.0,0.0,7.66,9.43,0.0,0.0
2024-01-02,P0007,S002,WH_2,SKU_15,29.350544,906.0,8.0,386.0,0.0,11.37,14.92,0.0,0.0
2024-01-02,P0008,S002,WH_2,SKU_16,74.57081,469.0,11.0,327.0,0.0,19.0,26.16,0.0,0.0
2024-01-02,P0013,S003,WH_3,SKU_20,80.84974,814.0,3.0,319.0,0.0,14.9,25.16,0.0,0.0
2024-01-02,P0001,S001,WH_1,SKU_1,48.11683,575.0,14.0,379.0,0.0,13.95,20.48,0.0,0.0
2024-01-02,P0001,S004,WH_4,SKU_1,87.158066,501.0,9.0,333.0,0.0,6.93,10.7,0.0,0.0
2024-01-02,P0012,S003,WH_3,SKU_2,25.994856,876.0,10.0,319.0,0.0,5.02,7.82,0.0,0.0
2024-01-02,P0014,S002,WH_2,SKU_21,45.722965,600.0,7.0,349.0,0.0,8.18,12.0,0.0,0.0
2024-01-02,P0007,S005,WH_5,SKU_15,75.08651,610.0,14.0,279.0,0.0,15.48,21.47,0.0,0.0
2024-01-02,P0016,S004,WH_4,SKU_23,36.39557,864.0,14.0,236.0,0.0,15.4,18.69,0.0,0.0
2024-01-02,P0017,S003,WH_3,SKU_24,22.947033,796.0,10.0,209.0,0.0,10.59,15.15,0.0,0.0
2024-01-02,P0003,S004,WH_4,SKU_11,42.204624,936.0,2.0,382.0,0.0,6.2,7.82,0.0,0.0
2024-01-02,P0019,S005,WH_5,SKU_26,32.86207,765.0,4.0,393.0,0.0,17.15,27.81,0.0,0.0
2024-01-02,P0007,S004,WH_4,SKU_15,80.54157,666.0,5.0,224.0,0.0,13.52,23.32,1.0,0.0
2024-01-02,P0004,S001,WH_1,SKU_12,41.340923,942.0,5.0,299.0,0.0,5.36,7.17,0.0,0.0
2024-01-02,P0010,S001,WH_1,SKU_18,32.36065,518.0,2.0,346.0,0.0,8.62,10.49,0.0,0.0
2024-01-02,P0014,S004,WH_4,SKU_21,33.21963,604.0,8.0,379.0,0.0,12.65,20.04,0.0,0.0
2024-01-02,P0005,S001,WH_1,SKU_13,97.97744,843.0,9.0,246.0,0.0,19.52,24.09,0.0,0.0
2024-01-02,P0010,S004,WH_4,SKU_18,80.32041,564.0,6.0,250.0,0.0,5.35,9.51,0.0,0.0
2024-01-02,P0016,S001,WH_1,SKU_23,61.859486,622.0,8.0,239.0,0.0,9.05,14.03,0.0,0.0
2024-01-02,P0003,S005,WH_5,SKU_11,25.847574,955.0,3.0,349.0,0.0,18.92,31.99,0.0,0.0
2024-01-02,P0004,S002,WH_2,SKU_12,80.577995,659.0,6.0,370.0,0.0,19.03,23.02,0.0,0.0
2024-01-02,P0020,S004,WH_4,SKU_27,46.64787,946.0,14.0,289.0,0.0,13.84,20.65,0.0,0.0
2024-01-02,P0009,S001,WH_1,SKU_17,192.58438,928.0,10.0,268.0,0.0,14.9,26.61,0.0,0.0
2024-01-02,P0011,S004,WH_4,SKU_19,101.96296,623.0,4.0,352.0,0.0,5.41,7.4,0.0,0.0
2024-01-02,P0008,S001,WH_1,SKU_16,45.14311,868.0,14.0,328.0,0.0,11.96,17.38,1.0,0.0
2024-01-02,P0010,S005,WH_5,SKU_18,68.16303,494.0,13.0,394.0,0.0,13.35,21.48,1.0,0.0
2024-01-02,P0002,S002,WH_2,SKU_10,33.625217,495.0,10.0,310.0,0.0,13.83,22.36,0.0,0.0
2024-01-02,P0004,S005,WH_5,SKU_12,78.01055,729.0,6.0,349.0,0.0,10.21,15.8,0.0,0.0
2024-01-02,P0005,S004,WH_4,SKU_13,179.92058,889.0,10.0,251.0,0.0,14.29,19.75,0.0,0.0
2024-01-02,P0001,S002,WH_2,SKU_1,80.94594,824.0,8.0,322.0,0.0,11.46,19.92,0.0,0.0
2024-01-02,P0008,S005,WH_5,SKU_16,78.43747,465.0,2.0,394.0,0.0,13.23,20.46,0.0,0.0
2024-01-02,P0002,S005,WH_5,SKU_10,56.131035,481.0,9.0,246.0,0.0,9.67,15.35,0.0,0.0
2024-01-02,P0018,S004,WH_4,SKU_25,33.406673,571.0,9.0,273.0,0.0,12.02,19.24,0.0,0.0
2024-01-02,P0017,S001,WH_1,SKU_24,26.094234,547.0,2.0,288.0,0.0,6.14,10.22,0.0,0.0
2024-01-02,P0003,S003,WH_3,SKU_11,49.1524,782.0,13.0,342.0,0.0,13.85,18.39,0.0,0.0
2024-01-02,P0002,S003,WH_3,SKU_10,67.01062,747.0,5.0,218.0,0.0,13.68,17.87,0.0,0.0
2024-01-02,P0018,S005,WH_5,SKU_25,120.62258,555.0,7.0,311.0,0.0,8.45,14.29,0.0,0.0
2024-01-02,P0012,S004,WH_4,SKU_2,69.07441,520.0,6.0,290.0,0.0,7.06,10.96,0.0,0.0
2024-01-02,P0003,S001,WH_1,SKU_11,109.9963,917.0,4.0,286.0,0.0,19.54,34.79,0.0,0.0
2024-01-02,P0006,S004,WH_4,SKU_14,99.3039,472.0,10.0,343.0,0.0,5.76,8.49,0.0,0.0
2024-01-02,P0001,S005,WH_5,SKU_1,65.3832,629.0,4.0,366.0,0.0,19.41,23.81,0.0,0.0
2024-01-02,P0011,S001,WH_1,SKU_19,36.471256,488.0,8.0,287.0,0.0,12.4,18.41,0.0,0.0
2024-01-02,P0009,S005,WH_5,SKU_17,85.81066,543.0,8.0,321.0,0.0,7.73,13.36,1.0,0.0
2024-01-02,P0017,S005,WH_5,SKU_24,32.92363,773.0,7.0,313.0,0.0,7.27,12.17,0.0,0.0
2024-01-02,P0019,S004,WH_4,SKU_26,79.71247,638.0,14.0,331.0,0.0,8.71,13.65,0.0,0.0
2024-01-02,P0015,S001,WH_1,SKU_22,21.37281,921.0,4.0,282.0,0.0,8.88,12.51,0.0,0.0
2024-01-02,P0009,S004,WH_4,SKU_17,164.07695,485.0,5.0,341.0,0.0,8.62,10.66,0.0,0.0
2024-01-02,P0018,S001,WH_1,SKU_25,79.987465,586.0,5.0,314.0,0.0,14.23,20.28,0.0,0.0
2024-01-02,P0007,S001,WH_1,SKU_15,70.49532,774.0,13.0,327.0,0.0,16.7,28.78,0.0,0.0
2024-01-02,P0014,S001,WH_1,SKU_21,86.22955,720.0,11.0,245.0,0.0,19.68,23.66,1.0,0.0
2024-01-02,P0012,S001,WH_1,SKU_2,59.852955,946.0,13.0,228.0,0.0,19.76,35.1,0.0,0.0
2024-01-02,P0015,S004,WH_4,SKU_22,29.237503,621.0,11.0,374.0,0.0,19.16,23.34,0.0,0.0
2024-01-02,P0019,S001,WH_1,SKU_26,32.85606,850.0,2.0,335.0,0.0,18.22,23.67,0.0,0.0
2024-01-02,P0008,S004,WH_4,SKU_16,29.59445,748.0,4.0,367.0,0.0,6.61,9.52,0.0,0.0
2024-01-02,P0020,S001,WH_1,SKU_27,33.183956,703.0,2.0,389.0,0.0,5.89,7.48,0.0,0.0
2024-01-02,P0004,S003,WH_3,SKU_12,76.28042,734.0,6.0,234.0,0.0,10.01,13.38,0.0,0.0
2024-01-02,P0004,S004,WH_4,SKU_12,86.26829,833.0,12.0,227.0,0.0,14.2,19.73,0.0,0.0
2024-01-02,P0013,S001,WH_1,SKU_20,30.678432,508.0,9.0,295.0,0.0,9.55,16.05,1.0,0.0
2024-01-02,P0013,S004,WH_4,SKU_20,96.83188,902.0,2.0,327.0,0.0,16.89,23.51,0.0,0.0
2024-01-02,P0017,S004,WH_4,SKU_24,137.28967,517.0,13.0,301.0,0.0,7.11,12.19,0.0,0.0
2024-01-03,P0015,S002,WH_2,SKU_22,148.13475,680.0,7.0,261.0,0.0,9.82,14.68,0.0,0.0
2024-01-03,P0020,S003,WH_3,SKU_27,79.74951,723.0,3.0,296.0,0.0,9.18,15.91,0.0,0.0
2024-01-03,P0007,S004,WH_4,SKU_15,91.88056,643.0,5.0,224.0,0.0,13.52,23.32,0.0,0.0
2024-01-03,P0018,S004,WH_4,SKU_25,32.969837,547.0,9.0,273.0,0.0,12.02,19.24,0.0,0.0
2024-01-03,P0003,S003,WH_3,SKU_11,53.93068,756.0,13.0,342.0,0.0,13.85,18.39,0.0,0.0
2024-01-03,P0013,S001,WH_1,SKU_20,33.254715,487.0,9.0,295.0,0.0,9.55,16.05,0.0,0.0
2024-01-03,P0019,S002,WH_2,SKU_26,114.49945,811.0,5.0,273.0,0.0,8.5,11.16,1.0,0.0
2024-01-03,P0019,S001,WH_1,SKU_26,34.824333,830.0,2.0,335.0,0.0,18.22,23.67,0.0,0.0
2024-01-03,P0016,S004,WH_4,SKU_23,25.530243,853.0,14.0,236.0,0.0,15.4,18.69,0.0,0.0
2024-01-03,P0010,S005,WH_5,SKU_18,63.59095,469.0,13.0,394.0,0.0,13.35,21.48,0.0,0.0
2024-01-03,P0014,S002,WH_2,SKU_21,43.877056,585.0,7.0,349.0,0.0,8.18,12.0,0.0,0.0
2024-01-03,P0002,S001,WH_1,SKU_10,175.24095,787.0,13.0,361.0,0.0,12.67,18.73,0.0,0.0
2024-01-03,P0008,S001,WH_1,SKU_16,58.11224,845.0,14.0,328.0,0.0,11.96,17.38,0.0,0.0
2024-01-03,P0017,S005,WH_5,SKU_24,35.715622,747.0,7.0,313.0,0.0,7.27,12.17,0.0,0.0
2024-01-03,P0015,S004,WH_4,SKU_22,36.954887,592.0,11.0,374.0,0.0,19.16,23.34,0.0,0.0
2024-01-03,P0008,S003,WH_3,SKU_16,123.584854,525.0,6.0,336.0,0.0,12.08,18.52,0.0,0.0
2024-01-03,P0005,S003,WH_3,SKU_13,36.56123,508.0,14.0,382.0,0.0,6.01,8.52,0.0,0.0
2024-01-03,P0012,S005,WH_5,SKU_2,25.826216,787.0,14.0,267.0,0.0,15.0,26.38,0.0,0.0
2024-01-03,P0006,S005,WH_5,SKU_14,98.62786,944.0,6.0,259.0,0.0,11.19,14.98,0.0,0.0
2024-01-03,P0016,S005,WH_5,SKU_23,24.24879,718.0,3.0,383.0,0.0,19.43,28.74,0.0,0.0
2024-01-03,P0002,S002,WH_2,SKU_10,32.198563,474.0,10.0,310.0,0.0,13.83,22.36,0.0,0.0
2024-01-03,P0004,S005,WH_5,SKU_12,76.69624,714.0,6.0,349.0,0.0,10.21,15.8,0.0,0.0
2024-01-03,P0012,S001,WH_1,SKU_2,83.248276,931.0,13.0,228.0,0.0,19.76,35.1,0.0,0.0
2024-01-03,P0006,S003,WH_3,SKU_14,32.895866,633.0,3.0,283.0,0.0,5.88,9.37,0.0,0.0
2024-01-03,P0013,S005,WH_5,SKU_20,84.645424,783.0,2.0,246.0,0.0,10.07,18.03,0.0,0.0
2024-01-03,P0011,S002,WH_2,SKU_19,126.755135,574.0,8.0,316.0,0.0,12.67,18.56,0.0,0.0
2024-01-03,P0019,S004,WH_4,SKU_26,123.32763,610.0,14.0,331.0,0.0,8.71,13.65,0.0,0.0
2024-01-03,P0011,S004,WH_4,SKU_19,115.83012,600.0,4.0,352.0,0.0,5.41,7.4,0.0,0.0
2024-01-03,P0016,S001,WH_1,SKU_23,74.7054,600.0,8.0,239.0,0.0,9.05,14.03,0.0,0.0
2024-01-03,P0005,S005,WH_5,SKU_13,74.69857,774.0,7.0,305.0,0.0,15.13,23.34,0.0,0.0
2024-01-03,P0003,S004,WH_4,SKU_11,27.430506,917.0,2.0,382.0,0.0,6.2,7.82,0.0,0.0
2024-01-03,P0006,S001,WH_1,SKU_14,38.202923,454.0,11.0,265.0,0.0,8.21,11.1,0.0,0.0
2024-01-03,P0015,S001,WH_1,SKU_22,33.929768,897.0,4.0,282.0,0.0,8.88,12.51,0.0,0.0
2024-01-03,P0010,S004,WH_4,SKU_18,69.418144,538.0,6.0,250.0,0.0,5.35,9.51,1.0,0.0
2024-01-03,P0009,S005,WH_5,SKU_17,54.031776,520.0,8.0,321.0,0.0,7.73,13.36,0.0,0.0
2024-01-03,P0002,S005,WH_5,SKU_10,60.15743,461.0,9.0,246.0,0.0,9.67,15.35,0.0,0.0
2024-01-03,P0015,S005,WH_5,SKU_22,96.03735,460.0,4.0,326.0,0.0,16.45,25.06,1.0,0.0
2024-01-03,P0017,S001,WH_1,SKU_24,29.384388,526.0,2.0,288.0,0.0,6.14,10.22,0.0,0.0
2024-01-03,P0012,S004,WH_4,SKU_2,53.935154,502.0,6.0,290.0,0.0,7.06,10.96,0.0,0.0
2024-01-03,P0004,S002,WH_2,SKU_12,75.769875,644.0,6.0,370.0,0.0,19.03,23.02,0.0,0.0
2024-01-03,P0005,S001,WH_1,SKU_13,90.098015,816.0,9.0,246.0,0.0,19.52,24.09,0.0,0.0
2024-01-03,P0001,S005,WH_5,SKU_1,79.58817,609.0,4.0,366.0,0.0,19.41,23.81,0.0,0.0
2024-01-03,P0002,S004,WH_4,SKU_10,83.14237,751.0,14.0,328.0,0.0,19.02,24.9,0.0,0.0
2024-01-03,P0005,S002,WH_2,SKU_13,69.64705,442.0,11.0,350.0,0.0,17.04,21.69,0.0,0.0
2024-01-03,P0015,S003,WH_3,SKU_22,92.38257,663.0,4.0,211.0,0.0,18.38,32.58,0.0,0.0
2024-01-03,P0010,S002,WH_2,SKU_18,72.122765,845.0,10.0,270.0,0.0,17.51,24.82,0.0,0.0
2024-01-03,P0020,S002,WH_2,SKU_27,38.00665,867.0,4.0,223.0,0.0,16.3,21.54,0.0,0.0
2024-01-03,P0016,S003,WH_3,SKU_23,46.9257,711.0,5.0,293.0,0.0,18.08,23.36,0.0,0.0
2024-01-03,P0012,S002,WH_2,SKU_2,38.937954,867.0,8.0,377.0,0.0,16.77,22.06,0.0,0.0
2024-01-03,P0007,S005,WH_5,SKU_15,88.64173,588.0,14.0,279.0,0.0,15.48,21.47,1.0,0.0
2024-01-03,P0020,S005,WH_5,SKU_27,28.682045,484.0,2.0,353.0,0.0,17.89,25.71,0.0,0.0
2024-01-03,P0005,S004,WH_4,SKU_13,141.49254,867.0,10.0,251.0,0.0,14.29,19.75,0.0,0.0
2024-01-03,P0002,S003,WH_3,SKU_10,93.580666,721.0,5.0,218.0,0.0,13.68,17.87,0.0,0.0
2024-01-03,P0004,S004,WH_4,SKU_12,73.707664,817.0,12.0,227.0,0.0,14.2,19.73,0.0,0.0
2024-01-03,P0003,S002,WH_2,SKU_11,100.26322,909.0,4.0,230.0,0.0,17.93,29.29,0.0,0.0
2024-01-03,P0013,S004,WH_4,SKU_20,67.8314,887.0,2.0,327.0,0.0,16.89,23.51,0.0,0.0
2024-01-03,P0007,S003,WH_3,SKU_15,72.01065,755.0,7.0,265.0,0.0,6.24,9.99,0.0,0.0
2024-01-03,P0004,S001,WH_1,SKU_12,39.68013,923.0,5.0,299.0,0.0,5.36,7.17,1.0,0.0
2024-01-03,P0001,S004,WH_4,SKU_1,83.08779,475.0,9.0,333.0,0.0,6.93,10.7,0.0,0.0
2024-01-03,P0014,S004,WH_4,SKU_21,41.2631,584.0,8.0,379.0,0.0,12.65,20.04,0.0,0.0
2024-01-03,P0004,S003,WH_3,SKU_12,70.30038,711.0,6.0,234.0,0.0,10.01,13.38,0.0,0.0
2024-01-03,P0014,S001,WH_1,SKU_21,75.159775,690.0,11.0,245.0,0.0,19.68,23.66,0.0,0.0
2024-01-03,P0009,S004,WH_4,SKU_17,104.574196,460.0,5.0,341.0,0.0,8.62,10.66,0.0,0.0
2024-01-03,P0001,S003,WH_3,SKU_1,32.86382,471.0,6.0,314.0,0.0,6.06,8.41,0.0,0.0
2024-01-03,P0014,S005,WH_5,SKU_21,34.6398,708.0,8.0,309.0,0.0,13.11,23.25,0.0,0.0
2024-01-03,P0017,S003,WH_3,SKU_24,25.98403,777.0,10.0,209.0,0.0,10.59,15.15,0.0,0.0
2024-01-03,P0019,S005,WH_5,SKU_26,28.207281,746.0,4.0,393.0,0.0,17.15,27.81,0.0,0.0
2024-01-03,P0018,S001,WH_1,SKU_25,74.706635,572.0,5.0,314.0,0.0,14.23,20.28,0.0,0.0
2024-01-03,P0008,S004,WH_4,SKU_16,32.46033,728.0,4.0,367.0,0.0,6.61,9.52,0.0,0.0
2024-01-03,P0007,S001,WH_1,SKU_15,87.90388,752.0,13.0,327.0,0.0,16.7,28.78,0.0,0.0
2024-01-03,P0018,S005,WH_5,SKU_25,78.89381,530.0,7.0,311.0,0.0,8.45,14.29,0.0,0.0
2024-01-03,P0009,S002,WH_2,SKU_17,73.07254,502.0,13.0,372.0,0.0,16.68,21.24,1.0,0.0
2024-01-03,P0018,S002,WH_2,SKU_25,120.16068,467.0,3.0,352.0,0.0,5.07,6.95,0.0,0.0
2024-01-03,P0013,S002,WH_2,SKU_20,68.00922,654.0,9.0,336.0,0.0,12.31,20.86,0.0,0.0
2024-01-03,P0013,S003,WH_3,SKU_20,54.988674,796.0,3.0,319.0,0.0,14.9,25.16,0.0,0.0
2024-01-03,P0020,S004,WH_4,SKU_27,30.293602,922.0,14.0,289.0,0.0,13.84,20.65,1.0,0.0
2024-01-03,P0014,S003,WH_3,SKU_21,66.41834,932.0,10.0,283.0,0.0,5.75,8.47,0.0,0.0
2024-01-03,P0019,S003,WH_3,SKU_26,73.697075,786.0,14.0,222.0,0.0,7.66,9.43,0.0,0.0
2024-01-03,P0006,S002,WH_2,SKU_14,118.905685,802.0,14.0,268.0,0.0,18.83,23.34,0.0,0.0
2024-01-03,P0003,S005,WH_5,SKU_11,28.171268,932.0,3.0,349.0,0.0,18.92,31.99,0.0,0.0
2024-01-03,P0010,S001,WH_1,SKU_18,33.786526,497.0,2.0,346.0,0.0,8.62,10.49,0.0,0.0
2024-01-03,P0010,S003,WH_3,SKU_18,77.82815,796.0,9.0,213.0,0.0,15.53,20.4,0.0,0.0
2024-01-03,P0017,S002,WH_2,SKU_24,23.73468,761.0,5.0,365.0,0.0,19.69,29.64,0.0,0.0
2024-01-03,P0006,S004,WH_4,SKU_14,85.0592,450.0,10.0,343.0,0.0,5.76,8.49,0.0,0.0
2024-01-03,P0017,S004,WH_4,SKU_24,115.27373,498.0,13.0,301.0,0.0,7.11,12.19,0.0,0.0
2024-01-03,P0007,S002,WH_2,SKU_15,37.41488,882.0,8.0,386.0,0.0,11.37,14.92,1.0,0.0
2024-01-03,P0011,S005,WH_5,SKU_19,56.305626,586.0,7.0,281.0,0.0,15.87,25.1,0.0,0.0
2024-01-03,P0009,S003,WH_3,SKU_17,59.950203,655.0,3.0,339.0,0.0,16.8,28.54,1.0,0.0
2024-01-03,P0003,S001,WH_1,SKU_11,150.50703,896.0,4.0,286.0,0.0,19.54,34.79,0.0,0.0
2024-01-03,P0020,S001,WH_1,SKU_27,31.878931,676.0,2.0,389.0,0.0,5.89,7.48,1.0,0.0
2024-01-03,P0001,S002,WH_2,SKU_1,100.03844,802.0,8.0,322.0,0.0,11.46,19.92,0.0,0.0
2024-01-03,P0008,S002,WH_2,SKU_16,79.5623,444.0,11.0,327.0,0.0,19.0,26.16,0.0,0.0
2024-01-03,P0016,S002,WH_2,SKU_23,97.93691,665.0,12.0,312.0,0.0,6.68,11.81,0.0,0.0
2024-01-03,P0011,S003,WH_3,SKU_19,59.059944,767.0,4.0,295.0,0.0,14.17,23.01,0.0,0.0
2024-01-03,P0009,S001,WH_1,SKU_17,107.93169,899.0,10.0,268.0,0.0,14.9,26.61,0.0,0.0
2024-01-03,P0001,S001,WH_1,SKU_1,66.67012,540.0,14.0,379.0,0.0,13.95,20.48,1.0,0.0
2024-01-03,P0011,S001,WH_1,SKU_19,32.736168,462.0,8.0,287.0,0.0,12.4,18.41,0.0,0.0
2024-01-03,P0012,S003,WH_3,SKU_2,31.468664,862.0,10.0,319.0,0.0,5.02,7.82,0.0,0.0
2024-01-03,P0008,S005,WH_5,SKU_16,107.04034,444.0,2.0,394.0,0.0,13.23,20.46,0.0,0.0
2024-01-03,P0018,S003,WH_3,SKU_25,34.267246,792.0,7.0,232.0,0.0,6.51,8.04,0.0,0.0
2024-01-04,P0013,S003,WH_3,SKU_20,74.046135,781.0,3.0,319.0,0.0,14.9,25.16,0.0,0.0
2024-01-04,P0001,S003,WH_3,SKU_1,34.482105,454.0,6.0,314.0,0.0,6.06,8.41,0.0,0.0
2024-01-04,P0007,S003,WH_3,SKU_15,76.089645,737.0,7.0,265.0,0.0,6.24,9.99,0.0,0.0
2024-01-04,P0009,S002,WH_2,SKU_17,66.52875,483.0,13.0,372.0,0.0,16.68,21.24,0.0,0.0
2024-01-04,P0013,S004,WH_4,SKU_20,57.851315,865.0,2.0,327.0,0.0,16.89,23.51,0.0,0.0
2024-01-04,P0020,S002,WH_2,SKU_27,39.05415,841.0,4.0,223.0,0.0,16.3,21.54,1.0,0.0
2024-01-04,P0012,S004,WH_4,SKU_2,51.663307,483.0,6.0,290.0,0.0,7.06,10.96,0.0,0.0
2024-01-04,P0001,S004,WH_4,SKU_1,87.99269,454.0,9.0,333.0,0.0,6.93,10.7,0.0,0.0
2024-01-04,P0019,S002,WH_2,SKU_26,138.72487,787.0,5.0,273.0,0.0,8.5,11.16,0.0,0.0
2024-01-04,P0014,S003,WH_3,SKU_21,83.89277,893.0,10.0,283.0,0.0,5.75,8.47,1.0,0.0
2024-01-04,P0012,S003,WH_3,SKU_2,29.745893,843.0,10.0,319.0,0.0,5.02,7.82,1.0,0.0
2024-01-04,P0018,S002,WH_2,SKU_25,77.96417,442.0,3.0,352.0,0.0,5.07,6.95,0.0,0.0
2024-01-04,P0011,S002,WH_2,SKU_19,76.27412,555.0,8.0,316.0,0.0,12.67,18.56,1.0,0.0
2024-01-04,P0009,S001,WH_1,SKU_17,134.90845,879.0,10.0,268.0,0.0,14.9,26.61,1.0,0.0
2024-01-04,P0016,S003,WH_3,SKU_23,60.471703,693.0,5.0,293.0,0.0,18.08,23.36,0.0,0.0
2024-01-04,P0011,S003,WH_3,SKU_19,63.681076,736.0,4.0,295.0,0.0,14.17,23.01,0.0,0.0
2024-01-04,P0009,S003,WH_3,SKU_17,61.420082,638.0,3.0,339.0,0.0,16.8,28.54,0.0,0.0
2024-01-04,P0013,S005,WH_5,SKU_20,68.6733,767.0,2.0,246.0,0.0,10.07,18.03,0.0,0.0
2024-01-04,P0011,S001,WH_1,SKU_19,34.959103,444.0,8.0,287.0,0.0,12.4,18.41,0.0,0.0
2024-01-04,P0017,S001,WH_1,SKU_24,23.393671,505.0,2.0,288.0,0.0,6.14,10.22,0.0,0.0
2024-01-04,P0020,S003,WH_3,SKU_27,105.95074,695.0,3.0,296.0,0.0,9.18,15.91,0.0,0.0
2024-01-04,P0014,S004,WH_4,SKU_21,42.165703,566.0,8.0,379.0,0.0,12.65,20.04,1.0,0.0
2024-01-04,P0005,S004,WH_4,SKU_13,103.34364,841.0,10.0,251.0,0.0,14.29,19.75,0.0,0.0
2024-01-04,P0020,S004,WH_4,SKU_27,29.997253,899.0,14.0,289.0,0.0,13.84,20.65,0.0,0.0
2024-01-04,P0003,S003,WH_3,SKU_11,53.164333,731.0,13.0,342.0,0.0,13.85,18.39,0.0,0.0
2024-01-04,P0014,S001,WH_1,SKU_21,42.419968,671.0,11.0,245.0,0.0,19.68,23.66,0.0,0.0
2024-01-04,P0016,S004,WH_4,SKU_23,32.71586,827.0,14.0,236.0,0.0,15.4,18.69,1.0,0.0
2024-01-04,P0006,S002,WH_2,SKU_14,191.7499,783.0,14.0,268.0,0.0,18.83,23.34,0.0,0.0
2024-01-04,P0004,S004,WH_4,SKU_12,73.351715,799.0,12.0,227.0,0.0,14.2,19.73,0.0,0.0
2024-01-04,P0019,S005,WH_5,SKU_26,24.728453,727.0,4.0,393.0,0.0,17.15,27.81,1.0,0.0
2024-01-04,P0005,S003,WH_3,SKU_13,30.65271,492.0,14.0,382.0,0.0,6.01,8.52,0.0,0.0
2024-01-04,P0014,S005,WH_5,SKU_21,30.590582,690.0,8.0,309.0,0.0,13.11,23.25,0.0,0.0
2024-01-04,P0013,S002,WH_2,SKU_20,83.81893,629.0,9.0,336.0,0.0,12.31,20.86,0.0,0.0
2024-01-04,P0010,S002,WH_2,SKU_18,99.809074,819.0,10.0,270.0,0.0,17.51,24.82,0.0,0.0
2024-01-04,P0002,S003,WH_3,SKU_10,71.074005,704.0,5.0,218.0,0.0,13.68,17.87,0.0,0.0
2024-01-04,P0004,S003,WH_3,SKU_12,60.5548,692.0,6.0,234.0,0.0,10.01,13.38,0.0,0.0
2024-01-04,P0006,S003,WH_3,SKU_14,36.983486,613.0,3.0,283.0,0.0,5.88,9.37,0.0,0.0
2024-01-04,P0018,S001,WH_1,SKU_25,82.877396,551.0,5.0,314.0,0.0,14.23,20.28,0.0,0.0
2024-01-04,P0001,S005,WH_5,SKU_1,79.72779,587.0,4.0,366.0,0.0,19.41,23.81,0.0,0.0
2024-01-04,P0005,S005,WH_5,SKU_13,71.768524,753.0,7.0,305.0,0.0,15.13,23.34,0.0,0.0
2024-01-04,P0009,S004,WH_4,SKU_17,115.09773,436.0,5.0,341.0,0.0,8.62,10.66,0.0,0.0
2024-01-04,P0019,S001,WH_1,SKU_26,34.35729,806.0,2.0,335.0,0.0,18.22,23.67,0.0,0.0
2024-01-04,P0003,S005,WH_5,SKU_11,23.95139,914.0,3.0,349.0,0.0,18.92,31.99,1.0,0.0
2024-01-04,P0003,S002,WH_2,SKU_11,88.24125,890.0,4.0,230.0,0.0,17.93,29.29,0.0,0.0
2024-01-04,P0020,S005,WH_5,SKU_27,24.396227,464.0,2.0,353.0,0.0,17.89,25.71,0.0,0.0
2024-01-04,P0004,S005,WH_5,SKU_12,58.47773,690.0,6.0,349.0,0.0,10.21,15.8,0.0,0.0
2024-01-04,P0017,S003,WH_3,SKU_24,23.90839,754.0,10.0,209.0,0.0,10.59,15.15,0.0,0.0
2024-01-04,P0004,S001,WH_1,SKU_12,32.443398,902.0,5.0,299.0,0.0,5.36,7.17,0.0,0.0
2024-01-04,P0015,S005,WH_5,SKU_22,63.198273,428.0,4.0,326.0,0.0,16.45,25.06,1.0,0.0
2024-01-04,P0018,S004,WH_4,SKU_25,39.288258,519.0,9.0,273.0,0.0,12.02,19.24,0.0,0.0
2024-01-04,P0006,S004,WH_4,SKU_14,97.68181,420.0,10.0,343.0,0.0,5.76,8.49,0.0,0.0
2024-01-04,P0018,S005,WH_5,SKU_25,153.7298,509.0,7.0,311.0,0.0,8.45,14.29,0.0,0.0
2024-01-04,P0014,S002,WH_2,SKU_21,50.607246,562.0,7.0,349.0,0.0,8.18,12.0,1.0,0.0
2024-01-04,P0010,S004,WH_4,SKU_18,97.10153,510.0,6.0,250.0,0.0,5.35,9.51,0.0,0.0
2024-01-04,P0006,S005,WH_5,SKU_14,90.80298,922.0,6.0,259.0,0.0,11.19,14.98,0.0,0.0
2024-01-04,P0019,S004,WH_4,SKU_26,94.98544,595.0,14.0,331.0,0.0,8.71,13.65,0.0,0.0
2024-01-04,P0006,S001,WH_1,SKU_14,32.403835,433.0,11.0,265.0,0.0,8.21,11.1,0.0,0.0
2024-01-04,P0009,S005,WH_5,SKU_17,77.32317,504.0,8.0,321.0,0.0,7.73,13.36,0.0,0.0
2024-01-04,P0012,S005,WH_5,SKU_2,33.768272,765.0,14.0,267.0,0.0,15.0,26.38,0.0,0.0
2024-01-04,P0013,S001,WH_1,SKU_20,29.773968,476.0,9.0,295.0,0.0,9.55,16.05,0.0,0.0
2024-01-04,P0005,S002,WH_2,SKU_13,55.25836,420.0,11.0,350.0,0.0,17.04,21.69,0.0,0.0
2024-01-04,P0018,S003,WH_3,SKU_25,38.97071,766.0,7.0,232.0,0.0,6.51,8.04,0.0,0.0
2024-01-04,P0002,S002,WH_2,SKU_10,26.375555,453.0,10.0,310.0,0.0,13.83,22.36,0.0,0.0
2024-01-04,P0003,S004,WH_4,SKU_11,35.164185,898.0,2.0,382.0,0.0,6.2,7.82,0.0,0.0
2024-01-04,P0015,S001,WH_1,SKU_22,25.35033,871.0,4.0,282.0,0.0,8.88,12.51,0.0,0.0
2024-01-04,P0002,S004,WH_4,SKU_10,68.02882,736.0,14.0,328.0,0.0,19.02,24.9,0.0,0.0
2024-01-04,P0015,S004,WH_4,SKU_22,32.166637,562.0,11.0,374.0,0.0,19.16,23.34,0.0,0.0
2024-01-04,P0007,S001,WH_1,SKU_15,85.84858,728.0,13.0,327.0,0.0,16.7,28.78,0.0,0.0
2024-01-04,P0004,S002,WH_2,SKU_12,83.18444,629.0,6.0,370.0,0.0,19.03,23.02,0.0,0.0
2024-01-04,P0012,S001,WH_1,SKU_2,57.146793,911.0,13.0,228.0,0.0,19.76,35.1,0.0,0.0
2024-01-04,P0008,S004,WH_4,SKU_16,34.681034,710.0,4.0,367.0,0.0,6.61,9.52,0.0,0.0
2024-01-04,P0002,S001,WH_1,SKU_10,120.85845,767.0,13.0,361.0,0.0,12.67,18.73,0.0,0.0
2024-01-04,P0008,S001,WH_1,SKU_16,65.15485,818.0,14.0,328.0,0.0,11.96,17.38,0.0,0.0
2024-01-04,P0005,S001,WH_1,SKU_13,57.555153,802.0,9.0,246.0,0.0,19.52,24.09,0.0,0.0
2024-01-04,P0016,S005,WH_5,SKU_23,22.056938,696.0,3.0,383.0,0.0,19.43,28.74,1.0,0.0
2024-01-04,P0008,S003,WH_3,SKU_16,135.42067,512.0,6.0,336.0,0.0,12.08,18.52,0.0,0.0
2024-01-04,P0017,S005,WH_5,SKU_24,29.53867,727.0,7.0,313.0,0.0,7.27,12.17,0.0,0.0
2024-01-04,P0001,S001,WH_1,SKU_1,61.289574,516.0,14.0,379.0,0.0,13.95,20.48,0.0,0.0
2024-01-04,P0010,S005,WH_5,SKU_18,80.56312,456.0,13.0,394.0,0.0,13.35,21.48,0.0,0.0
2024-01-04,P0015,S002,WH_2,SKU_22,136.82925,669.0,7.0,261.0,0.0,9.82,14.68,0.0,0.0
2024-01-04,P0016,S002,WH_2,SKU_23,113.26041,641.0,12.0,312.0,0.0,6.68,11.81,0.0,0.0
2024-01-04,P0008,S002,WH_2,SKU_16,81.63984,426.0,11.0,327.0,0.0,19.0,26.16,0.0,0.0
2024-01-04,P0001,S002,WH_2,SKU_1,97.10613,781.0,8.0,322.0,0.0,11.46,19.92,0.0,0.0
2024-01-04,P0008,S005,WH_5,SKU_16,90.16707,428.0,2.0,394.0,0.0,13.23,20.46,0.0,0.0
2024-01-04,P0007,S005,WH_5,SKU_15,98.288635,572.0,14.0,279.0,0.0,15.48,21.47,0.0,0.0
2024-01-04,P0007,S004,WH_4,SKU_15,92.343956,620.0,5.0,224.0,0.0,13.52,23.32,0.0,0.0
2024-01-04,P0010,S003,WH_3,SKU_18,87.626366,781.0,9.0,213.0,0.0,15.53,20.4,0.0,0.0
2024-01-04,P0011,S004,WH_4,SKU_19,112.09152,586.0,4.0,352.0,0.0,5.41,7.4,0.0,0.0
2024-01-04,P0017,S002,WH_2,SKU_24,24.631388,750.0,5.0,365.0,0.0,19.69,29.64,0.0,0.0
2024-01-04,P0010,S001,WH_1,SKU_18,36.59959,473.0,2.0,346.0,0.0,8.62,10.49,1.0,0.0
2024-01-04,P0003,S001,WH_1,SKU_11,86.28079,873.0,4.0,286.0,0.0,19.54,34.79,0.0,0.0
2024-01-04,P0017,S004,WH_4,SKU_24,139.47795,471.0,13.0,301.0,0.0,7.11,12.19,1.0,0.0
2024-01-04,P0016,S001,WH_1,SKU_23,58.78431,583.0,8.0,239.0,0.0,9.05,14.03,0.0,0.0
2024-01-04,P0007,S002,WH_2,SKU_15,45.60136,864.0,8.0,386.0,0.0,11.37,14.92,0.0,0.0
2024-01-04,P0015,S003,WH_3,SKU_22,73.513504,643.0,4.0,211.0,0.0,18.38,32.58,0.0,0.0
2024-01-04,P0019,S003,WH_3,SKU_26,53.222122,767.0,14.0,222.0,0.0,7.66,9.43,0.0,0.0
2024-01-04,P0020,S001,WH_1,SKU_27,28.592447,653.0,2.0,389.0,0.0,5.89,7.48,0.0,0.0
2024-01-04,P0002,S005,WH_5,SKU_10,43.96684,447.0,9.0,246.0,0.0,9.67,15.35,0.0,0.0
2024-01-04,P0011,S005,WH_5,SKU_19,54.79908,569.0,7.0,281.0,0.0,15.87,25.1,0.0,0.0
2024-01-04,P0012,S002,WH_2,SKU_2,42.609608,847.0,8.0,377.0,0.0,16.77,22.06,0.0,0.0
2024-01-05,P0004,S001,WH_1,SKU_12,47.411922,877.0,5.0,299.0,0.0,5.36,7.17,0.0,0.0
2024-01-05,P0013,S001,WH_1,SKU_20,33.455536,453.0,9.0,295.0,0.0,9.55,16.05,0.0,0.0
2024-01-05,P0015,S001,WH_1,SKU_22,38.61526,846.0,4.0,282.0,0.0,8.88,12.51,0.0,0.0
2024-01-05,P0004,S003,WH_3,SKU_12,80.917786,674.0,6.0,234.0,0.0,10.01,13.38,0.0,0.0
2024-01-05,P0006,S001,WH_1,SKU_14,25.524965,413.0,11.0,265.0,0.0,8.21,11.1,0.0,0.0
2024-01-05,P0002,S003,WH_3,SKU_10,74.74064,683.0,5.0,218.0,0.0,13.68,17.87,0.0,0.0
2024-01-05,P0014,S004,WH_4,SKU_21,48.216576,546.0,8.0,379.0,0.0,12.65,20.04,0.0,0.0
2024-01-05,P0010,S004,WH_4,SKU_18,115.1015,492.0,6.0,250.0,0.0,5.35,9.51,0.0,0.0
2024-01-05,P0019,S002,WH_2,SKU_26,142.59175,771.0,5.0,273.0,0.0,8.5,11.16,0.0,0.0
2024-01-05,P0003,S005,WH_5,SKU_11,31.40768,891.0,3.0,349.0,0.0,18.92,31.99,0.0,0.0
2024-01-05,P0018,S003,WH_3,SKU_25,52.52138,748.0,7.0,232.0,0.0,6.51,8.04,0.0,0.0
2024-01-05,P0007,S003,WH_3,SKU_15,71.13933,711.0,7.0,265.0,0.0,6.24,9.99,0.0,0.0
2024-01-05,P0004,S005,WH_5,SKU_12,85.77753,668.0,6.0,349.0,0.0,10.21,15.8,0.0,0.0
2024-01-05,P0008,S003,WH_3,SKU_16,208.33235,489.0,6.0,336.0,0.0,12.08,18.52,0.0,0.0
2024-01-05,P0012,S005,WH_5,SKU_2,38.606377,746.0,14.0,267.0,0.0,15.0,26.38,1.0,0.0
2024-01-05,P0019,S001,WH_1,SKU_26,45.046844,776.0,2.0,335.0,0.0,18.22,23.67,0.0,0.0
2024-01-05,P0013,S004,WH_4,SKU_20,94.53858,841.0,2.0,327.0,0.0,16.89,23.51,0.0,0.0
2024-01-05,P0015,S004,WH_4,SKU_22,31.66418,534.0,11.0,374.0,0.0,19.16,23.34,0.0,0.0
2024-01-05,P0016,S005,WH_5,SKU_23,20.903473,678.0,3.0,383.0,0.0,19.43,28.74,0.0,0.0
2024-01-05,P0019,S004,WH_4,SKU_26,110.5509,576.0,14.0,331.0,0.0,8.71,13.65,0.0,0.0
2024-01-05,P0001,S001,WH_1,SKU_1,54.074883,495.0,14.0,379.0,0.0,13.95,20.48,0.0,0.0
2024-01-05,P0005,S002,WH_2,SKU_13,65.9816,394.0,11.0,350.0,0.0,17.04,21.69,0.0,0.0
2024-01-05,P0002,S002,WH_2,SKU_10,26.303772,430.0,10.0,310.0,0.0,13.83,22.36,0.0,0.0
2024-01-05,P0004,S002,WH_2,SKU_12,77.951385,604.0,6.0,370.0,0.0,19.03,23.02,0.0,0.0
2024-01-05,P0009,S002,WH_2,SKU_17,70.3925,463.0,13.0,372.0,0.0,16.68,21.24,0.0,0.0
2024-01-05,P0015,S005,WH_5,SKU_22,81.430336,414.0,4.0,326.0,0.0,16.45,25.06,0.0,0.0
2024-01-05,P0018,S001,WH_1,SKU_25,102.414024,535.0,5.0,314.0,0.0,14.23,20.28,0.0,0.0
2024-01-05,P0005,S005,WH_5,SKU_13,84.75579,738.0,7.0,305.0,0.0,15.13,23.34,0.0,0.0
2024-01-05,P0005,S003,WH_3,SKU_13,35.015373,477.0,14.0,382.0,0.0,6.01,8.52,0.0,0.0
2024-01-05,P0015,S002,WH_2,SKU_22,122.36484,648.0,7.0,261.0,0.0,9.82,14.68,0.0,0.0
2024-01-05,P0009,S005,WH_5,SKU_17,75.00545,487.0,8.0,321.0,0.0,7.73,13.36,0.0,0.0
2024-01-05,P0008,S004,WH_4,SKU_16,42.785072,688.0,4.0,367.0,0.0,6.61,9.52,0.0,0.0
2024-01-05,P0020,S003,WH_3,SKU_27,167.1151,673.0,3.0,296.0,0.0,9.18,15.91,0.0,0.0
2024-01-05,P0008,S001,WH_1,SKU_16,69.551674,796.0,14.0,328.0,0.0,11.96,17.38,0.0,0.0
2024-01-05,P0012,S001,WH_1,SKU_2,64.59421,892.0,13.0,228.0,0.0,19.76,35.1,0.0,0.0
2024-01-05,P0003,S003,WH_3,SKU_11,72.29172,708.0,13.0,342.0,0.0,13.85,18.39,0.0,0.0
2024-01-05,P0007,S001,WH_1,SKU_15,81.39442,714.0,13.0,327.0,0.0,16.7,28.78,0.0,0.0
2024-01-05,P0002,S001,WH_1,SKU_10,95.55752,745.0,13.0,361.0,0.0,12.67,18.73,0.0,0.0
2024-01-05,P0010,S005,WH_5,SKU_18,103.7626,422.0,13.0,394.0,0.0,13.35,21.48,0.0,0.0
2024-01-05,P0018,S005,WH_5,SKU_25,198.44894,488.0,7.0,311.0,0.0,8.45,14.29,0.0,0.0
2024-01-05,P0002,S004,WH_4,SKU_10,74.53615,712.0,14.0,328.0,0.0,19.02,24.9,1.0,0.0
2024-01-05,P0004,S004,WH_4,SKU_12,80.218155,777.0,12.0,227.0,0.0,14.2,19.73,0.0,0.0
2024-01-05,P0012,S002,WH_2,SKU_2,39.27357,820.0,8.0,377.0,0.0,16.77,22.06,0.0,0.0
2024-01-05,P0006,S005,WH_5,SKU_14,80.451904,898.0,6.0,259.0,0.0,11.19,14.98,0.0,0.0
2024-01-05,P0017,S005,WH_5,SKU_24,40.54713,714.0,7.0,313.0,0.0,7.27,12.17,1.0,0.0
2024-01-05,P0003,S004,WH_4,SKU_11,58.71605,885.0,2.0,382.0,0.0,6.2,7.82,0.0,0.0
2024-01-05,P0014,S002,WH_2,SKU_21,47.502853,536.0,7.0,349.0,0.0,8.18,12.0,1.0,0.0
2024-01-05,P0013,S002,WH_2,SKU_20,75.007034,614.0,9.0,336.0,0.0,12.31,20.86,0.0,0.0
2024-01-05,P0011,S002,WH_2,SKU_19,110.08546,537.0,8.0,316.0,0.0,12.67,18.56,0.0,0.0
2024-01-05,P0014,S005,WH_5,SKU_21,47.785103,668.0,8.0,309.0,0.0,13.11,23.25,0.0,0.0
2024-01-05,P0008,S002,WH_2,SKU_16,94.298706,408.0,11.0,327.0,0.0,19.0,26.16,0.0,0.0
2024-01-05,P0007,S005,WH_5,SKU_15,80.91036,559.0,14.0,279.0,0.0,15.48,21.47,0.0,0.0
2024-01-05,P0009,S004,WH_4,SKU_17,176.7807,414.0,5.0,341.0,0.0,8.62,10.66,0.0,0.0
2024-01-05,P0001,S002,WH_2,SKU_1,72.75476,764.0,8.0,322.0,0.0,11.46,19.92,0.0,0.0
2024-01-05,P0011,S001,WH_1,SKU_19,49.764824,413.0,8.0,287.0,0.0,12.4,18.41,0.0,0.0
2024-01-05,P0001,S005,WH_5,SKU_1,88.44618,565.0,4.0,366.0,0.0,19.41,23.81,0.0,0.0
2024-01-05,P0006,S002,WH_2,SKU_14,149.6233,762.0,14.0,268.0,0.0,18.83,23.34,0.0,0.0
2024-01-05,P0005,S001,WH_1,SKU_13,96.49548,783.0,9.0,246.0,0.0,19.52,24.09,0.0,0.0
2024-01-05,P0018,S002,WH_2,SKU_25,111.217255,421.0,3.0,352.0,0.0,5.07,6.95,0.0,0.0
2024-01-05,P0013,S003,WH_3,SKU_20,102.994,761.0,3.0,319.0,0.0,14.9,25.16,0.0,0.0
2024-01-05,P0018,S004,WH_4,SKU_25,47.67135,492.0,9.0,273.0,0.0,12.02,19.24,0.0,0.0
2024-01-05,P0010,S001,WH_1,SKU_18,49.349384,457.0,2.0,346.0,0.0,8.62,10.49,0.0,0.0
2024-01-05,P0017,S001,WH_1,SKU_24,38.661957,495.0,2.0,288.0,0.0,6.14,10.22,0.0,0.0
2024-01-05,P0001,S004,WH_4,SKU_1,68.23723,431.0,9.0,333.0,0.0,6.93,10.7,0.0,0.0
2024-01-05,P0017,S003,WH_3,SKU_24,28.053955,737.0,10.0,209.0,0.0,10.59,15.15,0.0,0.0
2024-01-05,P0009,S003,WH_3,SKU_17,69.74399,611.0,3.0,339.0,0.0,16.8,28.54,0.0,0.0
2024-01-05,P0016,S004,WH_4,SKU_23,31.956879,803.0,14.0,236.0,0.0,15.4,18.69,0.0,0.0
2024-01-05,P0013,S005,WH_5,SKU_20,106.243355,743.0,2.0,246.0,0.0,10.07,18.03,0.0,0.0
2024-01-05,P0009,S001,WH_1,SKU_17,104.205414,849.0,10.0,268.0,0.0,14.9,26.61,0.0,0.0
2024-01-05,P0016,S003,WH_3,SKU_23,61.814224,678.0,5.0,293.0,0.0,18.08,23.36,0.0,0.0
2024-01-05,P0014,S003,WH_3,SKU_21,121.16539,865.0,10.0,283.0,0.0,5.75,8.47,1.0,0.0
2024-01-05,P0011,S003,WH_3,SKU_19,69.51174,712.0,4.0,295.0,0.0,14.17,23.01,0.0,0.0
2024-01-05,P0016,S002,WH_2,SKU_23,105.91812,628.0,12.0,312.0,0.0,6.68,11.81,0.0,0.0
2024-01-05,P0012,S003,WH_3,SKU_2,38.714165,823.0,10.0,319.0,0.0,5.02,7.82,0.0,0.0
2024-01-05,P0007,S002,WH_2,SKU_15,22.106653,838.0,8.0,386.0,0.0,11.37,14.92,1.0,0.0
2024-01-05,P0020,S002,WH_2,SKU_27,38.031403,815.0,4.0,223.0,0.0,16.3,21.54,0.0,0.0
2024-01-05,P0010,S002,WH_2,SKU_18,108.3573,796.0,10.0,270.0,0.0,17.51,24.82,0.0,0.0
2024-01-05,P0010,S003,WH_3,SKU_18,104.247665,739.0,9.0,213.0,0.0,15.53,20.4,0.0,0.0
2024-01-05,P0007,S004,WH_4,SKU_15,84.35755,605.0,5.0,224.0,0.0,13.52,23.32,0.0,0.0
2024-01-05,P0020,S004,WH_4,SKU_27,43.28347,879.0,14.0,289.0,0.0,13.84,20.65,0.0,0.0
2024-01-05,P0014,S001,WH_1,SKU_21,100.74601,648.0,11.0,245.0,0.0,19.68,23.66,0.0,0.0
2024-01-05,P0008,S005,WH_5,SKU_16,100.49417,405.0,2.0,394.0,0.0,13.23,20.46,0.0,0.0
2024-01-05,P0011,S005,WH_5,SKU_19,73.6619,544.0,7.0,281.0,0.0,15.87,25.1,0.0,0.0
2024-01-05,P0006,S003,WH_3,SKU_14,31.989166,596.0,3.0,283.0,0.0,5.88,9.37,0.0,0.0
2024-01-05,P0020,S001,WH_1,SKU_27,50.515385,631.0,2.0,389.0,0.0,5.89,7.48,0.0,0.0
2024-01-05,P0019,S003,WH_3,SKU_26,96.82453,751.0,14.0,222.0,0.0,7.66,9.43,0.0,0.0
2024-01-05,P0015,S003,WH_3,SKU_22,75.48822,622.0,4.0,211.0,0.0,18.38,32.58,0.0,0.0
2024-01-05,P0001,S003,WH_3,SKU_1,36.849304,435.0,6.0,314.0,0.0,6.06,8.41,0.0,0.0
2024-01-05,P0002,S005,WH_5,SKU_10,56.274715,437.0,9.0,246.0,0.0,9.67,15.35,0.0,0.0
2024-01-05,P0011,S004,WH_4,SKU_19,184.03896,567.0,4.0,352.0,0.0,5.41,7.4,1.0,0.0
2024-01-05,P0003,S002,WH_2,SKU_11,76.040215,876.0,4.0,230.0,0.0,17.93,29.29,0.0,0.0
2024-01-05,P0019,S005,WH_5,SKU_26,42.586983,709.0,4.0,393.0,0.0,17.15,27.81,1.0,0.0
2024-01-05,P0017,S002,WH_2,SKU_24,32.05526,739.0,5.0,365.0,0.0,19.69,29.64,0.0,0.0
2024-01-05,P0006,S004,WH_4,SKU_14,80.03646,405.0,10.0,343.0,0.0,5.76,8.49,0.0,0.0
2024-01-05,P0016,S001,WH_1,SKU_23,71.166504,551.0,8.0,239.0,0.0,9.05,14.03,1.0,0.0
2024-01-05,P0020,S005,WH_5,SKU_27,34.438236,441.0,2.0,353.0,0.0,17.89,25.71,0.0,0.0
2024-01-05,P0017,S004,WH_4,SKU_24,184.36859,455.0,13.0,301.0,0.0,7.11,12.19,0.0,0.0
2024-01-05,P0005,S004,WH_4,SKU_13,147.39543,824.0,10.0,251.0,0.0,14.29,19.75,0.0,0.0
2024-01-05,P0012,S004,WH_4,SKU_2,56.838795,460.0,6.0,290.0,0.0,7.06,10.96,0.0,0.0
2024-01-05,P0003,S001,WH_1,SKU_11,123.15969,854.0,4.0,286.0,0.0,19.54,34.79,0.0,0.0
2024-01-06,P0019,S004,WH_4,SKU_26,120.163536,547.0,14.0,331.0,0.0,8.71,13.65,0.0,0.0
2024-01-06,P0005,S002,WH_2,SKU_13,50.930542,379.0,11.0,350.0,0.0,17.04,21.69,0.0,0.0
2024-01-06,P0006,S003,WH_3,SKU_14,19.758387,575.0,3.0,283.0,0.0,5.88,9.37,0.0,0.0
2024-01-06,P0008,S003,WH_3,SKU_16,176.4838,469.0,6.0,336.0,0.0,12.08,18.52,0.0,0.0
2024-01-06,P0019,S002,WH_2,SKU_26,106.94037,758.0,5.0,273.0,0.0,8.5,11.16,0.0,0.0
2024-01-06,P0019,S003,WH_3,SKU_26,71.137924,725.0,14.0,222.0,0.0,7.66,9.43,1.0,0.0
2024-01-06,P0002,S002,WH_2,SKU_10,33.921124,414.0,10.0,310.0,0.0,13.83,22.36,0.0,0.0
2024-01-06,P0010,S005,WH_5,SKU_18,76.375534,408.0,13.0,394.0,0.0,13.35,21.48,0.0,0.0
2024-01-06,P0020,S003,WH_3,SKU_27,132.01825,647.0,3.0,296.0,0.0,9.18,15.91,0.0,0.0
2024-01-06,P0001,S005,WH_5,SKU_1,80.352036,542.0,4.0,366.0,0.0,19.41,23.81,0.0,0.0
2024-01-06,P0012,S005,WH_5,SKU_2,34.480133,734.0,14.0,267.0,0.0,15.0,26.38,0.0,0.0
2024-01-06,P0005,S004,WH_4,SKU_13,126.439445,801.0,10.0,251.0,0.0,14.29,19.75,0.0,0.0
2024-01-06,P0020,S005,WH_5,SKU_27,39.51368,423.0,2.0,353.0,0.0,17.89,25.71,0.0,0.0
2024-01-06,P0004,S002,WH_2,SKU_12,76.609856,583.0,6.0,370.0,0.0,19.03,23.02,0.0,0.0
2024-01-06,P0002,S005,WH_5,SKU_10,49.77714,413.0,9.0,246.0,0.0,9.67,15.35,0.0,0.0
2024-01-06,P0006,S002,WH_2,SKU_14,95.005455,731.0,14.0,268.0,0.0,18.83,23.34,1.0,0.0
2024-01-06,P0002,S004,WH_4,SKU_10,67.61427,686.0,14.0,328.0,0.0,19.02,24.9,0.0,0.0
2024-01-06,P0007,S005,WH_5,SKU_15,76.891304,546.0,14.0,279.0,0.0,15.48,21.47,0.0,0.0
2024-01-06,P0012,S003,WH_3,SKU_2,34.83276,804.0,10.0,319.0,0.0,5.02,7.82,0.0,0.0
2024-01-06,P0015,S001,WH_1,SKU_22,25.011427,831.0,4.0,282.0,0.0,8.88,12.51,0.0,0.0
2024-01-06,P0008,S005,WH_5,SKU_16,78.83628,390.0,2.0,394.0,0.0,13.23,20.46,0.0,0.0
2024-01-06,P0009,S001,WH_1,SKU_17,139.90689,823.0,10.0,268.0,0.0,14.9,26.61,0.0,0.0
2024-01-06,P0005,S001,WH_1,SKU_13,86.26328,759.0,9.0,246.0,0.0,19.52,24.09,0.0,0.0
2024-01-06,P0007,S001,WH_1,SKU_15,68.23067,690.0,13.0,327.0,0.0,16.7,28.78,0.0,0.0
2024-01-06,P0008,S001,WH_1,SKU_16,44.976315,774.0,14.0,328.0,0.0,11.96,17.38,0.0,0.0
2024-01-06,P0013,S004,WH_4,SKU_20,75.76724,821.0,2.0,327.0,0.0,16.89,23.51,0.0,0.0
2024-01-06,P0017,S002,WH_2,SKU_24,25.157906,725.0,5.0,365.0,0.0,19.69,29.64,0.0,0.0
2024-01-06,P0001,S003,WH_3,SKU_1,53.949894,415.0,6.0,314.0,0.0,6.06,8.41,0.0,0.0
2024-01-06,P0004,S004,WH_4,SKU_12,83.526985,741.0,12.0,227.0,0.0,14.2,19.73,1.0,0.0
2024-01-06,P0003,S003,WH_3,SKU_11,64.519295,691.0,13.0,342.0,0.0,13.85,18.39,0.0,0.0
2024-01-06,P0018,S004,WH_4,SKU_25,30.821083,466.0,9.0,273.0,0.0,12.02,19.24,0.0,0.0
2024-01-06,P0020,S004,WH_4,SKU_27,46.092896,857.0,14.0,289.0,0.0,13.84,20.65,0.0,0.0
2024-01-06,P0016,S005,WH_5,SKU_23,25.025633,652.0,3.0,383.0,0.0,19.43,28.74,0.0,0.0
2024-01-06,P0009,S003,WH_3,SKU_17,72.10616,589.0,3.0,339.0,0.0,16.8,28.54,0.0,0.0
2024-01-06,P0014,S005,WH_5,SKU_21,31.557163,654.0,8.0,309.0,0.0,13.11,23.25,0.0,0.0
2024-01-06,P0010,S003,WH_3,SKU_18,85.70865,721.0,9.0,213.0,0.0,15.53,20.4,1.0,0.0
2024-01-06,P0007,S002,WH_2,SKU_15,34.612778,814.0,8.0,386.0,0.0,11.37,14.92,1.0,0.0
2024-01-06,P0018,S002,WH_2,SKU_25,119.091995,408.0,3.0,352.0,0.0,5.07,6.95,0.0,0.0
2024-01-06,P0003,S002,WH_2,SKU_11,80.5164,859.0,4.0,230.0,0.0,17.93,29.29,0.0,0.0
2024-01-06,P0002,S003,WH_3,SKU_10,76.57688,657.0,5.0,218.0,0.0,13.68,17.87,0.0,0.0
2024-01-06,P0007,S003,WH_3,SKU_15,65.50888,691.0,7.0,265.0,0.0,6.24,9.99,0.0,0.0
2024-01-06,P0006,S001,WH_1,SKU_14,27.75041,396.0,11.0,265.0,0.0,8.21,11.1,0.0,0.0
2024-01-06,P0019,S005,WH_5,SKU_26,36.883865,693.0,4.0,393.0,0.0,17.15,27.81,0.0,0.0
2024-01-06,P0006,S005,WH_5,SKU_14,75.0802,875.0,6.0,259.0,0.0,11.19,14.98,0.0,0.0
2024-01-06,P0003,S004,WH_4,SKU_11,46.457085,872.0,2.0,382.0,0.0,6.2,7.82,0.0,0.0
2024-01-06,P0001,S002,WH_2,SKU_1,91.76541,744.0,8.0,322.0,0.0,11.46,19.92,0.0,0.0
2024-01-06,P0020,S002,WH_2,SKU_27,44.18002,787.0,4.0,223.0,0.0,16.3,21.54,1.0,0.0
2024-01-06,P0013,S005,WH_5,SKU_20,76.95106,711.0,2.0,246.0,0.0,10.07,18.03,1.0,0.0
2024-01-06,P0001,S004,WH_4,SKU_1,94.41876,400.0,9.0,333.0,0.0,6.93,10.7,0.0,0.0
2024-01-06,P0006,S004,WH_4,SKU_14,84.3279,390.0,10.0,343.0,0.0,5.76,8.49,0.0,0.0
2024-01-06,P0011,S003,WH_3,SKU_19,74.18206,689.0,4.0,295.0,0.0,14.17,23.01,0.0,0.0
2024-01-06,P0008,S002,WH_2,SKU_16,64.8122,389.0,11.0,327.0,0.0,19.0,26.16,0.0,0.0
2024-01-06,P0017,S005,WH_5,SKU_24,27.913668,694.0,7.0,313.0,0.0,7.27,12.17,0.0,0.0
2024-01-06,P0020,S001,WH_1,SKU_27,35.238277,610.0,2.0,389.0,0.0,5.89,7.48,0.0,0.0
2024-01-06,P0011,S002,WH_2,SKU_19,101.81258,519.0,8.0,316.0,0.0,12.67,18.56,0.0,0.0
2024-01-06,P0015,S002,WH_2,SKU_22,56.60041,622.0,7.0,261.0,0.0,9.82,14.68,0.0,0.0
2024-01-06,P0013,S001,WH_1,SKU_20,29.303143,430.0,9.0,295.0,0.0,9.55,16.05,0.0,0.0
2024-01-06,P0019,S001,WH_1,SKU_26,29.992588,759.0,2.0,335.0,0.0,18.22,23.67,0.0,0.0
2024-01-06,P0011,S004,WH_4,SKU_19,179.14532,546.0,4.0,352.0,0.0,5.41,7.4,0.0,0.0
2024-01-06,P0018,S001,WH_1,SKU_25,73.94751,517.0,5.0,314.0,0.0,14.23,20.28,0.0,0.0
2024-01-06,P0010,S002,WH_2,SKU_18,84.35752,782.0,10.0,270.0,0.0,17.51,24.82,0.0,0.0
2024-01-06,P0009,S004,WH_4,SKU_17,198.64432,404.0,5.0,341.0,0.0,8.62,10.66,0.0,0.0
2024-01-06,P0008,S004,WH_4,SKU_16,32.17112,680.0,4.0,367.0,0.0,6.61,9.52,0.0,0.0
2024-01-06,P0012,S004,WH_4,SKU_2,55.994278,444.0,6.0,290.0,0.0,7.06,10.96,0.0,0.0
2024-01-06,P0018,S003,WH_3,SKU_25,32.115513,726.0,7.0,232.0,0.0,6.51,8.04,0.0,0.0
2024-01-06,P0010,S001,WH_1,SKU_18,30.486296,431.0,2.0,346.0,0.0,8.62,10.49,0.0,0.0
2024-01-06,P0003,S001,WH_1,SKU_11,149.7993,836.0,4.0,286.0,0.0,19.54,34.79,0.0,0.0
2024-01-06,P0005,S003,WH_3,SKU_13,27.643412,457.0,14.0,382.0,0.0,6.01,8.52,0.0,0.0
2024-01-06,P0017,S004,WH_4,SKU_24,117.054276,438.0,13.0,301.0,0.0,7.11,12.19,0.0,0.0
2024-01-06,P0018,S005,WH_5,SKU_25,140.33061,468.0,7.0,311.0,0.0,8.45,14.29,0.0,0.0
2024-01-06,P0005,S005,WH_5,SKU_13,64.257935,728.0,7.0,305.0,0.0,15.13,23.34,0.0,0.0
2024-01-06,P0003,S005,WH_5,SKU_11,39.345337,868.0,3.0,349.0,0.0,18.92,31.99,0.0,0.0
2024-01-06,P0015,S003,WH_3,SKU_22,63.771084,600.0,4.0,211.0,0.0,18.38,32.58,0.0,0.0
2024-01-06,P0017,S003,WH_3,SKU_24,32.04423,725.0,10.0,209.0,0.0,10.59,15.15,0.0,0.0
2024-01-06,P0013,S003,WH_3,SKU_20,80.18376,740.0,3.0,319.0,0.0,14.9,25.16,0.0,0.0
2024-01-06,P0016,S001,WH_1,SKU_23,71.63601,522.0,8.0,239.0,0.0,9.05,14.03,0.0,0.0
2024-01-06,P0015,S005,WH_5,SKU_22,67.06262,398.0,4.0,326.0,0.0,16.45,25.06,0.0,0.0
2024-01-06,P0009,S005,WH_5,SKU_17,96.5529,461.0,8.0,321.0,0.0,7.73,13.36,0.0,0.0
2024-01-06,P0004,S001,WH_1,SKU_12,36.85278,849.0,5.0,299.0,0.0,5.36,7.17,0.0,0.0
2024-01-06,P0010,S004,WH_4,SKU_18,80.23802,464.0,6.0,250.0,0.0,5.35,9.51,0.0,0.0
2024-01-06,P0004,S003,WH_3,SKU_12,80.00558,656.0,6.0,234.0,0.0,10.01,13.38,0.0,0.0
2024-01-06,P0001,S001,WH_1,SKU_1,59.27099,477.0,14.0,379.0,0.0,13.95,20.48,0.0,0.0
2024-01-06,P0016,S002,WH_2,SKU_23,112.51843,612.0,12.0,312.0,0.0,6.68,11.81,0.0,0.0
2024-01-06,P0014,S004,WH_4,SKU_21,47.608692,522.0,8.0,379.0,0.0,12.65,20.04,0.0,0.0
2024-01-06,P0014,S001,WH_1,SKU_21,68.5206,624.0,11.0,245.0,0.0,19.68,23.66,0.0,0.0
2024-01-06,P0014,S002,WH_2,SKU_21,44.649822,516.0,7.0,349.0,0.0,8.18,12.0,0.0,0.0
2024-01-06,P0009,S002,WH_2,SKU_17,86.216736,455.0,13.0,372.0,0.0,16.68,21.24,0.0,0.0
2024-01-06,P0004,S005,WH_5,SKU_12,77.31771,639.0,6.0,349.0,0.0,10.21,15.8,0.0,0.0
2024-01-06,P0011,S005,WH_5,SKU_19,50.885494,531.0,7.0,281.0,0.0,15.87,25.1,0.0,0.0
2024-01-06,P0011,S001,WH_1,SKU_19,41.587414,391.0,8.0,287.0,0.0,12.4,18.41,0.0,0.0
2024-01-06,P0015,S004,WH_4,SKU_22,36.306328,511.0,11.0,374.0,0.0,19.16,23.34,0.0,0.0
2024-01-06,P0016,S003,WH_3,SKU_23,58.920425,654.0,5.0,293.0,0.0,18.08,23.36,0.0,0.0
2024-01-06,P0013,S002,WH_2,SKU_20,72.48423,591.0,9.0,336.0,0.0,12.31,20.86,0.0,0.0
2024-01-06,P0012,S001,WH_1,SKU_2,84.062836,872.0,13.0,228.0,0.0,19.76,35.1,0.0,0.0
2024-01-06,P0016,S004,WH_4,SKU_23,33.433697,782.0,14.0,236.0,0.0,15.4,18.69,0.0,0.0
2024-01-06,P0017,S001,WH_1,SKU_24,24.891663,477.0,2.0,288.0,0.0,6.14,10.22,0.0,0.0
2024-01-06,P0012,S002,WH_2,SKU_2,46.725643,796.0,8.0,377.0,0.0,16.77,22.06,0.0,0.0
2024-01-06,P0014,S003,WH_3,SKU_21,64.23047,849.0,10.0,283.0,0.0,5.75,8.47,0.0,0.0
2024-01-06,P0007,S004,WH_4,SKU_15,86.20962,588.0,5.0,224.0,0.0,13.52,23.32,0.0,0.0
2024-01-06,P0002,S001,WH_1,SKU_10,153.4991,725.0,13.0,361.0,0.0,12.67,18.73,0.0,0.0
2024-01-07,P0001,S002,WH_2,SKU_1,75.57272,726.0,8.0,322.0,0.0,11.46,19.92,0.0,0.0
2024-01-07,P0011,S002,WH_2,SKU_19,97.67762,490.0,8.0,316.0,0.0,12.67,18.56,0.0,0.0
2024-01-07,P0020,S001,WH_1,SKU_27,25.956682,586.0,2.0,389.0,0.0,5.89,7.48,0.0,0.0
2024-01-07,P0019,S003,WH_3,SKU_26,67.85034,704.0,14.0,222.0,0.0,7.66,9.43,0.0,0.0
2024-01-07,P0004,S004,WH_4,SKU_12,75.22836,716.0,12.0,227.0,0.0,14.2,19.73,0.0,0.0
2024-01-07,P0002,S004,WH_4,SKU_10,84.03635,672.0,14.0,328.0,0.0,19.02,24.9,0.0,0.0
2024-01-07,P0011,S005,WH_5,SKU_19,40.224743,516.0,7.0,281.0,0.0,15.87,25.1,0.0,0.0
2024-01-07,P0013,S005,WH_5,SKU_20,76.43759,685.0,2.0,246.0,0.0,10.07,18.03,0.0,0.0
2024-01-07,P0016,S002,WH_2,SKU_23,152.57295,596.0,12.0,312.0,0.0,6.68,11.81,0.0,0.0
2024-01-07,P0016,S003,WH_3,SKU_23,62.24084,624.0,5.0,293.0,0.0,18.08,23.36,0.0,0.0
2024-01-07,P0008,S002,WH_2,SKU_16,85.396416,362.0,11.0,327.0,0.0,19.0,26.16,0.0,0.0
2024-01-07,P0006,S004,WH_4,SKU_14,73.31098,369.0,10.0,343.0,0.0,5.76,8.49,0.0,0.0
2024-01-07,P0017,S001,WH_1,SKU_24,25.695477,449.0,2.0,288.0,0.0,6.14,10.22,1.0,0.0
2024-01-07,P0009,S005,WH_5,SKU_17,60.037846,451.0,8.0,321.0,0.0,7.73,13.36,0.0,0.0
2024-01-07,P0002,S003,WH_3,SKU_10,93.03043,649.0,5.0,218.0,0.0,13.68,17.87,0.0,0.0
2024-01-07,P0012,S005,WH_5,SKU_2,43.07162,720.0,14.0,267.0,0.0,15.0,26.38,0.0,0.0
2024-01-07,P0015,S005,WH_5,SKU_22,90.284966,378.0,4.0,326.0,0.0,16.45,25.06,0.0,0.0
2024-01-07,P0019,S005,WH_5,SKU_26,38.057846,669.0,4.0,393.0,0.0,17.15,27.81,0.0,0.0
2024-01-07,P0013,S001,WH_1,SKU_20,37.302235,416.0,9.0,295.0,0.0,9.55,16.05,0.0,0.0
2024-01-07,P0010,S002,WH_2,SKU_18,167.8936,765.0,10.0,270.0,0.0,17.51,24.82,0.0,0.0
2024-01-07,P0019,S004,WH_4,SKU_26,150.9447,521.0,14.0,331.0,0.0,8.71,13.65,1.0,0.0
2024-01-07,P0013,S003,WH_3,SKU_20,99.290215,726.0,3.0,319.0,0.0,14.9,25.16,0.0,0.0
2024-01-07,P0003,S003,WH_3,SKU_11,52.458584,671.0,13.0,342.0,0.0,13.85,18.39,0.0,0.0
2024-01-07,P0009,S001,WH_1,SKU_17,132.1753,792.0,10.0,268.0,0.0,14.9,26.61,0.0,0.0
2024-01-07,P0002,S002,WH_2,SKU_10,43.248898,395.0,10.0,310.0,0.0,13.83,22.36,0.0,0.0
2024-01-07,P0017,S004,WH_4,SKU_24,115.99925,425.0,13.0,301.0,0.0,7.11,12.19,0.0,0.0
2024-01-07,P0011,S001,WH_1,SKU_19,27.76381,366.0,8.0,287.0,0.0,12.4,18.41,0.0,0.0
2024-01-07,P0004,S002,WH_2,SKU_12,81.767365,558.0,6.0,370.0,0.0,19.03,23.02,0.0,0.0
2024-01-07,P0009,S003,WH_3,SKU_17,52.84932,564.0,3.0,339.0,0.0,16.8,28.54,0.0,0.0
2024-01-07,P0011,S003,WH_3,SKU_19,55.931984,676.0,4.0,295.0,0.0,14.17,23.01,0.0,0.0
2024-01-07,P0018,S002,WH_2,SKU_25,115.60273,392.0,3.0,352.0,0.0,5.07,6.95,0.0,0.0
2024-01-07,P0012,S002,WH_2,SKU_2,65.63414,783.0,8.0,377.0,0.0,16.77,22.06,0.0,0.0
2024-01-07,P0003,S001,WH_1,SKU_11,105.47816,821.0,4.0,286.0,0.0,19.54,34.79,0.0,0.0
2024-01-07,P0008,S005,WH_5,SKU_16,71.0794,780.0,2.0,394.0,406.0,13.23,20.46,0.0,0.0
2024-01-07,P0004,S001,WH_1,SKU_12,42.165085,820.0,5.0,299.0,0.0,5.36,7.17,0.0,0.0
2024-01-07,P0005,S004,WH_4,SKU_13,115.45267,783.0,10.0,251.0,0.0,14.29,19.75,0.0,0.0
2024-01-07,P0007,S003,WH_3,SKU_15,67.29198,662.0,7.0,265.0,0.0,6.24,9.99,1.0,0.0
2024-01-07,P0010,S003,WH_3,SKU_18,97.557014,703.0,9.0,213.0,0.0,15.53,20.4,0.0,0.0
2024-01-07,P0007,S002,WH_2,SKU_15,35.105747,792.0,8.0,386.0,0.0,11.37,14.92,0.0,0.0
2024-01-07,P0010,S001,WH_1,SKU_18,35.325718,406.0,2.0,346.0,0.0,8.62,10.49,0.0,0.0
2024-01-07,P0013,S004,WH_4,SKU_20,81.94482,794.0,2.0,327.0,0.0,16.89,23.51,0.0,0.0
2024-01-07,P0003,S005,WH_5,SKU_11,22.637161,850.0,3.0,349.0,0.0,18.92,31.99,0.0,0.0
2024-01-07,P0017,S002,WH_2,SKU_24,28.225527,701.0,5.0,365.0,0.0,19.69,29.64,1.0,0.0
2024-01-07,P0016,S001,WH_1,SKU_23,80.940704,507.0,8.0,239.0,0.0,9.05,14.03,0.0,0.0
2024-01-07,P0005,S001,WH_1,SKU_13,59.631275,740.0,9.0,246.0,0.0,19.52,24.09,0.0,0.0
2024-01-07,P0015,S003,WH_3,SKU_22,96.91336,577.0,4.0,211.0,0.0,18.38,32.58,0.0,0.0
2024-01-07,P0002,S005,WH_5,SKU_10,63.8574,392.0,9.0,246.0,0.0,9.67,15.35,0.0,0.0
2024-01-07,P0013,S002,WH_2,SKU_20,100.809715,572.0,9.0,336.0,0.0,12.31,20.86,0.0,0.0
2024-01-07,P0011,S004,WH_4,SKU_19,110.97666,516.0,4.0,352.0,0.0,5.41,7.4,0.0,0.0
2024-01-07,P0014,S002,WH_2,SKU_21,46.372963,500.0,7.0,349.0,0.0,8.18,12.0,0.0,0.0
2024-01-07,P0016,S005,WH_5,SKU_23,30.63155,625.0,3.0,383.0,0.0,19.43,28.74,0.0,0.0
2024-01-07,P0006,S003,WH_3,SKU_14,29.157166,555.0,3.0,283.0,0.0,5.88,9.37,0.0,0.0
2024-01-07,P0015,S002,WH_2,SKU_22,166.47801,591.0,7.0,261.0,0.0,9.82,14.68,0.0,0.0
2024-01-07,P0020,S003,WH_3,SKU_27,99.96058,614.0,3.0,296.0,0.0,9.18,15.91,0.0,0.0
2024-01-07,P0001,S001,WH_1,SKU_1,46.22549,458.0,14.0,379.0,0.0,13.95,20.48,0.0,0.0
2024-01-07,P0005,S005,WH_5,SKU_13,71.75465,712.0,7.0,305.0,0.0,15.13,23.34,0.0,0.0
2024-01-07,P0002,S001,WH_1,SKU_10,137.84543,701.0,13.0,361.0,0.0,12.67,18.73,0.0,0.0
2024-01-07,P0006,S001,WH_1,SKU_14,29.971851,368.0,11.0,265.0,0.0,8.21,11.1,0.0,0.0
2024-01-07,P0010,S005,WH_5,SKU_18,90.69823,389.0,13.0,394.0,0.0,13.35,21.48,0.0,0.0
2024-01-07,P0018,S004,WH_4,SKU_25,28.317114,438.0,9.0,273.0,0.0,12.02,19.24,0.0,0.0
2024-01-07,P0010,S004,WH_4,SKU_18,93.26154,435.0,6.0,250.0,0.0,5.35,9.51,0.0,0.0
2024-01-07,P0005,S003,WH_3,SKU_13,18.864923,431.0,14.0,382.0,0.0,6.01,8.52,0.0,0.0
2024-01-07,P0006,S002,WH_2,SKU_14,125.7733,706.0,14.0,268.0,0.0,18.83,23.34,0.0,0.0
2024-01-07,P0008,S001,WH_1,SKU_16,44.89142,761.0,14.0,328.0,0.0,11.96,17.38,0.0,0.0
2024-01-07,P0015,S001,WH_1,SKU_22,33.08995,813.0,4.0,282.0,0.0,8.88,12.51,0.0,0.0
2024-01-07,P0007,S004,WH_4,SKU_15,77.08047,556.0,5.0,224.0,0.0,13.52,23.32,0.0,0.0
2024-01-07,P0016,S004,WH_4,SKU_23,47.835873,761.0,14.0,236.0,0.0,15.4,18.69,0.0,0.0
2024-01-07,P0003,S004,WH_4,SKU_11,35.63382,849.0,2.0,382.0,0.0,6.2,7.82,0.0,0.0
2024-01-07,P0004,S003,WH_3,SKU_12,73.845184,629.0,6.0,234.0,0.0,10.01,13.38,0.0,0.0
2024-01-07,P0004,S005,WH_5,SKU_12,67.019714,610.0,6.0,349.0,0.0,10.21,15.8,0.0,0.0
2024-01-07,P0012,S001,WH_1,SKU_2,93.7394,849.0,13.0,228.0,0.0,19.76,35.1,0.0,0.0
2024-01-07,P0005,S002,WH_2,SKU_13,55.219894,346.0,11.0,350.0,0.0,17.04,21.69,1.0,0.0
2024-01-07,P0006,S005,WH_5,SKU_14,83.78064,854.0,6.0,259.0,0.0,11.19,14.98,0.0,0.0
2024-01-07,P0014,S004,WH_4,SKU_21,32.5897,502.0,8.0,379.0,0.0,12.65,20.04,0.0,0.0
2024-01-07,P0001,S003,WH_3,SKU_1,22.554037,384.0,6.0,314.0,0.0,6.06,8.41,1.0,0.0
2024-01-07,P0012,S004,WH_4,SKU_2,70.8473,425.0,6.0,290.0,0.0,7.06,10.96,0.0,0.0
2024-01-07,P0020,S005,WH_5,SKU_27,26.66764,396.0,2.0,353.0,0.0,17.89,25.71,0.0,0.0
2024-01-07,P0008,S003,WH_3,SKU_16,105.02064,443.0,6.0,336.0,0.0,12.08,18.52,0.0,0.0
2024-01-07,P0019,S002,WH_2,SKU_26,131.16815,745.0,5.0,273.0,0.0,8.5,11.16,0.0,0.0
2024-01-07,P0001,S005,WH_5,SKU_1,65.02602,520.0,4.0,366.0,0.0,19.41,23.81,1.0,0.0
2024-01-07,P0014,S003,WH_3,SKU_21,74.29519,828.0,10.0,283.0,0.0,5.75,8.47,0.0,0.0
2024-01-07,P0015,S004,WH_4,SKU_22,38.874836,480.0,11.0,374.0,0.0,19.16,23.34,1.0,0.0
2024-01-07,P0020,S002,WH_2,SKU_27,35.218033,766.0,4.0,223.0,0.0,16.3,21.54,0.0,0.0
2024-01-07,P0017,S005,WH_5,SKU_24,29.416248,673.0,7.0,313.0,0.0,7.27,12.17,0.0,0.0
2024-01-07,P0018,S003,WH_3,SKU_25,25.371866,709.0,7.0,232.0,0.0,6.51,8.04,0.0,0.0
2024-01-07,P0009,S002,WH_2,SKU_17,89.169525,440.0,13.0,372.0,0.0,16.68,21.24,1.0,0.0
2024-01-07,P0009,S004,WH_4,SKU_17,132.0501,377.0,5.0,341.0,0.0,8.62,10.66,1.0,0.0
2024-01-07,P0019,S001,WH_1,SKU_26,35.74351,733.0,2.0,335.0,0.0,18.22,23.67,0.0,0.0
2024-01-07,P0018,S001,WH_1,SKU_25,65.32956,500.0,5.0,314.0,0.0,14.23,20.28,0.0,0.0
2024-01-07,P0001,S004,WH_4,SKU_1,71.36636,381.0,9.0,333.0,0.0,6.93,10.7,0.0,0.0
2024-01-07,P0003,S002,WH_2,SKU_11,72.9535,828.0,4.0,230.0,0.0,17.93,29.29,1.0,0.0
2024-01-07,P0012,S003,WH_3,SKU_2,40.225677,785.0,10.0,319.0,0.0,5.02,7.82,0.0,0.0
2024-01-07,P0007,S001,WH_1,SKU_15,62.818123,667.0,13.0,327.0,0.0,16.7,28.78,0.0,0.0
2024-01-07,P0014,S005,WH_5,SKU_21,26.237911,636.0,8.0,309.0,0.0,13.11,23.25,0.0,0.0
2024-01-07,P0018,S005,WH_5,SKU_25,85.76569,440.0,7.0,311.0,0.0,8.45,14.29,0.0,0.0
2024-01-07,P0007,S005,WH_5,SKU_15,69.4676,516.0,14.0,279.0,0.0,15.48,21.47,0.0,0.0
2024-01-07,P0020,S004,WH_4,SKU_27,28.23721,842.0,14.0,289.0,0.0,13.84,20.65,0.0,0.0
2024-01-07,P0014,S001,WH_1,SKU_21,85.10047,596.0,11.0,245.0,0.0,19.68,23.66,0.0,0.0
2024-01-07,P0008,S004,WH_4,SKU_16,32.58645,658.0,4.0,367.0,0.0,6.61,9.52,0.0,0.0
2024-01-07,P0017,S003,WH_3,SKU_24,25.416964,703.0,10.0,209.0,0.0,10.59,15.15,0.0,0.0
2024-01-08,P0019,S002,WH_2,SKU_26,132.83604,721.0,5.0,273.0,0.0,8.5,11.16,0.0,0.0
2024-01-08,P0005,S005,WH_5,SKU_13,81.96779,684.0,7.0,305.0,0.0,15.13,23.34,0.0,0.0
2024-01-08,P0017,S001,WH_1,SKU_24,35.060074,427.0,2.0,288.0,0.0,6.14,10.22,0.0,0.0
2024-01-08,P0004,S003,WH_3,SKU_12,82.496086,606.0,6.0,234.0,0.0,10.01,13.38,0.0,0.0
2024-01-08,P0008,S004,WH_4,SKU_16,29.838213,627.0,4.0,367.0,0.0,6.61,9.52,0.0,0.0
2024-01-08,P0006,S001,WH_1,SKU_14,33.48885,351.0,11.0,265.0,0.0,8.21,11.1,0.0,0.0
2024-01-08,P0009,S001,WH_1,SKU_17,124.909874,777.0,10.0,268.0,0.0,14.9,26.61,0.0,0.0
2024-01-08,P0006,S004,WH_4,SKU_14,108.79914,352.0,10.0,343.0,0.0,5.76,8.49,0.0,0.0
2024-01-08,P0001,S001,WH_1,SKU_1,59.75018,435.0,14.0,379.0,0.0,13.95,20.48,1.0,0.0
2024-01-08,P0010,S005,WH_5,SKU_18,64.50139,739.0,13.0,394.0,369.0,13.35,21.48,0.0,0.0
2024-01-08,P0008,S003,WH_3,SKU_16,168.88306,422.0,6.0,336.0,0.0,12.08,18.52,0.0,0.0
2024-01-08,P0020,S002,WH_2,SKU_27,46.182102,747.0,4.0,223.0,0.0,16.3,21.54,0.0,0.0
2024-01-08,P0015,S002,WH_2,SKU_22,101.98747,575.0,7.0,261.0,0.0,9.82,14.68,0.0,0.0
2024-01-08,P0004,S002,WH_2,SKU_12,109.12502,540.0,6.0,370.0,0.0,19.03,23.02,0.0,0.0
2024-01-08,P0003,S003,WH_3,SKU_11,59.463737,649.0,13.0,342.0,0.0,13.85,18.39,0.0,0.0
2024-01-08,P0012,S001,WH_1,SKU_2,63.02729,814.0,13.0,228.0,0.0,19.76,35.1,1.0,0.0
2024-01-08,P0004,S005,WH_5,SKU_12,94.78727,593.0,6.0,349.0,0.0,10.21,15.8,0.0,0.0
2024-01-08,P0008,S002,WH_2,SKU_16,79.045456,341.0,11.0,327.0,0.0,19.0,26.16,0.0,0.0
2024-01-08,P0015,S005,WH_5,SKU_22,65.10142,361.0,4.0,326.0,0.0,16.45,25.06,0.0,0.0
2024-01-08,P0001,S002,WH_2,SKU_1,104.1717,713.0,8.0,322.0,0.0,11.46,19.92,0.0,0.0
2024-01-08,P0014,S004,WH_4,SKU_21,32.36199,478.0,8.0,379.0,0.0,12.65,20.04,0.0,0.0
2024-01-08,P0006,S005,WH_5,SKU_14,98.26655,837.0,6.0,259.0,0.0,11.19,14.98,0.0,0.0
2024-01-08,P0011,S003,WH_3,SKU_19,47.70795,662.0,4.0,295.0,0.0,14.17,23.01,0.0,0.0
2024-01-08,P0004,S004,WH_4,SKU_12,106.68022,697.0,12.0,227.0,0.0,14.2,19.73,0.0,0.0
2024-01-08,P0002,S002,WH_2,SKU_10,24.907211,370.0,10.0,310.0,0.0,13.83,22.36,0.0,0.0
2024-01-08,P0016,S003,WH_3,SKU_23,62.254223,594.0,5.0,293.0,0.0,18.08,23.36,0.0,0.0
2024-01-08,P0013,S005,WH_5,SKU_20,83.60166,659.0,2.0,246.0,0.0,10.07,18.03,0.0,0.0
2024-01-08,P0012,S005,WH_5,SKU_2,39.32685,700.0,14.0,267.0,0.0,15.0,26.38,0.0,0.0
2024-01-08,P0001,S003,WH_3,SKU_1,30.01627,356.0,6.0,314.0,0.0,6.06,8.41,0.0,0.0
2024-01-08,P0007,S004,WH_4,SKU_15,79.433304,531.0,5.0,224.0,0.0,13.52,23.32,0.0,0.0
2024-01-08,P0001,S005,WH_5,SKU_1,86.7168,496.0,4.0,366.0,0.0,19.41,23.81,0.0,0.0
2024-01-08,P0004,S001,WH_1,SKU_12,65.54366,794.0,5.0,299.0,0.0,5.36,7.17,0.0,0.0
2024-01-08,P0020,S003,WH_3,SKU_27,122.269485,592.0,3.0,296.0,0.0,9.18,15.91,0.0,0.0
2024-01-08,P0002,S003,WH_3,SKU_10,77.86648,630.0,5.0,218.0,0.0,13.68,17.87,0.0,0.0
2024-01-08,P0011,S005,WH_5,SKU_19,44.707027,492.0,7.0,281.0,0.0,15.87,25.1,0.0,0.0
2024-01-08,P0014,S003,WH_3,SKU_21,57.75982,806.0,10.0,283.0,0.0,5.75,8.47,0.0,0.0
2024-01-08,P0015,S004,WH_4,SKU_22,37.7979,459.0,11.0,374.0,0.0,19.16,23.34,0.0,0.0
2024-01-08,P0005,S003,WH_3,SKU_13,24.768888,408.0,14.0,382.0,0.0,6.01,8.52,0.0,0.0
2024-01-08,P0019,S003,WH_3,SKU_26,63.92061,687.0,14.0,222.0,0.0,7.66,9.43,0.0,0.0
2024-01-08,P0009,S003,WH_3,SKU_17,60.63357,545.0,3.0,339.0,0.0,16.8,28.54,0.0,0.0
2024-01-08,P0015,S001,WH_1,SKU_22,22.733286,789.0,4.0,282.0,0.0,8.88,12.51,1.0,0.0
2024-01-08,P0020,S001,WH_1,SKU_27,42.73063,566.0,2.0,389.0,0.0,5.89,7.48,0.0,0.0
2024-01-08,P0006,S003,WH_3,SKU_14,32.0389,527.0,3.0,283.0,0.0,5.88,9.37,0.0,0.0
2024-01-08,P0007,S003,WH_3,SKU_15,65.12241,643.0,7.0,265.0,0.0,6.24,9.99,0.0,0.0
2024-01-08,P0014,S002,WH_2,SKU_21,42.904964,479.0,7.0,349.0,0.0,8.18,12.0,0.0,0.0
2024-01-08,P0007,S005,WH_5,SKU_15,71.64067,489.0,14.0,279.0,0.0,15.48,21.47,0.0,0.0
2024-01-08,P0016,S002,WH_2,SKU_23,170.4286,564.0,12.0,312.0,0.0,6.68,11.81,1.0,0.0
2024-01-08,P0012,S002,WH_2,SKU_2,43.47338,770.0,8.0,377.0,0.0,16.77,22.06,0.0,0.0
2024-01-08,P0017,S005,WH_5,SKU_24,43.670876,651.0,7.0,313.0,0.0,7.27,12.17,0.0,0.0
2024-01-08,P0003,S004,WH_4,SKU_11,51.768463,833.0,2.0,382.0,0.0,6.2,7.82,0.0,0.0
2024-01-08,P0005,S004,WH_4,SKU_13,122.07514,755.0,10.0,251.0,0.0,14.29,19.75,0.0,0.0
2024-01-08,P0020,S005,WH_5,SKU_27,27.61082,382.0,2.0,353.0,0.0,17.89,25.71,0.0,0.0
2024-01-08,P0007,S001,WH_1,SKU_15,75.85558,651.0,13.0,327.0,0.0,16.7,28.78,0.0,0.0
2024-01-08,P0018,S003,WH_3,SKU_25,27.47778,688.0,7.0,232.0,0.0,6.51,8.04,0.0,0.0
2024-01-08,P0019,S004,WH_4,SKU_26,147.8156,513.0,14.0,331.0,0.0,8.71,13.65,0.0,0.0
2024-01-08,P0010,S002,WH_2,SKU_18,127.68538,745.0,10.0,270.0,0.0,17.51,24.82,0.0,0.0
2024-01-08,P0008,S005,WH_5,SKU_16,68.687744,761.0,2.0,394.0,0.0,13.23,20.46,0.0,0.0
2024-01-08,P0013,S003,WH_3,SKU_20,68.43118,710.0,3.0,319.0,0.0,14.9,25.16,0.0,0.0
2024-01-08,P0013,S001,WH_1,SKU_20,30.16903,403.0,9.0,295.0,0.0,9.55,16.05,0.0,0.0
2024-01-08,P0019,S005,WH_5,SKU_26,48.693016,646.0,4.0,393.0,0.0,17.15,27.81,0.0,0.0
2024-01-08,P0017,S004,WH_4,SKU_24,224.13979,405.0,13.0,301.0,0.0,7.11,12.19,1.0,0.0
2024-01-08,P0017,S002,WH_2,SKU_24,35.65394,679.0,5.0,365.0,0.0,19.69,29.64,0.0,0.0
2024-01-08,P0006,S002,WH_2,SKU_14,195.9786,684.0,14.0,268.0,0.0,18.83,23.34,0.0,0.0
2024-01-08,P0018,S001,WH_1,SKU_25,72.00758,478.0,5.0,314.0,0.0,14.23,20.28,0.0,0.0
2024-01-08,P0002,S001,WH_1,SKU_10,154.9851,678.0,13.0,361.0,0.0,12.67,18.73,0.0,0.0
2024-01-08,P0015,S003,WH_3,SKU_22,63.548557,550.0,4.0,211.0,0.0,18.38,32.58,1.0,0.0
2024-01-08,P0020,S004,WH_4,SKU_27,45.507996,816.0,14.0,289.0,0.0,13.84,20.65,0.0,0.0
2024-01-08,P0016,S005,WH_5,SKU_23,31.918081,607.0,3.0,383.0,0.0,19.43,28.74,0.0,0.0
2024-01-08,P0013,S002,WH_2,SKU_20,66.723755,549.0,9.0,336.0,0.0,12.31,20.86,0.0,0.0
2024-01-08,P0002,S005,WH_5,SKU_10,53.31974,369.0,9.0,246.0,0.0,9.67,15.35,0.0,0.0
2024-01-08,P0008,S001,WH_1,SKU_16,45.76875,734.0,14.0,328.0,0.0,11.96,17.38,0.0,0.0
2024-01-08,P0009,S005,WH_5,SKU_17,69.339165,428.0,8.0,321.0,0.0,7.73,13.36,0.0,0.0
2024-01-08,P0012,S004,WH_4,SKU_2,54.415306,402.0,6.0,290.0,0.0,7.06,10.96,0.0,0.0
2024-01-08,P0009,S002,WH_2,SKU_17,82.82041,417.0,13.0,372.0,0.0,16.68,21.24,0.0,0.0
2024-01-08,P0017,S003,WH_3,SKU_24,30.566824,691.0,10.0,209.0,0.0,10.59,15.15,0.0,0.0
2024-01-08,P0003,S001,WH_1,SKU_11,125.97296,808.0,4.0,286.0,0.0,19.54,34.79,0.0,0.0
2024-01-08,P0019,S001,WH_1,SKU_26,36.55105,708.0,2.0,335.0,0.0,18.22,23.67,0.0,0.0
2024-01-08,P0011,S001,WH_1,SKU_19,49.363884,348.0,8.0,287.0,0.0,12.4,18.41,0.0,0.0
2024-01-08,P0018,S004,WH_4,SKU_25,35.663296,423.0,9.0,273.0,0.0,12.02,19.24,0.0,0.0
2024-01-08,P0011,S004,WH_4,SKU_19,143.7389,496.0,4.0,352.0,0.0,5.41,7.4,0.0,0.0
2024-01-08,P0011,S002,WH_2,SKU_19,80.98742,466.0,8.0,316.0,0.0,12.67,18.56,0.0,0.0
2024-01-08,P0016,S001,WH_1,SKU_23,80.41771,479.0,8.0,239.0,0.0,9.05,14.03,0.0,0.0
2024-01-08,P0014,S001,WH_1,SKU_21,87.7115,568.0,11.0,245.0,0.0,19.68,23.66,1.0,0.0
2024-01-08,P0003,S005,WH_5,SKU_11,36.574165,833.0,3.0,349.0,0.0,18.92,31.99,0.0,0.0
2024-01-08,P0018,S005,WH_5,SKU_25,74.249084,425.0,7.0,311.0,0.0,8.45,14.29,0.0,0.0
2024-01-08,P0010,S004,WH_4,SKU_18,95.11042,411.0,6.0,250.0,0.0,5.35,9.51,0.0,0.0
2024-01-08,P0013,S004,WH_4,SKU_20,75.82473,765.0,2.0,327.0,0.0,16.89,23.51,1.0,0.0
2024-01-08,P0009,S004,WH_4,SKU_17,163.25667,362.0,5.0,341.0,0.0,8.62,10.66,0.0,0.0
2024-01-08,P0002,S004,WH_4,SKU_10,74.41635,651.0,14.0,328.0,0.0,19.02,24.9,0.0,0.0
2024-01-08,P0014,S005,WH_5,SKU_21,31.412914,607.0,8.0,309.0,0.0,13.11,23.25,0.0,0.0
2024-01-08,P0018,S002,WH_2,SKU_25,116.356995,373.0,3.0,352.0,0.0,5.07,6.95,0.0,0.0
2024-01-08,P0005,S001,WH_1,SKU_13,67.53522,724.0,9.0,246.0,0.0,19.52,24.09,0.0,0.0
2024-01-08,P0001,S004,WH_4,SKU_1,95.460915,368.0,9.0,333.0,0.0,6.93,10.7,0.0,0.0
2024-01-08,P0007,S002,WH_2,SKU_15,29.619284,778.0,8.0,386.0,0.0,11.37,14.92,0.0,0.0
2024-01-08,P0016,S004,WH_4,SKU_23,52.64114,742.0,14.0,236.0,0.0,15.4,18.69,0.0,0.0
2024-01-08,P0010,S003,WH_3,SKU_18,75.88396,685.0,9.0,213.0,0.0,15.53,20.4,0.0,0.0
2024-01-08,P0012,S003,WH_3,SKU_2,30.067223,771.0,10.0,319.0,0.0,5.02,7.82,0.0,0.0
2024-01-08,P0005,S002,WH_2,SKU_13,71.85751,548.0,11.0,350.0,214.0,17.04,21.69,0.0,0.0
2024-01-08,P0010,S001,WH_1,SKU_18,29.4322,381.0,2.0,346.0,0.0,8.62,10.49,0.0,0.0
2024-01-08,P0003,S002,WH_2,SKU_11,95.04736,811.0,4.0,230.0,0.0,17.93,29.29,0.0,0.0
2024-01-09,P0018,S004,WH_4,SKU_25,61.073265,405.0,9.0,273.0,0.0,12.02,19.24,0.0,0.0
2024-01-09,P0016,S005,WH_5,SKU_23,112.54924,586.0,3.0,383.0,0.0,19.43,28.74,0.0,0.0
2024-01-09,P0016,S002,WH_2,SKU_23,202.50632,549.0,12.0,312.0,0.0,6.68,11.81,0.0,0.0
2024-01-09,P0020,S005,WH_5,SKU_27,96.162094,360.0,2.0,353.0,0.0,17.89,25.71,0.0,0.0
2024-01-09,P0008,S001,WH_1,SKU_16,112.56491,706.0,14.0,328.0,0.0,11.96,17.38,0.0,0.0
2024-01-09,P0003,S005,WH_5,SKU_11,90.6043,806.0,3.0,349.0,0.0,18.92,31.99,0.0,0.0
2024-01-09,P0007,S004,WH_4,SKU_15,109.55442,508.0,5.0,224.0,0.0,13.52,23.32,0.0,0.0
2024-01-09,P0010,S001,WH_1,SKU_18,68.63079,358.0,2.0,346.0,0.0,8.62,10.49,1.0,0.0
2024-01-09,P0008,S005,WH_5,SKU_16,126.265045,739.0,2.0,394.0,0.0,13.23,20.46,0.0,0.0
2024-01-09,P0018,S003,WH_3,SKU_25,59.584023,666.0,7.0,232.0,0.0,6.51,8.04,0.0,0.0
2024-01-09,P0020,S001,WH_1,SKU_27,58.596996,536.0,2.0,389.0,0.0,5.89,7.48,0.0,0.0
2024-01-09,P0010,S005,WH_5,SKU_18,95.80531,709.0,13.0,394.0,0.0,13.35,21.48,0.0,0.0
2024-01-09,P0019,S004,WH_4,SKU_26,118.011826,495.0,14.0,331.0,0.0,8.71,13.65,0.0,0.0
2024-01-09,P0007,S001,WH_1,SKU_15,87.147316,638.0,13.0,327.0,0.0,16.7,28.78,0.0,0.0
2024-01-09,P0008,S003,WH_3,SKU_16,133.0528,399.0,6.0,336.0,0.0,12.08,18.52,0.0,0.0
2024-01-09,P0002,S002,WH_2,SKU_10,88.17142,343.0,10.0,310.0,0.0,13.83,22.36,0.0,0.0
2024-01-09,P0014,S002,WH_2,SKU_21,105.4849,453.0,7.0,349.0,0.0,8.18,12.0,0.0,0.0
2024-01-09,P0018,S005,WH_5,SKU_25,71.50372,390.0,7.0,311.0,0.0,8.45,14.29,1.0,0.0
2024-01-09,P0018,S002,WH_2,SKU_25,104.94701,344.0,3.0,352.0,0.0,5.07,6.95,0.0,0.0
2024-01-09,P0016,S004,WH_4,SKU_23,70.554184,722.0,14.0,236.0,0.0,15.4,18.69,0.0,0.0
2024-01-09,P0005,S004,WH_4,SKU_13,80.82988,743.0,10.0,251.0,0.0,14.29,19.75,0.0,0.0
2024-01-09,P0012,S003,WH_3,SKU_2,105.63091,754.0,10.0,319.0,0.0,5.02,7.82,0.0,0.0
2024-01-09,P0001,S001,WH_1,SKU_1,88.09413,410.0,14.0,379.0,0.0,13.95,20.48,0.0,0.0
2024-01-09,P0020,S003,WH_3,SKU_27,94.75964,570.0,3.0,296.0,0.0,9.18,15.91,0.0,0.0
2024-01-09,P0011,S001,WH_1,SKU_19,83.555214,335.0,8.0,287.0,0.0,12.4,18.41,0.0,0.0
2024-01-09,P0013,S004,WH_4,SKU_20,118.15766,734.0,2.0,327.0,0.0,16.89,23.51,0.0,0.0
2024-01-09,P0001,S003,WH_3,SKU_1,96.58408,327.0,6.0,314.0,0.0,6.06,8.41,1.0,0.0
2024-01-09,P0009,S001,WH_1,SKU_17,131.26436,754.0,10.0,268.0,0.0,14.9,26.61,0.0,0.0
2024-01-09,P0011,S003,WH_3,SKU_19,78.78902,650.0,4.0,295.0,0.0,14.17,23.01,0.0,0.0
2024-01-09,P0009,S003,WH_3,SKU_17,130.8598,519.0,3.0,339.0,0.0,16.8,28.54,0.0,0.0
2024-01-09,P0019,S001,WH_1,SKU_26,61.722836,689.0,2.0,335.0,0.0,18.22,23.67,0.0,0.0
2024-01-09,P0009,S002,WH_2,SKU_17,134.8374,402.0,13.0,372.0,0.0,16.68,21.24,0.0,0.0
2024-01-09,P0002,S003,WH_3,SKU_10,90.87803,620.0,5.0,218.0,0.0,13.68,17.87,0.0,0.0
2024-01-09,P0017,S002,WH_2,SKU_24,77.77181,658.0,5.0,365.0,0.0,19.69,29.64,0.0,0.0
2024-01-09,P0010,S003,WH_3,SKU_18,101.11229,668.0,9.0,213.0,0.0,15.53,20.4,0.0,0.0
2024-01-09,P0011,S005,WH_5,SKU_19,90.88245,471.0,7.0,281.0,0.0,15.87,25.1,0.0,0.0
2024-01-09,P0017,S005,WH_5,SKU_24,99.65996,632.0,7.0,313.0,0.0,7.27,12.17,0.0,0.0
2024-01-09,P0015,S002,WH_2,SKU_22,133.3869,553.0,7.0,261.0,0.0,9.82,14.68,0.0,0.0
2024-01-09,P0006,S005,WH_5,SKU_14,92.67457,822.0,6.0,259.0,0.0,11.19,14.98,0.0,0.0
2024-01-09,P0001,S002,WH_2,SKU_1,103.157845,690.0,8.0,322.0,0.0,11.46,19.92,0.0,0.0
2024-01-09,P0015,S004,WH_4,SKU_22,76.32474,446.0,11.0,374.0,0.0,19.16,23.34,0.0,0.0
2024-01-09,P0017,S004,WH_4,SKU_24,114.6087,378.0,13.0,301.0,0.0,7.11,12.19,0.0,0.0
2024-01-09,P0012,S001,WH_1,SKU_2,148.75342,797.0,13.0,228.0,0.0,19.76,35.1,0.0,0.0
2024-01-09,P0004,S001,WH_1,SKU_12,98.94366,779.0,5.0,299.0,0.0,5.36,7.17,0.0,0.0
2024-01-09,P0006,S004,WH_4,SKU_14,111.013435,325.0,10.0,343.0,0.0,5.76,8.49,1.0,0.0
2024-01-09,P0008,S004,WH_4,SKU_16,59.044956,590.0,4.0,367.0,0.0,6.61,9.52,1.0,0.0
2024-01-09,P0007,S003,WH_3,SKU_15,93.2207,618.0,7.0,265.0,0.0,6.24,9.99,0.0,0.0
2024-01-09,P0008,S002,WH_2,SKU_16,134.7824,323.0,11.0,327.0,0.0,19.0,26.16,0.0,0.0
2024-01-09,P0014,S004,WH_4,SKU_21,73.797966,456.0,8.0,379.0,0.0,12.65,20.04,0.0,0.0
2024-01-09,P0003,S001,WH_1,SKU_11,90.49886,791.0,4.0,286.0,0.0,19.54,34.79,0.0,0.0
2024-01-09,P0013,S003,WH_3,SKU_20,142.30623,688.0,3.0,319.0,0.0,14.9,25.16,0.0,0.0
2024-01-09,P0019,S003,WH_3,SKU_26,117.50552,671.0,14.0,222.0,0.0,7.66,9.43,0.0,0.0
2024-01-09,P0011,S004,WH_4,SKU_19,99.81686,476.0,4.0,352.0,0.0,5.41,7.4,1.0,0.0
2024-01-09,P0015,S003,WH_3,SKU_22,144.7272,529.0,4.0,211.0,0.0,18.38,32.58,0.0,0.0
2024-01-09,P0016,S001,WH_1,SKU_23,117.40106,461.0,8.0,239.0,0.0,9.05,14.03,0.0,0.0
2024-01-09,P0002,S005,WH_5,SKU_10,84.50871,351.0,9.0,246.0,0.0,9.67,15.35,0.0,0.0
2024-01-09,P0002,S004,WH_4,SKU_10,88.21261,626.0,14.0,328.0,0.0,19.02,24.9,0.0,0.0
2024-01-09,P0011,S002,WH_2,SKU_19,142.72604,445.0,8.0,316.0,0.0,12.67,18.56,0.0,0.0
2024-01-09,P0007,S005,WH_5,SKU_15,106.00275,469.0,14.0,279.0,0.0,15.48,21.47,0.0,0.0
2024-01-09,P0005,S003,WH_3,SKU_13,60.246506,392.0,14.0,382.0,0.0,6.01,8.52,0.0,0.0
2024-01-09,P0013,S005,WH_5,SKU_20,108.11985,641.0,2.0,246.0,0.0,10.07,18.03,0.0,0.0
2024-01-09,P0003,S003,WH_3,SKU_11,90.96103,625.0,13.0,342.0,0.0,13.85,18.39,0.0,0.0
2024-01-09,P0017,S001,WH_1,SKU_24,85.61206,401.0,2.0,288.0,0.0,6.14,10.22,0.0,0.0
2024-01-09,P0004,S002,WH_2,SKU_12,98.535355,523.0,6.0,370.0,0.0,19.03,23.02,0.0,0.0
2024-01-09,P0012,S002,WH_2,SKU_2,104.871025,739.0,8.0,377.0,0.0,16.77,22.06,0.0,0.0
2024-01-09,P0003,S002,WH_2,SKU_11,88.004,795.0,4.0,230.0,0.0,17.93,29.29,0.0,0.0
2024-01-09,P0005,S005,WH_5,SKU_13,105.624466,672.0,7.0,305.0,0.0,15.13,23.34,0.0,0.0
2024-01-09,P0019,S002,WH_2,SKU_26,121.98226,705.0,5.0,273.0,0.0,8.5,11.16,0.0,0.0
2024-01-09,P0004,S003,WH_3,SKU_12,86.445885,588.0,6.0,234.0,0.0,10.01,13.38,0.0,0.0
2024-01-09,P0006,S002,WH_2,SKU_14,122.23846,660.0,14.0,268.0,0.0,18.83,23.34,0.0,0.0
2024-01-09,P0017,S003,WH_3,SKU_24,56.12345,672.0,10.0,209.0,0.0,10.59,15.15,0.0,0.0
2024-01-09,P0013,S002,WH_2,SKU_20,139.2919,518.0,9.0,336.0,0.0,12.31,20.86,0.0,0.0
2024-01-09,P0012,S005,WH_5,SKU_2,85.73563,680.0,14.0,267.0,0.0,15.0,26.38,0.0,0.0
2024-01-09,P0005,S001,WH_1,SKU_13,112.582184,705.0,9.0,246.0,0.0,19.52,24.09,0.0,0.0
2024-01-09,P0009,S005,WH_5,SKU_17,105.85051,409.0,8.0,321.0,0.0,7.73,13.36,0.0,0.0
2024-01-09,P0016,S003,WH_3,SKU_23,101.48438,583.0,5.0,293.0,0.0,18.08,23.36,0.0,0.0
2024-01-09,P0010,S004,WH_4,SKU_18,103.13109,384.0,6.0,250.0,0.0,5.35,9.51,0.0,0.0
2024-01-09,P0014,S005,WH_5,SKU_21,74.68462,576.0,8.0,309.0,0.0,13.11,23.25,0.0,0.0
2024-01-09,P0001,S004,WH_4,SKU_1,99.00813,341.0,9.0,333.0,0.0,6.93,10.7,0.0,0.0
2024-01-09,P0013,S001,WH_1,SKU_20,115.02444,385.0,9.0,295.0,0.0,9.55,16.05,0.0,0.0
2024-01-09,P0002,S001,WH_1,SKU_10,89.3181,659.0,13.0,361.0,0.0,12.67,18.73,0.0,0.0
2024-01-09,P0007,S002,WH_2,SKU_15,85.52681,769.0,8.0,386.0,0.0,11.37,14.92,0.0,0.0
2024-01-09,P0004,S004,WH_4,SKU_12,95.29272,681.0,12.0,227.0,0.0,14.2,19.73,0.0,0.0
2024-01-09,P0005,S002,WH_2,SKU_13,102.0922,522.0,11.0,350.0,0.0,17.04,21.69,0.0,0.0
2024-01-09,P0006,S001,WH_1,SKU_14,99.06872,340.0,11.0,265.0,0.0,8.21,11.1,0.0,0.0
2024-01-09,P0020,S002,WH_2,SKU_27,90.51437,728.0,4.0,223.0,0.0,16.3,21.54,0.0,0.0
2024-01-09,P0004,S005,WH_5,SKU_12,63.769062,575.0,6.0,349.0,0.0,10.21,15.8,0.0,0.0
2024-01-09,P0015,S005,WH_5,SKU_22,122.30555,333.0,4.0,326.0,0.0,16.45,25.06,1.0,0.0
2024-01-09,P0003,S004,WH_4,SKU_11,63.43823,804.0,2.0,382.0,0.0,6.2,7.82,0.0,0.0
2024-01-09,P0014,S001,WH_1,SKU_21,105.5373,543.0,11.0,245.0,0.0,19.68,23.66,0.0,0.0
2024-01-09,P0014,S003,WH_3,SKU_21,109.78592,783.0,10.0,283.0,0.0,5.75,8.47,0.0,0.0
2024-01-09,P0009,S004,WH_4,SKU_17,112.336426,343.0,5.0,341.0,0.0,8.62,10.66,0.0,0.0
2024-01-09,P0010,S002,WH_2,SKU_18,140.7944,727.0,10.0,270.0,0.0,17.51,24.82,0.0,0.0
2024-01-09,P0006,S003,WH_3,SKU_14,93.09852,513.0,3.0,283.0,0.0,5.88,9.37,0.0,0.0
2024-01-09,P0019,S005,WH_5,SKU_26,111.411835,623.0,4.0,393.0,0.0,17.15,27.81,0.0,0.0
2024-01-09,P0018,S001,WH_1,SKU_25,93.89361,459.0,5.0,314.0,0.0,14.23,20.28,0.0,0.0
2024-01-09,P0012,S004,WH_4,SKU_2,136.58228,379.0,6.0,290.0,0.0,7.06,10.96,0.0,0.0
2024-01-09,P0020,S004,WH_4,SKU_27,59.654858,796.0,14.0,289.0,0.0,13.84,20.65,0.0,0.0
2024-01-09,P0001,S005,WH_5,SKU_1,116.82413,478.0,4.0,366.0,0.0,19.41,23.81,0.0,0.0
2024-01-09,P0015,S001,WH_1,SKU_22,97.45728,762.0,4.0,282.0,0.0,8.88,12.51,0.0,0.0
2024-01-10,P0007,S002,WH_2,SKU_15,115.20734,757.0,8.0,386.0,0.0,11.37,14.92,0.0,0.0
2024-01-10,P0017,S003,WH_3,SKU_24,75.77677,663.0,10.0,209.0,0.0,10.59,15.15,0.0,0.0
2024-01-10,P0009,S002,WH_2,SKU_17,98.17217,374.0,13.0,372.0,0.0,16.68,21.24,0.0,0.0
2024-01-10,P0014,S004,WH_4,SKU_21,66.58464,436.0,8.0,379.0,0.0,12.65,20.04,0.0,0.0
2024-01-10,P0017,S004,WH_4,SKU_24,166.64648,350.0,13.0,301.0,0.0,7.11,12.19,0.0,0.0
2024-01-10,P0007,S001,WH_1,SKU_15,124.46256,618.0,13.0,327.0,0.0,16.7,28.78,0.0,0.0
2024-01-10,P0012,S004,WH_4,SKU_2,116.96137,354.0,6.0,290.0,0.0,7.06,10.96,0.0,0.0
2024-01-10,P0016,S001,WH_1,SKU_23,114.99906,444.0,8.0,239.0,0.0,9.05,14.03,0.0,0.0
2024-01-10,P0019,S001,WH_1,SKU_26,49.861168,657.0,2.0,335.0,0.0,18.22,23.67,0.0,0.0
2024-01-10,P0020,S004,WH_4,SKU_27,71.440605,776.0,14.0,289.0,0.0,13.84,20.65,0.0,0.0
2024-01-10,P0001,S003,WH_3,SKU_1,93.39666,300.0,6.0,314.0,0.0,6.06,8.41,1.0,0.0
2024-01-10,P0019,S002,WH_2,SKU_26,104.20327,682.0,5.0,273.0,0.0,8.5,11.16,1.0,0.0
2024-01-10,P0003,S003,WH_3,SKU_11,122.94134,612.0,13.0,342.0,0.0,13.85,18.39,0.0,0.0
2024-01-10,P0012,S003,WH_3,SKU_2,63.903355,740.0,10.0,319.0,0.0,5.02,7.82,0.0,0.0
2024-01-10,P0014,S005,WH_5,SKU_21,89.52884,556.0,8.0,309.0,0.0,13.11,23.25,0.0,0.0
2024-01-10,P0013,S003,WH_3,SKU_20,137.52925,662.0,3.0,319.0,0.0,14.9,25.16,0.0,0.0
2024-01-10,P0010,S001,WH_1,SKU_18,73.95214,341.0,2.0,346.0,0.0,8.62,10.49,0.0,0.0
2024-01-10,P0011,S004,WH_4,SKU_19,121.05343,447.0,4.0,352.0,0.0,5.41,7.4,0.0,0.0
2024-01-10,P0005,S001,WH_1,SKU_13,103.59878,682.0,9.0,246.0,0.0,19.52,24.09,0.0,0.0
2024-01-10,P0015,S003,WH_3,SKU_22,104.36008,493.0,4.0,211.0,0.0,18.38,32.58,1.0,0.0
2024-01-10,P0006,S002,WH_2,SKU_14,108.40951,637.0,14.0,268.0,0.0,18.83,23.34,0.0,0.0
2024-01-10,P0001,S005,WH_5,SKU_1,71.2948,460.0,4.0,366.0,0.0,19.41,23.81,0.0,0.0
2024-01-10,P0010,S003,WH_3,SKU_18,135.88138,652.0,9.0,213.0,0.0,15.53,20.4,0.0,0.0
2024-01-10,P0013,S002,WH_2,SKU_20,103.26937,495.0,9.0,336.0,0.0,12.31,20.86,0.0,0.0
2024-01-10,P0006,S005,WH_5,SKU_14,106.79532,798.0,6.0,259.0,0.0,11.19,14.98,0.0,0.0
2024-01-10,P0015,S004,WH_4,SKU_22,47.531525,424.0,11.0,374.0,0.0,19.16,23.34,0.0,0.0
2024-01-10,P0004,S005,WH_5,SKU_12,77.12876,544.0,6.0,349.0,0.0,10.21,15.8,1.0,0.0
2024-01-10,P0006,S003,WH_3,SKU_14,121.010544,480.0,3.0,283.0,0.0,5.88,9.37,1.0,0.0
2024-01-10,P0018,S001,WH_1,SKU_25,82.01495,427.0,5.0,314.0,0.0,14.23,20.28,0.0,0.0
2024-01-10,P0018,S003,WH_3,SKU_25,67.27454,648.0,7.0,232.0,0.0,6.51,8.04,0.0,0.0
2024-01-10,P0004,S001,WH_1,SKU_12,104.1592,755.0,5.0,299.0,0.0,5.36,7.17,0.0,0.0
2024-01-10,P0003,S005,WH_5,SKU_11,116.90873,793.0,3.0,349.0,0.0,18.92,31.99,0.0,0.0
2024-01-10,P0007,S003,WH_3,SKU_15,134.6411,599.0,7.0,265.0,0.0,6.24,9.99,0.0,0.0
2024-01-10,P0013,S001,WH_1,SKU_20,139.6717,357.0,9.0,295.0,0.0,9.55,16.05,0.0,0.0
2024-01-10,P0001,S004,WH_4,SKU_1,117.30656,314.0,9.0,333.0,0.0,6.93,10.7,0.0,0.0
2024-01-10,P0013,S004,WH_4,SKU_20,136.17682,712.0,2.0,327.0,0.0,16.89,23.51,0.0,0.0
2024-01-10,P0014,S003,WH_3,SKU_21,107.54279,759.0,10.0,283.0,0.0,5.75,8.47,0.0,0.0
2024-01-10,P0019,S005,WH_5,SKU_26,57.0589,603.0,4.0,393.0,0.0,17.15,27.81,0.0,0.0
2024-01-10,P0008,S005,WH_5,SKU_16,89.94935,716.0,2.0,394.0,0.0,13.23,20.46,1.0,0.0
2024-01-10,P0005,S004,WH_4,SKU_13,94.72546,719.0,10.0,251.0,0.0,14.29,19.75,0.0,0.0
2024-01-10,P0004,S003,WH_3,SKU_12,93.28329,570.0,6.0,234.0,0.0,10.01,13.38,1.0,0.0
2024-01-10,P0019,S004,WH_4,SKU_26,96.866066,478.0,14.0,331.0,0.0,8.71,13.65,0.0,0.0
2024-01-10,P0002,S002,WH_2,SKU_10,103.88764,319.0,10.0,310.0,0.0,13.83,22.36,1.0,0.0
2024-01-10,P0010,S002,WH_2,SKU_18,120.438,714.0,10.0,270.0,0.0,17.51,24.82,0.0,0.0
2024-01-10,P0014,S002,WH_2,SKU_21,66.708374,425.0,7.0,349.0,0.0,8.18,12.0,0.0,0.0
2024-01-10,P0020,S003,WH_3,SKU_27,102.23925,548.0,3.0,296.0,0.0,9.18,15.91,0.0,0.0
2024-01-10,P0012,S005,WH_5,SKU_2,86.8153,662.0,14.0,267.0,0.0,15.0,26.38,0.0,0.0
2024-01-10,P0009,S004,WH_4,SKU_17,130.72466,317.0,5.0,341.0,0.0,8.62,10.66,0.0,0.0
2024-01-10,P0002,S005,WH_5,SKU_10,81.55759,334.0,9.0,246.0,0.0,9.67,15.35,0.0,0.0
2024-01-10,P0003,S002,WH_2,SKU_11,132.5647,777.0,4.0,230.0,0.0,17.93,29.29,0.0,0.0
2024-01-10,P0016,S005,WH_5,SKU_23,136.10657,571.0,3.0,383.0,0.0,19.43,28.74,0.0,0.0
2024-01-10,P0018,S005,WH_5,SKU_25,85.21164,362.0,7.0,311.0,0.0,8.45,14.29,0.0,0.0
2024-01-10,P0009,S003,WH_3,SKU_17,88.148895,503.0,3.0,339.0,0.0,16.8,28.54,0.0,0.0
2024-01-10,P0004,S002,WH_2,SKU_12,93.33143,509.0,6.0,370.0,0.0,19.03,23.02,0.0,0.0
2024-01-10,P0017,S001,WH_1,SKU_24,99.649895,383.0,2.0,288.0,0.0,6.14,10.22,0.0,0.0
2024-01-10,P0006,S004,WH_4,SKU_14,122.093056,686.0,10.0,343.0,382.0,5.76,8.49,0.0,0.0
2024-01-10,P0009,S001,WH_1,SKU_17,102.54569,732.0,10.0,268.0,0.0,14.9,26.61,0.0,0.0
2024-01-10,P0011,S005,WH_5,SKU_19,83.11115,450.0,7.0,281.0,0.0,15.87,25.1,0.0,0.0
2024-01-10,P0001,S002,WH_2,SKU_1,98.771164,655.0,8.0,322.0,0.0,11.46,19.92,1.0,0.0
2024-01-10,P0008,S002,WH_2,SKU_16,94.5902,557.0,11.0,327.0,261.0,19.0,26.16,1.0,0.0
2024-01-10,P0016,S003,WH_3,SKU_23,124.010315,569.0,5.0,293.0,0.0,18.08,23.36,0.0,0.0
2024-01-10,P0015,S002,WH_2,SKU_22,91.733025,534.0,7.0,261.0,0.0,9.82,14.68,0.0,0.0
2024-01-10,P0005,S003,WH_3,SKU_13,100.67476,376.0,14.0,382.0,0.0,6.01,8.52,0.0,0.0
2024-01-10,P0001,S001,WH_1,SKU_1,88.98832,385.0,14.0,379.0,0.0,13.95,20.48,0.0,0.0
2024-01-10,P0002,S004,WH_4,SKU_10,109.70084,603.0,14.0,328.0,0.0,19.02,24.9,1.0,0.0
2024-01-10,P0011,S002,WH_2,SKU_19,120.88487,432.0,8.0,316.0,0.0,12.67,18.56,0.0,0.0
2024-01-10,P0020,S002,WH_2,SKU_27,58.547028,694.0,4.0,223.0,0.0,16.3,21.54,0.0,0.0
2024-01-10,P0010,S005,WH_5,SKU_18,112.46049,686.0,13.0,394.0,0.0,13.35,21.48,0.0,0.0
2024-01-10,P0004,S004,WH_4,SKU_12,129.08543,644.0,12.0,227.0,0.0,14.2,19.73,1.0,0.0
2024-01-10,P0012,S001,WH_1,SKU_2,88.39814,778.0,13.0,228.0,0.0,19.76,35.1,0.0,0.0
2024-01-10,P0005,S005,WH_5,SKU_13,133.58662,653.0,7.0,305.0,0.0,15.13,23.34,0.0,0.0
2024-01-10,P0006,S001,WH_1,SKU_14,70.59049,316.0,11.0,265.0,0.0,8.21,11.1,0.0,0.0
2024-01-10,P0015,S005,WH_5,SKU_22,87.6067,311.0,4.0,326.0,0.0,16.45,25.06,0.0,0.0
2024-01-10,P0011,S003,WH_3,SKU_19,81.433586,630.0,4.0,295.0,0.0,14.17,23.01,0.0,0.0
2024-01-10,P0012,S002,WH_2,SKU_2,84.56864,718.0,8.0,377.0,0.0,16.77,22.06,0.0,0.0
2024-01-10,P0008,S001,WH_1,SKU_16,85.05706,689.0,14.0,328.0,0.0,11.96,17.38,0.0,0.0
2024-01-10,P0013,S005,WH_5,SKU_20,132.56845,624.0,2.0,246.0,0.0,10.07,18.03,0.0,0.0
2024-01-10,P0019,S003,WH_3,SKU_26,99.45964,656.0,14.0,222.0,0.0,7.66,9.43,1.0,0.0
2024-01-10,P0008,S003,WH_3,SKU_16,133.0432,379.0,6.0,336.0,0.0,12.08,18.52,0.0,0.0
2024-01-10,P0020,S005,WH_5,SKU_27,89.705956,342.0,2.0,353.0,0.0,17.89,25.71,0.0,0.0
2024-01-10,P0014,S001,WH_1,SKU_21,108.85103,519.0,11.0,245.0,0.0,19.68,23.66,0.0,0.0
2024-01-10,P0008,S004,WH_4,SKU_16,76.57773,564.0,4.0,367.0,0.0,6.61,9.52,0.0,0.0
2024-01-10,P0017,S005,WH_5,SKU_24,112.74798,613.0,7.0,313.0,0.0,7.27,12.17,0.0,0.0
2024-01-10,P0017,S002,WH_2,SKU_24,79.94248,623.0,5.0,365.0,0.0,19.69,29.64,1.0,0.0
2024-01-10,P0003,S004,WH_4,SKU_11,103.15005,788.0,2.0,382.0,0.0,6.2,7.82,0.0,0.0
2024-01-10,P0016,S002,WH_2,SKU_23,116.86279,523.0,12.0,312.0,0.0,6.68,11.81,0.0,0.0
2024-01-10,P0007,S004,WH_4,SKU_15,139.68787,482.0,5.0,224.0,0.0,13.52,23.32,0.0,0.0
2024-01-10,P0020,S001,WH_1,SKU_27,57.55937,508.0,2.0,389.0,0.0,5.89,7.48,0.0,0.0
2024-01-10,P0010,S004,WH_4,SKU_18,152.33533,365.0,6.0,250.0,0.0,5.35,9.51,0.0,0.0
2024-01-10,P0015,S001,WH_1,SKU_22,88.01232,740.0,4.0,282.0,0.0,8.88,12.51,0.0,0.0
2024-01-10,P0007,S005,WH_5,SKU_15,146.95253,442.0,14.0,279.0,0.0,15.48,21.47,0.0,0.0
2024-01-10,P0005,S002,WH_2,SKU_13,83.663826,500.0,11.0,350.0,0.0,17.04,21.69,0.0,0.0
2024-01-10,P0009,S005,WH_5,SKU_17,105.288345,381.0,8.0,321.0,0.0,7.73,13.36,0.0,0.0
2024-01-10,P0002,S001,WH_1,SKU_10,130.4817,638.0,13.0,361.0,0.0,12.67,18.73,0.0,0.0
2024-01-10,P0002,S003,WH_3,SKU_10,100.5035,602.0,5.0,218.0,0.0,13.68,17.87,0.0,0.0
2024-01-10,P0018,S002,WH_2,SKU_25,91.53783,680.0,3.0,352.0,366.0,5.07,6.95,0.0,0.0
2024-01-10,P0016,S004,WH_4,SKU_23,97.24674,708.0,14.0,236.0,0.0,15.4,18.69,0.0,0.0
2024-01-10,P0011,S001,WH_1,SKU_19,57.59408,315.0,8.0,287.0,0.0,12.4,18.41,0.0,0.0
2024-01-10,P0003,S001,WH_1,SKU_11,103.84501,772.0,4.0,286.0,0.0,19.54,34.79,0.0,0.0
2024-01-10,P0018,S004,WH_4,SKU_25,66.93713,389.0,9.0,273.0,0.0,12.02,19.24,0.0,0.0
2024-01-11,P0004,S004,WH_4,SKU_12,172.18095,630.0,12.0,227.0,0.0,14.2,19.73,0.0,0.0
2024-01-11,P0019,S001,WH_1,SKU_26,53.717663,630.0,2.0,335.0,0.0,18.22,23.67,0.0,0.0
2024-01-11,P0006,S002,WH_2,SKU_14,94.693535,625.0,14.0,268.0,0.0,18.83,23.34,0.0,0.0
2024-01-11,P0001,S002,WH_2,SKU_1,130.44452,631.0,8.0,322.0,0.0,11.46,19.92,0.0,0.0
2024-01-11,P0010,S002,WH_2,SKU_18,103.77021,690.0,10.0,270.0,0.0,17.51,24.82,0.0,0.0
2024-01-11,P0011,S002,WH_2,SKU_19,193.37091,418.0,8.0,316.0,0.0,12.67,18.56,0.0,0.0
2024-01-11,P0018,S001,WH_1,SKU_25,126.14039,409.0,5.0,314.0,0.0,14.23,20.28,0.0,0.0
2024-01-11,P0007,S005,WH_5,SKU_15,116.09535,416.0,14.0,279.0,0.0,15.48,21.47,1.0,0.0
2024-01-11,P0010,S004,WH_4,SKU_18,126.55442,340.0,6.0,250.0,0.0,5.35,9.51,0.0,0.0
2024-01-11,P0002,S001,WH_1,SKU_10,109.69809,616.0,13.0,361.0,0.0,12.67,18.73,0.0,0.0
2024-01-11,P0008,S003,WH_3,SKU_16,162.42,354.0,6.0,336.0,0.0,12.08,18.52,0.0,0.0
2024-01-11,P0009,S004,WH_4,SKU_17,157.54884,568.0,5.0,341.0,279.0,8.62,10.66,0.0,0.0
2024-01-11,P0017,S005,WH_5,SKU_24,106.61257,585.0,7.0,313.0,0.0,7.27,12.17,1.0,0.0
2024-01-11,P0012,S004,WH_4,SKU_2,175.12886,317.0,6.0,290.0,0.0,7.06,10.96,1.0,0.0
2024-01-11,P0001,S001,WH_1,SKU_1,120.90699,362.0,14.0,379.0,0.0,13.95,20.48,0.0,0.0
2024-01-11,P0018,S004,WH_4,SKU_25,91.79589,368.0,9.0,273.0,0.0,12.02,19.24,0.0,0.0
2024-01-11,P0015,S004,WH_4,SKU_22,69.53684,405.0,11.0,374.0,0.0,19.16,23.34,0.0,0.0
2024-01-11,P0001,S005,WH_5,SKU_1,122.830444,440.0,4.0,366.0,0.0,19.41,23.81,0.0,0.0
2024-01-11,P0012,S001,WH_1,SKU_2,133.23149,754.0,13.0,228.0,0.0,19.76,35.1,0.0,0.0
2024-01-11,P0015,S005,WH_5,SKU_22,96.21346,606.0,4.0,326.0,310.0,16.45,25.06,0.0,0.0
2024-01-11,P0003,S002,WH_2,SKU_11,145.43083,756.0,4.0,230.0,0.0,17.93,29.29,0.0,0.0
2024-01-11,P0020,S003,WH_3,SKU_27,120.60831,525.0,3.0,296.0,0.0,9.18,15.91,0.0,0.0
2024-01-11,P0007,S004,WH_4,SKU_15,124.77919,454.0,5.0,224.0,0.0,13.52,23.32,0.0,0.0
2024-01-11,P0002,S004,WH_4,SKU_10,97.34525,583.0,14.0,328.0,0.0,19.02,24.9,0.0,0.0
2024-01-11,P0003,S004,WH_4,SKU_11,103.03004,762.0,2.0,382.0,0.0,6.2,7.82,0.0,0.0
2024-01-11,P0006,S001,WH_1,SKU_14,108.11296,287.0,11.0,265.0,0.0,8.21,11.1,0.0,0.0
2024-01-11,P0003,S001,WH_1,SKU_11,126.89517,747.0,4.0,286.0,0.0,19.54,34.79,0.0,0.0
2024-01-11,P0006,S004,WH_4,SKU_14,113.38626,669.0,10.0,343.0,0.0,5.76,8.49,0.0,0.0
2024-01-11,P0001,S004,WH_4,SKU_1,166.02882,557.0,9.0,333.0,268.0,6.93,10.7,0.0,0.0
2024-01-11,P0018,S003,WH_3,SKU_25,82.12548,628.0,7.0,232.0,0.0,6.51,8.04,0.0,0.0
2024-01-11,P0017,S003,WH_3,SKU_24,109.08803,643.0,10.0,209.0,0.0,10.59,15.15,0.0,0.0
2024-01-11,P0016,S005,WH_5,SKU_23,93.71136,553.0,3.0,383.0,0.0,19.43,28.74,0.0,0.0
2024-01-11,P0002,S003,WH_3,SKU_10,120.40712,582.0,5.0,218.0,0.0,13.68,17.87,0.0,0.0
2024-01-11,P0011,S005,WH_5,SKU_19,110.72961,420.0,7.0,281.0,0.0,15.87,25.1,0.0,0.0
2024-01-11,P0020,S001,WH_1,SKU_27,88.02815,489.0,2.0,389.0,0.0,5.89,7.48,1.0,0.0
2024-01-11,P0016,S003,WH_3,SKU_23,95.41481,552.0,5.0,293.0,0.0,18.08,23.36,0.0,0.0
2024-01-11,P0010,S005,WH_5,SKU_18,101.84284,676.0,13.0,394.0,0.0,13.35,21.48,0.0,0.0
2024-01-11,P0007,S002,WH_2,SKU_15,78.07748,736.0,8.0,386.0,0.0,11.37,14.92,0.0,0.0
2024-01-11,P0017,S001,WH_1,SKU_24,75.62164,361.0,2.0,288.0,0.0,6.14,10.22,0.0,0.0
2024-01-11,P0002,S002,WH_2,SKU_10,96.83469,302.0,10.0,310.0,0.0,13.83,22.36,0.0,0.0
2024-01-11,P0005,S002,WH_2,SKU_13,88.09044,475.0,11.0,350.0,0.0,17.04,21.69,0.0,0.0
2024-01-11,P0004,S002,WH_2,SKU_12,130.81673,491.0,6.0,370.0,0.0,19.03,23.02,0.0,0.0
2024-01-11,P0005,S004,WH_4,SKU_13,99.32783,697.0,10.0,251.0,0.0,14.29,19.75,0.0,0.0
2024-01-11,P0008,S004,WH_4,SKU_16,101.84738,536.0,4.0,367.0,0.0,6.61,9.52,0.0,0.0
2024-01-11,P0019,S003,WH_3,SKU_26,146.2314,638.0,14.0,222.0,0.0,7.66,9.43,0.0,0.0
2024-01-11,P0009,S002,WH_2,SKU_17,120.66442,347.0,13.0,372.0,0.0,16.68,21.24,0.0,0.0
2024-01-11,P0004,S005,WH_5,SKU_12,132.8644,525.0,6.0,349.0,0.0,10.21,15.8,0.0,0.0
2024-01-11,P0020,S005,WH_5,SKU_27,86.495514,650.0,2.0,353.0,330.0,17.89,25.71,0.0,0.0
2024-01-11,P0014,S003,WH_3,SKU_21,77.39776,737.0,10.0,283.0,0.0,5.75,8.47,0.0,0.0
2024-01-11,P0008,S002,WH_2,SKU_16,135.87125,542.0,11.0,327.0,0.0,19.0,26.16,0.0,0.0
2024-01-11,P0008,S001,WH_1,SKU_16,104.32817,667.0,14.0,328.0,0.0,11.96,17.38,0.0,0.0
2024-01-11,P0014,S001,WH_1,SKU_21,61.21009,498.0,11.0,245.0,0.0,19.68,23.66,0.0,0.0
2024-01-11,P0007,S001,WH_1,SKU_15,91.27905,588.0,13.0,327.0,0.0,16.7,28.78,0.0,0.0
2024-01-11,P0020,S004,WH_4,SKU_27,76.823006,755.0,14.0,289.0,0.0,13.84,20.65,0.0,0.0
2024-01-11,P0006,S005,WH_5,SKU_14,90.405655,784.0,6.0,259.0,0.0,11.19,14.98,0.0,0.0
2024-01-11,P0004,S001,WH_1,SKU_12,134.02728,739.0,5.0,299.0,0.0,5.36,7.17,0.0,0.0
2024-01-11,P0013,S001,WH_1,SKU_20,91.69787,319.0,9.0,295.0,0.0,9.55,16.05,0.0,0.0
2024-01-11,P0003,S003,WH_3,SKU_11,135.81256,590.0,13.0,342.0,0.0,13.85,18.39,0.0,0.0
2024-01-11,P0019,S005,WH_5,SKU_26,74.40394,587.0,4.0,393.0,0.0,17.15,27.81,0.0,0.0
2024-01-11,P0009,S001,WH_1,SKU_17,164.94997,711.0,10.0,268.0,0.0,14.9,26.61,0.0,0.0
2024-01-11,P0013,S002,WH_2,SKU_20,47.174534,467.0,9.0,336.0,0.0,12.31,20.86,1.0,0.0
2024-01-11,P0018,S005,WH_5,SKU_25,96.075966,331.0,7.0,311.0,0.0,8.45,14.29,0.0,0.0
2024-01-11,P0003,S005,WH_5,SKU_11,94.49335,775.0,3.0,349.0,0.0,18.92,31.99,0.0,0.0
2024-01-11,P0017,S004,WH_4,SKU_24,121.43117,328.0,13.0,301.0,0.0,7.11,12.19,0.0,0.0
2024-01-11,P0002,S005,WH_5,SKU_10,80.76758,315.0,9.0,246.0,0.0,9.67,15.35,0.0,0.0
2024-01-11,P0016,S002,WH_2,SKU_23,124.688156,506.0,12.0,312.0,0.0,6.68,11.81,0.0,0.0
2024-01-11,P0008,S005,WH_5,SKU_16,145.25645,688.0,2.0,394.0,0.0,13.23,20.46,1.0,0.0
2024-01-11,P0016,S001,WH_1,SKU_23,95.59354,421.0,8.0,239.0,0.0,9.05,14.03,0.0,0.0
2024-01-11,P0013,S005,WH_5,SKU_20,110.34415,600.0,2.0,246.0,0.0,10.07,18.03,0.0,0.0
2024-01-11,P0005,S003,WH_3,SKU_13,107.83665,620.0,14.0,382.0,264.0,6.01,8.52,0.0,0.0
2024-01-11,P0015,S003,WH_3,SKU_22,114.472115,458.0,4.0,211.0,0.0,18.38,32.58,1.0,0.0
2024-01-11,P0010,S001,WH_1,SKU_18,56.7388,552.0,2.0,346.0,230.0,8.62,10.49,0.0,0.0
2024-01-11,P0005,S001,WH_1,SKU_13,93.1306,659.0,9.0,246.0,0.0,19.52,24.09,0.0,0.0
2024-01-11,P0010,S003,WH_3,SKU_18,121.367714,627.0,9.0,213.0,0.0,15.53,20.4,0.0,0.0
2024-01-11,P0014,S005,WH_5,SKU_21,53.214306,529.0,8.0,309.0,0.0,13.11,23.25,0.0,0.0
2024-01-11,P0015,S002,WH_2,SKU_22,92.35638,515.0,7.0,261.0,0.0,9.82,14.68,0.0,0.0
2024-01-11,P0013,S003,WH_3,SKU_20,112.937706,638.0,3.0,319.0,0.0,14.9,25.16,0.0,0.0
2024-01-11,P0020,S002,WH_2,SKU_27,76.8955,677.0,4.0,223.0,0.0,16.3,21.54,0.0,0.0
2024-01-11,P0017,S002,WH_2,SKU_24,79.05481,606.0,5.0,365.0,0.0,19.69,29.64,0.0,0.0
2024-01-11,P0018,S002,WH_2,SKU_25,110.66222,655.0,3.0,352.0,0.0,5.07,6.95,0.0,0.0
2024-01-11,P0015,S001,WH_1,SKU_22,71.985725,725.0,4.0,282.0,0.0,8.88,12.51,0.0,0.0
2024-01-11,P0016,S004,WH_4,SKU_23,88.76444,682.0,14.0,236.0,0.0,15.4,18.69,0.0,0.0
2024-01-11,P0011,S001,WH_1,SKU_19,105.85918,289.0,8.0,287.0,0.0,12.4,18.41,0.0,0.0
2024-01-11,P0005,S005,WH_5,SKU_13,84.96631,626.0,7.0,305.0,0.0,15.13,23.34,0.0,0.0
2024-01-11,P0011,S004,WH_4,SKU_19,199.9551,435.0,4.0,352.0,0.0,5.41,7.4,0.0,0.0
2024-01-11,P0012,S002,WH_2,SKU_2,96.721176,696.0,8.0,377.0,0.0,16.77,22.06,0.0,0.0
2024-01-11,P0011,S003,WH_3,SKU_19,155.76944,606.0,4.0,295.0,0.0,14.17,23.01,0.0,0.0
2024-01-11,P0009,S003,WH_3,SKU_17,166.45572,476.0,3.0,339.0,0.0,16.8,28.54,0.0,0.0
2024-01-11,P0009,S005,WH_5,SKU_17,118.795555,360.0,8.0,321.0,0.0,7.73,13.36,0.0,0.0
2024-01-11,P0014,S002,WH_2,SKU_21,116.46652,405.0,7.0,349.0,0.0,8.18,12.0,0.0,0.0
2024-01-11,P0019,S004,WH_4,SKU_26,108.9699,451.0,14.0,331.0,0.0,8.71,13.65,0.0,0.0
2024-01-11,P0006,S003,WH_3,SKU_14,128.13039,462.0,3.0,283.0,0.0,5.88,9.37,0.0,0.0
2024-01-11,P0013,S004,WH_4,SKU_20,129.83545,687.0,2.0,327.0,0.0,16.89,23.51,0.0,0.0
2024-01-11,P0007,S003,WH_3,SKU_15,95.65539,574.0,7.0,265.0,0.0,6.24,9.99,0.0,0.0
2024-01-11,P0014,S004,WH_4,SKU_21,109.54617,412.0,8.0,379.0,0.0,12.65,20.04,0.0,0.0
2024-01-11,P0001,S003,WH_3,SKU_1,147.33736,645.0,6.0,314.0,368.0,6.06,8.41,0.0,0.0
2024-01-11,P0019,S002,WH_2,SKU_26,92.90835,653.0,5.0,273.0,0.0,8.5,11.16,1.0,0.0
2024-01-11,P0012,S003,WH_3,SKU_2,83.57236,716.0,10.0,319.0,0.0,5.02,7.82,0.0,0.0
2024-01-11,P0004,S003,WH_3,SKU_12,159.45969,545.0,6.0,234.0,0.0,10.01,13.38,0.0,0.0
2024-01-11,P0012,S005,WH_5,SKU_2,75.91257,639.0,14.0,267.0,0.0,15.0,26.38,0.0,0.0
2024-01-12,P0010,S004,WH_4,SKU_18,110.69465,326.0,6.0,250.0,0.0,5.35,9.51,0.0,0.0
2024-01-12,P0008,S002,WH_2,SKU_16,116.95779,521.0,11.0,327.0,0.0,19.0,26.16,0.0,0.0
2024-01-12,P0007,S001,WH_1,SKU_15,116.15727,566.0,13.0,327.0,0.0,16.7,28.78,0.0,0.0
2024-01-12,P0016,S005,WH_5,SKU_23,96.07049,533.0,3.0,383.0,0.0,19.43,28.74,0.0,0.0
2024-01-12,P0011,S003,WH_3,SKU_19,99.176094,581.0,4.0,295.0,0.0,14.17,23.01,0.0,0.0
2024-01-12,P0002,S005,WH_5,SKU_10,87.69674,296.0,9.0,246.0,0.0,9.67,15.35,0.0,0.0
2024-01-12,P0007,S003,WH_3,SKU_15,118.04947,553.0,7.0,265.0,0.0,6.24,9.99,0.0,0.0
2024-01-12,P0020,S001,WH_1,SKU_27,67.64978,470.0,2.0,389.0,0.0,5.89,7.48,0.0,0.0
2024-01-12,P0016,S002,WH_2,SKU_23,108.681206,486.0,12.0,312.0,0.0,6.68,11.81,0.0,0.0
2024-01-12,P0013,S004,WH_4,SKU_20,87.008736,663.0,2.0,327.0,0.0,16.89,23.51,0.0,0.0
2024-01-12,P0016,S004,WH_4,SKU_23,48.90736,665.0,14.0,236.0,0.0,15.4,18.69,0.0,0.0
2024-01-12,P0011,S001,WH_1,SKU_19,64.31316,271.0,8.0,287.0,0.0,12.4,18.41,0.0,0.0
2024-01-12,P0004,S003,WH_3,SKU_12,154.87097,522.0,6.0,234.0,0.0,10.01,13.38,0.0,0.0
2024-01-12,P0017,S004,WH_4,SKU_24,93.48081,308.0,13.0,301.0,0.0,7.11,12.19,0.0,0.0
2024-01-12,P0013,S003,WH_3,SKU_20,120.2269,611.0,3.0,319.0,0.0,14.9,25.16,0.0,0.0
2024-01-12,P0018,S003,WH_3,SKU_25,92.36699,599.0,7.0,232.0,0.0,6.51,8.04,0.0,0.0
2024-01-12,P0002,S001,WH_1,SKU_10,125.604164,580.0,13.0,361.0,0.0,12.67,18.73,1.0,0.0
2024-01-12,P0003,S003,WH_3,SKU_11,105.30402,570.0,13.0,342.0,0.0,13.85,18.39,0.0,0.0
2024-01-12,P0004,S004,WH_4,SKU_12,140.58992,605.0,12.0,227.0,0.0,14.2,19.73,0.0,0.0
2024-01-12,P0013,S005,WH_5,SKU_20,105.881874,582.0,2.0,246.0,0.0,10.07,18.03,1.0,0.0
2024-01-12,P0006,S002,WH_2,SKU_14,122.61839,603.0,14.0,268.0,0.0,18.83,23.34,0.0,0.0
2024-01-12,P0011,S005,WH_5,SKU_19,96.45702,398.0,7.0,281.0,0.0,15.87,25.1,0.0,0.0
2024-01-12,P0002,S004,WH_4,SKU_10,83.74904,562.0,14.0,328.0,0.0,19.02,24.9,0.0,0.0
2024-01-12,P0006,S004,WH_4,SKU_14,112.49311,649.0,10.0,343.0,0.0,5.76,8.49,1.0,0.0
2024-01-12,P0019,S004,WH_4,SKU_26,52.787857,425.0,14.0,331.0,0.0,8.71,13.65,0.0,0.0
2024-01-12,P0003,S005,WH_5,SKU_11,92.820854,749.0,3.0,349.0,0.0,18.92,31.99,1.0,0.0
2024-01-12,P0016,S001,WH_1,SKU_23,98.824615,403.0,8.0,239.0,0.0,9.05,14.03,1.0,0.0
2024-01-12,P0014,S001,WH_1,SKU_21,138.19437,477.0,11.0,245.0,0.0,19.68,23.66,0.0,0.0
2024-01-12,P0010,S001,WH_1,SKU_18,78.382645,530.0,2.0,346.0,0.0,8.62,10.49,0.0,0.0
2024-01-12,P0005,S005,WH_5,SKU_13,108.95621,604.0,7.0,305.0,0.0,15.13,23.34,0.0,0.0
2024-01-12,P0007,S005,WH_5,SKU_15,110.68434,393.0,14.0,279.0,0.0,15.48,21.47,0.0,0.0
2024-01-12,P0003,S002,WH_2,SKU_11,91.967384,732.0,4.0,230.0,0.0,17.93,29.29,0.0,0.0
2024-01-12,P0020,S004,WH_4,SKU_27,66.484825,730.0,14.0,289.0,0.0,13.84,20.65,0.0,0.0
2024-01-12,P0004,S005,WH_5,SKU_12,144.95486,493.0,6.0,349.0,0.0,10.21,15.8,0.0,0.0
2024-01-12,P0012,S002,WH_2,SKU_2,114.70122,675.0,8.0,377.0,0.0,16.77,22.06,0.0,0.0
2024-01-12,P0015,S002,WH_2,SKU_22,125.69781,490.0,7.0,261.0,0.0,9.82,14.68,0.0,0.0
2024-01-12,P0017,S003,WH_3,SKU_24,89.55238,622.0,10.0,209.0,0.0,10.59,15.15,0.0,0.0
2024-01-12,P0011,S004,WH_4,SKU_19,70.525,418.0,4.0,352.0,0.0,5.41,7.4,0.0,0.0
2024-01-12,P0004,S002,WH_2,SKU_12,126.99346,466.0,6.0,370.0,0.0,19.03,23.02,0.0,0.0
2024-01-12,P0008,S004,WH_4,SKU_16,54.753143,512.0,4.0,367.0,0.0,6.61,9.52,0.0,0.0
2024-01-12,P0019,S002,WH_2,SKU_26,123.353004,630.0,5.0,273.0,0.0,8.5,11.16,0.0,0.0
2024-01-12,P0010,S003,WH_3,SKU_18,120.26419,602.0,9.0,213.0,0.0,15.53,20.4,0.0,0.0
2024-01-12,P0017,S001,WH_1,SKU_24,93.04593,342.0,2.0,288.0,0.0,6.14,10.22,0.0,0.0
2024-01-12,P0004,S001,WH_1,SKU_12,145.7018,723.0,5.0,299.0,0.0,5.36,7.17,0.0,0.0
2024-01-12,P0011,S002,WH_2,SKU_19,80.08282,408.0,8.0,316.0,0.0,12.67,18.56,0.0,0.0
2024-01-12,P0015,S003,WH_3,SKU_22,156.30971,433.0,4.0,211.0,0.0,18.38,32.58,0.0,0.0
2024-01-12,P0013,S002,WH_2,SKU_20,116.88127,450.0,9.0,336.0,0.0,12.31,20.86,0.0,0.0
2024-01-12,P0005,S003,WH_3,SKU_13,115.9739,601.0,14.0,382.0,0.0,6.01,8.52,0.0,0.0
2024-01-12,P0005,S002,WH_2,SKU_13,98.99767,457.0,11.0,350.0,0.0,17.04,21.69,0.0,0.0
2024-01-12,P0007,S004,WH_4,SKU_15,109.76978,434.0,5.0,224.0,0.0,13.52,23.32,1.0,0.0
2024-01-12,P0007,S002,WH_2,SKU_15,81.038826,713.0,8.0,386.0,0.0,11.37,14.92,1.0,0.0
2024-01-12,P0017,S005,WH_5,SKU_24,95.847595,554.0,7.0,313.0,0.0,7.27,12.17,0.0,0.0
2024-01-12,P0012,S001,WH_1,SKU_2,180.12158,729.0,13.0,228.0,0.0,19.76,35.1,0.0,0.0
2024-01-12,P0020,S002,WH_2,SKU_27,77.94274,655.0,4.0,223.0,0.0,16.3,21.54,0.0,0.0
2024-01-12,P0005,S004,WH_4,SKU_13,95.1337,685.0,10.0,251.0,0.0,14.29,19.75,0.0,0.0
2024-01-12,P0013,S001,WH_1,SKU_20,87.7006,294.0,9.0,295.0,0.0,9.55,16.05,0.0,0.0
2024-01-12,P0009,S002,WH_2,SKU_17,110.02395,678.0,13.0,372.0,345.0,16.68,21.24,0.0,0.0
2024-01-12,P0014,S003,WH_3,SKU_21,101.94434,709.0,10.0,283.0,0.0,5.75,8.47,0.0,0.0
2024-01-12,P0001,S004,WH_4,SKU_1,81.665474,535.0,9.0,333.0,0.0,6.93,10.7,0.0,0.0
2024-01-12,P0009,S005,WH_5,SKU_17,179.39806,344.0,8.0,321.0,0.0,7.73,13.36,0.0,0.0
2024-01-12,P0019,S003,WH_3,SKU_26,136.58237,627.0,14.0,222.0,0.0,7.66,9.43,0.0,0.0
2024-01-12,P0001,S003,WH_3,SKU_1,118.6782,630.0,6.0,314.0,0.0,6.06,8.41,0.0,0.0
2024-01-12,P0019,S005,WH_5,SKU_26,88.08616,561.0,4.0,393.0,0.0,17.15,27.81,0.0,0.0
2024-01-12,P0003,S004,WH_4,SKU_11,53.629025,754.0,2.0,382.0,0.0,6.2,7.82,0.0,0.0
2024-01-12,P0001,S001,WH_1,SKU_1,93.28361,803.0,14.0,379.0,470.0,13.95,20.48,1.0,0.0
2024-01-12,P0016,S003,WH_3,SKU_23,146.07799,526.0,5.0,293.0,0.0,18.08,23.36,1.0,0.0
2024-01-12,P0018,S004,WH_4,SKU_25,80.39308,345.0,9.0,273.0,0.0,12.02,19.24,0.0,0.0
2024-01-12,P0014,S004,WH_4,SKU_21,86.14587,379.0,8.0,379.0,0.0,12.65,20.04,0.0,0.0
2024-01-12,P0014,S005,WH_5,SKU_21,115.43011,500.0,8.0,309.0,0.0,13.11,23.25,0.0,0.0
2024-01-12,P0012,S004,WH_4,SKU_2,115.56889,285.0,6.0,290.0,0.0,7.06,10.96,1.0,0.0
2024-01-12,P0020,S005,WH_5,SKU_27,85.01415,628.0,2.0,353.0,0.0,17.89,25.71,0.0,0.0
2024-01-12,P0008,S005,WH_5,SKU_16,117.895096,661.0,2.0,394.0,0.0,13.23,20.46,1.0,0.0
2024-01-12,P0005,S001,WH_1,SKU_13,98.673706,633.0,9.0,246.0,0.0,19.52,24.09,0.0,0.0
2024-01-12,P0012,S003,WH_3,SKU_2,93.28191,694.0,10.0,319.0,0.0,5.02,7.82,0.0,0.0
2024-01-12,P0001,S005,WH_5,SKU_1,123.716415,416.0,4.0,366.0,0.0,19.41,23.81,0.0,0.0
2024-01-12,P0008,S001,WH_1,SKU_16,83.58153,643.0,14.0,328.0,0.0,11.96,17.38,0.0,0.0
2024-01-12,P0003,S001,WH_1,SKU_11,109.53171,720.0,4.0,286.0,0.0,19.54,34.79,1.0,0.0
2024-01-12,P0006,S005,WH_5,SKU_14,120.550385,761.0,6.0,259.0,0.0,11.19,14.98,1.0,0.0
2024-01-12,P0018,S002,WH_2,SKU_25,137.0852,627.0,3.0,352.0,0.0,5.07,6.95,0.0,0.0
2024-01-12,P0010,S005,WH_5,SKU_18,118.35018,653.0,13.0,394.0,0.0,13.35,21.48,1.0,0.0
2024-01-12,P0006,S001,WH_1,SKU_14,133.98418,263.0,11.0,265.0,0.0,8.21,11.1,0.0,0.0
2024-01-12,P0017,S002,WH_2,SKU_24,99.454796,584.0,5.0,365.0,0.0,19.69,29.64,0.0,0.0
2024-01-12,P0010,S002,WH_2,SKU_18,159.84138,672.0,10.0,270.0,0.0,17.51,24.82,0.0,0.0
2024-01-12,P0006,S003,WH_3,SKU_14,125.87163,434.0,3.0,283.0,0.0,5.88,9.37,1.0,0.0
2024-01-12,P0002,S003,WH_3,SKU_10,121.25278,566.0,5.0,218.0,0.0,13.68,17.87,0.0,0.0
2024-01-12,P0019,S001,WH_1,SKU_26,85.80009,594.0,2.0,335.0,0.0,18.22,23.67,0.0,0.0
2024-01-12,P0015,S004,WH_4,SKU_22,36.156914,383.0,11.0,374.0,0.0,19.16,23.34,0.0,0.0
2024-01-12,P0002,S002,WH_2,SKU_10,102.307236,499.0,10.0,310.0,213.0,13.83,22.36,0.0,0.0
2024-01-12,P0018,S005,WH_5,SKU_25,89.54949,313.0,7.0,311.0,0.0,8.45,14.29,0.0,0.0
2024-01-12,P0018,S001,WH_1,SKU_25,127.71708,380.0,5.0,314.0,0.0,14.23,20.28,1.0,0.0
2024-01-12,P0014,S002,WH_2,SKU_21,94.046,396.0,7.0,349.0,0.0,8.18,12.0,0.0,0.0
2024-01-12,P0009,S004,WH_4,SKU_17,111.31395,551.0,5.0,341.0,0.0,8.62,10.66,0.0,0.0
2024-01-12,P0001,S002,WH_2,SKU_1,101.96769,616.0,8.0,322.0,0.0,11.46,19.92,0.0,0.0
2024-01-12,P0009,S001,WH_1,SKU_17,117.54937,695.0,10.0,268.0,0.0,14.9,26.61,0.0,0.0
2024-01-12,P0015,S005,WH_5,SKU_22,142.80261,584.0,4.0,326.0,0.0,16.45,25.06,0.0,0.0
2024-01-12,P0015,S001,WH_1,SKU_22,122.37373,699.0,4.0,282.0,0.0,8.88,12.51,0.0,0.0
2024-01-12,P0008,S003,WH_3,SKU_16,123.49417,330.0,6.0,336.0,0.0,12.08,18.52,1.0,0.0
2024-01-12,P0009,S003,WH_3,SKU_17,95.64189,441.0,3.0,339.0,0.0,16.8,28.54,0.0,0.0
2024-01-12,P0020,S003,WH_3,SKU_27,112.9582,500.0,3.0,296.0,0.0,9.18,15.91,0.0,0.0
2024-01-12,P0012,S005,WH_5,SKU_2,80.35737,621.0,14.0,267.0,0.0,15.0,26.38,0.0,0.0
2024-01-13,P0005,S002,WH_2,SKU_13,83.3878,436.0,11.0,350.0,0.0,17.04,21.69,0.0,0.0
2024-01-13,P0017,S005,WH_5,SKU_24,140.30594,534.0,7.0,313.0,0.0,7.27,12.17,0.0,0.0
2024-01-13,P0010,S004,WH_4,SKU_18,118.32423,307.0,6.0,250.0,0.0,5.35,9.51,0.0,0.0
2024-01-13,P0013,S005,WH_5,SKU_20,92.05757,559.0,2.0,246.0,0.0,10.07,18.03,0.0,0.0
2024-01-13,P0005,S004,WH_4,SKU_13,116.06542,669.0,10.0,251.0,0.0,14.29,19.75,0.0,0.0
2024-01-13,P0007,S002,WH_2,SKU_15,99.920525,690.0,8.0,386.0,0.0,11.37,14.92,0.0,0.0
2024-01-13,P0017,S002,WH_2,SKU_24,108.73448,570.0,5.0,365.0,0.0,19.69,29.64,0.0,0.0
2024-01-13,P0012,S002,WH_2,SKU_2,125.374504,654.0,8.0,377.0,0.0,16.77,22.06,0.0,0.0
2024-01-13,P0016,S004,WH_4,SKU_23,115.030846,651.0,14.0,236.0,0.0,15.4,18.69,0.0,0.0
2024-01-13,P0004,S002,WH_2,SKU_12,107.52938,447.0,6.0,370.0,0.0,19.03,23.02,0.0,0.0
2024-01-13,P0015,S002,WH_2,SKU_22,145.1498,474.0,7.0,261.0,0.0,9.82,14.68,0.0,0.0
2024-01-13,P0010,S003,WH_3,SKU_18,108.92994,584.0,9.0,213.0,0.0,15.53,20.4,0.0,0.0
2024-01-13,P0005,S003,WH_3,SKU_13,95.99583,578.0,14.0,382.0,0.0,6.01,8.52,0.0,0.0
2024-01-13,P0007,S004,WH_4,SKU_15,154.31435,414.0,5.0,224.0,0.0,13.52,23.32,0.0,0.0
2024-01-13,P0011,S004,WH_4,SKU_19,185.87627,389.0,4.0,352.0,0.0,5.41,7.4,0.0,0.0
2024-01-13,P0017,S001,WH_1,SKU_24,131.19923,316.0,2.0,288.0,0.0,6.14,10.22,0.0,0.0
2024-01-13,P0004,S001,WH_1,SKU_12,138.78062,699.0,5.0,299.0,0.0,5.36,7.17,1.0,0.0
2024-01-13,P0002,S001,WH_1,SKU_10,128.38882,561.0,13.0,361.0,0.0,12.67,18.73,0.0,0.0
2024-01-13,P0008,S005,WH_5,SKU_16,129.29176,642.0,2.0,394.0,0.0,13.23,20.46,0.0,0.0
2024-01-13,P0020,S002,WH_2,SKU_27,81.11028,637.0,4.0,223.0,0.0,16.3,21.54,0.0,0.0
2024-01-13,P0010,S001,WH_1,SKU_18,89.27357,516.0,2.0,346.0,0.0,8.62,10.49,0.0,0.0
2024-01-13,P0015,S004,WH_4,SKU_22,95.790115,366.0,11.0,374.0,0.0,19.16,23.34,0.0,0.0
2024-01-13,P0018,S002,WH_2,SKU_25,98.663185,607.0,3.0,352.0,0.0,5.07,6.95,0.0,0.0
2024-01-13,P0012,S005,WH_5,SKU_2,109.041725,600.0,14.0,267.0,0.0,15.0,26.38,0.0,0.0
2024-01-13,P0014,S003,WH_3,SKU_21,93.65002,688.0,10.0,283.0,0.0,5.75,8.47,0.0,0.0
2024-01-13,P0018,S004,WH_4,SKU_25,80.088524,329.0,9.0,273.0,0.0,12.02,19.24,0.0,0.0
2024-01-13,P0007,S005,WH_5,SKU_15,186.95192,375.0,14.0,279.0,0.0,15.48,21.47,0.0,0.0
2024-01-13,P0009,S001,WH_1,SKU_17,146.48845,660.0,10.0,268.0,0.0,14.9,26.61,1.0,0.0
2024-01-13,P0015,S001,WH_1,SKU_22,141.64114,671.0,4.0,282.0,0.0,8.88,12.51,0.0,0.0
2024-01-13,P0001,S002,WH_2,SKU_1,179.77292,591.0,8.0,322.0,0.0,11.46,19.92,0.0,0.0
2024-01-13,P0011,S002,WH_2,SKU_19,169.45172,384.0,8.0,316.0,0.0,12.67,18.56,0.0,0.0
2024-01-13,P0003,S001,WH_1,SKU_11,122.93584,700.0,4.0,286.0,0.0,19.54,34.79,0.0,0.0
2024-01-13,P0015,S003,WH_3,SKU_22,205.07555,410.0,4.0,211.0,0.0,18.38,32.58,0.0,0.0
2024-01-13,P0020,S005,WH_5,SKU_27,107.089554,607.0,2.0,353.0,0.0,17.89,25.71,0.0,0.0
2024-01-13,P0006,S002,WH_2,SKU_14,96.20481,582.0,14.0,268.0,0.0,18.83,23.34,0.0,0.0
2024-01-13,P0006,S004,WH_4,SKU_14,96.779526,628.0,10.0,343.0,0.0,5.76,8.49,0.0,0.0
2024-01-13,P0001,S005,WH_5,SKU_1,166.45264,391.0,4.0,366.0,0.0,19.41,23.81,0.0,0.0
2024-01-13,P0011,S003,WH_3,SKU_19,113.753815,555.0,4.0,295.0,0.0,14.17,23.01,0.0,0.0
2024-01-13,P0013,S001,WH_1,SKU_20,121.17669,572.0,9.0,295.0,302.0,9.55,16.05,1.0,0.0
2024-01-13,P0018,S003,WH_3,SKU_25,65.3485,573.0,7.0,232.0,0.0,6.51,8.04,0.0,0.0
2024-01-13,P0003,S005,WH_5,SKU_11,101.662025,724.0,3.0,349.0,0.0,18.92,31.99,0.0,0.0
2024-01-13,P0002,S005,WH_5,SKU_10,85.66699,273.0,9.0,246.0,0.0,9.67,15.35,0.0,0.0
2024-01-13,P0008,S002,WH_2,SKU_16,101.034096,491.0,11.0,327.0,0.0,19.0,26.16,0.0,0.0
2024-01-13,P0009,S003,WH_3,SKU_17,101.08441,418.0,3.0,339.0,0.0,16.8,28.54,1.0,0.0
2024-01-13,P0020,S001,WH_1,SKU_27,59.208626,451.0,2.0,389.0,0.0,5.89,7.48,0.0,0.0
2024-01-13,P0014,S002,WH_2,SKU_21,119.569305,373.0,7.0,349.0,0.0,8.18,12.0,0.0,0.0
2024-01-13,P0006,S003,WH_3,SKU_14,94.59346,411.0,3.0,283.0,0.0,5.88,9.37,0.0,0.0
2024-01-13,P0016,S002,WH_2,SKU_23,157.38739,468.0,12.0,312.0,0.0,6.68,11.81,0.0,0.0
2024-01-13,P0016,S001,WH_1,SKU_23,156.41548,381.0,8.0,239.0,0.0,9.05,14.03,0.0,0.0
2024-01-13,P0017,S004,WH_4,SKU_24,139.04724,283.0,13.0,301.0,0.0,7.11,12.19,0.0,0.0
2024-01-13,P0002,S003,WH_3,SKU_10,106.679924,541.0,5.0,218.0,0.0,13.68,17.87,0.0,0.0
2024-01-13,P0018,S001,WH_1,SKU_25,103.37338,357.0,5.0,314.0,0.0,14.23,20.28,0.0,0.0
2024-01-13,P0005,S005,WH_5,SKU_13,106.4454,574.0,7.0,305.0,0.0,15.13,23.34,0.0,0.0
2024-01-13,P0014,S004,WH_4,SKU_21,106.17827,801.0,8.0,379.0,435.0,12.65,20.04,0.0,0.0
2024-01-13,P0010,S002,WH_2,SKU_18,127.419075,646.0,10.0,270.0,0.0,17.51,24.82,0.0,0.0
2024-01-13,P0003,S003,WH_3,SKU_11,91.31264,551.0,13.0,342.0,0.0,13.85,18.39,0.0,0.0
2024-01-13,P0005,S001,WH_1,SKU_13,126.573746,605.0,9.0,246.0,0.0,19.52,24.09,1.0,0.0
2024-01-13,P0019,S004,WH_4,SKU_26,135.60968,392.0,14.0,331.0,0.0,8.71,13.65,0.0,0.0
2024-01-13,P0007,S001,WH_1,SKU_15,134.31169,544.0,13.0,327.0,0.0,16.7,28.78,0.0,0.0
2024-01-13,P0004,S003,WH_3,SKU_12,125.37738,502.0,6.0,234.0,0.0,10.01,13.38,0.0,0.0
2024-01-13,P0001,S004,WH_4,SKU_1,126.68587,503.0,9.0,333.0,0.0,6.93,10.7,1.0,0.0
2024-01-13,P0008,S004,WH_4,SKU_16,72.47915,502.0,4.0,367.0,0.0,6.61,9.52,0.0,0.0
2024-01-13,P0008,S001,WH_1,SKU_16,100.58592,617.0,14.0,328.0,0.0,11.96,17.38,0.0,0.0
2024-01-13,P0017,S003,WH_3,SKU_24,105.59261,599.0,10.0,209.0,0.0,10.59,15.15,0.0,0.0
2024-01-13,P0018,S005,WH_5,SKU_25,107.65116,291.0,7.0,311.0,0.0,8.45,14.29,0.0,0.0
2024-01-13,P0001,S003,WH_3,SKU_1,137.3545,612.0,6.0,314.0,0.0,6.06,8.41,0.0,0.0
2024-01-13,P0014,S005,WH_5,SKU_21,49.12374,480.0,8.0,309.0,0.0,13.11,23.25,0.0,0.0
2024-01-13,P0002,S002,WH_2,SKU_10,103.407166,477.0,10.0,310.0,0.0,13.83,22.36,0.0,0.0
2024-01-13,P0013,S002,WH_2,SKU_20,117.52328,437.0,9.0,336.0,0.0,12.31,20.86,0.0,0.0
2024-01-13,P0019,S002,WH_2,SKU_26,150.48398,603.0,5.0,273.0,0.0,8.5,11.16,1.0,0.0
2024-01-13,P0016,S005,WH_5,SKU_23,141.55879,515.0,3.0,383.0,0.0,19.43,28.74,0.0,0.0
2024-01-13,P0020,S003,WH_3,SKU_27,101.22151,476.0,3.0,296.0,0.0,9.18,15.91,0.0,0.0
2024-01-13,P0019,S005,WH_5,SKU_26,117.45912,546.0,4.0,393.0,0.0,17.15,27.81,0.0,0.0
2024-01-13,P0004,S004,WH_4,SKU_12,128.43977,588.0,12.0,227.0,0.0,14.2,19.73,0.0,0.0
2024-01-13,P0013,S003,WH_3,SKU_20,118.57652,593.0,3.0,319.0,0.0,14.9,25.16,1.0,0.0
2024-01-13,P0020,S004,WH_4,SKU_27,68.9723,710.0,14.0,289.0,0.0,13.84,20.65,0.0,0.0
2024-01-13,P0013,S004,WH_4,SKU_20,94.137794,641.0,2.0,327.0,0.0,16.89,23.51,0.0,0.0
2024-01-13,P0004,S005,WH_5,SKU_12,126.12568,474.0,6.0,349.0,0.0,10.21,15.8,0.0,0.0
2024-01-13,P0009,S005,WH_5,SKU_17,167.00902,327.0,8.0,321.0,0.0,7.73,13.36,0.0,0.0
2024-01-13,P0016,S003,WH_3,SKU_23,125.1326,502.0,5.0,293.0,0.0,18.08,23.36,0.0,0.0
2024-01-13,P0019,S003,WH_3,SKU_26,131.47853,611.0,14.0,222.0,0.0,7.66,9.43,0.0,0.0
2024-01-13,P0003,S004,WH_4,SKU_11,72.94431,726.0,2.0,382.0,0.0,6.2,7.82,0.0,0.0
2024-01-13,P0012,S001,WH_1,SKU_2,142.93143,706.0,13.0,228.0,0.0,19.76,35.1,0.0,0.0
2024-01-13,P0011,S001,WH_1,SKU_19,145.11632,715.0,8.0,287.0,463.0,12.4,18.41,0.0,0.0
2024-01-13,P0011,S005,WH_5,SKU_19,150.3737,386.0,7.0,281.0,0.0,15.87,25.1,0.0,0.0
2024-01-13,P0002,S004,WH_4,SKU_10,99.14409,539.0,14.0,328.0,0.0,19.02,24.9,0.0,0.0
2024-01-13,P0001,S001,WH_1,SKU_1,125.86088,778.0,14.0,379.0,0.0,13.95,20.48,0.0,0.0
2024-01-13,P0007,S003,WH_3,SKU_15,134.29117,524.0,7.0,265.0,0.0,6.24,9.99,1.0,0.0
2024-01-13,P0006,S001,WH_1,SKU_14,105.32918,581.0,11.0,265.0,339.0,8.21,11.1,0.0,0.0
2024-01-13,P0015,S005,WH_5,SKU_22,144.80487,562.0,4.0,326.0,0.0,16.45,25.06,0.0,0.0
2024-01-13,P0009,S002,WH_2,SKU_17,122.03462,665.0,13.0,372.0,0.0,16.68,21.24,0.0,0.0
2024-01-13,P0010,S005,WH_5,SKU_18,108.664925,635.0,13.0,394.0,0.0,13.35,21.48,0.0,0.0
2024-01-13,P0009,S004,WH_4,SKU_17,118.91767,531.0,5.0,341.0,0.0,8.62,10.66,0.0,0.0
2024-01-13,P0008,S003,WH_3,SKU_16,161.06583,766.0,6.0,336.0,457.0,12.08,18.52,0.0,0.0
2024-01-13,P0006,S005,WH_5,SKU_14,105.19049,742.0,6.0,259.0,0.0,11.19,14.98,0.0,0.0
2024-01-13,P0019,S001,WH_1,SKU_26,108.73631,571.0,2.0,335.0,0.0,18.22,23.67,0.0,0.0
2024-01-13,P0012,S003,WH_3,SKU_2,81.459724,666.0,10.0,319.0,0.0,5.02,7.82,0.0,0.0
2024-01-13,P0003,S002,WH_2,SKU_11,94.91669,713.0,4.0,230.0,0.0,17.93,29.29,0.0,0.0
2024-01-13,P0012,S004,WH_4,SKU_2,168.88527,573.0,6.0,290.0,306.0,7.06,10.96,0.0,0.0
2024-01-13,P0014,S001,WH_1,SKU_21,105.11271,450.0,11.0,245.0,0.0,19.68,23.66,0.0,0.0
2024-01-14,P0012,S002,WH_2,SKU_2,83.61663,633.0,8.0,377.0,0.0,16.77,22.06,0.0,0.0
2024-01-14,P0018,S001,WH_1,SKU_25,87.81555,330.0,5.0,314.0,0.0,14.23,20.28,0.0,0.0
2024-01-14,P0007,S003,WH_3,SKU_15,107.60382,491.0,7.0,265.0,0.0,6.24,9.99,0.0,0.0
2024-01-14,P0005,S002,WH_2,SKU_13,97.28028,418.0,11.0,350.0,0.0,17.04,21.69,0.0,0.0
2024-01-14,P0005,S005,WH_5,SKU_13,112.90763,560.0,7.0,305.0,0.0,15.13,23.34,1.0,0.0
2024-01-14,P0001,S005,WH_5,SKU_1,101.42074,366.0,4.0,366.0,0.0,19.41,23.81,0.0,0.0
2024-01-14,P0020,S002,WH_2,SKU_27,96.06428,614.0,4.0,223.0,0.0,16.3,21.54,0.0,0.0
2024-01-14,P0010,S002,WH_2,SKU_18,146.91562,626.0,10.0,270.0,0.0,17.51,24.82,0.0,0.0
2024-01-14,P0004,S005,WH_5,SKU_12,95.935486,461.0,6.0,349.0,0.0,10.21,15.8,0.0,0.0
2024-01-14,P0007,S005,WH_5,SKU_15,129.54553,347.0,14.0,279.0,0.0,15.48,21.47,0.0,0.0
2024-01-14,P0017,S002,WH_2,SKU_24,87.45076,554.0,5.0,365.0,0.0,19.69,29.64,0.0,0.0
2024-01-14,P0004,S002,WH_2,SKU_12,136.551,422.0,6.0,370.0,0.0,19.03,23.02,0.0,0.0
2024-01-14,P0020,S004,WH_4,SKU_27,83.31451,676.0,14.0,289.0,0.0,13.84,20.65,0.0,0.0
2024-01-14,P0013,S003,WH_3,SKU_20,121.04197,575.0,3.0,319.0,0.0,14.9,25.16,1.0,0.0
2024-01-14,P0017,S001,WH_1,SKU_24,74.08022,297.0,2.0,288.0,0.0,6.14,10.22,0.0,0.0
2024-01-14,P0005,S003,WH_3,SKU_13,100.941124,557.0,14.0,382.0,0.0,6.01,8.52,0.0,0.0
2024-01-14,P0004,S003,WH_3,SKU_12,169.5833,480.0,6.0,234.0,0.0,10.01,13.38,0.0,0.0
2024-01-14,P0003,S005,WH_5,SKU_11,87.19255,709.0,3.0,349.0,0.0,18.92,31.99,0.0,0.0
2024-01-14,P0001,S002,WH_2,SKU_1,112.54714,568.0,8.0,322.0,0.0,11.46,19.92,0.0,0.0
2024-01-14,P0003,S003,WH_3,SKU_11,85.38847,527.0,13.0,342.0,0.0,13.85,18.39,0.0,0.0
2024-01-14,P0019,S002,WH_2,SKU_26,116.7917,592.0,5.0,273.0,0.0,8.5,11.16,0.0,0.0
2024-01-14,P0011,S004,WH_4,SKU_19,117.84726,372.0,4.0,352.0,0.0,5.41,7.4,0.0,0.0
2024-01-14,P0009,S005,WH_5,SKU_17,122.685486,313.0,8.0,321.0,0.0,7.73,13.36,0.0,0.0
2024-01-14,P0015,S005,WH_5,SKU_22,95.63437,533.0,4.0,326.0,0.0,16.45,25.06,0.0,0.0
2024-01-14,P0016,S003,WH_3,SKU_23,131.69565,481.0,5.0,293.0,0.0,18.08,23.36,0.0,0.0
2024-01-14,P0012,S001,WH_1,SKU_2,105.80174,683.0,13.0,228.0,0.0,19.76,35.1,0.0,0.0
2024-01-14,P0004,S004,WH_4,SKU_12,145.59167,562.0,12.0,227.0,0.0,14.2,19.73,0.0,0.0
2024-01-14,P0016,S001,WH_1,SKU_23,143.51395,357.0,8.0,239.0,0.0,9.05,14.03,1.0,0.0
2024-01-14,P0011,S002,WH_2,SKU_19,92.51353,365.0,8.0,316.0,0.0,12.67,18.56,0.0,0.0
2024-01-14,P0009,S004,WH_4,SKU_17,98.3587,510.0,5.0,341.0,0.0,8.62,10.66,0.0,0.0
2024-01-14,P0001,S004,WH_4,SKU_1,59.02208,490.0,9.0,333.0,0.0,6.93,10.7,0.0,0.0
2024-01-14,P0002,S004,WH_4,SKU_10,158.44553,513.0,14.0,328.0,0.0,19.02,24.9,0.0,0.0
2024-01-14,P0017,S003,WH_3,SKU_24,66.486176,589.0,10.0,209.0,0.0,10.59,15.15,0.0,0.0
2024-01-14,P0010,S004,WH_4,SKU_18,60.442677,280.0,6.0,250.0,0.0,5.35,9.51,1.0,0.0
2024-01-14,P0019,S005,WH_5,SKU_26,78.54012,520.0,4.0,393.0,0.0,17.15,27.81,0.0,0.0
2024-01-14,P0014,S001,WH_1,SKU_21,107.323166,440.0,11.0,245.0,0.0,19.68,23.66,0.0,0.0
2024-01-14,P0002,S005,WH_5,SKU_10,82.546814,242.0,9.0,246.0,0.0,9.67,15.35,0.0,0.0
2024-01-14,P0015,S003,WH_3,SKU_22,119.716675,389.0,4.0,211.0,0.0,18.38,32.58,0.0,0.0
2024-01-14,P0005,S001,WH_1,SKU_13,101.53113,587.0,9.0,246.0,0.0,19.52,24.09,0.0,0.0
2024-01-14,P0014,S003,WH_3,SKU_21,146.5018,683.0,10.0,283.0,0.0,5.75,8.47,0.0,0.0
2024-01-14,P0006,S003,WH_3,SKU_14,77.20863,392.0,3.0,283.0,0.0,5.88,9.37,0.0,0.0
2024-01-14,P0012,S004,WH_4,SKU_2,123.47879,552.0,6.0,290.0,0.0,7.06,10.96,0.0,0.0
2024-01-14,P0003,S002,WH_2,SKU_11,97.88798,690.0,4.0,230.0,0.0,17.93,29.29,0.0,0.0
2024-01-14,P0006,S001,WH_1,SKU_14,79.033424,557.0,11.0,265.0,0.0,8.21,11.1,0.0,0.0
2024-01-14,P0020,S005,WH_5,SKU_27,111.40873,587.0,2.0,353.0,0.0,17.89,25.71,0.0,0.0
2024-01-14,P0003,S004,WH_4,SKU_11,72.24746,702.0,2.0,382.0,0.0,6.2,7.82,0.0,0.0
2024-01-14,P0015,S001,WH_1,SKU_22,97.304085,646.0,4.0,282.0,0.0,8.88,12.51,0.0,0.0
2024-01-14,P0006,S005,WH_5,SKU_14,82.81705,723.0,6.0,259.0,0.0,11.19,14.98,0.0,0.0
2024-01-14,P0019,S003,WH_3,SKU_26,93.68509,582.0,14.0,222.0,0.0,7.66,9.43,0.0,0.0
2024-01-14,P0013,S005,WH_5,SKU_20,106.70581,531.0,2.0,246.0,0.0,10.07,18.03,0.0,0.0
2024-01-14,P0009,S002,WH_2,SKU_17,107.7283,638.0,13.0,372.0,0.0,16.68,21.24,0.0,0.0
2024-01-14,P0008,S003,WH_3,SKU_16,115.203865,753.0,6.0,336.0,0.0,12.08,18.52,0.0,0.0
2024-01-14,P0019,S001,WH_1,SKU_26,55.70707,542.0,2.0,335.0,0.0,18.22,23.67,0.0,0.0
2024-01-14,P0001,S001,WH_1,SKU_1,83.21557,752.0,14.0,379.0,0.0,13.95,20.48,0.0,0.0
2024-01-14,P0003,S001,WH_1,SKU_11,82.60861,679.0,4.0,286.0,0.0,19.54,34.79,0.0,0.0
2024-01-14,P0010,S003,WH_3,SKU_18,108.89083,551.0,9.0,213.0,0.0,15.53,20.4,0.0,0.0
2024-01-14,P0004,S001,WH_1,SKU_12,142.16814,672.0,5.0,299.0,0.0,5.36,7.17,1.0,0.0
2024-01-14,P0013,S004,WH_4,SKU_20,97.832405,628.0,2.0,327.0,0.0,16.89,23.51,1.0,0.0
2024-01-14,P0011,S003,WH_3,SKU_19,118.25783,540.0,4.0,295.0,0.0,14.17,23.01,0.0,0.0
2024-01-14,P0008,S002,WH_2,SKU_16,117.72717,466.0,11.0,327.0,0.0,19.0,26.16,0.0,0.0
2024-01-14,P0011,S001,WH_1,SKU_19,80.85006,696.0,8.0,287.0,0.0,12.4,18.41,0.0,0.0
2024-01-14,P0001,S003,WH_3,SKU_1,107.52009,586.0,6.0,314.0,0.0,6.06,8.41,0.0,0.0
2024-01-14,P0016,S002,WH_2,SKU_23,152.56073,440.0,12.0,312.0,0.0,6.68,11.81,0.0,0.0
2024-01-14,P0008,S004,WH_4,SKU_16,84.682816,471.0,4.0,367.0,0.0,6.61,9.52,0.0,0.0
2024-01-14,P0017,S004,WH_4,SKU_24,99.65172,687.0,13.0,301.0,421.0,7.11,12.19,0.0,0.0
2024-01-14,P0013,S002,WH_2,SKU_20,118.041245,415.0,9.0,336.0,0.0,12.31,20.86,0.0,0.0
2024-01-14,P0002,S001,WH_1,SKU_10,110.17472,541.0,13.0,361.0,0.0,12.67,18.73,0.0,0.0
2024-01-14,P0016,S004,WH_4,SKU_23,71.77109,628.0,14.0,236.0,0.0,15.4,18.69,0.0,0.0
2024-01-14,P0007,S001,WH_1,SKU_15,109.08211,515.0,13.0,327.0,0.0,16.7,28.78,1.0,0.0
2024-01-14,P0006,S002,WH_2,SKU_14,114.0807,561.0,14.0,268.0,0.0,18.83,23.34,0.0,0.0
2024-01-14,P0010,S001,WH_1,SKU_18,57.29922,493.0,2.0,346.0,0.0,8.62,10.49,0.0,0.0
2024-01-14,P0006,S004,WH_4,SKU_14,96.002464,608.0,10.0,343.0,0.0,5.76,8.49,0.0,0.0
2024-01-14,P0016,S005,WH_5,SKU_23,106.65841,495.0,3.0,383.0,0.0,19.43,28.74,0.0,0.0
2024-01-14,P0020,S001,WH_1,SKU_27,75.78531,445.0,2.0,389.0,0.0,5.89,7.48,0.0,0.0
2024-01-14,P0010,S005,WH_5,SKU_18,99.28064,616.0,13.0,394.0,0.0,13.35,21.48,0.0,0.0
2024-01-14,P0002,S003,WH_3,SKU_10,128.4575,519.0,5.0,218.0,0.0,13.68,17.87,0.0,0.0
2024-01-14,P0014,S002,WH_2,SKU_21,83.73379,365.0,7.0,349.0,0.0,8.18,12.0,0.0,0.0
2024-01-14,P0012,S005,WH_5,SKU_2,60.24067,579.0,14.0,267.0,0.0,15.0,26.38,0.0,0.0
2024-01-14,P0020,S003,WH_3,SKU_27,141.45134,446.0,3.0,296.0,0.0,9.18,15.91,0.0,0.0
2024-01-14,P0008,S005,WH_5,SKU_16,101.90139,616.0,2.0,394.0,0.0,13.23,20.46,1.0,0.0
2024-01-14,P0019,S004,WH_4,SKU_26,46.21529,366.0,14.0,331.0,0.0,8.71,13.65,1.0,0.0
2024-01-14,P0014,S005,WH_5,SKU_21,65.69075,459.0,8.0,309.0,0.0,13.11,23.25,0.0,0.0
2024-01-14,P0005,S004,WH_4,SKU_13,91.83525,638.0,10.0,251.0,0.0,14.29,19.75,0.0,0.0
2024-01-14,P0009,S003,WH_3,SKU_17,91.264435,401.0,3.0,339.0,0.0,16.8,28.54,0.0,0.0
2024-01-14,P0007,S002,WH_2,SKU_15,100.58671,665.0,8.0,386.0,0.0,11.37,14.92,0.0,0.0
2024-01-14,P0002,S002,WH_2,SKU_10,114.25875,455.0,10.0,310.0,0.0,13.83,22.36,0.0,0.0
2024-01-14,P0007,S004,WH_4,SKU_15,126.075966,393.0,5.0,224.0,0.0,13.52,23.32,0.0,0.0
2024-01-14,P0015,S002,WH_2,SKU_22,114.52116,455.0,7.0,261.0,0.0,9.82,14.68,0.0,0.0
2024-01-14,P0011,S005,WH_5,SKU_19,69.466644,369.0,7.0,281.0,0.0,15.87,25.1,0.0,0.0
2024-01-14,P0017,S005,WH_5,SKU_24,96.841354,516.0,7.0,313.0,0.0,7.27,12.17,0.0,0.0
2024-01-14,P0009,S001,WH_1,SKU_17,104.64371,627.0,10.0,268.0,0.0,14.9,26.61,0.0,0.0
2024-01-14,P0012,S003,WH_3,SKU_2,61.754555,648.0,10.0,319.0,0.0,5.02,7.82,0.0,0.0
2024-01-14,P0014,S004,WH_4,SKU_21,102.889084,765.0,8.0,379.0,0.0,12.65,20.04,0.0,0.0
2024-01-14,P0013,S001,WH_1,SKU_20,82.288475,556.0,9.0,295.0,0.0,9.55,16.05,0.0,0.0
2024-01-14,P0018,S003,WH_3,SKU_25,70.72837,558.0,7.0,232.0,0.0,6.51,8.04,0.0,0.0
2024-01-14,P0008,S001,WH_1,SKU_16,86.43584,596.0,14.0,328.0,0.0,11.96,17.38,0.0,0.0
2024-01-14,P0018,S004,WH_4,SKU_25,69.70052,306.0,9.0,273.0,0.0,12.02,19.24,0.0,0.0
2024-01-14,P0018,S005,WH_5,SKU_25,75.65591,767.0,7.0,311.0,496.0,8.45,14.29,0.0,0.0
2024-01-14,P0018,S002,WH_2,SKU_25,102.72836,579.0,3.0,352.0,0.0,5.07,6.95,0.0,0.0
2024-01-14,P0015,S004,WH_4,SKU_22,107.88186,692.0,11.0,374.0,352.0,19.16,23.34,0.0,0.0
2024-01-15,P0007,S002,WH_2,SKU_15,103.30025,636.0,8.0,386.0,0.0,11.37,14.92,0.0,0.0
2024-01-15,P0007,S004,WH_4,SKU_15,126.89041,378.0,5.0,224.0,0.0,13.52,23.32,0.0,0.0
2024-01-15,P0011,S004,WH_4,SKU_19,156.56584,353.0,4.0,352.0,0.0,5.41,7.4,0.0,0.0
2024-01-15,P0004,S002,WH_2,SKU_12,112.39253,397.0,6.0,370.0,0.0,19.03,23.02,0.0,0.0
2024-01-15,P0004,S005,WH_5,SKU_12,148.59023,443.0,6.0,349.0,0.0,10.21,15.8,0.0,0.0
2024-01-15,P0005,S002,WH_2,SKU_13,87.30187,396.0,11.0,350.0,0.0,17.04,21.69,0.0,0.0
2024-01-15,P0019,S004,WH_4,SKU_26,101.66602,321.0,14.0,331.0,0.0,8.71,13.65,1.0,0.0
2024-01-15,P0019,S001,WH_1,SKU_26,47.070698,519.0,2.0,335.0,0.0,18.22,23.67,0.0,0.0
2024-01-15,P0003,S003,WH_3,SKU_11,98.960434,499.0,13.0,342.0,0.0,13.85,18.39,0.0,0.0
2024-01-15,P0002,S003,WH_3,SKU_10,153.07555,496.0,5.0,218.0,0.0,13.68,17.87,0.0,0.0
2024-01-15,P0003,S004,WH_4,SKU_11,65.8633,685.0,2.0,382.0,0.0,6.2,7.82,0.0,0.0
2024-01-15,P0005,S004,WH_4,SKU_13,98.8012,608.0,10.0,251.0,0.0,14.29,19.75,0.0,0.0
2024-01-15,P0020,S002,WH_2,SKU_27,65.289925,586.0,4.0,223.0,0.0,16.3,21.54,0.0,0.0
2024-01-15,P0012,S002,WH_2,SKU_2,93.318695,619.0,8.0,377.0,0.0,16.77,22.06,0.0,0.0
2024-01-15,P0017,S002,WH_2,SKU_24,87.94775,526.0,5.0,365.0,0.0,19.69,29.64,0.0,0.0
2024-01-15,P0008,S005,WH_5,SKU_16,118.93236,597.0,2.0,394.0,0.0,13.23,20.46,1.0,0.0
2024-01-15,P0012,S005,WH_5,SKU_2,102.90986,540.0,14.0,267.0,0.0,15.0,26.38,1.0,0.0
2024-01-15,P0004,S003,WH_3,SKU_12,134.0199,459.0,6.0,234.0,0.0,10.01,13.38,0.0,0.0
2024-01-15,P0009,S005,WH_5,SKU_17,108.075584,628.0,8.0,321.0,342.0,7.73,13.36,1.0,0.0
2024-01-15,P0016,S003,WH_3,SKU_23,123.97121,458.0,5.0,293.0,0.0,18.08,23.36,0.0,0.0
2024-01-15,P0019,S003,WH_3,SKU_26,120.66036,560.0,14.0,222.0,0.0,7.66,9.43,0.0,0.0
2024-01-15,P0020,S004,WH_4,SKU_27,68.64645,654.0,14.0,289.0,0.0,13.84,20.65,0.0,0.0
2024-01-15,P0011,S005,WH_5,SKU_19,146.72046,349.0,7.0,281.0,0.0,15.87,25.1,0.0,0.0
2024-01-15,P0008,S004,WH_4,SKU_16,65.54331,441.0,4.0,367.0,0.0,6.61,9.52,0.0,0.0
2024-01-15,P0004,S004,WH_4,SKU_12,143.92421,533.0,12.0,227.0,0.0,14.2,19.73,0.0,0.0
2024-01-15,P0017,S003,WH_3,SKU_24,70.241516,561.0,10.0,209.0,0.0,10.59,15.15,0.0,0.0
2024-01-15,P0012,S001,WH_1,SKU_2,83.56569,653.0,13.0,228.0,0.0,19.76,35.1,0.0,0.0
2024-01-15,P0013,S003,WH_3,SKU_20,117.58941,556.0,3.0,319.0,0.0,14.9,25.16,0.0,0.0
2024-01-15,P0010,S002,WH_2,SKU_18,138.80522,603.0,10.0,270.0,0.0,17.51,24.82,1.0,0.0
2024-01-15,P0003,S002,WH_2,SKU_11,94.1044,674.0,4.0,230.0,0.0,17.93,29.29,1.0,0.0
2024-01-15,P0009,S004,WH_4,SKU_17,99.287964,481.0,5.0,341.0,0.0,8.62,10.66,0.0,0.0
2024-01-15,P0003,S005,WH_5,SKU_11,90.472916,683.0,3.0,349.0,0.0,18.92,31.99,0.0,0.0
2024-01-15,P0020,S005,WH_5,SKU_27,87.690765,567.0,2.0,353.0,0.0,17.89,25.71,0.0,0.0
2024-01-15,P0005,S005,WH_5,SKU_13,105.79725,543.0,7.0,305.0,0.0,15.13,23.34,0.0,0.0
2024-01-15,P0012,S004,WH_4,SKU_2,102.59586,533.0,6.0,290.0,0.0,7.06,10.96,0.0,0.0
2024-01-15,P0009,S002,WH_2,SKU_17,91.77135,611.0,13.0,372.0,0.0,16.68,21.24,0.0,0.0
2024-01-15,P0014,S001,WH_1,SKU_21,110.21056,410.0,11.0,245.0,0.0,19.68,23.66,0.0,0.0
2024-01-15,P0018,S001,WH_1,SKU_25,96.0603,308.0,5.0,314.0,0.0,14.23,20.28,0.0,0.0
2024-01-15,P0008,S003,WH_3,SKU_16,132.69162,737.0,6.0,336.0,0.0,12.08,18.52,0.0,0.0
2024-01-15,P0014,S005,WH_5,SKU_21,101.7869,448.0,8.0,309.0,0.0,13.11,23.25,0.0,0.0
2024-01-15,P0016,S005,WH_5,SKU_23,120.90189,472.0,3.0,383.0,0.0,19.43,28.74,0.0,0.0
2024-01-15,P0002,S002,WH_2,SKU_10,121.75969,431.0,10.0,310.0,0.0,13.83,22.36,0.0,0.0
2024-01-15,P0020,S003,WH_3,SKU_27,119.17318,426.0,3.0,296.0,0.0,9.18,15.91,0.0,0.0
2024-01-15,P0013,S002,WH_2,SKU_20,116.74457,388.0,9.0,336.0,0.0,12.31,20.86,0.0,0.0
2024-01-15,P0007,S001,WH_1,SKU_15,103.49427,486.0,13.0,327.0,0.0,16.7,28.78,0.0,0.0
2024-01-15,P0012,S003,WH_3,SKU_2,85.41542,623.0,10.0,319.0,0.0,5.02,7.82,0.0,0.0
2024-01-15,P0013,S004,WH_4,SKU_20,81.025085,610.0,2.0,327.0,0.0,16.89,23.51,0.0,0.0
2024-01-15,P0010,S005,WH_5,SKU_18,104.95594,591.0,13.0,394.0,0.0,13.35,21.48,0.0,0.0
2024-01-15,P0019,S002,WH_2,SKU_26,102.756645,566.0,5.0,273.0,0.0,8.5,11.16,1.0,0.0
2024-01-15,P0006,S005,WH_5,SKU_14,109.43396,703.0,6.0,259.0,0.0,11.19,14.98,0.0,0.0
2024-01-15,P0015,S002,WH_2,SKU_22,121.25205,435.0,7.0,261.0,0.0,9.82,14.68,0.0,0.0
2024-01-15,P0002,S001,WH_1,SKU_10,130.09645,530.0,13.0,361.0,0.0,12.67,18.73,0.0,0.0
2024-01-15,P0014,S002,WH_2,SKU_21,80.382,345.0,7.0,349.0,0.0,8.18,12.0,0.0,0.0
2024-01-15,P0013,S001,WH_1,SKU_20,93.38633,531.0,9.0,295.0,0.0,9.55,16.05,0.0,0.0
2024-01-15,P0018,S003,WH_3,SKU_25,89.284836,534.0,7.0,232.0,0.0,6.51,8.04,0.0,0.0
2024-01-15,P0001,S002,WH_2,SKU_1,118.868996,548.0,8.0,322.0,0.0,11.46,19.92,0.0,0.0
2024-01-15,P0008,S001,WH_1,SKU_16,95.44511,572.0,14.0,328.0,0.0,11.96,17.38,0.0,0.0
2024-01-15,P0001,S001,WH_1,SKU_1,98.44203,733.0,14.0,379.0,0.0,13.95,20.48,1.0,0.0
2024-01-15,P0019,S005,WH_5,SKU_26,45.759342,493.0,4.0,393.0,0.0,17.15,27.81,1.0,0.0
2024-01-15,P0006,S003,WH_3,SKU_14,92.27625,373.0,3.0,283.0,0.0,5.88,9.37,0.0,0.0
2024-01-15,P0001,S005,WH_5,SKU_1,108.7975,564.0,4.0,366.0,215.0,19.41,23.81,0.0,0.0
2024-01-15,P0003,S001,WH_1,SKU_11,96.91378,661.0,4.0,286.0,0.0,19.54,34.79,0.0,0.0
2024-01-15,P0018,S002,WH_2,SKU_25,93.716484,556.0,3.0,352.0,0.0,5.07,6.95,0.0,0.0
2024-01-15,P0015,S005,WH_5,SKU_22,104.32727,515.0,4.0,326.0,0.0,16.45,25.06,0.0,0.0
2024-01-15,P0018,S004,WH_4,SKU_25,67.21498,275.0,9.0,273.0,0.0,12.02,19.24,0.0,0.0
2024-01-15,P0015,S001,WH_1,SKU_22,108.00442,620.0,4.0,282.0,0.0,8.88,12.51,1.0,0.0
2024-01-15,P0006,S002,WH_2,SKU_14,111.142006,535.0,14.0,268.0,0.0,18.83,23.34,0.0,0.0
2024-01-15,P0009,S001,WH_1,SKU_17,105.76647,605.0,10.0,268.0,0.0,14.9,26.61,0.0,0.0
2024-01-15,P0017,S005,WH_5,SKU_24,98.51197,498.0,7.0,313.0,0.0,7.27,12.17,0.0,0.0
2024-01-15,P0018,S005,WH_5,SKU_25,90.80851,733.0,7.0,311.0,0.0,8.45,14.29,0.0,0.0
2024-01-15,P0014,S003,WH_3,SKU_21,143.9891,657.0,10.0,283.0,0.0,5.75,8.47,0.0,0.0
2024-01-15,P0005,S003,WH_3,SKU_13,115.53386,535.0,14.0,382.0,0.0,6.01,8.52,0.0,0.0
2024-01-15,P0010,S003,WH_3,SKU_18,121.48419,530.0,9.0,213.0,0.0,15.53,20.4,0.0,0.0
2024-01-15,P0009,S003,WH_3,SKU_17,123.335335,380.0,3.0,339.0,0.0,16.8,28.54,0.0,0.0
2024-01-15,P0014,S004,WH_4,SKU_21,59.67636,749.0,8.0,379.0,0.0,12.65,20.04,0.0,0.0
2024-01-15,P0001,S003,WH_3,SKU_1,109.18573,563.0,6.0,314.0,0.0,6.06,8.41,1.0,0.0
2024-01-15,P0001,S004,WH_4,SKU_1,145.36284,472.0,9.0,333.0,0.0,6.93,10.7,0.0,0.0
2024-01-15,P0017,S001,WH_1,SKU_24,89.43416,275.0,2.0,288.0,0.0,6.14,10.22,0.0,0.0
2024-01-15,P0004,S001,WH_1,SKU_12,103.93799,650.0,5.0,299.0,0.0,5.36,7.17,0.0,0.0
2024-01-15,P0005,S001,WH_1,SKU_13,85.87148,563.0,9.0,246.0,0.0,19.52,24.09,1.0,0.0
2024-01-15,P0006,S004,WH_4,SKU_14,98.68452,586.0,10.0,343.0,0.0,5.76,8.49,0.0,0.0
2024-01-15,P0015,S003,WH_3,SKU_22,123.258415,347.0,4.0,211.0,0.0,18.38,32.58,1.0,0.0
2024-01-15,P0011,S003,WH_3,SKU_19,126.4467,526.0,4.0,295.0,0.0,14.17,23.01,0.0,0.0
2024-01-15,P0002,S005,WH_5,SKU_10,127.19847,663.0,9.0,246.0,451.0,9.67,15.35,0.0,0.0
2024-01-15,P0011,S002,WH_2,SKU_19,201.50214,330.0,8.0,316.0,0.0,12.67,18.56,1.0,0.0
2024-01-15,P0020,S001,WH_1,SKU_27,64.24985,420.0,2.0,389.0,0.0,5.89,7.48,0.0,0.0
2024-01-15,P0002,S004,WH_4,SKU_10,161.7697,489.0,14.0,328.0,0.0,19.02,24.9,0.0,0.0
2024-01-15,P0008,S002,WH_2,SKU_16,90.42644,441.0,11.0,327.0,0.0,19.0,26.16,0.0,0.0
2024-01-15,P0016,S002,WH_2,SKU_23,134.4747,422.0,12.0,312.0,0.0,6.68,11.81,0.0,0.0
2024-01-15,P0015,S004,WH_4,SKU_22,108.95099,675.0,11.0,374.0,0.0,19.16,23.34,0.0,0.0
2024-01-15,P0016,S001,WH_1,SKU_23,150.71432,333.0,8.0,239.0,0.0,9.05,14.03,0.0,0.0
2024-01-15,P0017,S004,WH_4,SKU_24,107.20658,659.0,13.0,301.0,0.0,7.11,12.19,0.0,0.0
2024-01-15,P0013,S005,WH_5,SKU_20,107.76656,496.0,2.0,246.0,0.0,10.07,18.03,1.0,0.0
2024-01-15,P0016,S004,WH_4,SKU_23,68.53101,611.0,14.0,236.0,0.0,15.4,18.69,0.0,0.0
2024-01-15,P0010,S004,WH_4,SKU_18,124.9482,255.0,6.0,250.0,0.0,5.35,9.51,0.0,0.0
2024-01-15,P0010,S001,WH_1,SKU_18,79.076546,478.0,2.0,346.0,0.0,8.62,10.49,0.0,0.0
2024-01-15,P0006,S001,WH_1,SKU_14,84.33019,537.0,11.0,265.0,0.0,8.21,11.1,0.0,0.0
2024-01-15,P0007,S003,WH_3,SKU_15,117.3199,465.0,7.0,265.0,0.0,6.24,9.99,0.0,0.0
2024-01-15,P0011,S001,WH_1,SKU_19,93.28753,676.0,8.0,287.0,0.0,12.4,18.41,0.0,0.0
2024-01-15,P0007,S005,WH_5,SKU_15,112.459045,332.0,14.0,279.0,0.0,15.48,21.47,0.0,0.0
2024-01-16,P0008,S001,WH_1,SKU_16,107.55829,550.0,14.0,328.0,0.0,11.96,17.38,1.0,0.0
2024-01-16,P0014,S003,WH_3,SKU_21,154.2342,632.0,10.0,283.0,0.0,5.75,8.47,0.0,0.0
2024-01-16,P0015,S003,WH_3,SKU_22,109.44442,324.0,4.0,211.0,0.0,18.38,32.58,0.0,0.0
2024-01-16,P0019,S001,WH_1,SKU_26,57.713932,495.0,2.0,335.0,0.0,18.22,23.67,0.0,0.0
2024-01-16,P0018,S005,WH_5,SKU_25,97.319664,716.0,7.0,311.0,0.0,8.45,14.29,0.0,0.0
2024-01-16,P0015,S005,WH_5,SKU_22,100.27307,494.0,4.0,326.0,0.0,16.45,25.06,0.0,0.0
2024-01-16,P0006,S002,WH_2,SKU_14,91.902756,513.0,14.0,268.0,0.0,18.83,23.34,0.0,0.0
2024-01-16,P0008,S003,WH_3,SKU_16,145.54367,717.0,6.0,336.0,0.0,12.08,18.52,0.0,0.0
2024-01-16,P0017,S003,WH_3,SKU_24,72.02754,536.0,10.0,209.0,0.0,10.59,15.15,0.0,0.0
2024-01-16,P0002,S005,WH_5,SKU_10,91.3504,636.0,9.0,246.0,0.0,9.67,15.35,0.0,0.0
2024-01-16,P0011,S003,WH_3,SKU_19,92.09955,511.0,4.0,295.0,0.0,14.17,23.01,0.0,0.0
2024-01-16,P0002,S003,WH_3,SKU_10,145.11534,473.0,5.0,218.0,0.0,13.68,17.87,0.0,0.0
2024-01-16,P0009,S004,WH_4,SKU_17,157.8265,468.0,5.0,341.0,0.0,8.62,10.66,0.0,0.0
2024-01-16,P0006,S003,WH_3,SKU_14,71.92494,343.0,3.0,283.0,0.0,5.88,9.37,0.0,0.0
2024-01-16,P0018,S003,WH_3,SKU_25,61.380566,510.0,7.0,232.0,0.0,6.51,8.04,0.0,0.0
2024-01-16,P0001,S003,WH_3,SKU_1,94.325905,535.0,6.0,314.0,0.0,6.06,8.41,1.0,0.0
2024-01-16,P0004,S005,WH_5,SKU_12,159.91443,399.0,6.0,349.0,0.0,10.21,15.8,1.0,0.0
2024-01-16,P0016,S002,WH_2,SKU_23,140.06772,397.0,12.0,312.0,0.0,6.68,11.81,0.0,0.0
2024-01-16,P0018,S004,WH_4,SKU_25,65.88097,256.0,9.0,273.0,0.0,12.02,19.24,0.0,0.0
2024-01-16,P0012,S003,WH_3,SKU_2,72.301956,604.0,10.0,319.0,0.0,5.02,7.82,0.0,0.0
2024-01-16,P0018,S001,WH_1,SKU_25,98.340965,695.0,5.0,314.0,410.0,14.23,20.28,1.0,0.0
2024-01-16,P0005,S001,WH_1,SKU_13,128.441,540.0,9.0,246.0,0.0,19.52,24.09,0.0,0.0
2024-01-16,P0013,S001,WH_1,SKU_20,121.1636,508.0,9.0,295.0,0.0,9.55,16.05,0.0,0.0
2024-01-16,P0006,S004,WH_4,SKU_14,75.18774,573.0,10.0,343.0,0.0,5.76,8.49,0.0,0.0
2024-01-16,P0016,S001,WH_1,SKU_23,126.910645,309.0,8.0,239.0,0.0,9.05,14.03,0.0,0.0
2024-01-16,P0007,S003,WH_3,SKU_15,122.90007,438.0,7.0,265.0,0.0,6.24,9.99,0.0,0.0
2024-01-16,P0013,S005,WH_5,SKU_20,120.014435,477.0,2.0,246.0,0.0,10.07,18.03,0.0,0.0
2024-01-16,P0017,S004,WH_4,SKU_24,96.59655,640.0,13.0,301.0,0.0,7.11,12.19,0.0,0.0
2024-01-16,P0014,S004,WH_4,SKU_21,96.767815,727.0,8.0,379.0,0.0,12.65,20.04,0.0,0.0
2024-01-16,P0011,S001,WH_1,SKU_19,60.05725,654.0,8.0,287.0,0.0,12.4,18.41,0.0,0.0
2024-01-16,P0009,S003,WH_3,SKU_17,124.95611,366.0,3.0,339.0,0.0,16.8,28.54,0.0,0.0
2024-01-16,P0020,S001,WH_1,SKU_27,59.940453,398.0,2.0,389.0,0.0,5.89,7.48,0.0,0.0
2024-01-16,P0010,S005,WH_5,SKU_18,121.939705,570.0,13.0,394.0,0.0,13.35,21.48,0.0,0.0
2024-01-16,P0002,S004,WH_4,SKU_10,87.330605,469.0,14.0,328.0,0.0,19.02,24.9,0.0,0.0
2024-01-16,P0014,S002,WH_2,SKU_21,93.76937,707.0,7.0,349.0,385.0,8.18,12.0,0.0,0.0
2024-01-16,P0001,S004,WH_4,SKU_1,107.07355,436.0,9.0,333.0,0.0,6.93,10.7,1.0,0.0
2024-01-16,P0004,S003,WH_3,SKU_12,132.60086,431.0,6.0,234.0,0.0,10.01,13.38,1.0,0.0
2024-01-16,P0002,S001,WH_1,SKU_10,138.01476,498.0,13.0,361.0,0.0,12.67,18.73,1.0,0.0
2024-01-16,P0019,S002,WH_2,SKU_26,96.216385,548.0,5.0,273.0,0.0,8.5,11.16,0.0,0.0
2024-01-16,P0010,S002,WH_2,SKU_18,133.8137,566.0,10.0,270.0,0.0,17.51,24.82,0.0,0.0
2024-01-16,P0007,S005,WH_5,SKU_15,172.62358,309.0,14.0,279.0,0.0,15.48,21.47,0.0,0.0
2024-01-16,P0004,S004,WH_4,SKU_12,132.92546,513.0,12.0,227.0,0.0,14.2,19.73,0.0,0.0
2024-01-16,P0018,S002,WH_2,SKU_25,56.99135,532.0,3.0,352.0,0.0,5.07,6.95,0.0,0.0
2024-01-16,P0011,S002,WH_2,SKU_19,109.993256,308.0,8.0,316.0,0.0,12.67,18.56,0.0,0.0
2024-01-16,P0016,S005,WH_5,SKU_23,122.77986,451.0,3.0,383.0,0.0,19.43,28.74,0.0,0.0
2024-01-16,P0019,S005,WH_5,SKU_26,69.745445,474.0,4.0,393.0,0.0,17.15,27.81,0.0,0.0
2024-01-16,P0003,S005,WH_5,SKU_11,98.28394,663.0,3.0,349.0,0.0,18.92,31.99,0.0,0.0
2024-01-16,P0006,S005,WH_5,SKU_14,85.794,677.0,6.0,259.0,0.0,11.19,14.98,0.0,0.0
2024-01-16,P0004,S001,WH_1,SKU_12,94.2209,627.0,5.0,299.0,0.0,5.36,7.17,0.0,0.0
2024-01-16,P0017,S001,WH_1,SKU_24,81.215996,561.0,2.0,288.0,306.0,6.14,10.22,0.0,0.0
2024-01-16,P0013,S004,WH_4,SKU_20,118.32342,584.0,2.0,327.0,0.0,16.89,23.51,0.0,0.0
2024-01-16,P0017,S002,WH_2,SKU_24,81.93847,507.0,5.0,365.0,0.0,19.69,29.64,1.0,0.0
2024-01-16,P0015,S004,WH_4,SKU_22,65.12081,645.0,11.0,374.0,0.0,19.16,23.34,0.0,0.0
2024-01-16,P0009,S001,WH_1,SKU_17,185.57329,589.0,10.0,268.0,0.0,14.9,26.61,0.0,0.0
2024-01-16,P0014,S005,WH_5,SKU_21,90.564026,426.0,8.0,309.0,0.0,13.11,23.25,0.0,0.0
2024-01-16,P0005,S003,WH_3,SKU_13,135.26459,503.0,14.0,382.0,0.0,6.01,8.52,0.0,0.0
2024-01-16,P0017,S005,WH_5,SKU_24,90.461784,480.0,7.0,313.0,0.0,7.27,12.17,1.0,0.0
2024-01-16,P0001,S001,WH_1,SKU_1,75.78099,714.0,14.0,379.0,0.0,13.95,20.48,0.0,0.0
2024-01-16,P0009,S002,WH_2,SKU_17,120.61199,600.0,13.0,372.0,0.0,16.68,21.24,0.0,0.0
2024-01-16,P0003,S001,WH_1,SKU_11,118.46706,638.0,4.0,286.0,0.0,19.54,34.79,0.0,0.0
2024-01-16,P0016,S004,WH_4,SKU_23,80.25434,595.0,14.0,236.0,0.0,15.4,18.69,0.0,0.0
2024-01-16,P0001,S005,WH_5,SKU_1,104.73373,537.0,4.0,366.0,0.0,19.41,23.81,0.0,0.0
2024-01-16,P0005,S004,WH_4,SKU_13,113.605156,588.0,10.0,251.0,0.0,14.29,19.75,0.0,0.0
2024-01-16,P0010,S004,WH_4,SKU_18,110.613815,237.0,6.0,250.0,0.0,5.35,9.51,0.0,0.0
2024-01-16,P0008,S004,WH_4,SKU_16,111.351105,421.0,4.0,367.0,0.0,6.61,9.52,0.0,0.0
2024-01-16,P0015,S001,WH_1,SKU_22,91.821266,592.0,4.0,282.0,0.0,8.88,12.51,0.0,0.0
2024-01-16,P0008,S002,WH_2,SKU_16,125.857056,423.0,11.0,327.0,0.0,19.0,26.16,0.0,0.0
2024-01-16,P0020,S004,WH_4,SKU_27,55.84324,626.0,14.0,289.0,0.0,13.84,20.65,0.0,0.0
2024-01-16,P0012,S004,WH_4,SKU_2,95.44467,509.0,6.0,290.0,0.0,7.06,10.96,0.0,0.0
2024-01-16,P0006,S001,WH_1,SKU_14,77.21927,518.0,11.0,265.0,0.0,8.21,11.1,0.0,0.0
2024-01-16,P0003,S004,WH_4,SKU_11,73.82276,667.0,2.0,382.0,0.0,6.2,7.82,0.0,0.0
2024-01-16,P0020,S005,WH_5,SKU_27,88.58663,546.0,2.0,353.0,0.0,17.89,25.71,0.0,0.0
2024-01-16,P0010,S001,WH_1,SKU_18,78.19498,451.0,2.0,346.0,0.0,8.62,10.49,0.0,0.0
2024-01-16,P0020,S003,WH_3,SKU_27,111.440544,396.0,3.0,296.0,0.0,9.18,15.91,0.0,0.0
2024-01-16,P0016,S003,WH_3,SKU_23,129.23502,440.0,5.0,293.0,0.0,18.08,23.36,0.0,0.0
2024-01-16,P0020,S002,WH_2,SKU_27,65.35692,554.0,4.0,223.0,0.0,16.3,21.54,1.0,0.0
2024-01-16,P0013,S002,WH_2,SKU_20,115.95173,368.0,9.0,336.0,0.0,12.31,20.86,1.0,0.0
2024-01-16,P0019,S004,WH_4,SKU_26,83.78108,646.0,14.0,331.0,351.0,8.71,13.65,0.0,0.0
2024-01-16,P0011,S005,WH_5,SKU_19,90.72534,320.0,7.0,281.0,0.0,15.87,25.1,0.0,0.0
2024-01-16,P0001,S002,WH_2,SKU_1,106.734695,527.0,8.0,322.0,0.0,11.46,19.92,0.0,0.0
2024-01-16,P0007,S001,WH_1,SKU_15,141.91612,471.0,13.0,327.0,0.0,16.7,28.78,0.0,0.0
2024-01-16,P0019,S003,WH_3,SKU_26,104.314285,533.0,14.0,222.0,0.0,7.66,9.43,0.0,0.0
2024-01-16,P0012,S001,WH_1,SKU_2,96.92797,630.0,13.0,228.0,0.0,19.76,35.1,0.0,0.0
2024-01-16,P0015,S002,WH_2,SKU_22,90.8526,407.0,7.0,261.0,0.0,9.82,14.68,1.0,0.0
2024-01-16,P0005,S005,WH_5,SKU_13,136.70786,516.0,7.0,305.0,0.0,15.13,23.34,0.0,0.0
2024-01-16,P0010,S003,WH_3,SKU_18,146.34076,508.0,9.0,213.0,0.0,15.53,20.4,0.0,0.0
2024-01-16,P0014,S001,WH_1,SKU_21,85.1078,399.0,11.0,245.0,0.0,19.68,23.66,0.0,0.0
2024-01-16,P0013,S003,WH_3,SKU_20,143.8065,528.0,3.0,319.0,0.0,14.9,25.16,0.0,0.0
2024-01-16,P0009,S005,WH_5,SKU_17,126.73062,609.0,8.0,321.0,0.0,7.73,13.36,0.0,0.0
2024-01-16,P0004,S002,WH_2,SKU_12,129.12253,374.0,6.0,370.0,0.0,19.03,23.02,0.0,0.0
2024-01-16,P0005,S002,WH_2,SKU_13,113.10963,377.0,11.0,350.0,0.0,17.04,21.69,0.0,0.0
2024-01-16,P0002,S002,WH_2,SKU_10,120.040535,413.0,10.0,310.0,0.0,13.83,22.36,0.0,0.0
2024-01-16,P0012,S005,WH_5,SKU_2,66.952225,495.0,14.0,267.0,0.0,15.0,26.38,1.0,0.0
2024-01-16,P0007,S004,WH_4,SKU_15,153.4504,360.0,5.0,224.0,0.0,13.52,23.32,0.0,0.0
2024-01-16,P0011,S004,WH_4,SKU_19,77.08539,337.0,4.0,352.0,0.0,5.41,7.4,0.0,0.0
2024-01-16,P0012,S002,WH_2,SKU_2,79.91875,597.0,8.0,377.0,0.0,16.77,22.06,0.0,0.0
2024-01-16,P0008,S005,WH_5,SKU_16,137.63527,575.0,2.0,394.0,0.0,13.23,20.46,0.0,0.0
2024-01-16,P0007,S002,WH_2,SKU_15,123.13232,621.0,8.0,386.0,0.0,11.37,14.92,0.0,0.0
2024-01-16,P0003,S002,WH_2,SKU_11,113.84278,648.0,4.0,230.0,0.0,17.93,29.29,0.0,0.0
2024-01-16,P0003,S003,WH_3,SKU_11,124.79461,473.0,13.0,342.0,0.0,13.85,18.39,0.0,0.0
2024-01-17,P0001,S004,WH_4,SKU_1,75.6252,401.0,9.0,333.0,0.0,6.93,10.7,1.0,0.0
2024-01-17,P0018,S004,WH_4,SKU_25,74.327156,736.0,9.0,273.0,498.0,12.02,19.24,0.0,0.0
2024-01-17,P0010,S005,WH_5,SKU_18,149.1167,552.0,13.0,394.0,0.0,13.35,21.48,0.0,0.0
2024-01-17,P0005,S003,WH_3,SKU_13,90.90584,475.0,14.0,382.0,0.0,6.01,8.52,0.0,0.0
2024-01-17,P0003,S001,WH_1,SKU_11,98.52958,615.0,4.0,286.0,0.0,19.54,34.79,0.0,0.0
2024-01-17,P0018,S002,WH_2,SKU_25,98.48178,510.0,3.0,352.0,0.0,5.07,6.95,0.0,0.0
2024-01-17,P0020,S005,WH_5,SKU_27,94.66975,519.0,2.0,353.0,0.0,17.89,25.71,0.0,0.0
2024-01-17,P0014,S003,WH_3,SKU_21,74.935326,613.0,10.0,283.0,0.0,5.75,8.47,0.0,0.0
2024-01-17,P0001,S003,WH_3,SKU_1,85.91751,505.0,6.0,314.0,0.0,6.06,8.41,0.0,0.0
2024-01-17,P0013,S001,WH_1,SKU_20,135.90643,487.0,9.0,295.0,0.0,9.55,16.05,0.0,0.0
2024-01-17,P0007,S005,WH_5,SKU_15,127.10168,282.0,14.0,279.0,0.0,15.48,21.47,1.0,0.0
2024-01-17,P0014,S002,WH_2,SKU_21,80.728065,667.0,7.0,349.0,0.0,8.18,12.0,1.0,0.0
2024-01-17,P0010,S002,WH_2,SKU_18,188.39662,527.0,10.0,270.0,0.0,17.51,24.82,1.0,0.0
2024-01-17,P0014,S004,WH_4,SKU_21,62.82019,701.0,8.0,379.0,0.0,12.65,20.04,0.0,0.0
2024-01-17,P0002,S001,WH_1,SKU_10,119.627144,476.0,13.0,361.0,0.0,12.67,18.73,0.0,0.0
2024-01-17,P0006,S003,WH_3,SKU_14,79.0873,321.0,3.0,283.0,0.0,5.88,9.37,0.0,0.0
2024-01-17,P0004,S001,WH_1,SKU_12,94.64988,607.0,5.0,299.0,0.0,5.36,7.17,0.0,0.0
2024-01-17,P0020,S003,WH_3,SKU_27,98.35773,371.0,3.0,296.0,0.0,9.18,15.91,0.0,0.0
2024-01-17,P0009,S004,WH_4,SKU_17,109.55734,447.0,5.0,341.0,0.0,8.62,10.66,0.0,0.0
2024-01-17,P0019,S005,WH_5,SKU_26,76.424164,453.0,4.0,393.0,0.0,17.15,27.81,0.0,0.0
2024-01-17,P0001,S002,WH_2,SKU_1,135.64088,508.0,8.0,322.0,0.0,11.46,19.92,0.0,0.0
2024-01-17,P0018,S003,WH_3,SKU_25,51.00688,489.0,7.0,232.0,0.0,6.51,8.04,0.0,0.0
2024-01-17,P0019,S001,WH_1,SKU_26,82.33523,466.0,2.0,335.0,0.0,18.22,23.67,0.0,0.0
2024-01-17,P0009,S005,WH_5,SKU_17,153.59238,580.0,8.0,321.0,0.0,7.73,13.36,0.0,0.0
2024-01-17,P0015,S004,WH_4,SKU_22,61.09444,622.0,11.0,374.0,0.0,19.16,23.34,0.0,0.0
2024-01-17,P0012,S001,WH_1,SKU_2,146.6404,607.0,13.0,228.0,0.0,19.76,35.1,1.0,0.0
2024-01-17,P0001,S001,WH_1,SKU_1,90.520096,688.0,14.0,379.0,0.0,13.95,20.48,0.0,0.0
2024-01-17,P0005,S005,WH_5,SKU_13,111.01821,494.0,7.0,305.0,0.0,15.13,23.34,0.0,0.0
2024-01-17,P0014,S005,WH_5,SKU_21,54.04236,405.0,8.0,309.0,0.0,13.11,23.25,0.0,0.0
2024-01-17,P0019,S003,WH_3,SKU_26,107.02752,524.0,14.0,222.0,0.0,7.66,9.43,0.0,0.0
2024-01-17,P0014,S001,WH_1,SKU_21,61.535076,380.0,11.0,245.0,0.0,19.68,23.66,0.0,0.0
2024-01-17,P0006,S002,WH_2,SKU_14,78.860405,488.0,14.0,268.0,0.0,18.83,23.34,0.0,0.0
2024-01-17,P0015,S005,WH_5,SKU_22,104.6412,470.0,4.0,326.0,0.0,16.45,25.06,0.0,0.0
2024-01-17,P0017,S002,WH_2,SKU_24,93.77892,483.0,5.0,365.0,0.0,19.69,29.64,0.0,0.0
2024-01-17,P0012,S002,WH_2,SKU_2,101.17222,575.0,8.0,377.0,0.0,16.77,22.06,0.0,0.0
2024-01-17,P0005,S004,WH_4,SKU_13,94.626205,554.0,10.0,251.0,0.0,14.29,19.75,0.0,0.0
2024-01-17,P0019,S002,WH_2,SKU_26,102.35627,527.0,5.0,273.0,0.0,8.5,11.16,0.0,0.0
2024-01-17,P0008,S003,WH_3,SKU_16,155.12569,686.0,6.0,336.0,0.0,12.08,18.52,1.0,0.0
2024-01-17,P0005,S002,WH_2,SKU_13,101.78866,360.0,11.0,350.0,0.0,17.04,21.69,0.0,0.0
2024-01-17,P0012,S005,WH_5,SKU_2,110.15017,464.0,14.0,267.0,0.0,15.0,26.38,0.0,0.0
2024-01-17,P0002,S002,WH_2,SKU_10,87.29605,385.0,10.0,310.0,0.0,13.83,22.36,0.0,0.0
2024-01-17,P0003,S002,WH_2,SKU_11,96.457794,624.0,4.0,230.0,0.0,17.93,29.29,0.0,0.0
2024-01-17,P0008,S005,WH_5,SKU_16,144.69081,553.0,2.0,394.0,0.0,13.23,20.46,0.0,0.0
2024-01-17,P0004,S003,WH_3,SKU_12,99.0086,404.0,6.0,234.0,0.0,10.01,13.38,0.0,0.0
2024-01-17,P0011,S005,WH_5,SKU_19,136.12718,291.0,7.0,281.0,0.0,15.87,25.1,0.0,0.0
2024-01-17,P0019,S004,WH_4,SKU_26,96.68419,626.0,14.0,331.0,0.0,8.71,13.65,0.0,0.0
2024-01-17,P0003,S003,WH_3,SKU_11,85.271805,448.0,13.0,342.0,0.0,13.85,18.39,0.0,0.0
2024-01-17,P0018,S005,WH_5,SKU_25,111.32157,690.0,7.0,311.0,0.0,8.45,14.29,0.0,0.0
2024-01-17,P0009,S002,WH_2,SKU_17,152.44965,576.0,13.0,372.0,0.0,16.68,21.24,0.0,0.0
2024-01-17,P0009,S001,WH_1,SKU_17,177.37286,575.0,10.0,268.0,0.0,14.9,26.61,0.0,0.0
2024-01-17,P0016,S003,WH_3,SKU_23,98.26008,413.0,5.0,293.0,0.0,18.08,23.36,0.0,0.0
2024-01-17,P0017,S001,WH_1,SKU_24,97.31301,545.0,2.0,288.0,0.0,6.14,10.22,0.0,0.0
2024-01-17,P0016,S002,WH_2,SKU_23,101.26603,374.0,12.0,312.0,0.0,6.68,11.81,0.0,0.0
2024-01-17,P0004,S005,WH_5,SKU_12,128.1377,379.0,6.0,349.0,0.0,10.21,15.8,0.0,0.0
2024-01-17,P0013,S002,WH_2,SKU_20,131.7849,343.0,9.0,336.0,0.0,12.31,20.86,0.0,0.0
2024-01-17,P0020,S001,WH_1,SKU_27,66.94362,376.0,2.0,389.0,0.0,5.89,7.48,0.0,0.0
2024-01-17,P0015,S003,WH_3,SKU_22,104.14663,306.0,4.0,211.0,0.0,18.38,32.58,0.0,0.0
2024-01-17,P0017,S003,WH_3,SKU_24,85.21556,517.0,10.0,209.0,0.0,10.59,15.15,0.0,0.0
2024-01-17,P0008,S004,WH_4,SKU_16,108.88267,402.0,4.0,367.0,0.0,6.61,9.52,0.0,0.0
2024-01-17,P0006,S004,WH_4,SKU_14,85.30312,558.0,10.0,343.0,0.0,5.76,8.49,0.0,0.0
2024-01-17,P0017,S004,WH_4,SKU_24,102.74481,619.0,13.0,301.0,0.0,7.11,12.19,0.0,0.0
2024-01-17,P0007,S002,WH_2,SKU_15,124.55046,592.0,8.0,386.0,0.0,11.37,14.92,0.0,0.0
2024-01-17,P0020,S002,WH_2,SKU_27,70.74356,530.0,4.0,223.0,0.0,16.3,21.54,0.0,0.0
2024-01-17,P0012,S004,WH_4,SKU_2,132.47481,482.0,6.0,290.0,0.0,7.06,10.96,0.0,0.0
2024-01-17,P0005,S001,WH_1,SKU_13,128.27626,529.0,9.0,246.0,0.0,19.52,24.09,0.0,0.0
2024-01-17,P0010,S004,WH_4,SKU_18,108.9135,663.0,6.0,250.0,445.0,5.35,9.51,1.0,0.0
2024-01-17,P0013,S005,WH_5,SKU_20,189.11458,442.0,2.0,246.0,0.0,10.07,18.03,1.0,0.0
2024-01-17,P0016,S004,WH_4,SKU_23,59.755695,569.0,14.0,236.0,0.0,15.4,18.69,0.0,0.0
2024-01-17,P0011,S004,WH_4,SKU_19,92.84217,687.0,4.0,352.0,374.0,5.41,7.4,0.0,0.0
2024-01-17,P0013,S003,WH_3,SKU_20,141.12738,508.0,3.0,319.0,0.0,14.9,25.16,0.0,0.0
2024-01-17,P0007,S004,WH_4,SKU_15,132.93895,342.0,5.0,224.0,0.0,13.52,23.32,0.0,0.0
2024-01-17,P0002,S005,WH_5,SKU_10,78.5116,612.0,9.0,246.0,0.0,9.67,15.35,1.0,0.0
2024-01-17,P0001,S005,WH_5,SKU_1,73.61434,526.0,4.0,366.0,0.0,19.41,23.81,0.0,0.0
2024-01-17,P0007,S003,WH_3,SKU_15,102.4648,412.0,7.0,265.0,0.0,6.24,9.99,0.0,0.0
2024-01-17,P0010,S003,WH_3,SKU_18,129.60287,494.0,9.0,213.0,0.0,15.53,20.4,0.0,0.0
2024-01-17,P0002,S003,WH_3,SKU_10,95.77416,452.0,5.0,218.0,0.0,13.68,17.87,0.0,0.0
2024-01-17,P0003,S005,WH_5,SKU_11,90.55869,640.0,3.0,349.0,0.0,18.92,31.99,0.0,0.0
2024-01-17,P0004,S004,WH_4,SKU_12,117.47102,488.0,12.0,227.0,0.0,14.2,19.73,0.0,0.0
2024-01-17,P0015,S001,WH_1,SKU_22,94.085655,568.0,4.0,282.0,0.0,8.88,12.51,0.0,0.0
2024-01-17,P0008,S001,WH_1,SKU_16,117.23159,530.0,14.0,328.0,0.0,11.96,17.38,0.0,0.0
2024-01-17,P0017,S005,WH_5,SKU_24,98.95543,455.0,7.0,313.0,0.0,7.27,12.17,0.0,0.0
2024-01-17,P0003,S004,WH_4,SKU_11,60.593853,643.0,2.0,382.0,0.0,6.2,7.82,0.0,0.0
2024-01-17,P0012,S003,WH_3,SKU_2,62.708427,577.0,10.0,319.0,0.0,5.02,7.82,0.0,0.0
2024-01-17,P0006,S001,WH_1,SKU_14,81.42794,496.0,11.0,265.0,0.0,8.21,11.1,0.0,0.0
2024-01-17,P0018,S001,WH_1,SKU_25,120.02055,671.0,5.0,314.0,0.0,14.23,20.28,1.0,0.0
2024-01-17,P0006,S005,WH_5,SKU_14,108.711266,652.0,6.0,259.0,0.0,11.19,14.98,0.0,0.0
2024-01-17,P0004,S002,WH_2,SKU_12,105.76445,334.0,6.0,370.0,0.0,19.03,23.02,1.0,0.0
2024-01-17,P0013,S004,WH_4,SKU_20,135.188,565.0,2.0,327.0,0.0,16.89,23.51,0.0,0.0
2024-01-17,P0009,S003,WH_3,SKU_17,142.02805,340.0,3.0,339.0,0.0,16.8,28.54,0.0,0.0
2024-01-17,P0011,S001,WH_1,SKU_19,93.22763,630.0,8.0,287.0,0.0,12.4,18.41,0.0,0.0
2024-01-17,P0011,S003,WH_3,SKU_19,170.88339,484.0,4.0,295.0,0.0,14.17,23.01,0.0,0.0
2024-01-17,P0010,S001,WH_1,SKU_18,95.68504,421.0,2.0,346.0,0.0,8.62,10.49,0.0,0.0
2024-01-17,P0011,S002,WH_2,SKU_19,112.07303,519.0,8.0,316.0,232.0,12.67,18.56,0.0,0.0
2024-01-17,P0015,S002,WH_2,SKU_22,105.06637,386.0,7.0,261.0,0.0,9.82,14.68,0.0,0.0
2024-01-17,P0016,S001,WH_1,SKU_23,109.352615,287.0,8.0,239.0,0.0,9.05,14.03,0.0,0.0
2024-01-17,P0020,S004,WH_4,SKU_27,66.30136,604.0,14.0,289.0,0.0,13.84,20.65,0.0,0.0
2024-01-17,P0008,S002,WH_2,SKU_16,117.22864,401.0,11.0,327.0,0.0,19.0,26.16,0.0,0.0
2024-01-17,P0007,S001,WH_1,SKU_15,143.49695,450.0,13.0,327.0,0.0,16.7,28.78,0.0,0.0
2024-01-17,P0016,S005,WH_5,SKU_23,104.23488,427.0,3.0,383.0,0.0,19.43,28.74,0.0,0.0
2024-01-17,P0002,S004,WH_4,SKU_10,91.10517,446.0,14.0,328.0,0.0,19.02,24.9,0.0,0.0
2024-01-18,P0003,S001,WH_1,SKU_11,106.59973,590.0,4.0,286.0,0.0,19.54,34.79,0.0,0.0
2024-01-18,P0018,S003,WH_3,SKU_25,70.67755,461.0,7.0,232.0,0.0,6.51,8.04,0.0,0.0
2024-01-18,P0015,S002,WH_2,SKU_22,119.00695,371.0,7.0,261.0,0.0,9.82,14.68,0.0,0.0
2024-01-18,P0007,S004,WH_4,SKU_15,92.81728,328.0,5.0,224.0,0.0,13.52,23.32,0.0,0.0
2024-01-18,P0019,S001,WH_1,SKU_26,98.27661,442.0,2.0,335.0,0.0,18.22,23.67,0.0,0.0
2024-01-18,P0012,S003,WH_3,SKU_2,85.95036,550.0,10.0,319.0,0.0,5.02,7.82,0.0,0.0
2024-01-18,P0009,S002,WH_2,SKU_17,132.31746,558.0,13.0,372.0,0.0,16.68,21.24,0.0,0.0
2024-01-18,P0012,S005,WH_5,SKU_2,117.802536,438.0,14.0,267.0,0.0,15.0,26.38,0.0,0.0
2024-01-18,P0011,S002,WH_2,SKU_19,135.08965,492.0,8.0,316.0,0.0,12.67,18.56,0.0,0.0
2024-01-18,P0015,S003,WH_3,SKU_22,134.29243,283.0,4.0,211.0,0.0,18.38,32.58,0.0,0.0
2024-01-18,P0004,S005,WH_5,SKU_12,127.06238,362.0,6.0,349.0,0.0,10.21,15.8,0.0,0.0
2024-01-18,P0008,S002,WH_2,SKU_16,124.99001,379.0,11.0,327.0,0.0,19.0,26.16,0.0,0.0
2024-01-18,P0020,S005,WH_5,SKU_27,149.2551,493.0,2.0,353.0,0.0,17.89,25.71,0.0,0.0
2024-01-18,P0015,S001,WH_1,SKU_22,78.50097,543.0,4.0,282.0,0.0,8.88,12.51,0.0,0.0
2024-01-18,P0016,S003,WH_3,SKU_23,195.81404,394.0,5.0,293.0,0.0,18.08,23.36,0.0,0.0
2024-01-18,P0014,S004,WH_4,SKU_21,85.052704,682.0,8.0,379.0,0.0,12.65,20.04,0.0,0.0
2024-01-18,P0013,S004,WH_4,SKU_20,94.60735,547.0,2.0,327.0,0.0,16.89,23.51,0.0,0.0
2024-01-18,P0013,S002,WH_2,SKU_20,114.45318,305.0,9.0,336.0,0.0,12.31,20.86,0.0,0.0
2024-01-18,P0008,S004,WH_4,SKU_16,55.351063,387.0,4.0,367.0,0.0,6.61,9.52,0.0,0.0
2024-01-18,P0003,S005,WH_5,SKU_11,75.71851,610.0,3.0,349.0,0.0,18.92,31.99,0.0,0.0
2024-01-18,P0012,S002,WH_2,SKU_2,112.28803,546.0,8.0,377.0,0.0,16.77,22.06,0.0,0.0
2024-01-18,P0011,S004,WH_4,SKU_19,133.20811,647.0,4.0,352.0,0.0,5.41,7.4,1.0,0.0
2024-01-18,P0018,S005,WH_5,SKU_25,125.87216,666.0,7.0,311.0,0.0,8.45,14.29,0.0,0.0
2024-01-18,P0001,S001,WH_1,SKU_1,101.39083,666.0,14.0,379.0,0.0,13.95,20.48,0.0,0.0
2024-01-18,P0005,S005,WH_5,SKU_13,120.30102,462.0,7.0,305.0,0.0,15.13,23.34,0.0,0.0
2024-01-18,P0014,S002,WH_2,SKU_21,187.84085,644.0,7.0,349.0,0.0,8.18,12.0,0.0,0.0
2024-01-18,P0011,S005,WH_5,SKU_19,96.38774,267.0,7.0,281.0,0.0,15.87,25.1,0.0,0.0
2024-01-18,P0013,S003,WH_3,SKU_20,118.45376,492.0,3.0,319.0,0.0,14.9,25.16,0.0,0.0
2024-01-18,P0015,S004,WH_4,SKU_22,72.89027,596.0,11.0,374.0,0.0,19.16,23.34,0.0,0.0
2024-01-18,P0012,S004,WH_4,SKU_2,140.56276,457.0,6.0,290.0,0.0,7.06,10.96,0.0,0.0
2024-01-18,P0013,S001,WH_1,SKU_20,99.49863,459.0,9.0,295.0,0.0,9.55,16.05,0.0,0.0
2024-01-18,P0018,S001,WH_1,SKU_25,132.40193,651.0,5.0,314.0,0.0,14.23,20.28,0.0,0.0
2024-01-18,P0014,S001,WH_1,SKU_21,170.97372,358.0,11.0,245.0,0.0,19.68,23.66,0.0,0.0
2024-01-18,P0017,S005,WH_5,SKU_24,118.05187,434.0,7.0,313.0,0.0,7.27,12.17,0.0,0.0
2024-01-18,P0010,S002,WH_2,SKU_18,159.85275,503.0,10.0,270.0,0.0,17.51,24.82,0.0,0.0
2024-01-18,P0016,S001,WH_1,SKU_23,152.69096,263.0,8.0,239.0,0.0,9.05,14.03,0.0,0.0
2024-01-18,P0011,S003,WH_3,SKU_19,114.30978,457.0,4.0,295.0,0.0,14.17,23.01,0.0,0.0
2024-01-18,P0017,S001,WH_1,SKU_24,106.0023,527.0,2.0,288.0,0.0,6.14,10.22,0.0,0.0
2024-01-18,P0005,S003,WH_3,SKU_13,106.49654,456.0,14.0,382.0,0.0,6.01,8.52,0.0,0.0
2024-01-18,P0009,S004,WH_4,SKU_17,104.01317,431.0,5.0,341.0,0.0,8.62,10.66,0.0,0.0
2024-01-18,P0012,S001,WH_1,SKU_2,131.99352,586.0,13.0,228.0,0.0,19.76,35.1,0.0,0.0
2024-01-18,P0016,S004,WH_4,SKU_23,92.758224,548.0,14.0,236.0,0.0,15.4,18.69,0.0,0.0
2024-01-18,P0010,S004,WH_4,SKU_18,116.76129,642.0,6.0,250.0,0.0,5.35,9.51,0.0,0.0
2024-01-18,P0004,S003,WH_3,SKU_12,157.1991,375.0,6.0,234.0,0.0,10.01,13.38,0.0,0.0
2024-01-18,P0015,S005,WH_5,SKU_22,108.275154,454.0,4.0,326.0,0.0,16.45,25.06,0.0,0.0
2024-01-18,P0011,S001,WH_1,SKU_19,85.49393,604.0,8.0,287.0,0.0,12.4,18.41,1.0,0.0
2024-01-18,P0004,S001,WH_1,SKU_12,165.61372,582.0,5.0,299.0,0.0,5.36,7.17,0.0,0.0
2024-01-18,P0017,S003,WH_3,SKU_24,78.607086,492.0,10.0,209.0,0.0,10.59,15.15,0.0,0.0
2024-01-18,P0009,S005,WH_5,SKU_17,147.72083,536.0,8.0,321.0,0.0,7.73,13.36,1.0,0.0
2024-01-18,P0014,S003,WH_3,SKU_21,162.96396,591.0,10.0,283.0,0.0,5.75,8.47,0.0,0.0
2024-01-18,P0001,S002,WH_2,SKU_1,131.1891,478.0,8.0,322.0,0.0,11.46,19.92,0.0,0.0
2024-01-18,P0006,S004,WH_4,SKU_14,89.742134,537.0,10.0,343.0,0.0,5.76,8.49,0.0,0.0
2024-01-18,P0002,S002,WH_2,SKU_10,97.48486,364.0,10.0,310.0,0.0,13.83,22.36,0.0,0.0
2024-01-18,P0008,S005,WH_5,SKU_16,127.92949,537.0,2.0,394.0,0.0,13.23,20.46,0.0,0.0
2024-01-18,P0020,S002,WH_2,SKU_27,97.95548,506.0,4.0,223.0,0.0,16.3,21.54,0.0,0.0
2024-01-18,P0017,S004,WH_4,SKU_24,87.561806,600.0,13.0,301.0,0.0,7.11,12.19,0.0,0.0
2024-01-18,P0018,S002,WH_2,SKU_25,97.33417,491.0,3.0,352.0,0.0,5.07,6.95,0.0,0.0
2024-01-18,P0019,S004,WH_4,SKU_26,127.63857,608.0,14.0,331.0,0.0,8.71,13.65,0.0,0.0
2024-01-18,P0007,S003,WH_3,SKU_15,98.796394,385.0,7.0,265.0,0.0,6.24,9.99,0.0,0.0
2024-01-18,P0008,S003,WH_3,SKU_16,101.37863,663.0,6.0,336.0,0.0,12.08,18.52,0.0,0.0
2024-01-18,P0019,S002,WH_2,SKU_26,131.11903,503.0,5.0,273.0,0.0,8.5,11.16,0.0,0.0
2024-01-18,P0003,S003,WH_3,SKU_11,91.517296,431.0,13.0,342.0,0.0,13.85,18.39,0.0,0.0
2024-01-18,P0007,S005,WH_5,SKU_15,140.00238,261.0,14.0,279.0,0.0,15.48,21.47,0.0,0.0
2024-01-18,P0008,S001,WH_1,SKU_16,91.952286,507.0,14.0,328.0,0.0,11.96,17.38,0.0,0.0
2024-01-18,P0016,S005,WH_5,SKU_23,141.32051,408.0,3.0,383.0,0.0,19.43,28.74,0.0,0.0
2024-01-18,P0019,S005,WH_5,SKU_26,152.48659,433.0,4.0,393.0,0.0,17.15,27.81,0.0,0.0
2024-01-18,P0006,S002,WH_2,SKU_14,86.34411,460.0,14.0,268.0,0.0,18.83,23.34,0.0,0.0
2024-01-18,P0018,S004,WH_4,SKU_25,63.326794,720.0,9.0,273.0,0.0,12.02,19.24,0.0,0.0
2024-01-18,P0002,S005,WH_5,SKU_10,109.0743,593.0,9.0,246.0,0.0,9.67,15.35,0.0,0.0
2024-01-18,P0006,S005,WH_5,SKU_14,105.55431,633.0,6.0,259.0,0.0,11.19,14.98,0.0,0.0
2024-01-18,P0002,S003,WH_3,SKU_10,92.99509,420.0,5.0,218.0,0.0,13.68,17.87,1.0,0.0
2024-01-18,P0006,S003,WH_3,SKU_14,86.36147,271.0,3.0,283.0,0.0,5.88,9.37,1.0,0.0
2024-01-18,P0002,S004,WH_4,SKU_10,97.58139,425.0,14.0,328.0,0.0,19.02,24.9,0.0,0.0
2024-01-18,P0003,S002,WH_2,SKU_11,107.932076,597.0,4.0,230.0,0.0,17.93,29.29,0.0,0.0
2024-01-18,P0005,S002,WH_2,SKU_13,89.16068,341.0,11.0,350.0,0.0,17.04,21.69,0.0,0.0
2024-01-18,P0005,S001,WH_1,SKU_13,136.87865,501.0,9.0,246.0,0.0,19.52,24.09,0.0,0.0
2024-01-18,P0019,S003,WH_3,SKU_26,167.04411,502.0,14.0,222.0,0.0,7.66,9.43,0.0,0.0
2024-01-18,P0007,S001,WH_1,SKU_15,99.07896,420.0,13.0,327.0,0.0,16.7,28.78,0.0,0.0
2024-01-18,P0009,S003,WH_3,SKU_17,74.88021,318.0,3.0,339.0,0.0,16.8,28.54,0.0,0.0
2024-01-18,P0016,S002,WH_2,SKU_23,166.8091,354.0,12.0,312.0,0.0,6.68,11.81,0.0,0.0
2024-01-18,P0010,S005,WH_5,SKU_18,115.5864,514.0,13.0,394.0,0.0,13.35,21.48,0.0,0.0
2024-01-18,P0004,S004,WH_4,SKU_12,143.23976,465.0,12.0,227.0,0.0,14.2,19.73,0.0,0.0
2024-01-18,P0013,S005,WH_5,SKU_20,141.00778,414.0,2.0,246.0,0.0,10.07,18.03,1.0,0.0
2024-01-18,P0020,S001,WH_1,SKU_27,108.8435,627.0,2.0,389.0,267.0,5.89,7.48,0.0,0.0
2024-01-18,P0002,S001,WH_1,SKU_10,135.32832,450.0,13.0,361.0,0.0,12.67,18.73,0.0,0.0
2024-01-18,P0001,S003,WH_3,SKU_1,74.02487,487.0,6.0,314.0,0.0,6.06,8.41,0.0,0.0
2024-01-18,P0005,S004,WH_4,SKU_13,101.74625,535.0,10.0,251.0,0.0,14.29,19.75,0.0,0.0
2024-01-18,P0017,S002,WH_2,SKU_24,91.4355,463.0,5.0,365.0,0.0,19.69,29.64,0.0,0.0
2024-01-18,P0001,S004,WH_4,SKU_1,90.940834,381.0,9.0,333.0,0.0,6.93,10.7,0.0,0.0
2024-01-18,P0020,S004,WH_4,SKU_27,83.06752,585.0,14.0,289.0,0.0,13.84,20.65,0.0,0.0
2024-01-18,P0010,S001,WH_1,SKU_18,80.46355,393.0,2.0,346.0,0.0,8.62,10.49,0.0,0.0
2024-01-18,P0010,S003,WH_3,SKU_18,112.364876,476.0,9.0,213.0,0.0,15.53,20.4,0.0,0.0
2024-01-18,P0020,S003,WH_3,SKU_27,131.28818,340.0,3.0,296.0,0.0,9.18,15.91,0.0,0.0
2024-01-18,P0007,S002,WH_2,SKU_15,88.1644,572.0,8.0,386.0,0.0,11.37,14.92,0.0,0.0
2024-01-18,P0004,S002,WH_2,SKU_12,157.99602,576.0,6.0,370.0,264.0,19.03,23.02,0.0,0.0
2024-01-18,P0014,S005,WH_5,SKU_21,109.863205,383.0,8.0,309.0,0.0,13.11,23.25,0.0,0.0
2024-01-18,P0006,S001,WH_1,SKU_14,74.316734,470.0,11.0,265.0,0.0,8.21,11.1,1.0,0.0
2024-01-18,P0003,S004,WH_4,SKU_11,62.365486,616.0,2.0,382.0,0.0,6.2,7.82,0.0,0.0
2024-01-18,P0001,S005,WH_5,SKU_1,131.15852,498.0,4.0,366.0,0.0,19.41,23.81,0.0,0.0
2024-01-18,P0009,S001,WH_1,SKU_17,133.48766,557.0,10.0,268.0,0.0,14.9,26.61,0.0,0.0
2024-01-19,P0013,S002,WH_2,SKU_20,123.64275,656.0,9.0,336.0,368.0,12.31,20.86,0.0,0.0
2024-01-19,P0002,S002,WH_2,SKU_10,71.88651,337.0,10.0,310.0,0.0,13.83,22.36,0.0,0.0
2024-01-19,P0012,S005,WH_5,SKU_2,64.8558,411.0,14.0,267.0,0.0,15.0,26.38,0.0,0.0
2024-01-19,P0016,S005,WH_5,SKU_23,82.742004,386.0,3.0,383.0,0.0,19.43,28.74,0.0,0.0
2024-01-19,P0005,S002,WH_2,SKU_13,113.5899,794.0,11.0,350.0,478.0,17.04,21.69,0.0,0.0
2024-01-19,P0008,S004,WH_4,SKU_16,70.23302,359.0,4.0,367.0,0.0,6.61,9.52,0.0,0.0
2024-01-19,P0007,S001,WH_1,SKU_15,83.23336,393.0,13.0,327.0,0.0,16.7,28.78,0.0,0.0
2024-01-19,P0013,S004,WH_4,SKU_20,71.10622,511.0,2.0,327.0,0.0,16.89,23.51,1.0,0.0
2024-01-19,P0019,S004,WH_4,SKU_26,88.747345,586.0,14.0,331.0,0.0,8.71,13.65,0.0,0.0
2024-01-19,P0016,S003,WH_3,SKU_23,95.66984,367.0,5.0,293.0,0.0,18.08,23.36,0.0,0.0
2024-01-19,P0001,S005,WH_5,SKU_1,106.40684,478.0,4.0,366.0,0.0,19.41,23.81,0.0,0.0
2024-01-19,P0002,S003,WH_3,SKU_10,109.94557,394.0,5.0,218.0,0.0,13.68,17.87,0.0,0.0
2024-01-19,P0014,S005,WH_5,SKU_21,79.7407,350.0,8.0,309.0,0.0,13.11,23.25,1.0,0.0
2024-01-19,P0020,S003,WH_3,SKU_27,107.79307,310.0,3.0,296.0,0.0,9.18,15.91,0.0,0.0
2024-01-19,P0003,S004,WH_4,SKU_11,87.59119,593.0,2.0,382.0,0.0,6.2,7.82,0.0,0.0
2024-01-19,P0015,S001,WH_1,SKU_22,76.05344,519.0,4.0,282.0,0.0,8.88,12.51,0.0,0.0
2024-01-19,P0006,S001,WH_1,SKU_14,59.699757,453.0,11.0,265.0,0.0,8.21,11.1,0.0,0.0
2024-01-19,P0010,S005,WH_5,SKU_18,88.24069,493.0,13.0,394.0,0.0,13.35,21.48,0.0,0.0
2024-01-19,P0012,S003,WH_3,SKU_2,75.11992,527.0,10.0,319.0,0.0,5.02,7.82,0.0,0.0
2024-01-19,P0019,S001,WH_1,SKU_26,56.805283,417.0,2.0,335.0,0.0,18.22,23.67,0.0,0.0
2024-01-19,P0008,S003,WH_3,SKU_16,123.41658,632.0,6.0,336.0,0.0,12.08,18.52,1.0,0.0
2024-01-19,P0012,S002,WH_2,SKU_2,74.38655,523.0,8.0,377.0,0.0,16.77,22.06,0.0,0.0
2024-01-19,P0005,S005,WH_5,SKU_13,132.92433,444.0,7.0,305.0,0.0,15.13,23.34,0.0,0.0
2024-01-19,P0011,S001,WH_1,SKU_19,73.40607,588.0,8.0,287.0,0.0,12.4,18.41,0.0,0.0
2024-01-19,P0004,S005,WH_5,SKU_12,62.64881,330.0,6.0,349.0,0.0,10.21,15.8,1.0,0.0
2024-01-19,P0008,S002,WH_2,SKU_16,101.11574,360.0,11.0,327.0,0.0,19.0,26.16,0.0,0.0
2024-01-19,P0020,S001,WH_1,SKU_27,60.343597,601.0,2.0,389.0,0.0,5.89,7.48,0.0,0.0
2024-01-19,P0007,S002,WH_2,SKU_15,75.812355,548.0,8.0,386.0,0.0,11.37,14.92,0.0,0.0
2024-01-19,P0008,S005,WH_5,SKU_16,117.36635,513.0,2.0,394.0,0.0,13.23,20.46,0.0,0.0
2024-01-19,P0017,S004,WH_4,SKU_24,104.197945,570.0,13.0,301.0,0.0,7.11,12.19,0.0,0.0
2024-01-19,P0002,S005,WH_5,SKU_10,70.0099,570.0,9.0,246.0,0.0,9.67,15.35,0.0,0.0
2024-01-19,P0016,S004,WH_4,SKU_23,53.192886,533.0,14.0,236.0,0.0,15.4,18.69,0.0,0.0
2024-01-19,P0015,S002,WH_2,SKU_22,107.82886,355.0,7.0,261.0,0.0,9.82,14.68,0.0,0.0
2024-01-19,P0016,S001,WH_1,SKU_23,108.025696,236.0,8.0,239.0,0.0,9.05,14.03,0.0,0.0
2024-01-19,P0006,S004,WH_4,SKU_14,90.78655,523.0,10.0,343.0,0.0,5.76,8.49,0.0,0.0
2024-01-19,P0015,S003,WH_3,SKU_22,122.84741,259.0,4.0,211.0,0.0,18.38,32.58,0.0,0.0
2024-01-19,P0002,S004,WH_4,SKU_10,70.986275,407.0,14.0,328.0,0.0,19.02,24.9,0.0,0.0
2024-01-19,P0005,S001,WH_1,SKU_13,112.98796,481.0,9.0,246.0,0.0,19.52,24.09,0.0,0.0
2024-01-19,P0005,S004,WH_4,SKU_13,124.76721,512.0,10.0,251.0,0.0,14.29,19.75,0.0,0.0
2024-01-19,P0003,S005,WH_5,SKU_11,88.581406,590.0,3.0,349.0,0.0,18.92,31.99,0.0,0.0
2024-01-19,P0015,S004,WH_4,SKU_22,40.219368,581.0,11.0,374.0,0.0,19.16,23.34,1.0,0.0
2024-01-19,P0020,S005,WH_5,SKU_27,87.23084,473.0,2.0,353.0,0.0,17.89,25.71,0.0,0.0
2024-01-19,P0011,S005,WH_5,SKU_19,97.98222,462.0,7.0,281.0,223.0,15.87,25.1,0.0,0.0
2024-01-19,P0016,S002,WH_2,SKU_23,83.97084,334.0,12.0,312.0,0.0,6.68,11.81,0.0,0.0
2024-01-19,P0011,S002,WH_2,SKU_19,94.14713,473.0,8.0,316.0,0.0,12.67,18.56,0.0,0.0
2024-01-19,P0010,S001,WH_1,SKU_18,49.839252,372.0,2.0,346.0,0.0,8.62,10.49,0.0,0.0
2024-01-19,P0011,S003,WH_3,SKU_19,136.0045,425.0,4.0,295.0,0.0,14.17,23.01,1.0,0.0
2024-01-19,P0013,S005,WH_5,SKU_20,107.15555,399.0,2.0,246.0,0.0,10.07,18.03,0.0,0.0
2024-01-19,P0010,S003,WH_3,SKU_18,121.312164,453.0,9.0,213.0,0.0,15.53,20.4,0.0,0.0
2024-01-19,P0001,S004,WH_4,SKU_1,107.183624,352.0,9.0,333.0,0.0,6.93,10.7,0.0,0.0
2024-01-19,P0001,S001,WH_1,SKU_1,107.55791,638.0,14.0,379.0,0.0,13.95,20.48,1.0,0.0
2024-01-19,P0014,S003,WH_3,SKU_21,172.57607,570.0,10.0,283.0,0.0,5.75,8.47,0.0,0.0
2024-01-19,P0017,S002,WH_2,SKU_24,71.83814,447.0,5.0,365.0,0.0,19.69,29.64,0.0,0.0
2024-01-19,P0003,S001,WH_1,SKU_11,112.37392,555.0,4.0,286.0,0.0,19.54,34.79,1.0,0.0
2024-01-19,P0001,S003,WH_3,SKU_1,141.32964,460.0,6.0,314.0,0.0,6.06,8.41,0.0,0.0
2024-01-19,P0018,S002,WH_2,SKU_25,110.931984,465.0,3.0,352.0,0.0,5.07,6.95,0.0,0.0
2024-01-19,P0020,S002,WH_2,SKU_27,56.18701,487.0,4.0,223.0,0.0,16.3,21.54,0.0,0.0
2024-01-19,P0019,S003,WH_3,SKU_26,146.47379,479.0,14.0,222.0,0.0,7.66,9.43,0.0,0.0
2024-01-19,P0003,S003,WH_3,SKU_11,121.07643,417.0,13.0,342.0,0.0,13.85,18.39,0.0,0.0
2024-01-19,P0006,S002,WH_2,SKU_14,84.81413,443.0,14.0,268.0,0.0,18.83,23.34,0.0,0.0
2024-01-19,P0004,S002,WH_2,SKU_12,98.25974,550.0,6.0,370.0,0.0,19.03,23.02,0.0,0.0
2024-01-19,P0008,S001,WH_1,SKU_16,90.182,486.0,14.0,328.0,0.0,11.96,17.38,0.0,0.0
2024-01-19,P0001,S002,WH_2,SKU_1,196.32144,452.0,8.0,322.0,0.0,11.46,19.92,0.0,0.0
2024-01-19,P0010,S004,WH_4,SKU_18,110.29272,611.0,6.0,250.0,0.0,5.35,9.51,0.0,0.0
2024-01-19,P0009,S005,WH_5,SKU_17,97.47,507.0,8.0,321.0,0.0,7.73,13.36,0.0,0.0
2024-01-19,P0011,S004,WH_4,SKU_19,97.20721,622.0,4.0,352.0,0.0,5.41,7.4,0.0,0.0
2024-01-19,P0009,S003,WH_3,SKU_17,120.80227,633.0,3.0,339.0,345.0,16.8,28.54,0.0,0.0
2024-01-19,P0014,S002,WH_2,SKU_21,106.81866,625.0,7.0,349.0,0.0,8.18,12.0,0.0,0.0
2024-01-19,P0012,S001,WH_1,SKU_2,102.896706,564.0,13.0,228.0,0.0,19.76,35.1,0.0,0.0
2024-01-19,P0004,S001,WH_1,SKU_12,93.81099,567.0,5.0,299.0,0.0,5.36,7.17,0.0,0.0
2024-01-19,P0018,S003,WH_3,SKU_25,100.60814,437.0,7.0,232.0,0.0,6.51,8.04,0.0,0.0
2024-01-19,P0018,S004,WH_4,SKU_25,69.14296,696.0,9.0,273.0,0.0,12.02,19.24,0.0,0.0
2024-01-19,P0014,S004,WH_4,SKU_21,84.51409,660.0,8.0,379.0,0.0,12.65,20.04,0.0,0.0
2024-01-19,P0017,S005,WH_5,SKU_24,98.03866,403.0,7.0,313.0,0.0,7.27,12.17,0.0,0.0
2024-01-19,P0017,S001,WH_1,SKU_24,80.68645,503.0,2.0,288.0,0.0,6.14,10.22,0.0,0.0
2024-01-19,P0013,S001,WH_1,SKU_20,93.9436,437.0,9.0,295.0,0.0,9.55,16.05,0.0,0.0
2024-01-19,P0002,S001,WH_1,SKU_10,81.6273,430.0,13.0,361.0,0.0,12.67,18.73,0.0,0.0
2024-01-19,P0007,S004,WH_4,SKU_15,116.59839,301.0,5.0,224.0,0.0,13.52,23.32,1.0,0.0
2024-01-19,P0015,S005,WH_5,SKU_22,98.580605,430.0,4.0,326.0,0.0,16.45,25.06,0.0,0.0
2024-01-19,P0007,S005,WH_5,SKU_15,90.018776,728.0,14.0,279.0,491.0,15.48,21.47,0.0,0.0
2024-01-19,P0006,S005,WH_5,SKU_14,86.55094,601.0,6.0,259.0,0.0,11.19,14.98,0.0,0.0
2024-01-19,P0009,S004,WH_4,SKU_17,74.90617,416.0,5.0,341.0,0.0,8.62,10.66,0.0,0.0
2024-01-19,P0019,S005,WH_5,SKU_26,84.24755,409.0,4.0,393.0,0.0,17.15,27.81,0.0,0.0
2024-01-19,P0019,S002,WH_2,SKU_26,88.53147,482.0,5.0,273.0,0.0,8.5,11.16,0.0,0.0
2024-01-19,P0010,S002,WH_2,SKU_18,96.423836,482.0,10.0,270.0,0.0,17.51,24.82,0.0,0.0
2024-01-19,P0020,S004,WH_4,SKU_27,60.88211,556.0,14.0,289.0,0.0,13.84,20.65,0.0,0.0
2024-01-19,P0014,S001,WH_1,SKU_21,111.68132,341.0,11.0,245.0,0.0,19.68,23.66,0.0,0.0
2024-01-19,P0003,S002,WH_2,SKU_11,108.7015,576.0,4.0,230.0,0.0,17.93,29.29,0.0,0.0
2024-01-19,P0005,S003,WH_3,SKU_13,143.41733,434.0,14.0,382.0,0.0,6.01,8.52,0.0,0.0
2024-01-19,P0013,S003,WH_3,SKU_20,128.1385,473.0,3.0,319.0,0.0,14.9,25.16,0.0,0.0
2024-01-19,P0012,S004,WH_4,SKU_2,81.58944,427.0,6.0,290.0,0.0,7.06,10.96,0.0,0.0
2024-01-19,P0004,S004,WH_4,SKU_12,98.30855,441.0,12.0,227.0,0.0,14.2,19.73,0.0,0.0
2024-01-19,P0009,S001,WH_1,SKU_17,107.49118,535.0,10.0,268.0,0.0,14.9,26.61,1.0,0.0
2024-01-19,P0006,S003,WH_3,SKU_14,87.69874,590.0,3.0,283.0,346.0,5.88,9.37,0.0,0.0
2024-01-19,P0017,S003,WH_3,SKU_24,76.23404,469.0,10.0,209.0,0.0,10.59,15.15,0.0,0.0
2024-01-19,P0004,S003,WH_3,SKU_12,112.23143,364.0,6.0,234.0,0.0,10.01,13.38,0.0,0.0
2024-01-19,P0007,S003,WH_3,SKU_15,100.10616,361.0,7.0,265.0,0.0,6.24,9.99,0.0,0.0
2024-01-19,P0018,S005,WH_5,SKU_25,127.34337,644.0,7.0,311.0,0.0,8.45,14.29,0.0,0.0
2024-01-19,P0009,S002,WH_2,SKU_17,89.1905,527.0,13.0,372.0,0.0,16.68,21.24,1.0,0.0
2024-01-19,P0018,S001,WH_1,SKU_25,125.23825,629.0,5.0,314.0,0.0,14.23,20.28,0.0,0.0
2024-01-20,P0014,S001,WH_1,SKU_21,175.8853,316.0,11.0,245.0,0.0,19.68,23.66,0.0,0.0
2024-01-20,P0017,S002,WH_2,SKU_24,133.38158,418.0,5.0,365.0,0.0,19.69,29.64,0.0,0.0
2024-01-20,P0004,S002,WH_2,SKU_12,161.01746,515.0,6.0,370.0,0.0,19.03,23.02,1.0,0.0
2024-01-20,P0009,S001,WH_1,SKU_17,182.00055,505.0,10.0,268.0,0.0,14.9,26.61,0.0,0.0
2024-01-20,P0014,S004,WH_4,SKU_21,115.29552,644.0,8.0,379.0,0.0,12.65,20.04,0.0,0.0
2024-01-20,P0014,S002,WH_2,SKU_21,164.36208,601.0,7.0,349.0,0.0,8.18,12.0,0.0,0.0
2024-01-20,P0019,S002,WH_2,SKU_26,126.78936,455.0,5.0,273.0,0.0,8.5,11.16,0.0,0.0
2024-01-20,P0003,S002,WH_2,SKU_11,85.73639,556.0,4.0,230.0,0.0,17.93,29.29,0.0,0.0
2024-01-20,P0020,S004,WH_4,SKU_27,85.989784,532.0,14.0,289.0,0.0,13.84,20.65,0.0,0.0
2024-01-20,P0005,S001,WH_1,SKU_13,166.43684,461.0,9.0,246.0,0.0,19.52,24.09,0.0,0.0
2024-01-20,P0009,S005,WH_5,SKU_17,226.77962,495.0,8.0,321.0,0.0,7.73,13.36,0.0,0.0
2024-01-20,P0018,S001,WH_1,SKU_25,145.07913,602.0,5.0,314.0,0.0,14.23,20.28,0.0,0.0
2024-01-20,P0001,S003,WH_3,SKU_1,65.71121,426.0,6.0,314.0,0.0,6.06,8.41,0.0,0.0
2024-01-20,P0005,S004,WH_4,SKU_13,170.23618,480.0,10.0,251.0,0.0,14.29,19.75,1.0,0.0
2024-01-20,P0011,S004,WH_4,SKU_19,125.726906,600.0,4.0,352.0,0.0,5.41,7.4,0.0,0.0
2024-01-20,P0020,S005,WH_5,SKU_27,106.662704,444.0,2.0,353.0,0.0,17.89,25.71,0.0,0.0
2024-01-20,P0011,S005,WH_5,SKU_19,151.36964,445.0,7.0,281.0,0.0,15.87,25.1,0.0,0.0
2024-01-20,P0006,S005,WH_5,SKU_14,94.78961,559.0,6.0,259.0,0.0,11.19,14.98,1.0,0.0
2024-01-20,P0015,S001,WH_1,SKU_22,141.54382,498.0,4.0,282.0,0.0,8.88,12.51,0.0,0.0
2024-01-20,P0016,S001,WH_1,SKU_23,140.77103,544.0,8.0,239.0,323.0,9.05,14.03,0.0,0.0
2024-01-20,P0019,S005,WH_5,SKU_26,86.65233,388.0,4.0,393.0,0.0,17.15,27.81,0.0,0.0
2024-01-20,P0006,S004,WH_4,SKU_14,102.76598,500.0,10.0,343.0,0.0,5.76,8.49,0.0,0.0
2024-01-20,P0011,S003,WH_3,SKU_19,164.2921,398.0,4.0,295.0,0.0,14.17,23.01,0.0,0.0
2024-01-20,P0007,S005,WH_5,SKU_15,143.05403,696.0,14.0,279.0,0.0,15.48,21.47,0.0,0.0
2024-01-20,P0013,S005,WH_5,SKU_20,192.59361,367.0,2.0,246.0,0.0,10.07,18.03,1.0,0.0
2024-01-20,P0008,S001,WH_1,SKU_16,91.119156,447.0,14.0,328.0,0.0,11.96,17.38,1.0,0.0
2024-01-20,P0010,S002,WH_2,SKU_18,115.560646,455.0,10.0,270.0,0.0,17.51,24.82,1.0,0.0
2024-01-20,P0015,S004,WH_4,SKU_22,82.60629,553.0,11.0,374.0,0.0,19.16,23.34,0.0,0.0
2024-01-20,P0013,S003,WH_3,SKU_20,165.50972,448.0,3.0,319.0,0.0,14.9,25.16,0.0,0.0
2024-01-20,P0002,S003,WH_3,SKU_10,141.74583,366.0,5.0,218.0,0.0,13.68,17.87,1.0,0.0
2024-01-20,P0001,S002,WH_2,SKU_1,157.04056,421.0,8.0,322.0,0.0,11.46,19.92,0.0,0.0
2024-01-20,P0016,S002,WH_2,SKU_23,181.25842,302.0,12.0,312.0,0.0,6.68,11.81,0.0,0.0
2024-01-20,P0006,S003,WH_3,SKU_14,86.01366,570.0,3.0,283.0,0.0,5.88,9.37,0.0,0.0
2024-01-20,P0012,S004,WH_4,SKU_2,146.32127,400.0,6.0,290.0,0.0,7.06,10.96,1.0,0.0
2024-01-20,P0012,S001,WH_1,SKU_2,137.41716,544.0,13.0,228.0,0.0,19.76,35.1,0.0,0.0
2024-01-20,P0017,S001,WH_1,SKU_24,139.39986,475.0,2.0,288.0,0.0,6.14,10.22,1.0,0.0
2024-01-20,P0010,S004,WH_4,SKU_18,122.9265,583.0,6.0,250.0,0.0,5.35,9.51,0.0,0.0
2024-01-20,P0019,S003,WH_3,SKU_26,137.25114,454.0,14.0,222.0,0.0,7.66,9.43,0.0,0.0
2024-01-20,P0020,S001,WH_1,SKU_27,71.69895,577.0,2.0,389.0,0.0,5.89,7.48,0.0,0.0
2024-01-20,P0016,S004,WH_4,SKU_23,117.73014,503.0,14.0,236.0,0.0,15.4,18.69,0.0,0.0
2024-01-20,P0017,S003,WH_3,SKU_24,102.40235,444.0,10.0,209.0,0.0,10.59,15.15,0.0,0.0
2024-01-20,P0008,S005,WH_5,SKU_16,129.5011,503.0,2.0,394.0,0.0,13.23,20.46,0.0,0.0
2024-01-20,P0017,S005,WH_5,SKU_24,156.23357,373.0,7.0,313.0,0.0,7.27,12.17,0.0,0.0
2024-01-20,P0009,S004,WH_4,SKU_17,179.25763,394.0,5.0,341.0,0.0,8.62,10.66,0.0,0.0
2024-01-20,P0009,S003,WH_3,SKU_17,124.646385,610.0,3.0,339.0,0.0,16.8,28.54,0.0,0.0
2024-01-20,P0005,S003,WH_3,SKU_13,124.95077,419.0,14.0,382.0,0.0,6.01,8.52,0.0,0.0
2024-01-20,P0004,S001,WH_1,SKU_12,154.68329,550.0,5.0,299.0,0.0,5.36,7.17,0.0,0.0
2024-01-20,P0004,S004,WH_4,SKU_12,181.31712,422.0,12.0,227.0,0.0,14.2,19.73,0.0,0.0
2024-01-20,P0013,S001,WH_1,SKU_20,114.14337,407.0,9.0,295.0,0.0,9.55,16.05,0.0,0.0
2024-01-20,P0018,S003,WH_3,SKU_25,99.08237,411.0,7.0,232.0,0.0,6.51,8.04,0.0,0.0
2024-01-20,P0007,S003,WH_3,SKU_15,135.09946,338.0,7.0,265.0,0.0,6.24,9.99,0.0,0.0
2024-01-20,P0010,S003,WH_3,SKU_18,119.320816,429.0,9.0,213.0,0.0,15.53,20.4,0.0,0.0
2024-01-20,P0011,S001,WH_1,SKU_19,117.79498,570.0,8.0,287.0,0.0,12.4,18.41,0.0,0.0
2024-01-20,P0005,S002,WH_2,SKU_13,179.77884,772.0,11.0,350.0,0.0,17.04,21.69,0.0,0.0
2024-01-20,P0001,S004,WH_4,SKU_1,114.65848,333.0,9.0,333.0,0.0,6.93,10.7,0.0,0.0
2024-01-20,P0020,S002,WH_2,SKU_27,88.46763,470.0,4.0,223.0,0.0,16.3,21.54,0.0,0.0
2024-01-20,P0018,S002,WH_2,SKU_25,93.87164,451.0,3.0,352.0,0.0,5.07,6.95,0.0,0.0
2024-01-20,P0011,S002,WH_2,SKU_19,139.45506,453.0,8.0,316.0,0.0,12.67,18.56,0.0,0.0
2024-01-20,P0016,S005,WH_5,SKU_23,122.09313,359.0,3.0,383.0,0.0,19.43,28.74,0.0,0.0
2024-01-20,P0003,S001,WH_1,SKU_11,103.19163,534.0,4.0,286.0,0.0,19.54,34.79,0.0,0.0
2024-01-20,P0006,S002,WH_2,SKU_14,97.84177,424.0,14.0,268.0,0.0,18.83,23.34,0.0,0.0
2024-01-20,P0015,S002,WH_2,SKU_22,161.35915,337.0,7.0,261.0,0.0,9.82,14.68,0.0,0.0
2024-01-20,P0017,S004,WH_4,SKU_24,180.86365,547.0,13.0,301.0,0.0,7.11,12.19,0.0,0.0
2024-01-20,P0001,S001,WH_1,SKU_1,108.83734,621.0,14.0,379.0,0.0,13.95,20.48,0.0,0.0
2024-01-20,P0003,S003,WH_3,SKU_11,93.333534,393.0,13.0,342.0,0.0,13.85,18.39,0.0,0.0
2024-01-20,P0012,S005,WH_5,SKU_2,94.04902,392.0,14.0,267.0,0.0,15.0,26.38,0.0,0.0
2024-01-20,P0008,S004,WH_4,SKU_16,77.305214,722.0,4.0,367.0,389.0,6.61,9.52,1.0,0.0
2024-01-20,P0015,S005,WH_5,SKU_22,138.78911,407.0,4.0,326.0,0.0,16.45,25.06,0.0,0.0
2024-01-20,P0007,S004,WH_4,SKU_15,160.61967,261.0,5.0,224.0,0.0,13.52,23.32,0.0,0.0
2024-01-20,P0003,S005,WH_5,SKU_11,104.781555,564.0,3.0,349.0,0.0,18.92,31.99,0.0,0.0
2024-01-20,P0007,S001,WH_1,SKU_15,119.97822,363.0,13.0,327.0,0.0,16.7,28.78,0.0,0.0
2024-01-20,P0004,S003,WH_3,SKU_12,168.36427,333.0,6.0,234.0,0.0,10.01,13.38,0.0,0.0
2024-01-20,P0002,S001,WH_1,SKU_10,131.05528,412.0,13.0,361.0,0.0,12.67,18.73,0.0,0.0
2024-01-20,P0014,S003,WH_3,SKU_21,157.3851,551.0,10.0,283.0,0.0,5.75,8.47,0.0,0.0
2024-01-20,P0020,S003,WH_3,SKU_27,114.12641,279.0,3.0,296.0,0.0,9.18,15.91,0.0,0.0
2024-01-20,P0019,S004,WH_4,SKU_26,108.13283,567.0,14.0,331.0,0.0,8.71,13.65,1.0,0.0
2024-01-20,P0003,S004,WH_4,SKU_11,76.07238,573.0,2.0,382.0,0.0,6.2,7.82,0.0,0.0
2024-01-20,P0013,S004,WH_4,SKU_20,127.87333,490.0,2.0,327.0,0.0,16.89,23.51,0.0,0.0
2024-01-20,P0016,S003,WH_3,SKU_23,114.11129,349.0,5.0,293.0,0.0,18.08,23.36,0.0,0.0
2024-01-20,P0018,S005,WH_5,SKU_25,133.1164,612.0,7.0,311.0,0.0,8.45,14.29,1.0,0.0
2024-01-20,P0004,S005,WH_5,SKU_12,159.73436,795.0,6.0,349.0,485.0,10.21,15.8,0.0,0.0
2024-01-20,P0002,S002,WH_2,SKU_10,110.50136,313.0,10.0,310.0,0.0,13.83,22.36,0.0,0.0
2024-01-20,P0012,S002,WH_2,SKU_2,92.274055,498.0,8.0,377.0,0.0,16.77,22.06,0.0,0.0
2024-01-20,P0006,S001,WH_1,SKU_14,111.45627,438.0,11.0,265.0,0.0,8.21,11.1,0.0,0.0
2024-01-20,P0009,S002,WH_2,SKU_17,143.79413,505.0,13.0,372.0,0.0,16.68,21.24,0.0,0.0
2024-01-20,P0013,S002,WH_2,SKU_20,137.71773,650.0,9.0,336.0,0.0,12.31,20.86,0.0,0.0
2024-01-20,P0008,S003,WH_3,SKU_16,126.79388,606.0,6.0,336.0,0.0,12.08,18.52,0.0,0.0
2024-01-20,P0015,S003,WH_3,SKU_22,235.9007,234.0,4.0,211.0,0.0,18.38,32.58,0.0,0.0
2024-01-20,P0010,S001,WH_1,SKU_18,90.743126,345.0,2.0,346.0,0.0,8.62,10.49,0.0,0.0
2024-01-20,P0001,S005,WH_5,SKU_1,111.885956,464.0,4.0,366.0,0.0,19.41,23.81,0.0,0.0
2024-01-20,P0019,S001,WH_1,SKU_26,69.890816,400.0,2.0,335.0,0.0,18.22,23.67,0.0,0.0
2024-01-20,P0005,S005,WH_5,SKU_13,162.29547,423.0,7.0,305.0,0.0,15.13,23.34,0.0,0.0
2024-01-20,P0002,S005,WH_5,SKU_10,94.32529,542.0,9.0,246.0,0.0,9.67,15.35,0.0,0.0
2024-01-20,P0012,S003,WH_3,SKU_2,96.27864,514.0,10.0,319.0,0.0,5.02,7.82,0.0,0.0
2024-01-20,P0010,S005,WH_5,SKU_18,126.692276,467.0,13.0,394.0,0.0,13.35,21.48,0.0,0.0
2024-01-20,P0002,S004,WH_4,SKU_10,106.41931,378.0,14.0,328.0,0.0,19.02,24.9,0.0,0.0
2024-01-20,P0014,S005,WH_5,SKU_21,114.21569,332.0,8.0,309.0,0.0,13.11,23.25,0.0,0.0
2024-01-20,P0007,S002,WH_2,SKU_15,131.37907,534.0,8.0,386.0,0.0,11.37,14.92,0.0,0.0
2024-01-20,P0018,S004,WH_4,SKU_25,64.96843,672.0,9.0,273.0,0.0,12.02,19.24,0.0,0.0
2024-01-20,P0008,S002,WH_2,SKU_16,119.65778,335.0,11.0,327.0,0.0,19.0,26.16,0.0,0.0
2024-01-21,P0009,S005,WH_5,SKU_17,172.96442,473.0,8.0,321.0,0.0,7.73,13.36,0.0,0.0
2024-01-21,P0008,S001,WH_1,SKU_16,85.512314,423.0,14.0,328.0,0.0,11.96,17.38,0.0,0.0
2024-01-21,P0015,S004,WH_4,SKU_22,65.97549,537.0,11.0,374.0,0.0,19.16,23.34,0.0,0.0
2024-01-21,P0001,S002,WH_2,SKU_1,132.04703,393.0,8.0,322.0,0.0,11.46,19.92,0.0,0.0
2024-01-21,P0018,S003,WH_3,SKU_25,67.970474,383.0,7.0,232.0,0.0,6.51,8.04,0.0,0.0
2024-01-21,P0005,S004,WH_4,SKU_13,122.16629,458.0,10.0,251.0,0.0,14.29,19.75,0.0,0.0
2024-01-21,P0011,S005,WH_5,SKU_19,93.70892,422.0,7.0,281.0,0.0,15.87,25.1,0.0,0.0
2024-01-21,P0010,S004,WH_4,SKU_18,140.2831,559.0,6.0,250.0,0.0,5.35,9.51,0.0,0.0
2024-01-21,P0011,S004,WH_4,SKU_19,102.53308,577.0,4.0,352.0,0.0,5.41,7.4,0.0,0.0
2024-01-21,P0020,S005,WH_5,SKU_27,113.3345,415.0,2.0,353.0,0.0,17.89,25.71,1.0,0.0
2024-01-21,P0019,S003,WH_3,SKU_26,96.10221,436.0,14.0,222.0,0.0,7.66,9.43,0.0,0.0
2024-01-21,P0001,S001,WH_1,SKU_1,119.7006,596.0,14.0,379.0,0.0,13.95,20.48,0.0,0.0
2024-01-21,P0006,S002,WH_2,SKU_14,100.16025,398.0,14.0,268.0,0.0,18.83,23.34,0.0,0.0
2024-01-21,P0020,S002,WH_2,SKU_27,56.93006,444.0,4.0,223.0,0.0,16.3,21.54,0.0,0.0
2024-01-21,P0018,S002,WH_2,SKU_25,91.4142,425.0,3.0,352.0,0.0,5.07,6.95,0.0,0.0
2024-01-21,P0017,S004,WH_4,SKU_24,150.0576,521.0,13.0,301.0,0.0,7.11,12.19,0.0,0.0
2024-01-21,P0015,S001,WH_1,SKU_22,117.168564,474.0,4.0,282.0,0.0,8.88,12.51,0.0,0.0
2024-01-21,P0007,S004,WH_4,SKU_15,96.196785,245.0,5.0,224.0,0.0,13.52,23.32,0.0,0.0
2024-01-21,P0002,S001,WH_1,SKU_10,120.960205,395.0,13.0,361.0,0.0,12.67,18.73,0.0,0.0
2024-01-21,P0016,S001,WH_1,SKU_23,116.833084,516.0,8.0,239.0,0.0,9.05,14.03,0.0,0.0
2024-01-21,P0014,S004,WH_4,SKU_21,103.42852,617.0,8.0,379.0,0.0,12.65,20.04,0.0,0.0
2024-01-21,P0012,S001,WH_1,SKU_2,140.24236,518.0,13.0,228.0,0.0,19.76,35.1,0.0,0.0
2024-01-21,P0003,S001,WH_1,SKU_11,92.60376,498.0,4.0,286.0,0.0,19.54,34.79,1.0,0.0
2024-01-21,P0008,S005,WH_5,SKU_16,124.59727,481.0,2.0,394.0,0.0,13.23,20.46,0.0,0.0
2024-01-21,P0017,S005,WH_5,SKU_24,139.23749,353.0,7.0,313.0,0.0,7.27,12.17,0.0,0.0
2024-01-21,P0009,S001,WH_1,SKU_17,159.27,483.0,10.0,268.0,0.0,14.9,26.61,0.0,0.0
2024-01-21,P0006,S005,WH_5,SKU_14,131.90208,536.0,6.0,259.0,0.0,11.19,14.98,0.0,0.0
2024-01-21,P0018,S004,WH_4,SKU_25,62.5314,648.0,9.0,273.0,0.0,12.02,19.24,0.0,0.0
2024-01-21,P0008,S003,WH_3,SKU_16,102.11721,580.0,6.0,336.0,0.0,12.08,18.52,0.0,0.0
2024-01-21,P0012,S003,WH_3,SKU_2,75.73546,482.0,10.0,319.0,0.0,5.02,7.82,0.0,0.0
2024-01-21,P0018,S005,WH_5,SKU_25,114.44467,587.0,7.0,311.0,0.0,8.45,14.29,0.0,0.0
2024-01-21,P0012,S002,WH_2,SKU_2,71.46581,470.0,8.0,377.0,0.0,16.77,22.06,1.0,0.0
2024-01-21,P0010,S003,WH_3,SKU_18,129.09088,413.0,9.0,213.0,0.0,15.53,20.4,0.0,0.0
2024-01-21,P0007,S002,WH_2,SKU_15,76.25842,502.0,8.0,386.0,0.0,11.37,14.92,0.0,0.0
2024-01-21,P0006,S001,WH_1,SKU_14,99.44471,416.0,11.0,265.0,0.0,8.21,11.1,0.0,0.0
2024-01-21,P0016,S002,WH_2,SKU_23,103.0712,541.0,12.0,312.0,260.0,6.68,11.81,0.0,0.0
2024-01-21,P0004,S002,WH_2,SKU_12,141.81883,483.0,6.0,370.0,0.0,19.03,23.02,0.0,0.0
2024-01-21,P0011,S002,WH_2,SKU_19,113.19298,422.0,8.0,316.0,0.0,12.67,18.56,0.0,0.0
2024-01-21,P0013,S001,WH_1,SKU_20,111.05443,366.0,9.0,295.0,0.0,9.55,16.05,1.0,0.0
2024-01-21,P0009,S003,WH_3,SKU_17,126.61524,577.0,3.0,339.0,0.0,16.8,28.54,1.0,0.0
2024-01-21,P0001,S003,WH_3,SKU_1,88.08088,404.0,6.0,314.0,0.0,6.06,8.41,0.0,0.0
2024-01-21,P0017,S001,WH_1,SKU_24,123.09658,448.0,2.0,288.0,0.0,6.14,10.22,0.0,0.0
2024-01-21,P0017,S002,WH_2,SKU_24,113.03232,395.0,5.0,365.0,0.0,19.69,29.64,0.0,0.0
2024-01-21,P0013,S005,WH_5,SKU_20,123.82471,343.0,2.0,246.0,0.0,10.07,18.03,1.0,0.0
2024-01-21,P0014,S002,WH_2,SKU_21,122.292885,568.0,7.0,349.0,0.0,8.18,12.0,0.0,0.0
2024-01-21,P0004,S003,WH_3,SKU_12,121.265,308.0,6.0,234.0,0.0,10.01,13.38,0.0,0.0
2024-01-21,P0004,S001,WH_1,SKU_12,167.63745,529.0,5.0,299.0,0.0,5.36,7.17,0.0,0.0
2024-01-21,P0015,S002,WH_2,SKU_22,108.46375,306.0,7.0,261.0,0.0,9.82,14.68,0.0,0.0
2024-01-21,P0015,S005,WH_5,SKU_22,118.21715,385.0,4.0,326.0,0.0,16.45,25.06,0.0,0.0
2024-01-21,P0019,S001,WH_1,SKU_26,62.81142,379.0,2.0,335.0,0.0,18.22,23.67,0.0,0.0
2024-01-21,P0002,S005,WH_5,SKU_10,79.05824,510.0,9.0,246.0,0.0,9.67,15.35,1.0,0.0
2024-01-21,P0006,S003,WH_3,SKU_14,94.458855,552.0,3.0,283.0,0.0,5.88,9.37,0.0,0.0
2024-01-21,P0004,S004,WH_4,SKU_12,137.05038,404.0,12.0,227.0,0.0,14.2,19.73,0.0,0.0
2024-01-21,P0020,S001,WH_1,SKU_27,102.91615,554.0,2.0,389.0,0.0,5.89,7.48,0.0,0.0
2024-01-21,P0007,S003,WH_3,SKU_15,85.76621,307.0,7.0,265.0,0.0,6.24,9.99,0.0,0.0
2024-01-21,P0017,S003,WH_3,SKU_24,68.838036,419.0,10.0,209.0,0.0,10.59,15.15,0.0,0.0
2024-01-21,P0004,S005,WH_5,SKU_12,142.44409,777.0,6.0,349.0,0.0,10.21,15.8,0.0,0.0
2024-01-21,P0016,S003,WH_3,SKU_23,122.62413,321.0,5.0,293.0,0.0,18.08,23.36,0.0,0.0
2024-01-21,P0005,S001,WH_1,SKU_13,160.29254,439.0,9.0,246.0,0.0,19.52,24.09,0.0,0.0
2024-01-21,P0001,S005,WH_5,SKU_1,146.13019,438.0,4.0,366.0,0.0,19.41,23.81,0.0,0.0
2024-01-21,P0013,S002,WH_2,SKU_20,83.10867,625.0,9.0,336.0,0.0,12.31,20.86,0.0,0.0
2024-01-21,P0007,S005,WH_5,SKU_15,133.31194,674.0,14.0,279.0,0.0,15.48,21.47,0.0,0.0
2024-01-21,P0006,S004,WH_4,SKU_14,100.31799,475.0,10.0,343.0,0.0,5.76,8.49,0.0,0.0
2024-01-21,P0003,S002,WH_2,SKU_11,91.338684,539.0,4.0,230.0,0.0,17.93,29.29,0.0,0.0
2024-01-21,P0014,S005,WH_5,SKU_21,100.11894,312.0,8.0,309.0,0.0,13.11,23.25,0.0,0.0
2024-01-21,P0019,S002,WH_2,SKU_26,83.082756,438.0,5.0,273.0,0.0,8.5,11.16,0.0,0.0
2024-01-21,P0009,S004,WH_4,SKU_17,102.80535,368.0,5.0,341.0,0.0,8.62,10.66,0.0,0.0
2024-01-21,P0008,S002,WH_2,SKU_16,108.13088,319.0,11.0,327.0,0.0,19.0,26.16,0.0,0.0
2024-01-21,P0009,S002,WH_2,SKU_17,135.12708,469.0,13.0,372.0,0.0,16.68,21.24,1.0,0.0
2024-01-21,P0020,S003,WH_3,SKU_27,114.03708,732.0,3.0,296.0,477.0,9.18,15.91,1.0,0.0
2024-01-21,P0005,S005,WH_5,SKU_13,161.377,398.0,7.0,305.0,0.0,15.13,23.34,0.0,0.0
2024-01-21,P0016,S004,WH_4,SKU_23,69.166046,483.0,14.0,236.0,0.0,15.4,18.69,0.0,0.0
2024-01-21,P0012,S005,WH_5,SKU_2,89.17197,360.0,14.0,267.0,0.0,15.0,26.38,1.0,0.0
2024-01-21,P0019,S004,WH_4,SKU_26,85.88877,546.0,14.0,331.0,0.0,8.71,13.65,0.0,0.0
2024-01-21,P0014,S003,WH_3,SKU_21,213.73846,531.0,10.0,283.0,0.0,5.75,8.47,0.0,0.0
2024-01-21,P0010,S002,WH_2,SKU_18,159.59784,415.0,10.0,270.0,0.0,17.51,24.82,1.0,0.0
2024-01-21,P0012,S004,WH_4,SKU_2,85.64831,372.0,6.0,290.0,0.0,7.06,10.96,0.0,0.0
2024-01-21,P0011,S001,WH_1,SKU_19,76.870155,555.0,8.0,287.0,0.0,12.4,18.41,0.0,0.0
2024-01-21,P0013,S004,WH_4,SKU_20,74.47813,458.0,2.0,327.0,0.0,16.89,23.51,0.0,0.0
2024-01-21,P0005,S003,WH_3,SKU_13,95.52789,395.0,14.0,382.0,0.0,6.01,8.52,0.0,0.0
2024-01-21,P0019,S005,WH_5,SKU_26,112.93115,700.0,4.0,393.0,334.0,17.15,27.81,0.0,0.0
2024-01-21,P0020,S004,WH_4,SKU_27,84.04825,507.0,14.0,289.0,0.0,13.84,20.65,0.0,0.0
2024-01-21,P0002,S004,WH_4,SKU_10,72.39074,355.0,14.0,328.0,0.0,19.02,24.9,0.0,0.0
2024-01-21,P0002,S002,WH_2,SKU_10,76.556915,289.0,10.0,310.0,0.0,13.83,22.36,0.0,0.0
2024-01-21,P0003,S004,WH_4,SKU_11,52.09564,536.0,2.0,382.0,0.0,6.2,7.82,0.0,0.0
2024-01-21,P0014,S001,WH_1,SKU_21,134.47307,292.0,11.0,245.0,0.0,19.68,23.66,0.0,0.0
2024-01-21,P0015,S003,WH_3,SKU_22,93.45997,216.0,4.0,211.0,0.0,18.38,32.58,0.0,0.0
2024-01-21,P0007,S001,WH_1,SKU_15,105.40228,341.0,13.0,327.0,0.0,16.7,28.78,0.0,0.0
2024-01-21,P0010,S001,WH_1,SKU_18,75.713135,679.0,2.0,346.0,353.0,8.62,10.49,0.0,0.0
2024-01-21,P0010,S005,WH_5,SKU_18,126.33664,440.0,13.0,394.0,0.0,13.35,21.48,1.0,0.0
2024-01-21,P0003,S005,WH_5,SKU_11,87.661125,537.0,3.0,349.0,0.0,18.92,31.99,0.0,0.0
2024-01-21,P0003,S003,WH_3,SKU_11,83.77901,370.0,13.0,342.0,0.0,13.85,18.39,0.0,0.0
2024-01-21,P0001,S004,WH_4,SKU_1,100.61932,717.0,9.0,333.0,413.0,6.93,10.7,0.0,0.0
2024-01-21,P0016,S005,WH_5,SKU_23,100.44564,736.0,3.0,383.0,402.0,19.43,28.74,0.0,0.0
2024-01-21,P0005,S002,WH_2,SKU_13,104.75471,752.0,11.0,350.0,0.0,17.04,21.69,0.0,0.0
2024-01-21,P0002,S003,WH_3,SKU_10,94.74635,345.0,5.0,218.0,0.0,13.68,17.87,0.0,0.0
2024-01-21,P0011,S003,WH_3,SKU_19,94.88386,375.0,4.0,295.0,0.0,14.17,23.01,0.0,0.0
2024-01-21,P0008,S004,WH_4,SKU_16,82.126076,693.0,4.0,367.0,0.0,6.61,9.52,0.0,0.0
2024-01-21,P0018,S001,WH_1,SKU_25,122.50465,578.0,5.0,314.0,0.0,14.23,20.28,0.0,0.0
2024-01-21,P0013,S003,WH_3,SKU_20,109.70446,409.0,3.0,319.0,0.0,14.9,25.16,1.0,0.0
2024-01-22,P0013,S001,WH_1,SKU_20,110.410194,345.0,9.0,295.0,0.0,9.55,16.05,0.0,0.0
2024-01-22,P0010,S005,WH_5,SKU_18,129.01791,416.0,13.0,394.0,0.0,13.35,21.48,0.0,0.0
2024-01-22,P0001,S001,WH_1,SKU_1,145.93188,568.0,14.0,379.0,0.0,13.95,20.48,0.0,0.0
2024-01-22,P0003,S004,WH_4,SKU_11,87.728065,511.0,2.0,382.0,0.0,6.2,7.82,0.0,0.0
2024-01-22,P0008,S004,WH_4,SKU_16,45.73804,676.0,4.0,367.0,0.0,6.61,9.52,0.0,0.0
2024-01-22,P0004,S005,WH_5,SKU_12,125.26276,759.0,6.0,349.0,0.0,10.21,15.8,0.0,0.0
2024-01-22,P0010,S003,WH_3,SKU_18,119.23055,387.0,9.0,213.0,0.0,15.53,20.4,0.0,0.0
2024-01-22,P0005,S002,WH_2,SKU_13,84.18375,725.0,11.0,350.0,0.0,17.04,21.69,0.0,0.0
2024-01-22,P0013,S002,WH_2,SKU_20,99.356346,606.0,9.0,336.0,0.0,12.31,20.86,0.0,0.0
2024-01-22,P0011,S001,WH_1,SKU_19,96.38767,526.0,8.0,287.0,0.0,12.4,18.41,0.0,0.0
2024-01-22,P0003,S001,WH_1,SKU_11,140.66725,471.0,4.0,286.0,0.0,19.54,34.79,0.0,0.0
2024-01-22,P0009,S005,WH_5,SKU_17,144.86328,450.0,8.0,321.0,0.0,7.73,13.36,0.0,0.0
2024-01-22,P0016,S005,WH_5,SKU_23,114.597946,710.0,3.0,383.0,0.0,19.43,28.74,0.0,0.0
2024-01-22,P0001,S004,WH_4,SKU_1,123.03751,690.0,9.0,333.0,0.0,6.93,10.7,0.0,0.0
2024-01-22,P0020,S002,WH_2,SKU_27,109.50797,421.0,4.0,223.0,0.0,16.3,21.54,1.0,0.0
2024-01-22,P0018,S002,WH_2,SKU_25,59.624416,403.0,3.0,352.0,0.0,5.07,6.95,0.0,0.0
2024-01-22,P0005,S001,WH_1,SKU_13,101.46955,414.0,9.0,246.0,0.0,19.52,24.09,0.0,0.0
2024-01-22,P0019,S001,WH_1,SKU_26,85.046326,354.0,2.0,335.0,0.0,18.22,23.67,0.0,0.0
2024-01-22,P0015,S004,WH_4,SKU_22,72.10969,515.0,11.0,374.0,0.0,19.16,23.34,0.0,0.0
2024-01-22,P0018,S004,WH_4,SKU_25,133.62244,621.0,9.0,273.0,0.0,12.02,19.24,1.0,0.0
2024-01-22,P0003,S003,WH_3,SKU_11,124.21224,352.0,13.0,342.0,0.0,13.85,18.39,0.0,0.0
2024-01-22,P0006,S002,WH_2,SKU_14,85.733986,378.0,14.0,268.0,0.0,18.83,23.34,0.0,0.0
2024-01-22,P0002,S002,WH_2,SKU_10,76.36054,711.0,10.0,310.0,457.0,13.83,22.36,1.0,0.0
2024-01-22,P0019,S003,WH_3,SKU_26,172.74289,410.0,14.0,222.0,0.0,7.66,9.43,0.0,0.0
2024-01-22,P0012,S002,WH_2,SKU_2,93.78161,449.0,8.0,377.0,0.0,16.77,22.06,0.0,0.0
2024-01-22,P0003,S005,WH_5,SKU_11,143.86595,517.0,3.0,349.0,0.0,18.92,31.99,0.0,0.0
2024-01-22,P0008,S001,WH_1,SKU_16,108.354294,401.0,14.0,328.0,0.0,11.96,17.38,0.0,0.0
2024-01-22,P0016,S003,WH_3,SKU_23,138.19194,293.0,5.0,293.0,0.0,18.08,23.36,0.0,0.0
2024-01-22,P0007,S004,WH_4,SKU_15,108.27731,219.0,5.0,224.0,0.0,13.52,23.32,0.0,0.0
2024-01-22,P0008,S003,WH_3,SKU_16,117.59932,538.0,6.0,336.0,0.0,12.08,18.52,1.0,0.0
2024-01-22,P0019,S004,WH_4,SKU_26,138.65451,531.0,14.0,331.0,0.0,8.71,13.65,0.0,0.0
2024-01-22,P0013,S004,WH_4,SKU_20,119.66852,445.0,2.0,327.0,0.0,16.89,23.51,0.0,0.0
2024-01-22,P0002,S004,WH_4,SKU_10,92.863815,334.0,14.0,328.0,0.0,19.02,24.9,0.0,0.0
2024-01-22,P0015,S002,WH_2,SKU_22,101.54451,289.0,7.0,261.0,0.0,9.82,14.68,0.0,0.0
2024-01-22,P0002,S001,WH_1,SKU_10,135.3367,369.0,13.0,361.0,0.0,12.67,18.73,0.0,0.0
2024-01-22,P0009,S002,WH_2,SKU_17,103.77942,441.0,13.0,372.0,0.0,16.68,21.24,0.0,0.0
2024-01-22,P0007,S001,WH_1,SKU_15,108.3787,323.0,13.0,327.0,0.0,16.7,28.78,0.0,0.0
2024-01-22,P0017,S004,WH_4,SKU_24,165.74197,502.0,13.0,301.0,0.0,7.11,12.19,0.0,0.0
2024-01-22,P0007,S003,WH_3,SKU_15,89.562454,287.0,7.0,265.0,0.0,6.24,9.99,0.0,0.0
2024-01-22,P0016,S001,WH_1,SKU_23,130.08841,496.0,8.0,239.0,0.0,9.05,14.03,0.0,0.0
2024-01-22,P0020,S005,WH_5,SKU_27,134.02306,381.0,2.0,353.0,0.0,17.89,25.71,0.0,0.0
2024-01-22,P0018,S005,WH_5,SKU_25,191.06961,555.0,7.0,311.0,0.0,8.45,14.29,1.0,0.0
2024-01-22,P0020,S001,WH_1,SKU_27,79.211205,535.0,2.0,389.0,0.0,5.89,7.48,0.0,0.0
2024-01-22,P0010,S002,WH_2,SKU_18,156.0268,387.0,10.0,270.0,0.0,17.51,24.82,1.0,0.0
2024-01-22,P0006,S005,WH_5,SKU_14,124.47899,510.0,6.0,259.0,0.0,11.19,14.98,0.0,0.0
2024-01-22,P0014,S003,WH_3,SKU_21,125.999054,514.0,10.0,283.0,0.0,5.75,8.47,0.0,0.0
2024-01-22,P0017,S003,WH_3,SKU_24,130.2414,399.0,10.0,209.0,0.0,10.59,15.15,0.0,0.0
2024-01-22,P0004,S004,WH_4,SKU_12,116.26773,374.0,12.0,227.0,0.0,14.2,19.73,0.0,0.0
2024-01-22,P0014,S002,WH_2,SKU_21,102.77008,545.0,7.0,349.0,0.0,8.18,12.0,0.0,0.0
2024-01-22,P0001,S005,WH_5,SKU_1,178.31018,419.0,4.0,366.0,0.0,19.41,23.81,0.0,0.0
2024-01-22,P0009,S003,WH_3,SKU_17,111.227554,559.0,3.0,339.0,0.0,16.8,28.54,0.0,0.0
2024-01-22,P0018,S001,WH_1,SKU_25,151.93411,555.0,5.0,314.0,0.0,14.23,20.28,0.0,0.0
2024-01-22,P0017,S001,WH_1,SKU_24,147.10301,423.0,2.0,288.0,0.0,6.14,10.22,0.0,0.0
2024-01-22,P0002,S003,WH_3,SKU_10,105.393845,323.0,5.0,218.0,0.0,13.68,17.87,0.0,0.0
2024-01-22,P0012,S004,WH_4,SKU_2,136.84593,342.0,6.0,290.0,0.0,7.06,10.96,0.0,0.0
2024-01-22,P0011,S004,WH_4,SKU_19,138.58313,549.0,4.0,352.0,0.0,5.41,7.4,0.0,0.0
2024-01-22,P0001,S002,WH_2,SKU_1,121.2732,378.0,8.0,322.0,0.0,11.46,19.92,0.0,0.0
2024-01-22,P0016,S002,WH_2,SKU_23,85.390785,518.0,12.0,312.0,0.0,6.68,11.81,0.0,0.0
2024-01-22,P0014,S004,WH_4,SKU_21,94.05183,592.0,8.0,379.0,0.0,12.65,20.04,0.0,0.0
2024-01-22,P0008,S002,WH_2,SKU_16,78.68012,590.0,11.0,327.0,295.0,19.0,26.16,0.0,0.0
2024-01-22,P0013,S003,WH_3,SKU_20,147.0379,389.0,3.0,319.0,0.0,14.9,25.16,0.0,0.0
2024-01-22,P0014,S005,WH_5,SKU_21,79.988884,295.0,8.0,309.0,0.0,13.11,23.25,0.0,0.0
2024-01-22,P0011,S003,WH_3,SKU_19,145.2829,340.0,4.0,295.0,0.0,14.17,23.01,1.0,0.0
2024-01-22,P0006,S003,WH_3,SKU_14,112.27218,539.0,3.0,283.0,0.0,5.88,9.37,0.0,0.0
2024-01-22,P0010,S001,WH_1,SKU_18,90.42337,654.0,2.0,346.0,0.0,8.62,10.49,0.0,0.0
2024-01-22,P0015,S003,WH_3,SKU_22,169.73793,190.0,4.0,211.0,0.0,18.38,32.58,0.0,0.0
2024-01-22,P0012,S003,WH_3,SKU_2,109.802124,455.0,10.0,319.0,0.0,5.02,7.82,0.0,0.0
2024-01-22,P0014,S001,WH_1,SKU_21,194.02615,272.0,11.0,245.0,0.0,19.68,23.66,1.0,0.0
2024-01-22,P0001,S003,WH_3,SKU_1,126.3406,383.0,6.0,314.0,0.0,6.06,8.41,0.0,0.0
2024-01-22,P0013,S005,WH_5,SKU_20,134.52014,310.0,2.0,246.0,0.0,10.07,18.03,1.0,0.0
2024-01-22,P0017,S002,WH_2,SKU_24,111.269646,371.0,5.0,365.0,0.0,19.69,29.64,0.0,0.0
2024-01-22,P0015,S001,WH_1,SKU_22,97.803185,440.0,4.0,282.0,0.0,8.88,12.51,0.0,0.0
2024-01-22,P0004,S003,WH_3,SKU_12,130.26286,272.0,6.0,234.0,0.0,10.01,13.38,1.0,0.0
2024-01-22,P0005,S003,WH_3,SKU_13,114.594025,372.0,14.0,382.0,0.0,6.01,8.52,0.0,0.0
2024-01-22,P0019,S005,WH_5,SKU_26,136.62416,676.0,4.0,393.0,0.0,17.15,27.81,0.0,0.0
2024-01-22,P0005,S004,WH_4,SKU_13,76.90689,438.0,10.0,251.0,0.0,14.29,19.75,0.0,0.0
2024-01-22,P0016,S004,WH_4,SKU_23,72.99409,464.0,14.0,236.0,0.0,15.4,18.69,0.0,0.0
2024-01-22,P0017,S005,WH_5,SKU_24,143.17905,328.0,7.0,313.0,0.0,7.27,12.17,0.0,0.0
2024-01-22,P0020,S004,WH_4,SKU_27,132.66692,483.0,14.0,289.0,0.0,13.84,20.65,0.0,0.0
2024-01-22,P0005,S005,WH_5,SKU_13,123.58485,381.0,7.0,305.0,0.0,15.13,23.34,0.0,0.0
2024-01-22,P0004,S001,WH_1,SKU_12,103.8228,503.0,5.0,299.0,0.0,5.36,7.17,0.0,0.0
2024-01-22,P0006,S004,WH_4,SKU_14,117.88326,451.0,10.0,343.0,0.0,5.76,8.49,0.0,0.0
2024-01-22,P0009,S001,WH_1,SKU_17,159.03413,458.0,10.0,268.0,0.0,14.9,26.61,0.0,0.0
2024-01-22,P0019,S002,WH_2,SKU_26,137.7755,420.0,5.0,273.0,0.0,8.5,11.16,0.0,0.0
2024-01-22,P0008,S005,WH_5,SKU_16,132.8361,457.0,2.0,394.0,0.0,13.23,20.46,0.0,0.0
2024-01-22,P0004,S002,WH_2,SKU_12,111.41559,452.0,6.0,370.0,0.0,19.03,23.02,0.0,0.0
2024-01-22,P0007,S002,WH_2,SKU_15,80.7725,482.0,8.0,386.0,0.0,11.37,14.92,0.0,0.0
2024-01-22,P0012,S001,WH_1,SKU_2,120.147896,491.0,13.0,228.0,0.0,19.76,35.1,0.0,0.0
2024-01-22,P0020,S003,WH_3,SKU_27,135.70905,717.0,3.0,296.0,0.0,9.18,15.91,0.0,0.0
2024-01-22,P0018,S003,WH_3,SKU_25,112.14808,361.0,7.0,232.0,0.0,6.51,8.04,0.0,0.0
2024-01-22,P0012,S005,WH_5,SKU_2,127.56783,339.0,14.0,267.0,0.0,15.0,26.38,0.0,0.0
2024-01-22,P0003,S002,WH_2,SKU_11,138.09631,522.0,4.0,230.0,0.0,17.93,29.29,0.0,0.0
2024-01-22,P0011,S005,WH_5,SKU_19,99.154816,404.0,7.0,281.0,0.0,15.87,25.1,0.0,0.0
2024-01-22,P0002,S005,WH_5,SKU_10,106.40937,487.0,9.0,246.0,0.0,9.67,15.35,0.0,0.0
2024-01-22,P0010,S004,WH_4,SKU_18,102.685585,535.0,6.0,250.0,0.0,5.35,9.51,0.0,0.0
2024-01-22,P0006,S001,WH_1,SKU_14,114.48913,392.0,11.0,265.0,0.0,8.21,11.1,1.0,0.0
2024-01-22,P0015,S005,WH_5,SKU_22,103.00311,361.0,4.0,326.0,0.0,16.45,25.06,0.0,0.0
2024-01-22,P0011,S002,WH_2,SKU_19,125.85593,388.0,8.0,316.0,0.0,12.67,18.56,0.0,0.0
2024-01-22,P0009,S004,WH_4,SKU_17,104.53733,346.0,5.0,341.0,0.0,8.62,10.66,0.0,0.0
2024-01-22,P0007,S005,WH_5,SKU_15,116.02803,657.0,14.0,279.0,0.0,15.48,21.47,0.0,0.0
2024-01-23,P0016,S002,WH_2,SKU_23,116.3919,503.0,12.0,312.0,0.0,6.68,11.81,0.0,0.0
2024-01-23,P0008,S005,WH_5,SKU_16,134.22325,437.0,2.0,394.0,0.0,13.23,20.46,0.0,0.0
2024-01-23,P0001,S003,WH_3,SKU_1,96.78942,367.0,6.0,314.0,0.0,6.06,8.41,0.0,0.0
2024-01-23,P0005,S004,WH_4,SKU_13,93.581276,410.0,10.0,251.0,0.0,14.29,19.75,0.0,0.0
2024-01-23,P0015,S004,WH_4,SKU_22,62.965096,503.0,11.0,374.0,0.0,19.16,23.34,0.0,0.0
2024-01-23,P0017,S004,WH_4,SKU_24,99.60963,486.0,13.0,301.0,0.0,7.11,12.19,0.0,0.0
2024-01-23,P0002,S003,WH_3,SKU_10,102.98299,304.0,5.0,218.0,0.0,13.68,17.87,0.0,0.0
2024-01-23,P0009,S002,WH_2,SKU_17,78.42509,421.0,13.0,372.0,0.0,16.68,21.24,0.0,0.0
2024-01-23,P0010,S003,WH_3,SKU_18,110.90404,355.0,9.0,213.0,0.0,15.53,20.4,0.0,0.0
2024-01-23,P0015,S002,WH_2,SKU_22,98.97051,259.0,7.0,261.0,0.0,9.82,14.68,0.0,0.0
2024-01-23,P0017,S002,WH_2,SKU_24,65.623375,348.0,5.0,365.0,0.0,19.69,29.64,0.0,0.0
2024-01-23,P0008,S002,WH_2,SKU_16,136.2348,572.0,11.0,327.0,0.0,19.0,26.16,0.0,0.0
2024-01-23,P0010,S001,WH_1,SKU_18,73.67264,628.0,2.0,346.0,0.0,8.62,10.49,0.0,0.0
2024-01-23,P0011,S001,WH_1,SKU_19,109.13235,507.0,8.0,287.0,0.0,12.4,18.41,0.0,0.0
2024-01-23,P0020,S001,WH_1,SKU_27,65.029976,514.0,2.0,389.0,0.0,5.89,7.48,0.0,0.0
2024-01-23,P0006,S004,WH_4,SKU_14,131.43428,428.0,10.0,343.0,0.0,5.76,8.49,0.0,0.0
2024-01-23,P0011,S003,WH_3,SKU_19,104.47879,325.0,4.0,295.0,0.0,14.17,23.01,0.0,0.0
2024-01-23,P0009,S001,WH_1,SKU_17,102.26827,434.0,10.0,268.0,0.0,14.9,26.61,0.0,0.0
2024-01-23,P0017,S005,WH_5,SKU_24,85.63661,308.0,7.0,313.0,0.0,7.27,12.17,0.0,0.0
2024-01-23,P0014,S002,WH_2,SKU_21,95.83944,522.0,7.0,349.0,0.0,8.18,12.0,0.0,0.0
2024-01-23,P0012,S005,WH_5,SKU_2,101.50364,304.0,14.0,267.0,0.0,15.0,26.38,1.0,0.0
2024-01-23,P0007,S002,WH_2,SKU_15,87.78747,467.0,8.0,386.0,0.0,11.37,14.92,0.0,0.0
2024-01-23,P0011,S005,WH_5,SKU_19,93.16203,382.0,7.0,281.0,0.0,15.87,25.1,0.0,0.0
2024-01-23,P0018,S001,WH_1,SKU_25,114.49012,533.0,5.0,314.0,0.0,14.23,20.28,0.0,0.0
2024-01-23,P0012,S001,WH_1,SKU_2,136.19006,468.0,13.0,228.0,0.0,19.76,35.1,0.0,0.0
2024-01-23,P0013,S002,WH_2,SKU_20,125.70663,578.0,9.0,336.0,0.0,12.31,20.86,0.0,0.0
2024-01-23,P0007,S001,WH_1,SKU_15,80.662735,674.0,13.0,327.0,372.0,16.7,28.78,0.0,0.0
2024-01-23,P0013,S001,WH_1,SKU_20,118.980865,320.0,9.0,295.0,0.0,9.55,16.05,0.0,0.0
2024-01-23,P0007,S005,WH_5,SKU_15,94.391106,621.0,14.0,279.0,0.0,15.48,21.47,0.0,0.0
2024-01-23,P0019,S004,WH_4,SKU_26,91.709854,511.0,14.0,331.0,0.0,8.71,13.65,0.0,0.0
2024-01-23,P0013,S003,WH_3,SKU_20,123.693184,371.0,3.0,319.0,0.0,14.9,25.16,0.0,0.0
2024-01-23,P0012,S004,WH_4,SKU_2,129.96098,318.0,6.0,290.0,0.0,7.06,10.96,0.0,0.0
2024-01-23,P0003,S002,WH_2,SKU_11,109.68383,502.0,4.0,230.0,0.0,17.93,29.29,0.0,0.0
2024-01-23,P0010,S005,WH_5,SKU_18,97.356224,392.0,13.0,394.0,0.0,13.35,21.48,0.0,0.0
2024-01-23,P0016,S005,WH_5,SKU_23,117.5434,690.0,3.0,383.0,0.0,19.43,28.74,0.0,0.0
2024-01-23,P0018,S003,WH_3,SKU_25,89.4449,347.0,7.0,232.0,0.0,6.51,8.04,0.0,0.0
2024-01-23,P0007,S003,WH_3,SKU_15,92.718216,266.0,7.0,265.0,0.0,6.24,9.99,0.0,0.0
2024-01-23,P0019,S002,WH_2,SKU_26,110.62772,389.0,5.0,273.0,0.0,8.5,11.16,0.0,0.0
2024-01-23,P0014,S001,WH_1,SKU_21,96.30262,254.0,11.0,245.0,0.0,19.68,23.66,0.0,0.0
2024-01-23,P0002,S002,WH_2,SKU_10,74.72779,688.0,10.0,310.0,0.0,13.83,22.36,0.0,0.0
2024-01-23,P0005,S003,WH_3,SKU_13,84.324,740.0,14.0,382.0,386.0,6.01,8.52,0.0,0.0
2024-01-23,P0020,S004,WH_4,SKU_27,68.856285,455.0,14.0,289.0,0.0,13.84,20.65,1.0,0.0
2024-01-23,P0004,S004,WH_4,SKU_12,137.3465,348.0,12.0,227.0,0.0,14.2,19.73,0.0,0.0
2024-01-23,P0011,S002,WH_2,SKU_19,77.15553,373.0,8.0,316.0,0.0,12.67,18.56,0.0,0.0
2024-01-23,P0013,S004,WH_4,SKU_20,142.93501,417.0,2.0,327.0,0.0,16.89,23.51,0.0,0.0
2024-01-23,P0003,S005,WH_5,SKU_11,76.49032,494.0,3.0,349.0,0.0,18.92,31.99,0.0,0.0
2024-01-23,P0004,S001,WH_1,SKU_12,68.24508,478.0,5.0,299.0,0.0,5.36,7.17,0.0,0.0
2024-01-23,P0017,S003,WH_3,SKU_24,88.18526,377.0,10.0,209.0,0.0,10.59,15.15,0.0,0.0
2024-01-23,P0014,S005,WH_5,SKU_21,56.328266,473.0,8.0,309.0,213.0,13.11,23.25,1.0,0.0
2024-01-23,P0008,S004,WH_4,SKU_16,76.46049,647.0,4.0,367.0,0.0,6.61,9.52,0.0,0.0
2024-01-23,P0005,S005,WH_5,SKU_13,101.09681,356.0,7.0,305.0,0.0,15.13,23.34,0.0,0.0
2024-01-23,P0001,S004,WH_4,SKU_1,84.542244,651.0,9.0,333.0,0.0,6.93,10.7,1.0,0.0
2024-01-23,P0019,S005,WH_5,SKU_26,59.55087,655.0,4.0,393.0,0.0,17.15,27.81,0.0,0.0
2024-01-23,P0016,S001,WH_1,SKU_23,136.82948,474.0,8.0,239.0,0.0,9.05,14.03,0.0,0.0
2024-01-23,P0014,S003,WH_3,SKU_21,115.20982,484.0,10.0,283.0,0.0,5.75,8.47,0.0,0.0
2024-01-23,P0002,S004,WH_4,SKU_10,94.65226,302.0,14.0,328.0,0.0,19.02,24.9,0.0,0.0
2024-01-23,P0006,S003,WH_3,SKU_14,158.87358,515.0,3.0,283.0,0.0,5.88,9.37,0.0,0.0
2024-01-23,P0020,S002,WH_2,SKU_27,54.29837,402.0,4.0,223.0,0.0,16.3,21.54,0.0,0.0
2024-01-23,P0012,S002,WH_2,SKU_2,98.18157,425.0,8.0,377.0,0.0,16.77,22.06,0.0,0.0
2024-01-23,P0013,S005,WH_5,SKU_20,132.28532,298.0,2.0,246.0,0.0,10.07,18.03,0.0,0.0
2024-01-23,P0001,S005,WH_5,SKU_1,70.75639,392.0,4.0,366.0,0.0,19.41,23.81,0.0,0.0
2024-01-23,P0005,S002,WH_2,SKU_13,91.479195,698.0,11.0,350.0,0.0,17.04,21.69,0.0,0.0
2024-01-23,P0010,S002,WH_2,SKU_18,97.586494,361.0,10.0,270.0,0.0,17.51,24.82,0.0,0.0
2024-01-23,P0015,S001,WH_1,SKU_22,99.9106,422.0,4.0,282.0,0.0,8.88,12.51,0.0,0.0
2024-01-23,P0003,S003,WH_3,SKU_11,114.0966,331.0,13.0,342.0,0.0,13.85,18.39,0.0,0.0
2024-01-23,P0006,S005,WH_5,SKU_14,126.53766,480.0,6.0,259.0,0.0,11.19,14.98,0.0,0.0
2024-01-23,P0009,S005,WH_5,SKU_17,74.11022,426.0,8.0,321.0,0.0,7.73,13.36,0.0,0.0
2024-01-23,P0004,S002,WH_2,SKU_12,105.306915,432.0,6.0,370.0,0.0,19.03,23.02,0.0,0.0
2024-01-23,P0016,S003,WH_3,SKU_23,116.39335,709.0,5.0,293.0,433.0,18.08,23.36,0.0,0.0
2024-01-23,P0003,S004,WH_4,SKU_11,76.11455,486.0,2.0,382.0,0.0,6.2,7.82,0.0,0.0
2024-01-23,P0015,S005,WH_5,SKU_22,89.29482,342.0,4.0,326.0,0.0,16.45,25.06,0.0,0.0
2024-01-23,P0010,S004,WH_4,SKU_18,122.88844,501.0,6.0,250.0,0.0,5.35,9.51,0.0,0.0
2024-01-23,P0020,S003,WH_3,SKU_27,97.465225,695.0,3.0,296.0,0.0,9.18,15.91,0.0,0.0
2024-01-23,P0011,S004,WH_4,SKU_19,119.278595,525.0,4.0,352.0,0.0,5.41,7.4,0.0,0.0
2024-01-23,P0005,S001,WH_1,SKU_13,88.03081,391.0,9.0,246.0,0.0,19.52,24.09,0.0,0.0
2024-01-23,P0002,S005,WH_5,SKU_10,89.34177,469.0,9.0,246.0,0.0,9.67,15.35,0.0,0.0
2024-01-23,P0020,S005,WH_5,SKU_27,89.589554,359.0,2.0,353.0,0.0,17.89,25.71,0.0,0.0
2024-01-23,P0004,S003,WH_3,SKU_12,104.22954,253.0,6.0,234.0,0.0,10.01,13.38,1.0,0.0
2024-01-23,P0018,S004,WH_4,SKU_25,62.93884,584.0,9.0,273.0,0.0,12.02,19.24,1.0,0.0
2024-01-23,P0012,S003,WH_3,SKU_2,104.07458,427.0,10.0,319.0,0.0,5.02,7.82,0.0,0.0
2024-01-23,P0019,S001,WH_1,SKU_26,55.877,326.0,2.0,335.0,0.0,18.22,23.67,0.0,0.0
2024-01-23,P0008,S003,WH_3,SKU_16,139.82047,520.0,6.0,336.0,0.0,12.08,18.52,0.0,0.0
2024-01-23,P0004,S005,WH_5,SKU_12,105.67564,715.0,6.0,349.0,0.0,10.21,15.8,1.0,0.0
2024-01-23,P0018,S005,WH_5,SKU_25,123.30736,531.0,7.0,311.0,0.0,8.45,14.29,0.0,0.0
2024-01-23,P0018,S002,WH_2,SKU_25,83.76384,380.0,3.0,352.0,0.0,5.07,6.95,0.0,0.0
2024-01-23,P0003,S001,WH_1,SKU_11,98.13086,444.0,4.0,286.0,0.0,19.54,34.79,1.0,0.0
2024-01-23,P0006,S002,WH_2,SKU_14,98.79495,360.0,14.0,268.0,0.0,18.83,23.34,0.0,0.0
2024-01-23,P0002,S001,WH_1,SKU_10,88.06386,345.0,13.0,361.0,0.0,12.67,18.73,0.0,0.0
2024-01-23,P0008,S001,WH_1,SKU_16,105.108864,378.0,14.0,328.0,0.0,11.96,17.38,0.0,0.0
2024-01-23,P0001,S001,WH_1,SKU_1,84.31748,548.0,14.0,379.0,0.0,13.95,20.48,0.0,0.0
2024-01-23,P0019,S003,WH_3,SKU_26,101.47865,387.0,14.0,222.0,0.0,7.66,9.43,0.0,0.0
2024-01-23,P0001,S002,WH_2,SKU_1,101.71262,349.0,8.0,322.0,0.0,11.46,19.92,0.0,0.0
2024-01-23,P0014,S004,WH_4,SKU_21,90.58068,562.0,8.0,379.0,0.0,12.65,20.04,0.0,0.0
2024-01-23,P0009,S003,WH_3,SKU_17,105.251144,534.0,3.0,339.0,0.0,16.8,28.54,0.0,0.0
2024-01-23,P0009,S004,WH_4,SKU_17,104.95787,322.0,5.0,341.0,0.0,8.62,10.66,0.0,0.0
2024-01-23,P0016,S004,WH_4,SKU_23,80.336685,444.0,14.0,236.0,0.0,15.4,18.69,0.0,0.0
2024-01-23,P0006,S001,WH_1,SKU_14,118.10554,365.0,11.0,265.0,0.0,8.21,11.1,0.0,0.0
2024-01-23,P0015,S003,WH_3,SKU_22,129.27962,664.0,4.0,211.0,498.0,18.38,32.58,0.0,0.0
2024-01-23,P0007,S004,WH_4,SKU_15,109.0927,554.0,5.0,224.0,360.0,13.52,23.32,0.0,0.0
2024-01-23,P0017,S001,WH_1,SKU_24,96.08631,400.0,2.0,288.0,0.0,6.14,10.22,0.0,0.0
2024-01-24,P0005,S005,WH_5,SKU_13,100.8578,332.0,7.0,305.0,0.0,15.13,23.34,1.0,0.0
2024-01-24,P0003,S003,WH_3,SKU_11,133.17876,799.0,13.0,342.0,487.0,13.85,18.39,0.0,0.0
2024-01-24,P0020,S003,WH_3,SKU_27,118.30786,664.0,3.0,296.0,0.0,9.18,15.91,0.0,0.0
2024-01-24,P0016,S004,WH_4,SKU_23,65.421326,413.0,14.0,236.0,0.0,15.4,18.69,0.0,0.0
2024-01-24,P0016,S003,WH_3,SKU_23,92.08681,673.0,5.0,293.0,0.0,18.08,23.36,1.0,0.0
2024-01-24,P0013,S002,WH_2,SKU_20,121.918625,551.0,9.0,336.0,0.0,12.31,20.86,0.0,0.0
2024-01-24,P0003,S004,WH_4,SKU_11,108.98047,460.0,2.0,382.0,0.0,6.2,7.82,0.0,0.0
2024-01-24,P0001,S001,WH_1,SKU_1,119.11825,524.0,14.0,379.0,0.0,13.95,20.48,0.0,0.0
2024-01-24,P0014,S005,WH_5,SKU_21,103.07058,451.0,8.0,309.0,0.0,13.11,23.25,0.0,0.0
2024-01-24,P0013,S001,WH_1,SKU_20,95.847946,294.0,9.0,295.0,0.0,9.55,16.05,0.0,0.0
2024-01-24,P0008,S004,WH_4,SKU_16,69.49747,621.0,4.0,367.0,0.0,6.61,9.52,0.0,0.0
2024-01-24,P0012,S003,WH_3,SKU_2,76.62875,403.0,10.0,319.0,0.0,5.02,7.82,0.0,0.0
2024-01-24,P0018,S004,WH_4,SKU_25,61.29839,564.0,9.0,273.0,0.0,12.02,19.24,0.0,0.0
2024-01-24,P0002,S002,WH_2,SKU_10,116.21037,659.0,10.0,310.0,0.0,13.83,22.36,0.0,0.0
2024-01-24,P0010,S005,WH_5,SKU_18,140.34659,580.0,13.0,394.0,209.0,13.35,21.48,0.0,0.0
2024-01-24,P0015,S001,WH_1,SKU_22,94.618996,393.0,4.0,282.0,0.0,8.88,12.51,0.0,0.0
2024-01-24,P0012,S002,WH_2,SKU_2,94.848625,404.0,8.0,377.0,0.0,16.77,22.06,0.0,0.0
2024-01-24,P0008,S003,WH_3,SKU_16,162.92775,492.0,6.0,336.0,0.0,12.08,18.52,0.0,0.0
2024-01-24,P0019,S001,WH_1,SKU_26,110.75011,713.0,2.0,335.0,407.0,18.22,23.67,0.0,0.0
2024-01-24,P0013,S004,WH_4,SKU_20,86.3655,393.0,2.0,327.0,0.0,16.89,23.51,0.0,0.0
2024-01-24,P0004,S005,WH_5,SKU_12,130.4099,692.0,6.0,349.0,0.0,10.21,15.8,0.0,0.0
2024-01-24,P0014,S002,WH_2,SKU_21,96.988884,509.0,7.0,349.0,0.0,8.18,12.0,0.0,0.0
2024-01-24,P0002,S005,WH_5,SKU_10,102.82197,451.0,9.0,246.0,0.0,9.67,15.35,0.0,0.0
2024-01-24,P0002,S001,WH_1,SKU_10,148.69388,738.0,13.0,361.0,415.0,12.67,18.73,1.0,0.0
2024-01-24,P0009,S002,WH_2,SKU_17,187.89442,390.0,13.0,372.0,0.0,16.68,21.24,1.0,0.0
2024-01-24,P0006,S005,WH_5,SKU_14,156.83672,462.0,6.0,259.0,0.0,11.19,14.98,0.0,0.0
2024-01-24,P0017,S001,WH_1,SKU_24,120.05329,380.0,2.0,288.0,0.0,6.14,10.22,0.0,0.0
2024-01-24,P0009,S003,WH_3,SKU_17,151.3055,507.0,3.0,339.0,0.0,16.8,28.54,0.0,0.0
2024-01-24,P0005,S002,WH_2,SKU_13,121.234985,678.0,11.0,350.0,0.0,17.04,21.69,0.0,0.0
2024-01-24,P0008,S001,WH_1,SKU_16,120.04847,346.0,14.0,328.0,0.0,11.96,17.38,1.0,0.0
2024-01-24,P0003,S002,WH_2,SKU_11,121.025856,476.0,4.0,230.0,0.0,17.93,29.29,0.0,0.0
2024-01-24,P0018,S002,WH_2,SKU_25,103.71316,355.0,3.0,352.0,0.0,5.07,6.95,0.0,0.0
2024-01-24,P0001,S004,WH_4,SKU_1,117.77705,625.0,9.0,333.0,0.0,6.93,10.7,0.0,0.0
2024-01-24,P0009,S005,WH_5,SKU_17,149.54482,406.0,8.0,321.0,0.0,7.73,13.36,0.0,0.0
2024-01-24,P0001,S005,WH_5,SKU_1,178.58357,379.0,4.0,366.0,0.0,19.41,23.81,0.0,0.0
2024-01-24,P0017,S003,WH_3,SKU_24,82.39829,348.0,10.0,209.0,0.0,10.59,15.15,0.0,0.0
2024-01-24,P0011,S004,WH_4,SKU_19,81.88065,505.0,4.0,352.0,0.0,5.41,7.4,0.0,0.0
2024-01-24,P0006,S002,WH_2,SKU_14,152.36763,328.0,14.0,268.0,0.0,18.83,23.34,1.0,0.0
2024-01-24,P0014,S004,WH_4,SKU_21,64.8622,545.0,8.0,379.0,0.0,12.65,20.04,0.0,0.0
2024-01-24,P0016,S005,WH_5,SKU_23,95.42818,671.0,3.0,383.0,0.0,19.43,28.74,0.0,0.0
2024-01-24,P0018,S005,WH_5,SKU_25,126.31177,518.0,7.0,311.0,0.0,8.45,14.29,0.0,0.0
2024-01-24,P0007,S005,WH_5,SKU_15,94.72928,593.0,14.0,279.0,0.0,15.48,21.47,0.0,0.0
2024-01-24,P0014,S003,WH_3,SKU_21,102.304596,468.0,10.0,283.0,0.0,5.75,8.47,0.0,0.0
2024-01-24,P0020,S002,WH_2,SKU_27,83.26896,384.0,4.0,223.0,0.0,16.3,21.54,0.0,0.0
2024-01-24,P0019,S003,WH_3,SKU_26,123.68275,373.0,14.0,222.0,0.0,7.66,9.43,0.0,0.0
2024-01-24,P0001,S002,WH_2,SKU_1,140.07057,329.0,8.0,322.0,0.0,11.46,19.92,0.0,0.0
2024-01-24,P0007,S004,WH_4,SKU_15,100.714615,526.0,5.0,224.0,0.0,13.52,23.32,0.0,0.0
2024-01-24,P0003,S001,WH_1,SKU_11,153.64742,411.0,4.0,286.0,0.0,19.54,34.79,0.0,0.0
2024-01-24,P0006,S001,WH_1,SKU_14,93.0955,342.0,11.0,265.0,0.0,8.21,11.1,0.0,0.0
2024-01-24,P0004,S004,WH_4,SKU_12,116.81766,321.0,12.0,227.0,0.0,14.2,19.73,0.0,0.0
2024-01-24,P0008,S002,WH_2,SKU_16,153.27036,538.0,11.0,327.0,0.0,19.0,26.16,0.0,0.0
2024-01-24,P0003,S005,WH_5,SKU_11,124.432106,476.0,3.0,349.0,0.0,18.92,31.99,0.0,0.0
2024-01-24,P0015,S004,WH_4,SKU_22,70.25123,479.0,11.0,374.0,0.0,19.16,23.34,0.0,0.0
2024-01-24,P0007,S001,WH_1,SKU_15,99.29699,642.0,13.0,327.0,0.0,16.7,28.78,0.0,0.0
2024-01-24,P0017,S004,WH_4,SKU_24,146.92122,461.0,13.0,301.0,0.0,7.11,12.19,0.0,0.0
2024-01-24,P0010,S004,WH_4,SKU_18,137.03085,468.0,6.0,250.0,0.0,5.35,9.51,1.0,0.0
2024-01-24,P0007,S003,WH_3,SKU_15,76.82941,249.0,7.0,265.0,0.0,6.24,9.99,0.0,0.0
2024-01-24,P0009,S001,WH_1,SKU_17,146.25174,413.0,10.0,268.0,0.0,14.9,26.61,0.0,0.0
2024-01-24,P0010,S002,WH_2,SKU_18,175.37708,328.0,10.0,270.0,0.0,17.51,24.82,0.0,0.0
2024-01-24,P0004,S001,WH_1,SKU_12,122.78792,455.0,5.0,299.0,0.0,5.36,7.17,0.0,0.0
2024-01-24,P0012,S001,WH_1,SKU_2,120.956566,449.0,13.0,228.0,0.0,19.76,35.1,0.0,0.0
2024-01-24,P0017,S002,WH_2,SKU_24,111.05193,574.0,5.0,365.0,267.0,19.69,29.64,1.0,0.0
2024-01-24,P0019,S004,WH_4,SKU_26,83.41497,484.0,14.0,331.0,0.0,8.71,13.65,0.0,0.0
2024-01-24,P0018,S003,WH_3,SKU_25,58.23151,321.0,7.0,232.0,0.0,6.51,8.04,0.0,0.0
2024-01-24,P0011,S005,WH_5,SKU_19,89.93745,359.0,7.0,281.0,0.0,15.87,25.1,0.0,0.0
2024-01-24,P0013,S003,WH_3,SKU_20,91.79508,345.0,3.0,319.0,0.0,14.9,25.16,0.0,0.0
2024-01-24,P0012,S005,WH_5,SKU_2,70.83438,286.0,14.0,267.0,0.0,15.0,26.38,0.0,0.0
2024-01-24,P0005,S003,WH_3,SKU_13,101.737404,719.0,14.0,382.0,0.0,6.01,8.52,0.0,0.0
2024-01-24,P0002,S003,WH_3,SKU_10,122.764145,281.0,5.0,218.0,0.0,13.68,17.87,0.0,0.0
2024-01-24,P0005,S004,WH_4,SKU_13,113.276375,379.0,10.0,251.0,0.0,14.29,19.75,0.0,0.0
2024-01-24,P0001,S003,WH_3,SKU_1,88.38924,332.0,6.0,314.0,0.0,6.06,8.41,1.0,0.0
2024-01-24,P0008,S005,WH_5,SKU_16,150.69254,406.0,2.0,394.0,0.0,13.23,20.46,1.0,0.0
2024-01-24,P0012,S004,WH_4,SKU_2,92.860634,285.0,6.0,290.0,0.0,7.06,10.96,0.0,0.0
2024-01-24,P0011,S002,WH_2,SKU_19,123.921265,352.0,8.0,316.0,0.0,12.67,18.56,0.0,0.0
2024-01-24,P0015,S003,WH_3,SKU_22,140.97232,645.0,4.0,211.0,0.0,18.38,32.58,0.0,0.0
2024-01-24,P0004,S002,WH_2,SKU_12,125.0192,402.0,6.0,370.0,0.0,19.03,23.02,0.0,0.0
2024-01-24,P0011,S003,WH_3,SKU_19,93.88637,308.0,4.0,295.0,0.0,14.17,23.01,0.0,0.0
2024-01-24,P0015,S005,WH_5,SKU_22,110.13769,325.0,4.0,326.0,0.0,16.45,25.06,0.0,0.0
2024-01-24,P0014,S001,WH_1,SKU_21,153.83441,235.0,11.0,245.0,0.0,19.68,23.66,0.0,0.0
2024-01-24,P0016,S001,WH_1,SKU_23,115.35082,447.0,8.0,239.0,0.0,9.05,14.03,0.0,0.0
2024-01-24,P0004,S003,WH_3,SKU_12,100.75241,228.0,6.0,234.0,0.0,10.01,13.38,0.0,0.0
2024-01-24,P0017,S005,WH_5,SKU_24,123.09925,699.0,7.0,313.0,417.0,7.27,12.17,0.0,0.0
2024-01-24,P0006,S003,WH_3,SKU_14,96.763084,492.0,3.0,283.0,0.0,5.88,9.37,0.0,0.0
2024-01-24,P0010,S003,WH_3,SKU_18,124.51594,316.0,9.0,213.0,0.0,15.53,20.4,1.0,0.0
2024-01-24,P0016,S002,WH_2,SKU_23,100.34057,485.0,12.0,312.0,0.0,6.68,11.81,0.0,0.0
2024-01-24,P0015,S002,WH_2,SKU_22,105.70883,622.0,7.0,261.0,390.0,9.82,14.68,0.0,0.0
2024-01-24,P0020,S004,WH_4,SKU_27,75.97971,427.0,14.0,289.0,0.0,13.84,20.65,0.0,0.0
2024-01-24,P0007,S002,WH_2,SKU_15,106.13772,446.0,8.0,386.0,0.0,11.37,14.92,0.0,0.0
2024-01-24,P0019,S005,WH_5,SKU_26,99.35713,632.0,4.0,393.0,0.0,17.15,27.81,0.0,0.0
2024-01-24,P0010,S001,WH_1,SKU_18,127.77972,613.0,2.0,346.0,0.0,8.62,10.49,0.0,0.0
2024-01-24,P0020,S005,WH_5,SKU_27,122.981865,345.0,2.0,353.0,0.0,17.89,25.71,0.0,0.0
2024-01-24,P0009,S004,WH_4,SKU_17,158.02852,514.0,5.0,341.0,225.0,8.62,10.66,0.0,0.0
2024-01-24,P0006,S004,WH_4,SKU_14,124.08815,403.0,10.0,343.0,0.0,5.76,8.49,0.0,0.0
2024-01-24,P0019,S002,WH_2,SKU_26,165.66135,366.0,5.0,273.0,0.0,8.5,11.16,0.0,0.0
2024-01-24,P0011,S001,WH_1,SKU_19,62.837044,487.0,8.0,287.0,0.0,12.4,18.41,0.0,0.0
2024-01-24,P0013,S005,WH_5,SKU_20,135.75563,274.0,2.0,246.0,0.0,10.07,18.03,0.0,0.0
2024-01-24,P0002,S004,WH_4,SKU_10,115.33789,548.0,14.0,328.0,277.0,19.02,24.9,0.0,0.0
2024-01-24,P0020,S001,WH_1,SKU_27,86.67509,488.0,2.0,389.0,0.0,5.89,7.48,0.0,0.0
2024-01-24,P0018,S001,WH_1,SKU_25,127.3184,514.0,5.0,314.0,0.0,14.23,20.28,0.0,0.0
2024-01-24,P0005,S001,WH_1,SKU_13,133.42914,366.0,9.0,246.0,0.0,19.52,24.09,0.0,0.0
2024-01-25,P0003,S004,WH_4,SKU_11,72.74588,439.0,2.0,382.0,0.0,6.2,7.82,0.0,0.0
2024-01-25,P0017,S002,WH_2,SKU_24,94.13879,547.0,5.0,365.0,0.0,19.69,29.64,0.0,0.0
2024-01-25,P0012,S005,WH_5,SKU_2,55.470947,257.0,14.0,267.0,0.0,15.0,26.38,0.0,0.0
2024-01-25,P0007,S003,WH_3,SKU_15,144.12549,701.0,7.0,265.0,488.0,6.24,9.99,0.0,0.0
2024-01-25,P0006,S001,WH_1,SKU_14,158.1589,321.0,11.0,265.0,0.0,8.21,11.1,0.0,0.0
2024-01-25,P0013,S003,WH_3,SKU_20,209.9672,309.0,3.0,319.0,0.0,14.9,25.16,1.0,0.0
2024-01-25,P0017,S001,WH_1,SKU_24,109.74353,357.0,2.0,288.0,0.0,6.14,10.22,0.0,0.0
2024-01-25,P0015,S005,WH_5,SKU_22,109.29933,721.0,4.0,326.0,412.0,16.45,25.06,0.0,0.0
2024-01-25,P0020,S001,WH_1,SKU_27,63.035995,465.0,2.0,389.0,0.0,5.89,7.48,0.0,0.0
2024-01-25,P0004,S002,WH_2,SKU_12,121.96384,370.0,6.0,370.0,0.0,19.03,23.02,0.0,0.0
2024-01-25,P0005,S001,WH_1,SKU_13,147.02414,347.0,9.0,246.0,0.0,19.52,24.09,0.0,0.0
2024-01-25,P0005,S003,WH_3,SKU_13,113.6924,709.0,14.0,382.0,0.0,6.01,8.52,0.0,0.0
2024-01-25,P0012,S004,WH_4,SKU_2,130.44492,580.0,6.0,290.0,314.0,7.06,10.96,0.0,0.0
2024-01-25,P0014,S001,WH_1,SKU_21,74.8314,700.0,11.0,245.0,486.0,19.68,23.66,0.0,0.0
2024-01-25,P0010,S005,WH_5,SKU_18,103.88109,554.0,13.0,394.0,0.0,13.35,21.48,1.0,0.0
2024-01-25,P0015,S001,WH_1,SKU_22,130.4906,362.0,4.0,282.0,0.0,8.88,12.51,1.0,0.0
2024-01-25,P0002,S002,WH_2,SKU_10,121.36591,644.0,10.0,310.0,0.0,13.83,22.36,0.0,0.0
2024-01-25,P0001,S002,WH_2,SKU_1,110.95994,303.0,8.0,322.0,0.0,11.46,19.92,0.0,0.0
2024-01-25,P0009,S005,WH_5,SKU_17,130.1083,389.0,8.0,321.0,0.0,7.73,13.36,0.0,0.0
2024-01-25,P0006,S004,WH_4,SKU_14,152.36848,378.0,10.0,343.0,0.0,5.76,8.49,0.0,0.0
2024-01-25,P0013,S004,WH_4,SKU_20,151.86111,378.0,2.0,327.0,0.0,16.89,23.51,0.0,0.0
2024-01-25,P0017,S005,WH_5,SKU_24,120.34933,674.0,7.0,313.0,0.0,7.27,12.17,0.0,0.0
2024-01-25,P0004,S004,WH_4,SKU_12,105.91153,286.0,12.0,227.0,0.0,14.2,19.73,1.0,0.0
2024-01-25,P0014,S005,WH_5,SKU_21,66.750046,438.0,8.0,309.0,0.0,13.11,23.25,0.0,0.0
2024-01-25,P0007,S004,WH_4,SKU_15,149.85028,494.0,5.0,224.0,0.0,13.52,23.32,1.0,0.0
2024-01-25,P0013,S005,WH_5,SKU_20,170.20981,250.0,2.0,246.0,0.0,10.07,18.03,0.0,0.0
2024-01-25,P0009,S001,WH_1,SKU_17,180.1936,392.0,10.0,268.0,0.0,14.9,26.61,0.0,0.0
2024-01-25,P0008,S005,WH_5,SKU_16,135.78014,382.0,2.0,394.0,0.0,13.23,20.46,0.0,0.0
2024-01-25,P0006,S003,WH_3,SKU_14,124.766365,468.0,3.0,283.0,0.0,5.88,9.37,0.0,0.0
2024-01-25,P0013,S002,WH_2,SKU_20,138.64272,523.0,9.0,336.0,0.0,12.31,20.86,0.0,0.0
2024-01-25,P0019,S002,WH_2,SKU_26,142.58475,348.0,5.0,273.0,0.0,8.5,11.16,0.0,0.0
2024-01-25,P0020,S002,WH_2,SKU_27,70.22883,364.0,4.0,223.0,0.0,16.3,21.54,0.0,0.0
2024-01-25,P0001,S005,WH_5,SKU_1,159.31735,361.0,4.0,366.0,0.0,19.41,23.81,0.0,0.0
2024-01-25,P0012,S003,WH_3,SKU_2,104.41375,382.0,10.0,319.0,0.0,5.02,7.82,0.0,0.0
2024-01-25,P0008,S001,WH_1,SKU_16,93.87904,330.0,14.0,328.0,0.0,11.96,17.38,0.0,0.0
2024-01-25,P0019,S005,WH_5,SKU_26,114.93357,605.0,4.0,393.0,0.0,17.15,27.81,0.0,0.0
2024-01-25,P0015,S002,WH_2,SKU_22,120.205215,599.0,7.0,261.0,0.0,9.82,14.68,0.0,0.0
2024-01-25,P0018,S004,WH_4,SKU_25,87.28582,532.0,9.0,273.0,0.0,12.02,19.24,0.0,0.0
2024-01-25,P0020,S004,WH_4,SKU_27,61.83184,407.0,14.0,289.0,0.0,13.84,20.65,0.0,0.0
2024-01-25,P0010,S003,WH_3,SKU_18,119.781075,293.0,9.0,213.0,0.0,15.53,20.4,0.0,0.0
2024-01-25,P0001,S003,WH_3,SKU_1,74.61864,313.0,6.0,314.0,0.0,6.06,8.41,0.0,0.0
2024-01-25,P0019,S004,WH_4,SKU_26,116.578384,460.0,14.0,331.0,0.0,8.71,13.65,0.0,0.0
2024-01-25,P0009,S003,WH_3,SKU_17,146.74443,480.0,3.0,339.0,0.0,16.8,28.54,0.0,0.0
2024-01-25,P0007,S001,WH_1,SKU_15,136.40169,610.0,13.0,327.0,0.0,16.7,28.78,0.0,0.0
2024-01-25,P0018,S002,WH_2,SKU_25,105.55239,340.0,3.0,352.0,0.0,5.07,6.95,0.0,0.0
2024-01-25,P0016,S002,WH_2,SKU_23,117.71888,462.0,12.0,312.0,0.0,6.68,11.81,0.0,0.0
2024-01-25,P0011,S003,WH_3,SKU_19,121.69683,295.0,4.0,295.0,0.0,14.17,23.01,0.0,0.0
2024-01-25,P0008,S003,WH_3,SKU_16,114.68539,466.0,6.0,336.0,0.0,12.08,18.52,0.0,0.0
2024-01-25,P0014,S002,WH_2,SKU_21,101.386475,485.0,7.0,349.0,0.0,8.18,12.0,0.0,0.0
2024-01-25,P0002,S003,WH_3,SKU_10,145.58209,254.0,5.0,218.0,0.0,13.68,17.87,0.0,0.0
2024-01-25,P0005,S002,WH_2,SKU_13,116.43081,673.0,11.0,350.0,0.0,17.04,21.69,0.0,0.0
2024-01-25,P0016,S001,WH_1,SKU_23,142.32085,419.0,8.0,239.0,0.0,9.05,14.03,0.0,0.0
2024-01-25,P0019,S003,WH_3,SKU_26,167.80852,355.0,14.0,222.0,0.0,7.66,9.43,0.0,0.0
2024-01-25,P0006,S002,WH_2,SKU_14,169.88438,295.0,14.0,268.0,0.0,18.83,23.34,1.0,0.0
2024-01-25,P0020,S003,WH_3,SKU_27,107.91369,643.0,3.0,296.0,0.0,9.18,15.91,0.0,0.0
2024-01-25,P0014,S004,WH_4,SKU_21,63.768826,516.0,8.0,379.0,0.0,12.65,20.04,1.0,0.0
2024-01-25,P0016,S005,WH_5,SKU_23,104.36855,642.0,3.0,383.0,0.0,19.43,28.74,1.0,0.0
2024-01-25,P0001,S004,WH_4,SKU_1,127.97471,604.0,9.0,333.0,0.0,6.93,10.7,0.0,0.0
2024-01-25,P0018,S005,WH_5,SKU_25,149.29982,490.0,7.0,311.0,0.0,8.45,14.29,0.0,0.0
2024-01-25,P0003,S002,WH_2,SKU_11,101.97102,451.0,4.0,230.0,0.0,17.93,29.29,0.0,0.0
2024-01-25,P0005,S004,WH_4,SKU_13,100.690994,353.0,10.0,251.0,0.0,14.29,19.75,0.0,0.0
2024-01-25,P0020,S005,WH_5,SKU_27,96.47091,563.0,2.0,353.0,237.0,17.89,25.71,0.0,0.0
2024-01-25,P0007,S005,WH_5,SKU_15,121.711685,563.0,14.0,279.0,0.0,15.48,21.47,0.0,0.0
2024-01-25,P0003,S001,WH_1,SKU_11,156.67168,376.0,4.0,286.0,0.0,19.54,34.79,1.0,0.0
2024-01-25,P0004,S005,WH_5,SKU_12,128.47844,671.0,6.0,349.0,0.0,10.21,15.8,0.0,0.0
2024-01-25,P0003,S005,WH_5,SKU_11,90.87388,449.0,3.0,349.0,0.0,18.92,31.99,0.0,0.0
2024-01-25,P0002,S001,WH_1,SKU_10,115.95521,713.0,13.0,361.0,0.0,12.67,18.73,0.0,0.0
2024-01-25,P0001,S001,WH_1,SKU_1,111.9462,504.0,14.0,379.0,0.0,13.95,20.48,0.0,0.0
2024-01-25,P0005,S005,WH_5,SKU_13,136.61867,309.0,7.0,305.0,0.0,15.13,23.34,0.0,0.0
2024-01-25,P0003,S003,WH_3,SKU_11,105.53787,774.0,13.0,342.0,0.0,13.85,18.39,0.0,0.0
2024-01-25,P0004,S001,WH_1,SKU_12,105.05145,428.0,5.0,299.0,0.0,5.36,7.17,0.0,0.0
2024-01-25,P0006,S005,WH_5,SKU_14,148.15253,434.0,6.0,259.0,0.0,11.19,14.98,1.0,0.0
2024-01-25,P0002,S005,WH_5,SKU_10,121.884125,420.0,9.0,246.0,0.0,9.67,15.35,0.0,0.0
2024-01-25,P0007,S002,WH_2,SKU_15,150.42654,431.0,8.0,386.0,0.0,11.37,14.92,0.0,0.0
2024-01-25,P0012,S001,WH_1,SKU_2,148.1239,423.0,13.0,228.0,0.0,19.76,35.1,0.0,0.0
2024-01-25,P0011,S004,WH_4,SKU_19,134.4351,477.0,4.0,352.0,0.0,5.41,7.4,0.0,0.0
2024-01-25,P0008,S002,WH_2,SKU_16,128.21715,511.0,11.0,327.0,0.0,19.0,26.16,0.0,0.0
2024-01-25,P0015,S004,WH_4,SKU_22,68.9715,447.0,11.0,374.0,0.0,19.16,23.34,0.0,0.0
2024-01-25,P0019,S001,WH_1,SKU_26,100.25826,700.0,2.0,335.0,0.0,18.22,23.67,0.0,0.0
2024-01-25,P0008,S004,WH_4,SKU_16,86.860344,598.0,4.0,367.0,0.0,6.61,9.52,0.0,0.0
2024-01-25,P0004,S003,WH_3,SKU_12,126.494995,574.0,6.0,234.0,368.0,10.01,13.38,0.0,0.0
2024-01-25,P0018,S001,WH_1,SKU_25,145.71658,485.0,5.0,314.0,0.0,14.23,20.28,1.0,0.0
2024-01-25,P0009,S004,WH_4,SKU_17,171.05537,505.0,5.0,341.0,0.0,8.62,10.66,0.0,0.0
2024-01-25,P0010,S004,WH_4,SKU_18,119.85923,446.0,6.0,250.0,0.0,5.35,9.51,0.0,0.0
2024-01-25,P0002,S004,WH_4,SKU_10,119.76514,523.0,14.0,328.0,0.0,19.02,24.9,0.0,0.0
2024-01-25,P0014,S003,WH_3,SKU_21,117.2684,439.0,10.0,283.0,0.0,5.75,8.47,1.0,0.0
2024-01-25,P0018,S003,WH_3,SKU_25,94.08901,308.0,7.0,232.0,0.0,6.51,8.04,0.0,0.0
2024-01-25,P0012,S002,WH_2,SKU_2,112.08912,380.0,8.0,377.0,0.0,16.77,22.06,1.0,0.0
2024-01-25,P0013,S001,WH_1,SKU_20,160.05368,647.0,9.0,295.0,378.0,9.55,16.05,0.0,0.0
2024-01-25,P0010,S001,WH_1,SKU_18,83.93159,584.0,2.0,346.0,0.0,8.62,10.49,0.0,0.0
2024-01-25,P0015,S003,WH_3,SKU_22,180.73834,623.0,4.0,211.0,0.0,18.38,32.58,0.0,0.0
2024-01-25,P0011,S002,WH_2,SKU_19,97.50155,329.0,8.0,316.0,0.0,12.67,18.56,0.0,0.0
2024-01-25,P0011,S005,WH_5,SKU_19,100.74039,335.0,7.0,281.0,0.0,15.87,25.1,0.0,0.0
2024-01-25,P0016,S003,WH_3,SKU_23,148.93275,649.0,5.0,293.0,0.0,18.08,23.36,0.0,0.0
2024-01-25,P0016,S004,WH_4,SKU_23,80.63612,390.0,14.0,236.0,0.0,15.4,18.69,0.0,0.0
2024-01-25,P0011,S001,WH_1,SKU_19,97.57787,467.0,8.0,287.0,0.0,12.4,18.41,0.0,0.0
2024-01-25,P0010,S002,WH_2,SKU_18,121.47583,309.0,10.0,270.0,0.0,17.51,24.82,0.0,0.0
2024-01-25,P0017,S003,WH_3,SKU_24,73.02063,320.0,10.0,209.0,0.0,10.59,15.15,0.0,0.0
2024-01-25,P0009,S002,WH_2,SKU_17,133.7654,355.0,13.0,372.0,0.0,16.68,21.24,1.0,0.0
2024-01-25,P0017,S004,WH_4,SKU_24,131.20827,434.0,13.0,301.0,0.0,7.11,12.19,0.0,0.0
2024-01-26,P0020,S003,WH_3,SKU_27,86.18079,606.0,3.0,296.0,0.0,9.18,15.91,1.0,0.0
2024-01-26,P0009,S002,WH_2,SKU_17,132.05086,776.0,13.0,372.0,446.0,16.68,21.24,0.0,0.0
2024-01-26,P0005,S001,WH_1,SKU_13,154.24231,315.0,9.0,246.0,0.0,19.52,24.09,0.0,0.0
2024-01-26,P0012,S004,WH_4,SKU_2,97.87052,543.0,6.0,290.0,0.0,7.06,10.96,1.0,0.0
2024-01-26,P0001,S005,WH_5,SKU_1,128.13028,594.0,4.0,366.0,265.0,19.41,23.81,0.0,0.0
2024-01-26,P0006,S001,WH_1,SKU_14,85.77924,294.0,11.0,265.0,0.0,8.21,11.1,0.0,0.0
2024-01-26,P0009,S001,WH_1,SKU_17,115.16409,370.0,10.0,268.0,0.0,14.9,26.61,0.0,0.0
2024-01-26,P0012,S005,WH_5,SKU_2,68.556,636.0,14.0,267.0,411.0,15.0,26.38,0.0,0.0
2024-01-26,P0008,S001,WH_1,SKU_16,94.48878,308.0,14.0,328.0,0.0,11.96,17.38,0.0,0.0
2024-01-26,P0013,S005,WH_5,SKU_20,124.96293,222.0,2.0,246.0,0.0,10.07,18.03,0.0,0.0
2024-01-26,P0001,S003,WH_3,SKU_1,71.0634,618.0,6.0,314.0,331.0,6.06,8.41,0.0,0.0
2024-01-26,P0019,S003,WH_3,SKU_26,107.79946,326.0,14.0,222.0,0.0,7.66,9.43,0.0,0.0
2024-01-26,P0006,S002,WH_2,SKU_14,112.83883,280.0,14.0,268.0,0.0,18.83,23.34,0.0,0.0
2024-01-26,P0002,S001,WH_1,SKU_10,151.09973,693.0,13.0,361.0,0.0,12.67,18.73,0.0,0.0
2024-01-26,P0011,S003,WH_3,SKU_19,98.28669,750.0,4.0,295.0,484.0,14.17,23.01,0.0,0.0
2024-01-26,P0016,S005,WH_5,SKU_23,82.94093,616.0,3.0,383.0,0.0,19.43,28.74,0.0,0.0
2024-01-26,P0008,S002,WH_2,SKU_16,118.61016,494.0,11.0,327.0,0.0,19.0,26.16,0.0,0.0
2024-01-26,P0016,S002,WH_2,SKU_23,98.62827,441.0,12.0,312.0,0.0,6.68,11.81,0.0,0.0
2024-01-26,P0001,S004,WH_4,SKU_1,103.55118,582.0,9.0,333.0,0.0,6.93,10.7,0.0,0.0
2024-01-26,P0005,S002,WH_2,SKU_13,168.00693,649.0,11.0,350.0,0.0,17.04,21.69,0.0,0.0
2024-01-26,P0016,S001,WH_1,SKU_23,114.06924,388.0,8.0,239.0,0.0,9.05,14.03,0.0,0.0
2024-01-26,P0015,S002,WH_2,SKU_22,161.00694,576.0,7.0,261.0,0.0,9.82,14.68,0.0,0.0
2024-01-26,P0018,S005,WH_5,SKU_25,132.24309,464.0,7.0,311.0,0.0,8.45,14.29,0.0,0.0
2024-01-26,P0013,S001,WH_1,SKU_20,103.92559,623.0,9.0,295.0,0.0,9.55,16.05,0.0,0.0
2024-01-26,P0009,S005,WH_5,SKU_17,86.638596,360.0,8.0,321.0,0.0,7.73,13.36,0.0,0.0
2024-01-26,P0013,S003,WH_3,SKU_20,82.00079,735.0,3.0,319.0,445.0,14.9,25.16,0.0,0.0
2024-01-26,P0008,S005,WH_5,SKU_16,123.70323,604.0,2.0,394.0,263.0,13.23,20.46,1.0,0.0
2024-01-26,P0015,S004,WH_4,SKU_22,89.24089,424.0,11.0,374.0,0.0,19.16,23.34,0.0,0.0
2024-01-26,P0004,S001,WH_1,SKU_12,106.11162,397.0,5.0,299.0,0.0,5.36,7.17,1.0,0.0
2024-01-26,P0010,S001,WH_1,SKU_18,93.24083,562.0,2.0,346.0,0.0,8.62,10.49,1.0,0.0
2024-01-26,P0011,S001,WH_1,SKU_19,97.2208,440.0,8.0,287.0,0.0,12.4,18.41,0.0,0.0
2024-01-26,P0017,S004,WH_4,SKU_24,150.4095,407.0,13.0,301.0,0.0,7.11,12.19,1.0,0.0
2024-01-26,P0016,S004,WH_4,SKU_23,86.26664,378.0,14.0,236.0,0.0,15.4,18.69,0.0,0.0
2024-01-26,P0010,S004,WH_4,SKU_18,126.44649,419.0,6.0,250.0,0.0,5.35,9.51,0.0,0.0
2024-01-26,P0004,S003,WH_3,SKU_12,142.6115,556.0,6.0,234.0,0.0,10.01,13.38,0.0,0.0
2024-01-26,P0014,S001,WH_1,SKU_21,117.64695,672.0,11.0,245.0,0.0,19.68,23.66,0.0,0.0
2024-01-26,P0012,S001,WH_1,SKU_2,114.99207,403.0,13.0,228.0,0.0,19.76,35.1,0.0,0.0
2024-01-26,P0007,S001,WH_1,SKU_15,100.9361,575.0,13.0,327.0,0.0,16.7,28.78,1.0,0.0
2024-01-26,P0019,S004,WH_4,SKU_26,153.86269,433.0,14.0,331.0,0.0,8.71,13.65,0.0,0.0
2024-01-26,P0015,S001,WH_1,SKU_22,126.730125,335.0,4.0,282.0,0.0,8.88,12.51,0.0,0.0
2024-01-26,P0011,S004,WH_4,SKU_19,89.667656,448.0,4.0,352.0,0.0,5.41,7.4,0.0,0.0
2024-01-26,P0003,S005,WH_5,SKU_11,95.4414,417.0,3.0,349.0,0.0,18.92,31.99,1.0,0.0
2024-01-26,P0018,S004,WH_4,SKU_25,95.39233,507.0,9.0,273.0,0.0,12.02,19.24,0.0,0.0
2024-01-26,P0013,S004,WH_4,SKU_20,126.043625,348.0,2.0,327.0,0.0,16.89,23.51,0.0,0.0
2024-01-26,P0002,S005,WH_5,SKU_10,98.35609,400.0,9.0,246.0,0.0,9.67,15.35,0.0,0.0
2024-01-26,P0019,S005,WH_5,SKU_26,105.41521,580.0,4.0,393.0,0.0,17.15,27.81,0.0,0.0
2024-01-26,P0020,S004,WH_4,SKU_27,77.11396,382.0,14.0,289.0,0.0,13.84,20.65,0.0,0.0
2024-01-26,P0014,S004,WH_4,SKU_21,95.56017,495.0,8.0,379.0,0.0,12.65,20.04,0.0,0.0
2024-01-26,P0010,S003,WH_3,SKU_18,107.8062,268.0,9.0,213.0,0.0,15.53,20.4,0.0,0.0
2024-01-26,P0004,S002,WH_2,SKU_12,162.8731,598.0,6.0,370.0,247.0,19.03,23.02,0.0,0.0
2024-01-26,P0002,S003,WH_3,SKU_10,128.6399,229.0,5.0,218.0,0.0,13.68,17.87,0.0,0.0
2024-01-26,P0019,S001,WH_1,SKU_26,115.548,671.0,2.0,335.0,0.0,18.22,23.67,0.0,0.0
2024-01-26,P0006,S004,WH_4,SKU_14,126.92446,348.0,10.0,343.0,0.0,5.76,8.49,0.0,0.0
2024-01-26,P0019,S002,WH_2,SKU_26,153.12495,323.0,5.0,273.0,0.0,8.5,11.16,0.0,0.0
2024-01-26,P0006,S003,WH_3,SKU_14,95.298294,444.0,3.0,283.0,0.0,5.88,9.37,0.0,0.0
2024-01-26,P0014,S005,WH_5,SKU_21,64.8862,415.0,8.0,309.0,0.0,13.11,23.25,0.0,0.0
2024-01-26,P0020,S001,WH_1,SKU_27,67.63145,447.0,2.0,389.0,0.0,5.89,7.48,0.0,0.0
2024-01-26,P0005,S004,WH_4,SKU_13,140.66922,323.0,10.0,251.0,0.0,14.29,19.75,0.0,0.0
2024-01-26,P0008,S003,WH_3,SKU_16,126.19416,446.0,6.0,336.0,0.0,12.08,18.52,0.0,0.0
2024-01-26,P0003,S001,WH_1,SKU_11,98.802246,356.0,4.0,286.0,0.0,19.54,34.79,0.0,0.0
2024-01-26,P0018,S001,WH_1,SKU_25,141.18584,460.0,5.0,314.0,0.0,14.23,20.28,0.0,0.0
2024-01-26,P0020,S005,WH_5,SKU_27,101.57715,541.0,2.0,353.0,0.0,17.89,25.71,0.0,0.0
2024-01-26,P0001,S002,WH_2,SKU_1,116.31169,523.0,8.0,322.0,249.0,11.46,19.92,0.0,0.0
2024-01-26,P0004,S005,WH_5,SKU_12,152.22063,649.0,6.0,349.0,0.0,10.21,15.8,0.0,0.0
2024-01-26,P0004,S004,WH_4,SKU_12,182.45558,261.0,12.0,227.0,0.0,14.2,19.73,0.0,0.0
2024-01-26,P0017,S002,WH_2,SKU_24,84.66757,523.0,5.0,365.0,0.0,19.69,29.64,0.0,0.0
2024-01-26,P0009,S004,WH_4,SKU_17,167.3918,480.0,5.0,341.0,0.0,8.62,10.66,0.0,0.0
2024-01-26,P0009,S003,WH_3,SKU_17,84.2884,461.0,3.0,339.0,0.0,16.8,28.54,0.0,0.0
2024-01-26,P0006,S005,WH_5,SKU_14,91.164474,413.0,6.0,259.0,0.0,11.19,14.98,0.0,0.0
2024-01-26,P0007,S005,WH_5,SKU_15,108.88896,543.0,14.0,279.0,0.0,15.48,21.47,0.0,0.0
2024-01-26,P0010,S005,WH_5,SKU_18,96.082184,529.0,13.0,394.0,0.0,13.35,21.48,0.0,0.0
2024-01-26,P0020,S002,WH_2,SKU_27,110.43403,341.0,4.0,223.0,0.0,16.3,21.54,0.0,0.0
2024-01-26,P0007,S002,WH_2,SKU_15,95.41464,398.0,8.0,386.0,0.0,11.37,14.92,0.0,0.0
2024-01-26,P0002,S002,WH_2,SKU_10,126.064735,625.0,10.0,310.0,0.0,13.83,22.36,0.0,0.0
2024-01-26,P0017,S005,WH_5,SKU_24,102.562744,657.0,7.0,313.0,0.0,7.27,12.17,0.0,0.0
2024-01-26,P0008,S004,WH_4,SKU_16,92.580696,571.0,4.0,367.0,0.0,6.61,9.52,1.0,0.0
2024-01-26,P0018,S002,WH_2,SKU_25,144.57753,795.0,3.0,352.0,491.0,5.07,6.95,1.0,0.0
2024-01-26,P0007,S004,WH_4,SKU_15,119.45623,459.0,5.0,224.0,0.0,13.52,23.32,1.0,0.0
2024-01-26,P0003,S002,WH_2,SKU_11,144.00317,430.0,4.0,230.0,0.0,17.93,29.29,0.0,0.0
2024-01-26,P0005,S005,WH_5,SKU_13,180.58313,281.0,7.0,305.0,0.0,15.13,23.34,0.0,0.0
2024-01-26,P0015,S005,WH_5,SKU_22,141.61147,695.0,4.0,326.0,0.0,16.45,25.06,0.0,0.0
2024-01-26,P0014,S003,WH_3,SKU_21,116.65028,417.0,10.0,283.0,0.0,5.75,8.47,0.0,0.0
2024-01-26,P0012,S002,WH_2,SKU_2,78.69713,359.0,8.0,377.0,0.0,16.77,22.06,0.0,0.0
2024-01-26,P0013,S002,WH_2,SKU_20,120.829605,504.0,9.0,336.0,0.0,12.31,20.86,0.0,0.0
2024-01-26,P0005,S003,WH_3,SKU_13,107.171196,679.0,14.0,382.0,0.0,6.01,8.52,0.0,0.0
2024-01-26,P0015,S003,WH_3,SKU_22,173.68802,588.0,4.0,211.0,0.0,18.38,32.58,0.0,0.0
2024-01-26,P0011,S002,WH_2,SKU_19,103.4657,304.0,8.0,316.0,0.0,12.67,18.56,0.0,0.0
2024-01-26,P0016,S003,WH_3,SKU_23,135.54778,621.0,5.0,293.0,0.0,18.08,23.36,0.0,0.0
2024-01-26,P0014,S002,WH_2,SKU_21,118.39559,464.0,7.0,349.0,0.0,8.18,12.0,0.0,0.0
2024-01-26,P0003,S003,WH_3,SKU_11,101.651306,733.0,13.0,342.0,0.0,13.85,18.39,1.0,0.0
2024-01-26,P0011,S005,WH_5,SKU_19,103.553505,317.0,7.0,281.0,0.0,15.87,25.1,0.0,0.0
2024-01-26,P0002,S004,WH_4,SKU_10,129.7386,497.0,14.0,328.0,0.0,19.02,24.9,0.0,0.0
2024-01-26,P0003,S004,WH_4,SKU_11,104.003784,408.0,2.0,382.0,0.0,6.2,7.82,1.0,0.0
2024-01-26,P0018,S003,WH_3,SKU_25,102.939865,290.0,7.0,232.0,0.0,6.51,8.04,0.0,0.0
2024-01-26,P0017,S001,WH_1,SKU_24,87.976204,329.0,2.0,288.0,0.0,6.14,10.22,0.0,0.0
2024-01-26,P0007,S003,WH_3,SKU_15,92.508,681.0,7.0,265.0,0.0,6.24,9.99,0.0,0.0
2024-01-26,P0012,S003,WH_3,SKU_2,79.75457,362.0,10.0,319.0,0.0,5.02,7.82,0.0,0.0
2024-01-26,P0001,S001,WH_1,SKU_1,90.566345,484.0,14.0,379.0,0.0,13.95,20.48,0.0,0.0
2024-01-26,P0010,S002,WH_2,SKU_18,141.15074,273.0,10.0,270.0,0.0,17.51,24.82,0.0,0.0
2024-01-26,P0017,S003,WH_3,SKU_24,98.66894,296.0,10.0,209.0,0.0,10.59,15.15,0.0,0.0
2024-01-27,P0018,S001,WH_1,SKU_25,148.01918,446.0,5.0,314.0,0.0,14.23,20.28,0.0,0.0
2024-01-27,P0007,S004,WH_4,SKU_15,149.1615,422.0,5.0,224.0,0.0,13.52,23.32,1.0,0.0
2024-01-27,P0003,S003,WH_3,SKU_11,87.69586,723.0,13.0,342.0,0.0,13.85,18.39,0.0,0.0
2024-01-27,P0006,S005,WH_5,SKU_14,121.74941,388.0,6.0,259.0,0.0,11.19,14.98,0.0,0.0
2024-01-27,P0005,S001,WH_1,SKU_13,149.30907,285.0,9.0,246.0,0.0,19.52,24.09,0.0,0.0
2024-01-27,P0010,S002,WH_2,SKU_18,163.64374,248.0,10.0,270.0,0.0,17.51,24.82,0.0,0.0
2024-01-27,P0020,S002,WH_2,SKU_27,77.401245,317.0,4.0,223.0,0.0,16.3,21.54,0.0,0.0
2024-01-27,P0009,S002,WH_2,SKU_17,160.43333,748.0,13.0,372.0,0.0,16.68,21.24,0.0,0.0
2024-01-27,P0009,S004,WH_4,SKU_17,184.05377,452.0,5.0,341.0,0.0,8.62,10.66,0.0,0.0
2024-01-27,P0010,S004,WH_4,SKU_18,142.17091,389.0,6.0,250.0,0.0,5.35,9.51,0.0,0.0
2024-01-27,P0006,S003,WH_3,SKU_14,107.418205,411.0,3.0,283.0,0.0,5.88,9.37,0.0,0.0
2024-01-27,P0006,S001,WH_1,SKU_14,85.831024,271.0,11.0,265.0,0.0,8.21,11.1,0.0,0.0
2024-01-27,P0019,S002,WH_2,SKU_26,105.32231,284.0,5.0,273.0,0.0,8.5,11.16,1.0,0.0
2024-01-27,P0008,S004,WH_4,SKU_16,81.4961,546.0,4.0,367.0,0.0,6.61,9.52,0.0,0.0
2024-01-27,P0001,S005,WH_5,SKU_1,82.73059,570.0,4.0,366.0,0.0,19.41,23.81,0.0,0.0
2024-01-27,P0007,S003,WH_3,SKU_15,127.73984,657.0,7.0,265.0,0.0,6.24,9.99,0.0,0.0
2024-01-27,P0016,S001,WH_1,SKU_23,79.38555,371.0,8.0,239.0,0.0,9.05,14.03,0.0,0.0
2024-01-27,P0019,S001,WH_1,SKU_26,66.86578,652.0,2.0,335.0,0.0,18.22,23.67,0.0,0.0
2024-01-27,P0017,S003,WH_3,SKU_24,102.44418,262.0,10.0,209.0,0.0,10.59,15.15,0.0,0.0
2024-01-27,P0016,S003,WH_3,SKU_23,88.62962,593.0,5.0,293.0,0.0,18.08,23.36,0.0,0.0
2024-01-27,P0014,S005,WH_5,SKU_21,78.43555,390.0,8.0,309.0,0.0,13.11,23.25,0.0,0.0
2024-01-27,P0004,S003,WH_3,SKU_12,104.22622,528.0,6.0,234.0,0.0,10.01,13.38,1.0,0.0
2024-01-27,P0011,S001,WH_1,SKU_19,75.96233,416.0,8.0,287.0,0.0,12.4,18.41,0.0,0.0
2024-01-27,P0020,S004,WH_4,SKU_27,69.54046,358.0,14.0,289.0,0.0,13.84,20.65,0.0,0.0
2024-01-27,P0003,S001,WH_1,SKU_11,84.57838,336.0,4.0,286.0,0.0,19.54,34.79,0.0,0.0
2024-01-27,P0015,S005,WH_5,SKU_22,120.15046,679.0,4.0,326.0,0.0,16.45,25.06,0.0,0.0
2024-01-27,P0006,S004,WH_4,SKU_14,88.50808,326.0,10.0,343.0,0.0,5.76,8.49,0.0,0.0
2024-01-27,P0019,S003,WH_3,SKU_26,74.49976,303.0,14.0,222.0,0.0,7.66,9.43,0.0,0.0
2024-01-27,P0009,S003,WH_3,SKU_17,140.20465,449.0,3.0,339.0,0.0,16.8,28.54,0.0,0.0
2024-01-27,P0009,S005,WH_5,SKU_17,110.898125,336.0,8.0,321.0,0.0,7.73,13.36,0.0,0.0
2024-01-27,P0003,S005,WH_5,SKU_11,90.97921,389.0,3.0,349.0,0.0,18.92,31.99,0.0,0.0
2024-01-27,P0019,S005,WH_5,SKU_26,65.64655,564.0,4.0,393.0,0.0,17.15,27.81,0.0,0.0
2024-01-27,P0017,S005,WH_5,SKU_24,120.176285,623.0,7.0,313.0,0.0,7.27,12.17,0.0,0.0
2024-01-27,P0011,S002,WH_2,SKU_19,78.20695,757.0,8.0,316.0,488.0,12.67,18.56,0.0,0.0
2024-01-27,P0017,S002,WH_2,SKU_24,100.94289,502.0,5.0,365.0,0.0,19.69,29.64,0.0,0.0
2024-01-27,P0020,S001,WH_1,SKU_27,71.42462,427.0,2.0,389.0,0.0,5.89,7.48,0.0,0.0
2024-01-27,P0010,S005,WH_5,SKU_18,118.91082,497.0,13.0,394.0,0.0,13.35,21.48,1.0,0.0
2024-01-27,P0018,S002,WH_2,SKU_25,143.21019,771.0,3.0,352.0,0.0,5.07,6.95,0.0,0.0
2024-01-27,P0018,S003,WH_3,SKU_25,67.523674,270.0,7.0,232.0,0.0,6.51,8.04,0.0,0.0
2024-01-27,P0005,S004,WH_4,SKU_13,161.81203,290.0,10.0,251.0,0.0,14.29,19.75,1.0,0.0
2024-01-27,P0010,S003,WH_3,SKU_18,128.4116,231.0,9.0,213.0,0.0,15.53,20.4,1.0,0.0
2024-01-27,P0015,S003,WH_3,SKU_22,182.43434,559.0,4.0,211.0,0.0,18.38,32.58,0.0,0.0
2024-01-27,P0001,S002,WH_2,SKU_1,134.27783,505.0,8.0,322.0,0.0,11.46,19.92,0.0,0.0
2024-01-27,P0019,S004,WH_4,SKU_26,75.55681,412.0,14.0,331.0,0.0,8.71,13.65,0.0,0.0
2024-01-27,P0015,S001,WH_1,SKU_22,122.09321,312.0,4.0,282.0,0.0,8.88,12.51,0.0,0.0
2024-01-27,P0002,S002,WH_2,SKU_10,165.32411,601.0,10.0,310.0,0.0,13.83,22.36,0.0,0.0
2024-01-27,P0001,S003,WH_3,SKU_1,100.16073,593.0,6.0,314.0,0.0,6.06,8.41,0.0,0.0
2024-01-27,P0010,S001,WH_1,SKU_18,81.72109,553.0,2.0,346.0,0.0,8.62,10.49,0.0,0.0
2024-01-27,P0015,S004,WH_4,SKU_22,102.387955,400.0,11.0,374.0,0.0,19.16,23.34,0.0,0.0
2024-01-27,P0002,S003,WH_3,SKU_10,118.90165,210.0,5.0,218.0,0.0,13.68,17.87,0.0,0.0
2024-01-27,P0011,S003,WH_3,SKU_19,102.96555,730.0,4.0,295.0,0.0,14.17,23.01,0.0,0.0
2024-01-27,P0008,S003,WH_3,SKU_16,150.33257,407.0,6.0,336.0,0.0,12.08,18.52,1.0,0.0
2024-01-27,P0002,S001,WH_1,SKU_10,118.02313,671.0,13.0,361.0,0.0,12.67,18.73,0.0,0.0
2024-01-27,P0008,S005,WH_5,SKU_16,132.05446,589.0,2.0,394.0,0.0,13.23,20.46,0.0,0.0
2024-01-27,P0006,S002,WH_2,SKU_14,147.10318,258.0,14.0,268.0,0.0,18.83,23.34,0.0,0.0
2024-01-27,P0013,S003,WH_3,SKU_20,141.79462,707.0,3.0,319.0,0.0,14.9,25.16,1.0,0.0
2024-01-27,P0012,S001,WH_1,SKU_2,137.0495,387.0,13.0,228.0,0.0,19.76,35.1,0.0,0.0
2024-01-27,P0004,S002,WH_2,SKU_12,123.49687,573.0,6.0,370.0,0.0,19.03,23.02,0.0,0.0
2024-01-27,P0017,S001,WH_1,SKU_24,118.8812,306.0,2.0,288.0,0.0,6.14,10.22,0.0,0.0
2024-01-27,P0016,S004,WH_4,SKU_23,75.59878,357.0,14.0,236.0,0.0,15.4,18.69,0.0,0.0
2024-01-27,P0017,S004,WH_4,SKU_24,132.8282,378.0,13.0,301.0,0.0,7.11,12.19,0.0,0.0
2024-01-27,P0014,S002,WH_2,SKU_21,156.88019,439.0,7.0,349.0,0.0,8.18,12.0,0.0,0.0
2024-01-27,P0004,S004,WH_4,SKU_12,139.0672,235.0,12.0,227.0,0.0,14.2,19.73,0.0,0.0
2024-01-27,P0012,S004,WH_4,SKU_2,82.93597,509.0,6.0,290.0,0.0,7.06,10.96,0.0,0.0
2024-01-27,P0015,S002,WH_2,SKU_22,159.08351,551.0,7.0,261.0,0.0,9.82,14.68,0.0,0.0
2024-01-27,P0003,S002,WH_2,SKU_11,139.36958,414.0,4.0,230.0,0.0,17.93,29.29,0.0,0.0
2024-01-27,P0013,S005,WH_5,SKU_20,153.77165,656.0,2.0,246.0,455.0,10.07,18.03,0.0,0.0
2024-01-27,P0007,S005,WH_5,SKU_15,113.57225,521.0,14.0,279.0,0.0,15.48,21.47,1.0,0.0
2024-01-27,P0012,S002,WH_2,SKU_2,86.0618,603.0,8.0,377.0,279.0,16.77,22.06,1.0,0.0
2024-01-27,P0012,S005,WH_5,SKU_2,67.457306,621.0,14.0,267.0,0.0,15.0,26.38,0.0,0.0
2024-01-27,P0004,S005,WH_5,SKU_12,77.441605,613.0,6.0,349.0,0.0,10.21,15.8,0.0,0.0
2024-01-27,P0003,S004,WH_4,SKU_11,77.27395,381.0,2.0,382.0,0.0,6.2,7.82,0.0,0.0
2024-01-27,P0011,S004,WH_4,SKU_19,62.939735,430.0,4.0,352.0,0.0,5.41,7.4,0.0,0.0
2024-01-27,P0013,S002,WH_2,SKU_20,124.32314,483.0,9.0,336.0,0.0,12.31,20.86,0.0,0.0
2024-01-27,P0020,S005,WH_5,SKU_27,79.56957,506.0,2.0,353.0,0.0,17.89,25.71,0.0,0.0
2024-01-27,P0011,S005,WH_5,SKU_19,87.49216,290.0,7.0,281.0,0.0,15.87,25.1,0.0,0.0
2024-01-27,P0020,S003,WH_3,SKU_27,97.01272,569.0,3.0,296.0,0.0,9.18,15.91,1.0,0.0
2024-01-27,P0002,S005,WH_5,SKU_10,98.53391,378.0,9.0,246.0,0.0,9.67,15.35,0.0,0.0
2024-01-27,P0014,S004,WH_4,SKU_21,108.3901,469.0,8.0,379.0,0.0,12.65,20.04,0.0,0.0
2024-01-27,P0007,S001,WH_1,SKU_15,131.95163,553.0,13.0,327.0,0.0,16.7,28.78,0.0,0.0
2024-01-27,P0016,S002,WH_2,SKU_23,103.01905,406.0,12.0,312.0,0.0,6.68,11.81,1.0,0.0
2024-01-27,P0014,S001,WH_1,SKU_21,165.33199,646.0,11.0,245.0,0.0,19.68,23.66,0.0,0.0
2024-01-27,P0005,S005,WH_5,SKU_13,116.66238,570.0,7.0,305.0,317.0,15.13,23.34,0.0,0.0
2024-01-27,P0018,S004,WH_4,SKU_25,93.488434,485.0,9.0,273.0,0.0,12.02,19.24,0.0,0.0
2024-01-27,P0002,S004,WH_4,SKU_10,146.1428,473.0,14.0,328.0,0.0,19.02,24.9,0.0,0.0
2024-01-27,P0013,S004,WH_4,SKU_20,143.25229,325.0,2.0,327.0,0.0,16.89,23.51,0.0,0.0
2024-01-27,P0008,S001,WH_1,SKU_16,102.07464,754.0,14.0,328.0,466.0,11.96,17.38,0.0,0.0
2024-01-27,P0005,S002,WH_2,SKU_13,141.141,630.0,11.0,350.0,0.0,17.04,21.69,0.0,0.0
2024-01-27,P0008,S002,WH_2,SKU_16,163.70453,478.0,11.0,327.0,0.0,19.0,26.16,0.0,0.0
2024-01-27,P0005,S003,WH_3,SKU_13,109.80709,661.0,14.0,382.0,0.0,6.01,8.52,0.0,0.0
2024-01-27,P0004,S001,WH_1,SKU_12,111.73505,372.0,5.0,299.0,0.0,5.36,7.17,0.0,0.0
2024-01-27,P0001,S001,WH_1,SKU_1,92.09417,456.0,14.0,379.0,0.0,13.95,20.48,0.0,0.0
2024-01-27,P0014,S003,WH_3,SKU_21,83.17071,395.0,10.0,283.0,0.0,5.75,8.47,0.0,0.0
2024-01-27,P0001,S004,WH_4,SKU_1,119.104546,561.0,9.0,333.0,0.0,6.93,10.7,0.0,0.0
2024-01-27,P0018,S005,WH_5,SKU_25,136.75665,444.0,7.0,311.0,0.0,8.45,14.29,0.0,0.0
2024-01-27,P0016,S005,WH_5,SKU_23,76.945885,591.0,3.0,383.0,0.0,19.43,28.74,0.0,0.0
2024-01-27,P0013,S001,WH_1,SKU_20,122.48352,594.0,9.0,295.0,0.0,9.55,16.05,1.0,0.0
2024-01-27,P0007,S002,WH_2,SKU_15,154.03725,369.0,8.0,386.0,0.0,11.37,14.92,1.0,0.0
2024-01-27,P0012,S003,WH_3,SKU_2,89.13827,343.0,10.0,319.0,0.0,5.02,7.82,0.0,0.0
2024-01-27,P0009,S001,WH_1,SKU_17,160.68655,349.0,10.0,268.0,0.0,14.9,26.61,0.0,0.0
2024-01-28,P0006,S004,WH_4,SKU_14,177.35915,760.0,10.0,343.0,473.0,5.76,8.49,1.0,0.0
2024-01-28,P0003,S004,WH_4,SKU_11,127.693825,702.0,2.0,382.0,358.0,6.2,7.82,1.0,0.0
2024-01-28,P0009,S005,WH_5,SKU_17,107.7876,302.0,8.0,321.0,0.0,7.73,13.36,0.0,0.0
2024-01-28,P0003,S002,WH_2,SKU_11,152.56161,381.0,4.0,230.0,0.0,17.93,29.29,0.0,0.0
2024-01-28,P0004,S005,WH_5,SKU_12,145.34447,589.0,6.0,349.0,0.0,10.21,15.8,0.0,0.0
2024-01-28,P0007,S005,WH_5,SKU_15,105.40811,502.0,14.0,279.0,0.0,15.48,21.47,0.0,0.0
2024-01-28,P0005,S004,WH_4,SKU_13,120.29881,270.0,10.0,251.0,0.0,14.29,19.75,0.0,0.0
2024-01-28,P0015,S001,WH_1,SKU_22,98.62599,286.0,4.0,282.0,0.0,8.88,12.51,0.0,0.0
2024-01-28,P0013,S001,WH_1,SKU_20,93.0169,569.0,9.0,295.0,0.0,9.55,16.05,0.0,0.0
2024-01-28,P0020,S001,WH_1,SKU_27,85.32187,401.0,2.0,389.0,0.0,5.89,7.48,0.0,0.0
2024-01-28,P0004,S002,WH_2,SKU_12,142.1842,551.0,6.0,370.0,0.0,19.03,23.02,0.0,0.0
2024-01-28,P0020,S003,WH_3,SKU_27,135.20702,539.0,3.0,296.0,0.0,9.18,15.91,0.0,0.0
2024-01-28,P0017,S005,WH_5,SKU_24,130.41031,596.0,7.0,313.0,0.0,7.27,12.17,0.0,0.0
2024-01-28,P0002,S004,WH_4,SKU_10,107.740456,445.0,14.0,328.0,0.0,19.02,24.9,0.0,0.0
2024-01-28,P0013,S004,WH_4,SKU_20,133.32442,557.0,2.0,327.0,248.0,16.89,23.51,0.0,0.0
2024-01-28,P0005,S002,WH_2,SKU_13,107.42766,607.0,11.0,350.0,0.0,17.04,21.69,0.0,0.0
2024-01-28,P0001,S004,WH_4,SKU_1,152.00911,539.0,9.0,333.0,0.0,6.93,10.7,0.0,0.0
2024-01-28,P0007,S004,WH_4,SKU_15,134.41646,398.0,5.0,224.0,0.0,13.52,23.32,0.0,0.0
2024-01-28,P0016,S005,WH_5,SKU_23,82.29225,563.0,3.0,383.0,0.0,19.43,28.74,1.0,0.0
2024-01-28,P0018,S005,WH_5,SKU_25,129.12341,417.0,7.0,311.0,0.0,8.45,14.29,0.0,0.0
2024-01-28,P0011,S004,WH_4,SKU_19,66.24751,403.0,4.0,352.0,0.0,5.41,7.4,0.0,0.0
2024-01-28,P0019,S003,WH_3,SKU_26,148.48758,278.0,14.0,222.0,0.0,7.66,9.43,0.0,0.0
2024-01-28,P0003,S005,WH_5,SKU_11,116.21275,370.0,3.0,349.0,0.0,18.92,31.99,0.0,0.0
2024-01-28,P0004,S004,WH_4,SKU_12,163.81395,215.0,12.0,227.0,0.0,14.2,19.73,1.0,0.0
2024-01-28,P0007,S002,WH_2,SKU_15,84.2674,610.0,8.0,386.0,260.0,11.37,14.92,0.0,0.0
2024-01-28,P0010,S005,WH_5,SKU_18,99.33794,468.0,13.0,394.0,0.0,13.35,21.48,0.0,0.0
2024-01-28,P0003,S001,WH_1,SKU_11,157.02402,309.0,4.0,286.0,0.0,19.54,34.79,0.0,0.0
2024-01-28,P0012,S001,WH_1,SKU_2,94.22758,359.0,13.0,228.0,0.0,19.76,35.1,0.0,0.0
2024-01-28,P0008,S004,WH_4,SKU_16,70.65771,527.0,4.0,367.0,0.0,6.61,9.52,0.0,0.0
2024-01-28,P0018,S001,WH_1,SKU_25,203.63374,434.0,5.0,314.0,0.0,14.23,20.28,0.0,0.0
2024-01-28,P0004,S001,WH_1,SKU_12,126.89891,353.0,5.0,299.0,0.0,5.36,7.17,0.0,0.0
2024-01-28,P0008,S002,WH_2,SKU_16,120.52485,448.0,11.0,327.0,0.0,19.0,26.16,0.0,0.0
2024-01-28,P0011,S005,WH_5,SKU_19,99.035515,272.0,7.0,281.0,0.0,15.87,25.1,0.0,0.0
2024-01-28,P0016,S001,WH_1,SKU_23,117.77968,345.0,8.0,239.0,0.0,9.05,14.03,0.0,0.0
2024-01-28,P0010,S004,WH_4,SKU_18,128.76404,365.0,6.0,250.0,0.0,5.35,9.51,0.0,0.0
2024-01-28,P0018,S003,WH_3,SKU_25,98.652664,241.0,7.0,232.0,0.0,6.51,8.04,0.0,0.0
2024-01-28,P0001,S002,WH_2,SKU_1,131.11153,488.0,8.0,322.0,0.0,11.46,19.92,0.0,0.0
2024-01-28,P0015,S004,WH_4,SKU_22,87.96591,384.0,11.0,374.0,0.0,19.16,23.34,0.0,0.0
2024-01-28,P0004,S003,WH_3,SKU_12,153.8905,508.0,6.0,234.0,0.0,10.01,13.38,0.0,0.0
2024-01-28,P0017,S003,WH_3,SKU_24,136.54321,242.0,10.0,209.0,0.0,10.59,15.15,0.0,0.0
2024-01-28,P0017,S001,WH_1,SKU_24,137.7366,276.0,2.0,288.0,0.0,6.14,10.22,0.0,0.0
2024-01-28,P0011,S001,WH_1,SKU_19,93.13503,379.0,8.0,287.0,0.0,12.4,18.41,0.0,0.0
2024-01-28,P0010,S002,WH_2,SKU_18,116.874725,508.0,10.0,270.0,286.0,17.51,24.82,0.0,0.0
2024-01-28,P0002,S003,WH_3,SKU_10,102.06395,630.0,5.0,218.0,442.0,13.68,17.87,0.0,0.0
2024-01-28,P0002,S002,WH_2,SKU_10,89.66085,576.0,10.0,310.0,0.0,13.83,22.36,0.0,0.0
2024-01-28,P0019,S001,WH_1,SKU_26,75.225464,622.0,2.0,335.0,0.0,18.22,23.67,0.0,0.0
2024-01-28,P0006,S002,WH_2,SKU_14,154.89717,557.0,14.0,268.0,325.0,18.83,23.34,0.0,0.0
2024-01-28,P0014,S001,WH_1,SKU_21,72.5122,636.0,11.0,245.0,0.0,19.68,23.66,0.0,0.0
2024-01-28,P0009,S004,WH_4,SKU_17,125.3025,433.0,5.0,341.0,0.0,8.62,10.66,0.0,0.0
2024-01-28,P0002,S001,WH_1,SKU_10,120.32219,643.0,13.0,361.0,0.0,12.67,18.73,0.0,0.0
2024-01-28,P0006,S005,WH_5,SKU_14,134.82376,363.0,6.0,259.0,0.0,11.19,14.98,0.0,0.0
2024-01-28,P0012,S004,WH_4,SKU_2,136.38774,487.0,6.0,290.0,0.0,7.06,10.96,0.0,0.0
2024-01-28,P0006,S003,WH_3,SKU_14,126.43926,385.0,3.0,283.0,0.0,5.88,9.37,0.0,0.0
2024-01-28,P0019,S002,WH_2,SKU_26,112.213005,262.0,5.0,273.0,0.0,8.5,11.16,0.0,0.0
2024-01-28,P0007,S003,WH_3,SKU_15,106.122604,626.0,7.0,265.0,0.0,6.24,9.99,0.0,0.0
2024-01-28,P0006,S001,WH_1,SKU_14,131.09392,235.0,11.0,265.0,0.0,8.21,11.1,1.0,0.0
2024-01-28,P0014,S005,WH_5,SKU_21,89.63223,362.0,8.0,309.0,0.0,13.11,23.25,0.0,0.0
2024-01-28,P0020,S004,WH_4,SKU_27,93.33135,340.0,14.0,289.0,0.0,13.84,20.65,0.0,0.0
2024-01-28,P0008,S003,WH_3,SKU_16,104.72061,366.0,6.0,336.0,0.0,12.08,18.52,1.0,0.0
2024-01-28,P0018,S002,WH_2,SKU_25,136.18185,740.0,3.0,352.0,0.0,5.07,6.95,0.0,0.0
2024-01-28,P0019,S005,WH_5,SKU_26,80.11619,539.0,4.0,393.0,0.0,17.15,27.81,0.0,0.0
2024-01-28,P0017,S002,WH_2,SKU_24,117.71521,473.0,5.0,365.0,0.0,19.69,29.64,1.0,0.0
2024-01-28,P0013,S003,WH_3,SKU_20,115.289566,685.0,3.0,319.0,0.0,14.9,25.16,0.0,0.0
2024-01-28,P0007,S001,WH_1,SKU_15,100.510124,529.0,13.0,327.0,0.0,16.7,28.78,0.0,0.0
2024-01-28,P0016,S004,WH_4,SKU_23,76.76159,329.0,14.0,236.0,0.0,15.4,18.69,0.0,0.0
2024-01-28,P0011,S002,WH_2,SKU_19,130.85085,735.0,8.0,316.0,0.0,12.67,18.56,0.0,0.0
2024-01-28,P0015,S005,WH_5,SKU_22,150.24808,658.0,4.0,326.0,0.0,16.45,25.06,0.0,0.0
2024-01-28,P0014,S003,WH_3,SKU_21,131.30452,374.0,10.0,283.0,0.0,5.75,8.47,0.0,0.0
2024-01-28,P0015,S003,WH_3,SKU_22,166.20842,533.0,4.0,211.0,0.0,18.38,32.58,0.0,0.0
2024-01-28,P0012,S002,WH_2,SKU_2,82.185524,582.0,8.0,377.0,0.0,16.77,22.06,0.0,0.0
2024-01-28,P0010,S001,WH_1,SKU_18,79.89423,535.0,2.0,346.0,0.0,8.62,10.49,0.0,0.0
2024-01-28,P0017,S004,WH_4,SKU_24,138.55034,357.0,13.0,301.0,0.0,7.11,12.19,0.0,0.0
2024-01-28,P0003,S003,WH_3,SKU_11,145.55191,706.0,13.0,342.0,0.0,13.85,18.39,0.0,0.0
2024-01-28,P0001,S005,WH_5,SKU_1,122.51578,545.0,4.0,366.0,0.0,19.41,23.81,0.0,0.0
2024-01-28,P0005,S001,WH_1,SKU_13,96.26673,267.0,9.0,246.0,0.0,19.52,24.09,0.0,0.0
2024-01-28,P0009,S003,WH_3,SKU_17,101.11325,429.0,3.0,339.0,0.0,16.8,28.54,0.0,0.0
2024-01-28,P0005,S005,WH_5,SKU_13,104.83151,546.0,7.0,305.0,0.0,15.13,23.34,0.0,0.0
2024-01-28,P0020,S002,WH_2,SKU_27,120.454765,296.0,4.0,223.0,0.0,16.3,21.54,0.0,0.0
2024-01-28,P0009,S002,WH_2,SKU_17,115.23314,712.0,13.0,372.0,0.0,16.68,21.24,1.0,0.0
2024-01-28,P0016,S003,WH_3,SKU_23,86.68656,568.0,5.0,293.0,0.0,18.08,23.36,0.0,0.0
2024-01-28,P0010,S003,WH_3,SKU_18,111.109,211.0,9.0,213.0,0.0,15.53,20.4,0.0,0.0
2024-01-28,P0001,S003,WH_3,SKU_1,98.7885,571.0,6.0,314.0,0.0,6.06,8.41,0.0,0.0
2024-01-28,P0011,S003,WH_3,SKU_19,108.34009,712.0,4.0,295.0,0.0,14.17,23.01,0.0,0.0
2024-01-28,P0002,S005,WH_5,SKU_10,94.30528,347.0,9.0,246.0,0.0,9.67,15.35,0.0,0.0
2024-01-28,P0015,S002,WH_2,SKU_22,104.773895,527.0,7.0,261.0,0.0,9.82,14.68,0.0,0.0
2024-01-28,P0012,S005,WH_5,SKU_2,91.244644,595.0,14.0,267.0,0.0,15.0,26.38,0.0,0.0
2024-01-28,P0018,S004,WH_4,SKU_25,107.29898,466.0,9.0,273.0,0.0,12.02,19.24,0.0,0.0
2024-01-28,P0014,S002,WH_2,SKU_21,59.673622,414.0,7.0,349.0,0.0,8.18,12.0,0.0,0.0
2024-01-28,P0014,S004,WH_4,SKU_21,118.696106,444.0,8.0,379.0,0.0,12.65,20.04,0.0,0.0
2024-01-28,P0005,S003,WH_3,SKU_13,72.59442,635.0,14.0,382.0,0.0,6.01,8.52,0.0,0.0
2024-01-28,P0013,S005,WH_5,SKU_20,119.25261,633.0,2.0,246.0,0.0,10.07,18.03,1.0,0.0
2024-01-28,P0019,S004,WH_4,SKU_26,78.97751,389.0,14.0,331.0,0.0,8.71,13.65,0.0,0.0
2024-01-28,P0016,S002,WH_2,SKU_23,82.14238,381.0,12.0,312.0,0.0,6.68,11.81,0.0,0.0
2024-01-28,P0009,S001,WH_1,SKU_17,145.44783,321.0,10.0,268.0,0.0,14.9,26.61,0.0,0.0
2024-01-28,P0013,S002,WH_2,SKU_20,115.97279,457.0,9.0,336.0,0.0,12.31,20.86,0.0,0.0
2024-01-28,P0008,S005,WH_5,SKU_16,120.71085,571.0,2.0,394.0,0.0,13.23,20.46,0.0,0.0
2024-01-28,P0020,S005,WH_5,SKU_27,118.30164,476.0,2.0,353.0,0.0,17.89,25.71,0.0,0.0
2024-01-28,P0001,S001,WH_1,SKU_1,97.42214,427.0,14.0,379.0,0.0,13.95,20.48,0.0,0.0
2024-01-28,P0008,S001,WH_1,SKU_16,82.941864,722.0,14.0,328.0,0.0,11.96,17.38,1.0,0.0
2024-01-28,P0012,S003,WH_3,SKU_2,77.24574,324.0,10.0,319.0,0.0,5.02,7.82,0.0,0.0
2024-01-29,P0017,S003,WH_3,SKU_24,74.33512,217.0,10.0,209.0,0.0,10.59,15.15,0.0,0.0
2024-01-29,P0010,S005,WH_5,SKU_18,101.221886,442.0,13.0,394.0,0.0,13.35,21.48,0.0,0.0
2024-01-29,P0014,S001,WH_1,SKU_21,79.7673,611.0,11.0,245.0,0.0,19.68,23.66,0.0,0.0
2024-01-29,P0008,S001,WH_1,SKU_16,89.99932,682.0,14.0,328.0,0.0,11.96,17.38,1.0,0.0
2024-01-29,P0018,S005,WH_5,SKU_25,146.79073,397.0,7.0,311.0,0.0,8.45,14.29,0.0,0.0
2024-01-29,P0016,S002,WH_2,SKU_23,107.42231,353.0,12.0,312.0,0.0,6.68,11.81,0.0,0.0
2024-01-29,P0001,S003,WH_3,SKU_1,71.03831,547.0,6.0,314.0,0.0,6.06,8.41,0.0,0.0
2024-01-29,P0020,S003,WH_3,SKU_27,99.982735,512.0,3.0,296.0,0.0,9.18,15.91,0.0,0.0
2024-01-29,P0003,S003,WH_3,SKU_11,92.817184,683.0,13.0,342.0,0.0,13.85,18.39,0.0,0.0
2024-01-29,P0016,S004,WH_4,SKU_23,72.42309,304.0,14.0,236.0,0.0,15.4,18.69,0.0,0.0
2024-01-29,P0015,S003,WH_3,SKU_22,103.575134,506.0,4.0,211.0,0.0,18.38,32.58,0.0,0.0
2024-01-29,P0009,S002,WH_2,SKU_17,99.23292,682.0,13.0,372.0,0.0,16.68,21.24,0.0,0.0
2024-01-29,P0011,S001,WH_1,SKU_19,70.566025,347.0,8.0,287.0,0.0,12.4,18.41,1.0,0.0
2024-01-29,P0015,S004,WH_4,SKU_22,67.32267,362.0,11.0,374.0,0.0,19.16,23.34,0.0,0.0
2024-01-29,P0011,S002,WH_2,SKU_19,137.76782,715.0,8.0,316.0,0.0,12.67,18.56,0.0,0.0
2024-01-29,P0018,S003,WH_3,SKU_25,71.56588,219.0,7.0,232.0,0.0,6.51,8.04,0.0,0.0
2024-01-29,P0011,S005,WH_5,SKU_19,79.38961,543.0,7.0,281.0,293.0,15.87,25.1,0.0,0.0
2024-01-29,P0004,S001,WH_1,SKU_12,90.27129,332.0,5.0,299.0,0.0,5.36,7.17,0.0,0.0
2024-01-29,P0008,S002,WH_2,SKU_16,105.69819,424.0,11.0,327.0,0.0,19.0,26.16,1.0,0.0
2024-01-29,P0012,S002,WH_2,SKU_2,76.97881,560.0,8.0,377.0,0.0,16.77,22.06,0.0,0.0
2024-01-29,P0004,S004,WH_4,SKU_12,132.7523,584.0,12.0,227.0,386.0,14.2,19.73,0.0,0.0
2024-01-29,P0010,S001,WH_1,SKU_18,72.94425,492.0,2.0,346.0,0.0,8.62,10.49,0.0,0.0
2024-01-29,P0014,S003,WH_3,SKU_21,97.34513,353.0,10.0,283.0,0.0,5.75,8.47,0.0,0.0
2024-01-29,P0006,S005,WH_5,SKU_14,98.862595,336.0,6.0,259.0,0.0,11.19,14.98,0.0,0.0
2024-01-29,P0007,S005,WH_5,SKU_15,123.50509,476.0,14.0,279.0,0.0,15.48,21.47,0.0,0.0
2024-01-29,P0007,S002,WH_2,SKU_15,98.84534,592.0,8.0,386.0,0.0,11.37,14.92,0.0,0.0
2024-01-29,P0012,S003,WH_3,SKU_2,57.5882,309.0,10.0,319.0,0.0,5.02,7.82,0.0,0.0
2024-01-29,P0016,S005,WH_5,SKU_23,98.0898,536.0,3.0,383.0,0.0,19.43,28.74,0.0,0.0
2024-01-29,P0001,S001,WH_1,SKU_1,97.19869,398.0,14.0,379.0,0.0,13.95,20.48,0.0,0.0
2024-01-29,P0001,S004,WH_4,SKU_1,140.71492,514.0,9.0,333.0,0.0,6.93,10.7,0.0,0.0
2024-01-29,P0005,S002,WH_2,SKU_13,79.90447,582.0,11.0,350.0,0.0,17.04,21.69,0.0,0.0
2024-01-29,P0013,S004,WH_4,SKU_20,112.94817,524.0,2.0,327.0,0.0,16.89,23.51,0.0,0.0
2024-01-29,P0005,S003,WH_3,SKU_13,76.189354,608.0,14.0,382.0,0.0,6.01,8.52,1.0,0.0
2024-01-29,P0013,S005,WH_5,SKU_20,124.79747,603.0,2.0,246.0,0.0,10.07,18.03,0.0,0.0
2024-01-29,P0002,S004,WH_4,SKU_10,128.76105,403.0,14.0,328.0,0.0,19.02,24.9,1.0,0.0
2024-01-29,P0011,S003,WH_3,SKU_19,104.610435,689.0,4.0,295.0,0.0,14.17,23.01,0.0,0.0
2024-01-29,P0004,S002,WH_2,SKU_12,100.02169,529.0,6.0,370.0,0.0,19.03,23.02,0.0,0.0
2024-01-29,P0014,S002,WH_2,SKU_21,95.375824,387.0,7.0,349.0,0.0,8.18,12.0,0.0,0.0
2024-01-29,P0018,S004,WH_4,SKU_25,93.599,439.0,9.0,273.0,0.0,12.02,19.24,0.0,0.0
2024-01-29,P0003,S004,WH_4,SKU_11,83.88058,676.0,2.0,382.0,0.0,6.2,7.82,0.0,0.0
2024-01-29,P0003,S002,WH_2,SKU_11,102.64035,363.0,4.0,230.0,0.0,17.93,29.29,0.0,0.0
2024-01-29,P0012,S005,WH_5,SKU_2,77.23517,564.0,14.0,267.0,0.0,15.0,26.38,0.0,0.0
2024-01-29,P0007,S001,WH_1,SKU_15,115.23544,501.0,13.0,327.0,0.0,16.7,28.78,1.0,0.0
2024-01-29,P0012,S004,WH_4,SKU_2,151.47444,463.0,6.0,290.0,0.0,7.06,10.96,0.0,0.0
2024-01-29,P0002,S005,WH_5,SKU_10,99.62992,334.0,9.0,246.0,0.0,9.67,15.35,0.0,0.0
2024-01-29,P0016,S003,WH_3,SKU_23,99.06073,545.0,5.0,293.0,0.0,18.08,23.36,0.0,0.0
2024-01-29,P0015,S002,WH_2,SKU_22,105.54957,495.0,7.0,261.0,0.0,9.82,14.68,0.0,0.0
2024-01-29,P0013,S001,WH_1,SKU_20,100.24439,545.0,9.0,295.0,0.0,9.55,16.05,1.0,0.0
2024-01-29,P0017,S004,WH_4,SKU_24,115.92927,342.0,13.0,301.0,0.0,7.11,12.19,0.0,0.0
2024-01-29,P0004,S005,WH_5,SKU_12,96.20559,554.0,6.0,349.0,0.0,10.21,15.8,0.0,0.0
2024-01-29,P0008,S005,WH_5,SKU_16,127.23485,537.0,2.0,394.0,0.0,13.23,20.46,0.0,0.0
2024-01-29,P0019,S002,WH_2,SKU_26,107.517204,550.0,5.0,273.0,307.0,8.5,11.16,0.0,0.0
2024-01-29,P0008,S003,WH_3,SKU_16,153.61545,337.0,6.0,336.0,0.0,12.08,18.52,0.0,0.0
2024-01-29,P0008,S004,WH_4,SKU_16,82.6608,505.0,4.0,367.0,0.0,6.61,9.52,0.0,0.0
2024-01-29,P0009,S003,WH_3,SKU_17,113.547516,410.0,3.0,339.0,0.0,16.8,28.54,0.0,0.0
2024-01-29,P0017,S002,WH_2,SKU_24,82.6997,446.0,5.0,365.0,0.0,19.69,29.64,0.0,0.0
2024-01-29,P0009,S005,WH_5,SKU_17,97.14934,637.0,8.0,321.0,364.0,7.73,13.36,0.0,0.0
2024-01-29,P0005,S001,WH_1,SKU_13,114.52413,243.0,9.0,246.0,0.0,19.52,24.09,0.0,0.0
2024-01-29,P0002,S003,WH_3,SKU_10,105.57658,602.0,5.0,218.0,0.0,13.68,17.87,0.0,0.0
2024-01-29,P0007,S003,WH_3,SKU_15,101.20605,604.0,7.0,265.0,0.0,6.24,9.99,0.0,0.0
2024-01-29,P0015,S005,WH_5,SKU_22,98.83375,638.0,4.0,326.0,0.0,16.45,25.06,0.0,0.0
2024-01-29,P0018,S002,WH_2,SKU_25,97.92575,720.0,3.0,352.0,0.0,5.07,6.95,0.0,0.0
2024-01-29,P0020,S005,WH_5,SKU_27,96.75001,443.0,2.0,353.0,0.0,17.89,25.71,0.0,0.0
2024-01-29,P0006,S001,WH_1,SKU_14,107.9207,556.0,11.0,265.0,355.0,8.21,11.1,0.0,0.0
2024-01-29,P0017,S001,WH_1,SKU_24,100.88904,448.0,2.0,288.0,201.0,6.14,10.22,0.0,0.0
2024-01-29,P0015,S001,WH_1,SKU_22,98.011635,259.0,4.0,282.0,0.0,8.88,12.51,0.0,0.0
2024-01-29,P0020,S002,WH_2,SKU_27,52.738556,266.0,4.0,223.0,0.0,16.3,21.54,0.0,0.0
2024-01-29,P0005,S004,WH_4,SKU_13,98.88993,243.0,10.0,251.0,0.0,14.29,19.75,0.0,0.0
2024-01-29,P0004,S003,WH_3,SKU_12,101.19689,494.0,6.0,234.0,0.0,10.01,13.38,0.0,0.0
2024-01-29,P0005,S005,WH_5,SKU_13,125.48953,530.0,7.0,305.0,0.0,15.13,23.34,0.0,0.0
2024-01-29,P0019,S004,WH_4,SKU_26,115.58379,350.0,14.0,331.0,0.0,8.71,13.65,1.0,0.0
2024-01-29,P0020,S001,WH_1,SKU_27,67.87782,383.0,2.0,389.0,0.0,5.89,7.48,0.0,0.0
2024-01-29,P0009,S004,WH_4,SKU_17,93.64414,420.0,5.0,341.0,0.0,8.62,10.66,0.0,0.0
2024-01-29,P0010,S003,WH_3,SKU_18,102.24841,633.0,9.0,213.0,446.0,15.53,20.4,0.0,0.0
2024-01-29,P0011,S004,WH_4,SKU_19,98.41718,385.0,4.0,352.0,0.0,5.41,7.4,0.0,0.0
2024-01-29,P0003,S001,WH_1,SKU_11,141.87521,282.0,4.0,286.0,0.0,19.54,34.79,0.0,0.0
2024-01-29,P0006,S003,WH_3,SKU_14,94.62587,359.0,3.0,283.0,0.0,5.88,9.37,0.0,0.0
2024-01-29,P0003,S005,WH_5,SKU_11,99.94802,351.0,3.0,349.0,0.0,18.92,31.99,0.0,0.0
2024-01-29,P0019,S003,WH_3,SKU_26,77.19282,258.0,14.0,222.0,0.0,7.66,9.43,0.0,0.0
2024-01-29,P0013,S003,WH_3,SKU_20,107.38686,657.0,3.0,319.0,0.0,14.9,25.16,0.0,0.0
2024-01-29,P0006,S002,WH_2,SKU_14,99.11489,543.0,14.0,268.0,0.0,18.83,23.34,0.0,0.0
2024-01-29,P0012,S001,WH_1,SKU_2,147.80359,338.0,13.0,228.0,0.0,19.76,35.1,0.0,0.0
2024-01-29,P0014,S004,WH_4,SKU_21,80.27504,421.0,8.0,379.0,0.0,12.65,20.04,0.0,0.0
2024-01-29,P0009,S001,WH_1,SKU_17,121.5454,300.0,10.0,268.0,0.0,14.9,26.61,0.0,0.0
2024-01-29,P0013,S002,WH_2,SKU_20,82.594734,427.0,9.0,336.0,0.0,12.31,20.86,0.0,0.0
2024-01-29,P0002,S002,WH_2,SKU_10,74.16605,550.0,10.0,310.0,0.0,13.83,22.36,0.0,0.0
2024-01-29,P0010,S002,WH_2,SKU_18,118.75969,477.0,10.0,270.0,0.0,17.51,24.82,0.0,0.0
2024-01-29,P0020,S004,WH_4,SKU_27,74.666985,319.0,14.0,289.0,0.0,13.84,20.65,0.0,0.0
2024-01-29,P0002,S001,WH_1,SKU_10,89.46929,619.0,13.0,361.0,0.0,12.67,18.73,0.0,0.0
2024-01-29,P0001,S005,WH_5,SKU_1,116.831894,519.0,4.0,366.0,0.0,19.41,23.81,0.0,0.0
2024-01-29,P0007,S004,WH_4,SKU_15,122.48973,368.0,5.0,224.0,0.0,13.52,23.32,0.0,0.0
2024-01-29,P0017,S005,WH_5,SKU_24,114.42393,579.0,7.0,313.0,0.0,7.27,12.17,0.0,0.0
2024-01-29,P0019,S005,WH_5,SKU_26,64.23874,514.0,4.0,393.0,0.0,17.15,27.81,0.0,0.0
2024-01-29,P0001,S002,WH_2,SKU_1,97.03415,467.0,8.0,322.0,0.0,11.46,19.92,0.0,0.0
2024-01-29,P0014,S005,WH_5,SKU_21,94.476456,333.0,8.0,309.0,0.0,13.11,23.25,0.0,0.0
2024-01-29,P0018,S001,WH_1,SKU_25,108.78504,392.0,5.0,314.0,0.0,14.23,20.28,1.0,0.0
2024-01-29,P0019,S001,WH_1,SKU_26,92.4131,595.0,2.0,335.0,0.0,18.22,23.67,0.0,0.0
2024-01-29,P0006,S004,WH_4,SKU_14,126.09273,741.0,10.0,343.0,0.0,5.76,8.49,0.0,0.0
2024-01-29,P0016,S001,WH_1,SKU_23,107.38647,329.0,8.0,239.0,0.0,9.05,14.03,0.0,0.0
2024-01-29,P0010,S004,WH_4,SKU_18,125.18371,337.0,6.0,250.0,0.0,5.35,9.51,0.0,0.0
2024-01-30,P0009,S005,WH_5,SKU_17,106.452576,618.0,8.0,321.0,0.0,7.73,13.36,0.0,0.0
2024-01-30,P0017,S005,WH_5,SKU_24,106.27134,546.0,7.0,313.0,0.0,7.27,12.17,1.0,0.0
2024-01-30,P0016,S005,WH_5,SKU_23,74.064896,514.0,3.0,383.0,0.0,19.43,28.74,0.0,0.0
2024-01-30,P0015,S005,WH_5,SKU_22,91.90033,611.0,4.0,326.0,0.0,16.45,25.06,0.0,0.0
2024-01-30,P0014,S005,WH_5,SKU_21,108.513374,307.0,8.0,309.0,0.0,13.11,23.25,0.0,0.0
2024-01-30,P0013,S005,WH_5,SKU_20,106.01937,582.0,2.0,246.0,0.0,10.07,18.03,0.0,0.0
2024-01-30,P0012,S005,WH_5,SKU_2,54.390736,545.0,14.0,267.0,0.0,15.0,26.38,0.0,0.0
2024-01-30,P0011,S005,WH_5,SKU_19,77.01567,516.0,7.0,281.0,0.0,15.87,25.1,0.0,0.0
2024-01-30,P0010,S005,WH_5,SKU_18,85.99274,421.0,13.0,394.0,0.0,13.35,21.48,0.0,0.0
2024-01-30,P0008,S005,WH_5,SKU_16,94.71469,517.0,2.0,394.0,0.0,13.23,20.46,0.0,0.0
2024-01-30,P0011,S003,WH_3,SKU_19,139.81248,658.0,4.0,295.0,0.0,14.17,23.01,1.0,0.0
2024-01-30,P0006,S005,WH_5,SKU_14,136.76071,317.0,6.0,259.0,0.0,11.19,14.98,0.0,0.0
2024-01-30,P0005,S005,WH_5,SKU_13,105.02636,508.0,7.0,305.0,0.0,15.13,23.34,0.0,0.0
2024-01-30,P0004,S005,WH_5,SKU_12,101.52925,533.0,6.0,349.0,0.0,10.21,15.8,0.0,0.0
2024-01-30,P0003,S005,WH_5,SKU_11,100.227936,322.0,3.0,349.0,0.0,18.92,31.99,0.0,0.0
2024-01-30,P0002,S005,WH_5,SKU_10,81.51099,317.0,9.0,246.0,0.0,9.67,15.35,0.0,0.0
2024-01-30,P0001,S005,WH_5,SKU_1,103.57965,501.0,4.0,366.0,0.0,19.41,23.81,0.0,0.0
2024-01-30,P0020,S004,WH_4,SKU_27,81.84598,288.0,14.0,289.0,0.0,13.84,20.65,1.0,0.0
2024-01-30,P0019,S004,WH_4,SKU_26,108.82873,311.0,14.0,331.0,0.0,8.71,13.65,1.0,0.0
2024-01-30,P0018,S004,WH_4,SKU_25,67.54793,410.0,9.0,273.0,0.0,12.02,19.24,0.0,0.0
2024-01-30,P0017,S004,WH_4,SKU_24,102.816345,316.0,13.0,301.0,0.0,7.11,12.19,0.0,0.0
2024-01-30,P0007,S005,WH_5,SKU_15,91.44541,448.0,14.0,279.0,0.0,15.48,21.47,0.0,0.0
2024-01-30,P0016,S004,WH_4,SKU_23,51.304096,285.0,14.0,236.0,0.0,15.4,18.69,0.0,0.0
2024-01-30,P0012,S004,WH_4,SKU_2,92.34766,443.0,6.0,290.0,0.0,7.06,10.96,0.0,0.0
2024-01-30,P0015,S004,WH_4,SKU_22,47.870853,657.0,11.0,374.0,315.0,19.16,23.34,0.0,0.0
2024-01-30,P0008,S003,WH_3,SKU_16,132.06982,303.0,6.0,336.0,0.0,12.08,18.52,0.0,0.0
2024-01-30,P0011,S004,WH_4,SKU_19,80.68828,365.0,4.0,352.0,0.0,5.41,7.4,0.0,0.0
2024-01-30,P0010,S004,WH_4,SKU_18,116.848175,317.0,6.0,250.0,0.0,5.35,9.51,0.0,0.0
2024-01-30,P0009,S004,WH_4,SKU_17,120.88476,398.0,5.0,341.0,0.0,8.62,10.66,0.0,0.0
2024-01-30,P0008,S004,WH_4,SKU_16,55.548683,486.0,4.0,367.0,0.0,6.61,9.52,0.0,0.0
2024-01-30,P0007,S004,WH_4,SKU_15,120.43371,336.0,5.0,224.0,0.0,13.52,23.32,0.0,0.0
2024-01-30,P0006,S004,WH_4,SKU_14,108.43225,709.0,10.0,343.0,0.0,5.76,8.49,0.0,0.0
2024-01-30,P0005,S004,WH_4,SKU_13,103.22581,606.0,10.0,251.0,382.0,14.29,19.75,0.0,0.0
2024-01-30,P0004,S004,WH_4,SKU_12,111.69785,562.0,12.0,227.0,0.0,14.2,19.73,0.0,0.0
2024-01-30,P0003,S004,WH_4,SKU_11,64.6344,650.0,2.0,382.0,0.0,6.2,7.82,0.0,0.0
2024-01-30,P0009,S003,WH_3,SKU_17,133.6172,387.0,3.0,339.0,0.0,16.8,28.54,0.0,0.0
2024-01-30,P0002,S004,WH_4,SKU_10,76.97335,379.0,14.0,328.0,0.0,19.02,24.9,0.0,0.0
2024-01-30,P0020,S003,WH_3,SKU_27,115.77725,483.0,3.0,296.0,0.0,9.18,15.91,0.0,0.0
2024-01-30,P0019,S003,WH_3,SKU_26,141.40924,234.0,14.0,222.0,0.0,7.66,9.43,0.0,0.0
2024-01-30,P0018,S003,WH_3,SKU_25,88.436226,542.0,7.0,232.0,356.0,6.51,8.04,0.0,0.0
2024-01-30,P0017,S003,WH_3,SKU_24,113.82308,190.0,10.0,209.0,0.0,10.59,15.15,1.0,0.0
2024-01-30,P0016,S003,WH_3,SKU_23,115.715454,509.0,5.0,293.0,0.0,18.08,23.36,1.0,0.0
2024-01-30,P0015,S003,WH_3,SKU_22,145.13301,469.0,4.0,211.0,0.0,18.38,32.58,1.0,0.0
2024-01-30,P0014,S003,WH_3,SKU_21,141.88245,332.0,10.0,283.0,0.0,5.75,8.47,0.0,0.0
2024-01-30,P0013,S003,WH_3,SKU_20,124.96008,636.0,3.0,319.0,0.0,14.9,25.16,0.0,0.0
2024-01-30,P0012,S003,WH_3,SKU_2,67.819954,518.0,10.0,319.0,240.0,5.02,7.82,1.0,0.0
2024-01-30,P0013,S004,WH_4,SKU_20,59.910873,510.0,2.0,327.0,0.0,16.89,23.51,0.0,0.0
2024-01-30,P0001,S004,WH_4,SKU_1,105.546,490.0,9.0,333.0,0.0,6.93,10.7,0.0,0.0
2024-01-30,P0019,S005,WH_5,SKU_26,83.58606,488.0,4.0,393.0,0.0,17.15,27.81,0.0,0.0
2024-01-30,P0007,S003,WH_3,SKU_15,108.31251,580.0,7.0,265.0,0.0,6.24,9.99,0.0,0.0
2024-01-30,P0001,S002,WH_2,SKU_1,98.61912,442.0,8.0,322.0,0.0,11.46,19.92,0.0,0.0
2024-01-30,P0003,S003,WH_3,SKU_11,108.37292,648.0,13.0,342.0,0.0,13.85,18.39,1.0,0.0
2024-01-30,P0002,S003,WH_3,SKU_10,114.3104,584.0,5.0,218.0,0.0,13.68,17.87,0.0,0.0
2024-01-30,P0001,S003,WH_3,SKU_1,68.79656,514.0,6.0,314.0,0.0,6.06,8.41,0.0,0.0
2024-01-30,P0020,S002,WH_2,SKU_27,77.162315,238.0,4.0,223.0,0.0,16.3,21.54,0.0,0.0
2024-01-30,P0019,S002,WH_2,SKU_26,108.04683,529.0,5.0,273.0,0.0,8.5,11.16,0.0,0.0
2024-01-30,P0018,S002,WH_2,SKU_25,110.5826,696.0,3.0,352.0,0.0,5.07,6.95,1.0,0.0
2024-01-30,P0017,S002,WH_2,SKU_24,76.296005,420.0,5.0,365.0,0.0,19.69,29.64,0.0,0.0
2024-01-30,P0016,S002,WH_2,SKU_23,85.55854,337.0,12.0,312.0,0.0,6.68,11.81,0.0,0.0
2024-01-30,P0015,S002,WH_2,SKU_22,84.14197,467.0,7.0,261.0,0.0,9.82,14.68,0.0,0.0
2024-01-30,P0014,S002,WH_2,SKU_21,96.54242,355.0,7.0,349.0,0.0,8.18,12.0,0.0,0.0
2024-01-30,P0013,S002,WH_2,SKU_20,112.76764,403.0,9.0,336.0,0.0,12.31,20.86,0.0,0.0
2024-01-30,P0012,S002,WH_2,SKU_2,77.16779,533.0,8.0,377.0,0.0,16.77,22.06,0.0,0.0
2024-01-30,P0011,S002,WH_2,SKU_19,75.88801,689.0,8.0,316.0,0.0,12.67,18.56,0.0,0.0
2024-01-30,P0010,S002,WH_2,SKU_18,101.45444,460.0,10.0,270.0,0.0,17.51,24.82,0.0,0.0
2024-01-30,P0009,S002,WH_2,SKU_17,100.783875,661.0,13.0,372.0,0.0,16.68,21.24,0.0,0.0
2024-01-30,P0008,S002,WH_2,SKU_16,106.53177,399.0,11.0,327.0,0.0,19.0,26.16,0.0,0.0
2024-01-30,P0007,S002,WH_2,SKU_15,95.15023,565.0,8.0,386.0,0.0,11.37,14.92,0.0,0.0
2024-01-30,P0006,S002,WH_2,SKU_14,107.13177,514.0,14.0,268.0,0.0,18.83,23.34,0.0,0.0
2024-01-30,P0018,S005,WH_5,SKU_25,77.45647,368.0,7.0,311.0,0.0,8.45,14.29,0.0,0.0
2024-01-30,P0010,S003,WH_3,SKU_18,124.57101,618.0,9.0,213.0,0.0,15.53,20.4,0.0,0.0
2024-01-30,P0014,S004,WH_4,SKU_21,47.878654,387.0,8.0,379.0,0.0,12.65,20.04,0.0,0.0
2024-01-30,P0004,S003,WH_3,SKU_12,108.49607,473.0,6.0,234.0,0.0,10.01,13.38,0.0,0.0
2024-01-30,P0005,S003,WH_3,SKU_13,108.36021,579.0,14.0,382.0,0.0,6.01,8.52,0.0,0.0
2024-01-30,P0006,S003,WH_3,SKU_14,137.72394,337.0,3.0,283.0,0.0,5.88,9.37,0.0,0.0
2024-01-30,P0005,S002,WH_2,SKU_13,109.39859,559.0,11.0,350.0,0.0,17.04,21.69,0.0,0.0
2024-01-30,P0020,S001,WH_1,SKU_27,61.089756,670.0,2.0,389.0,312.0,5.89,7.48,0.0,0.0
2024-01-30,P0019,S001,WH_1,SKU_26,62.92127,570.0,2.0,335.0,0.0,18.22,23.67,0.0,0.0
2024-01-30,P0018,S001,WH_1,SKU_25,94.33692,369.0,5.0,314.0,0.0,14.23,20.28,0.0,0.0
2024-01-30,P0017,S001,WH_1,SKU_24,84.86666,414.0,2.0,288.0,0.0,6.14,10.22,0.0,0.0
2024-01-30,P0016,S001,WH_1,SKU_23,100.723236,308.0,8.0,239.0,0.0,9.05,14.03,0.0,0.0
2024-01-30,P0015,S001,WH_1,SKU_22,71.6949,509.0,4.0,282.0,287.0,8.88,12.51,1.0,0.0
2024-01-30,P0014,S001,WH_1,SKU_21,95.817665,576.0,11.0,245.0,0.0,19.68,23.66,1.0,0.0
2024-01-30,P0013,S001,WH_1,SKU_20,96.19126,524.0,9.0,295.0,0.0,9.55,16.05,0.0,0.0
2024-01-30,P0012,S001,WH_1,SKU_2,98.624695,311.0,13.0,228.0,0.0,19.76,35.1,0.0,0.0
2024-01-30,P0011,S001,WH_1,SKU_19,56.377354,327.0,8.0,287.0,0.0,12.4,18.41,0.0,0.0
2024-01-30,P0003,S002,WH_2,SKU_11,90.16307,337.0,4.0,230.0,0.0,17.93,29.29,0.0,0.0
2024-01-30,P0010,S001,WH_1,SKU_18,74.3064,456.0,2.0,346.0,0.0,8.62,10.49,1.0,0.0
2024-01-30,P0008,S001,WH_1,SKU_16,69.35221,662.0,14.0,328.0,0.0,11.96,17.38,0.0,0.0
2024-01-30,P0007,S001,WH_1,SKU_15,93.20289,482.0,13.0,327.0,0.0,16.7,28.78,0.0,0.0
2024-01-30,P0006,S001,WH_1,SKU_14,89.06766,536.0,11.0,265.0,0.0,8.21,11.1,0.0,0.0
2024-01-30,P0005,S001,WH_1,SKU_13,87.28386,472.0,9.0,246.0,260.0,19.52,24.09,0.0,0.0
2024-01-30,P0004,S001,WH_1,SKU_12,83.19946,304.0,5.0,299.0,0.0,5.36,7.17,0.0,0.0
2024-01-30,P0003,S001,WH_1,SKU_11,108.45987,688.0,4.0,286.0,426.0,19.54,34.79,0.0,0.0
2024-01-30,P0002,S001,WH_1,SKU_10,112.26901,593.0,13.0,361.0,0.0,12.67,18.73,0.0,0.0
2024-01-30,P0001,S001,WH_1,SKU_1,94.68838,375.0,14.0,379.0,0.0,13.95,20.48,0.0,0.0
2024-01-30,P0002,S002,WH_2,SKU_10,76.37156,528.0,10.0,310.0,0.0,13.83,22.36,0.0,0.0
2024-01-30,P0004,S002,WH_2,SKU_12,100.99701,503.0,6.0,370.0,0.0,19.03,23.02,0.0,0.0
2024-01-30,P0009,S001,WH_1,SKU_17,100.30169,280.0,10.0,268.0,0.0,14.9,26.61,0.0,0.0
2024-01-30,P0020,S005,WH_5,SKU_27,81.60403,416.0,2.0,353.0,0.0,17.89,25.71,0.0,0.0
