Date,Store ID,Product ID,Actual_Demand,Predicted_Demand
2023-09-02,S003,P0014,117,131.95497
2023-09-02,S004,P0019,88,80.16856
2023-09-02,S005,P0014,125,112.71282
2023-09-02,S001,P0002,145,151.06895
2023-09-02,S004,P0013,141,111.97112
2023-09-02,S003,P0018,63,73.280106
2023-09-02,S001,P0004,83,85.04352
2023-09-02,S001,P0007,134,107.59773
2023-09-02,S005,P0017,85,97.90716
2023-09-02,S003,P0015,150,184.71881
2023-09-02,S002,P0015,115,107.370674
2023-09-02,S005,P0002,124,104.916565
2023-09-02,S001,P0016,90,94.76492
2023-09-02,S005,P0018,95,93.63361
2023-09-02,S002,P0011,86,104.43448
2023-09-02,S003,P0019,96,115.92765
2023-09-02,S004,P0007,79,107.59988
2023-09-02,S003,P0006,82,128.86888
2023-09-02,S004,P0011,108,81.956085
2023-09-02,S005,P0008,146,117.750824
2023-09-02,S001,P0006,144,125.57867
2023-09-02,S005,P0006,106,124.559975
2023-09-02,S002,P0006,48,91.87711
2023-09-02,S002,P0010,124,127.45215
2023-09-02,S004,P0014,74,70.332504
2023-09-02,S004,P0015,52,63.862217
2023-09-02,S001,P0010,68,69.639015
2023-09-02,S004,P0006,88,96.7204
2023-09-02,S004,P0003,78,77.35249
2023-09-02,S003,P0011,189,181.85176
2023-09-02,S004,P0020,85,74.794846
2023-09-02,S004,P0010,54,61.278507
2023-09-02,S005,P0019,85,91.72932
2023-09-02,S003,P0009,6,76.450356
2023-09-02,S003,P0020,98,107.312645
2023-09-02,S004,P0018,52,60.060337
2023-09-02,S001,P0011,115,108.05417
2023-09-02,S002,P0014,81,93.19657
2023-09-02,S002,P0018,80,88.71424
2023-09-02,S003,P0013,109,126.066666
2023-09-02,S004,P0005,70,84.74077
2023-09-02,S001,P0018,125,116.50634
2023-09-02,S003,P0012,96,77.0393
2023-09-02,S003,P0010,100,122.032196
2023-09-02,S005,P0007,99,106.78313
2023-09-02,S004,P0017,121,99.79919
2023-09-02,S005,P0010,40,97.42105
2023-09-02,S002,P0002,61,103.04257
2023-09-02,S001,P0015,86,73.4155
2023-09-02,S002,P0004,34,105.90373
2023-09-02,S001,P0009,26,82.96052
2023-09-02,S001,P0019,48,62.567097
2023-09-02,S004,P0008,71,61.898773
2023-09-02,S002,P0009,99,102.025024
2023-09-02,S001,P0017,95,87.43701
2023-09-02,S001,P0020,42,50.92713
2023-09-02,S003,P0004,190,136.72716
2023-09-02,S003,P0007,117,114.292404
2023-09-02,S002,P0007,51,83.09364
2023-09-02,S001,P0001,80,101.04181
2023-09-02,S005,P0009,154,142.43718
2023-09-02,S004,P0009,61,74.19656
2023-09-02,S002,P0001,130,134.7664
2023-09-02,S005,P0001,126,114.052284
2023-09-02,S001,P0012,135,116.44841
2023-09-02,S001,P0013,121,100.79359
2023-09-02,S002,P0008,133,114.48304
2023-09-02,S003,P0005,149,113.246315
2023-09-02,S002,P0005,76,90.318726
2023-09-02,S005,P0016,72,75.87944
2023-09-02,S005,P0004,153,128.54607
2023-09-02,S002,P0020,41,54.244835
2023-09-02,S004,P0012,82,87.523506
2023-09-02,S005,P0005,98,91.86724
2023-09-02,S004,P0004,86,100.1816
2023-09-02,S001,P0005,80,86.277145
2023-09-02,S001,P0003,105,91.707954
2023-09-02,S003,P0017,92,85.3069
2023-09-02,S003,P0003,149,127.93976
2023-09-02,S002,P0013,90,89.924065
2023-09-02,S001,P0014,157,149.3623
2023-09-02,S005,P0012,80,77.2298
2023-09-02,S005,P0003,84,83.17649
2023-09-02,S002,P0003,103,96.53032
2023-09-02,S005,P0013,155,119.80231
2023-09-02,S003,P0008,77,98.78796
2023-09-02,S005,P0015,133,127.62446
2023-09-02,S005,P0020,52,78.5304
2023-09-02,S005,P0011,87,95.10291
2023-09-02,S002,P0012,78,75.257225
2023-09-02,S001,P0008,94,87.52941
2023-09-02,S004,P0001,108,123.46902
2023-09-02,S002,P0017,131,90.666306
2023-09-02,S002,P0016,63,78.64112
2023-09-02,S004,P0016,90,79.255486
2023-09-02,S004,P0002,151,149.86403
2023-09-02,S003,P0001,161,153.62968
2023-09-02,S002,P0019,90,99.34153
2023-09-02,S003,P0002,129,151.89749
2023-09-02,S003,P0016,50,94.454346
2023-09-03,S004,P0008,41,62.979782
2023-09-03,S005,P0013,158,144.18823
2023-09-03,S002,P0018,90,93.68255
2023-09-03,S001,P0014,104,98.27426
2023-09-03,S002,P0001,78,97.30645
2023-09-03,S005,P0001,144,123.95778
2023-09-03,S005,P0012,108,96.72927
2023-09-03,S002,P0008,176,147.10075
2023-09-03,S005,P0003,125,103.303116
2023-09-03,S003,P0008,105,113.8231
2023-09-03,S001,P0018,140,128.70566
2023-09-03,S002,P0012,76,93.52118
2023-09-03,S005,P0015,132,105.64138
2023-09-03,S002,P0014,60,65.52541
2023-09-03,S003,P0016,145,111.554245
2023-09-03,S005,P0020,93,91.3509
2023-09-03,S001,P0008,142,121.29177
2023-09-03,S002,P0005,96,113.18162
2023-09-03,S001,P0013,76,97.89926
2023-09-03,S003,P0011,134,138.38043
2023-09-03,S001,P0001,93,94.23818
2023-09-03,S001,P0011,145,135.70627
2023-09-03,S002,P0013,99,98.23257
2023-09-03,S001,P0003,87,97.29433
2023-09-03,S002,P0017,107,92.54178
2023-09-03,S005,P0004,98,98.45838
2023-09-03,S002,P0016,94,85.21847
2023-09-03,S004,P0016,27,48.2561
2023-09-03,S001,P0017,132,101.62882
2023-09-03,S004,P0002,108,110.34894
2023-09-03,S003,P0001,127,101.79573
2023-09-03,S005,P0019,81,89.13935
2023-09-03,S003,P0010,179,135.11052
2023-09-03,S002,P0019,91,86.9547
2023-09-03,S001,P0019,55,64.16414
2023-09-03,S004,P0018,88,78.1024
2023-09-03,S002,P0010,217,212.65816
2023-09-03,S002,P0003,98,97.64738
2023-09-03,S005,P0011,148,124.108955
2023-09-03,S004,P0010,165,144.07597
2023-09-03,S003,P0004,96,99.295074
2023-09-03,S002,P0020,81,75.10913
2023-09-03,S002,P0009,86,98.074326
2023-09-03,S004,P0009,67,79.46366
2023-09-03,S001,P0020,103,82.171005
2023-09-03,S003,P0003,107,94.81774
2023-09-03,S005,P0010,180,154.42688
2023-09-03,S003,P0002,89,128.60988
2023-09-03,S004,P0014,73,69.909325
2023-09-03,S003,P0005,142,117.692345
2023-09-03,S004,P0001,124,102.98627
2023-09-03,S001,P0015,147,112.66747
2023-09-03,S003,P0015,88,107.69984
2023-09-03,S005,P0006,187,147.24509
2023-09-03,S004,P0017,86,88.44118
2023-09-03,S003,P0018,69,69.62181
2023-09-03,S001,P0009,118,110.11751
2023-09-03,S001,P0005,240,185.29477
2023-09-03,S004,P0020,67,66.292076
2023-09-03,S001,P0006,52,71.451195
2023-09-03,S005,P0009,160,153.26015
2023-09-03,S005,P0005,141,140.14012
2023-09-03,S003,P0020,48,75.83654
2023-09-03,S005,P0017,78,96.9889
2023-09-03,S002,P0007,88,107.464226
2023-09-03,S001,P0004,72,86.18509
2023-09-03,S005,P0007,121,138.09381
2023-09-03,S002,P0006,78,79.02064
2023-09-03,S001,P0010,195,153.79478
2023-09-03,S003,P0007,135,120.63996
2023-09-03,S001,P0002,140,150.00865
2023-09-03,S003,P0017,100,81.58575
2023-09-03,S005,P0014,51,57.82805
2023-09-03,S001,P0007,86,128.90439
2023-09-03,S004,P0015,54,57.678043
2023-09-03,S001,P0012,170,160.83005
2023-09-03,S003,P0014,106,97.26525
2023-09-03,S004,P0005,104,105.1489
2023-09-03,S003,P0009,93,92.35789
2023-09-03,S004,P0003,42,52.76026
2023-09-03,S004,P0012,105,125.508835
2023-09-03,S002,P0004,65,96.97038
2023-09-03,S004,P0013,58,70.3481
2023-09-03,S004,P0006,112,107.87331
2023-09-03,S003,P0012,126,94.83424
2023-09-03,S005,P0018,91,93.418816
2023-09-03,S002,P0002,115,120.354095
2023-09-03,S002,P0011,117,107.547134
2023-09-03,S001,P0016,198,121.73293
2023-09-03,S003,P0019,119,114.10909
2023-09-03,S004,P0007,124,143.67668
2023-09-03,S004,P0019,88,87.027374
2023-09-03,S004,P0004,133,111.67219
2023-09-03,S005,P0016,89,89.67883
2023-09-03,S003,P0006,99,96.444855
2023-09-03,S003,P0013,156,116.2988
2023-09-03,S005,P0008,165,153.37146
2023-09-03,S004,P0011,116,103.95665
2023-09-03,S005,P0002,112,124.19046
2023-09-03,S002,P0015,125,101.69365
2023-09-04,S004,P0009,100,104.87702
2023-09-04,S002,P0014,110,115.600204
2023-09-04,S005,P0002,124,95.39764
2023-09-04,S001,P0002,90,94.38293
2023-09-04,S005,P0008,99,107.1933
2023-09-04,S003,P0004,93,127.272736
2023-09-04,S005,P0001,71,78.276794
2023-09-04,S001,P0001,111,86.32572
2023-09-04,S001,P0017,95,89.25525
2023-09-04,S005,P0011,110,91.62748
2023-09-04,S005,P0010,73,122.82182
2023-09-04,S001,P0003,118,96.91841
2023-09-04,S004,P0018,76,98.57757
2023-09-04,S003,P0002,97,101.49253
2023-09-04,S002,P0019,145,131.81787
2023-09-04,S004,P0002,138,129.86507
2023-09-04,S002,P0013,127,114.86672
2023-09-04,S001,P0014,237,193.4833
2023-09-04,S004,P0016,90,80.990776
2023-09-04,S002,P0016,130,107.055695
2023-09-04,S005,P0012,60,76.01198
2023-09-04,S002,P0004,171,130.79787
2023-09-04,S001,P0010,83,90.83353
2023-09-04,S002,P0005,100,100.15169
2023-09-04,S004,P0007,132,135.7153
2023-09-04,S003,P0006,117,104.451195
2023-09-04,S005,P0013,101,112.38595
2023-09-04,S003,P0015,108,114.16345
2023-09-04,S005,P0009,178,149.71552
2023-09-04,S005,P0006,114,102.03341
2023-09-04,S005,P0016,23,70.06543
2023-09-04,S004,P0012,150,166.13847
2023-09-04,S001,P0015,56,55.30159
2023-09-04,S004,P0013,177,134.2567
2023-09-04,S005,P0005,125,109.93579
2023-09-04,S003,P0007,73,83.35772
2023-09-04,S002,P0011,125,121.079605
2023-09-04,S003,P0005,42,74.61255
2023-09-04,S002,P0007,88,96.668304
2023-09-04,S001,P0016,133,109.4136
2023-09-04,S005,P0018,166,125.377884
2023-09-04,S002,P0009,115,111.85408
2023-09-04,S005,P0004,116,112.66429
2023-09-04,S001,P0013,81,87.54317
2023-09-04,S001,P0020,84,71.31179
2023-09-04,S004,P0004,194,184.05502
2023-09-04,S004,P0006,115,126.53116
2023-09-04,S002,P0015,100,101.66093
2023-09-04,S001,P0019,98,88.245094
2023-09-04,S003,P0014,183,163.09618
2023-09-04,S002,P0017,120,96.0931
2023-09-04,S005,P0015,67,84.14563
2023-09-04,S001,P0009,111,97.48543
2023-09-04,S003,P0010,120,137.89578
2023-09-04,S005,P0003,60,78.965706
2023-09-04,S003,P0011,158,146.02557
2023-09-04,S002,P0008,111,111.32498
2023-09-04,S002,P0002,71,83.28489
2023-09-04,S003,P0019,152,141.29332
2023-09-04,S002,P0012,117,110.865364
2023-09-04,S005,P0007,47,91.89974
2023-09-04,S004,P0011,68,72.28547
2023-09-04,S004,P0008,95,88.54308
2023-09-04,S003,P0001,88,99.13978
2023-09-04,S001,P0012,147,139.67502
2023-09-04,S002,P0001,73,108.51616
2023-09-04,S002,P0020,17,51.089867
2023-09-04,S001,P0011,85,81.607796
2023-09-04,S004,P0014,107,104.03797
2023-09-04,S004,P0015,113,93.45973
2023-09-04,S005,P0017,102,97.345245
2023-09-04,S002,P0003,145,135.25806
2023-09-04,S003,P0008,108,109.71577
2023-09-04,S005,P0019,84,93.53298
2023-09-04,S001,P0005,31,90.23802
2023-09-04,S003,P0018,53,79.0315
2023-09-04,S004,P0010,111,147.58047
2023-09-04,S002,P0010,205,200.34546
2023-09-04,S003,P0003,139,116.143486
2023-09-04,S005,P0020,19,68.08425
2023-09-04,S002,P0018,89,110.959236
2023-09-04,S004,P0001,135,131.03333
2023-09-04,S003,P0013,121,119.724396
2023-09-04,S001,P0018,134,136.6318
2023-09-04,S004,P0005,108,101.9831
2023-09-04,S004,P0019,96,117.264725
2023-09-04,S004,P0017,85,98.30164
2023-09-04,S005,P0014,133,118.49367
2023-09-04,S003,P0016,78,92.23031
2023-09-04,S003,P0009,151,122.303925
2023-09-04,S004,P0003,108,104.558846
2023-09-04,S001,P0008,77,83.44565
2023-09-04,S003,P0017,74,70.59344
2023-09-04,S003,P0020,105,99.77089
2023-09-04,S002,P0006,94,91.66641
2023-09-04,S004,P0020,118,102.03468
2023-09-04,S001,P0004,108,120.892044
2023-09-04,S001,P0007,139,108.540924
2023-09-04,S001,P0006,75,78.739334
2023-09-04,S003,P0012,154,110.74114
2023-09-05,S003,P0004,118,111.11201
2023-09-05,S001,P0013,136,142.5171
2023-09-05,S004,P0003,45,82.38836
2023-09-05,S001,P0017,98,104.78983
2023-09-05,S005,P0004,115,124.751625
2023-09-05,S001,P0020,74,91.27341
2023-09-05,S001,P0012,174,162.24721
2023-09-05,S002,P0005,12,85.683525
2023-09-05,S002,P0020,121,128.0252
2023-09-05,S003,P0007,129,106.83971
2023-09-05,S003,P0005,71,86.4169
2023-09-05,S005,P0016,100,129.44258
2023-09-05,S005,P0001,180,171.08835
2023-09-05,S005,P0002,158,151.63748
2023-09-05,S002,P0007,37,84.20883
2023-09-05,S005,P0009,178,191.18404
2023-09-05,S004,P0012,121,121.995964
2023-09-05,S001,P0019,84,71.436264
2023-09-05,S003,P0013,130,127.66171
2023-09-05,S001,P0001,105,126.956436
2023-09-05,S002,P0002,154,142.93625
2023-09-05,S005,P0005,198,146.72162
2023-09-05,S002,P0001,203,192.24997
2023-09-05,S002,P0014,73,76.63917
2023-09-05,S004,P0010,172,164.84053
2023-09-05,S003,P0011,174,166.1427
2023-09-05,S005,P0015,121,111.25581
2023-09-05,S004,P0015,120,97.74045
2023-09-05,S002,P0012,87,89.32601
2023-09-05,S003,P0010,141,144.94495
2023-09-05,S003,P0016,108,121.50089
2023-09-05,S004,P0014,113,115.166595
2023-09-05,S005,P0019,74,82.95294
2023-09-05,S004,P0008,131,105.3696
2023-09-05,S003,P0008,89,100.68592
2023-09-05,S002,P0009,176,167.5367
2023-09-05,S002,P0018,114,107.64097
2023-09-05,S001,P0010,119,132.61508
2023-09-05,S004,P0002,172,155.59206
2023-09-05,S001,P0011,100,107.56158
2023-09-05,S002,P0013,174,179.40675
2023-09-05,S002,P0010,207,216.78748
2023-09-05,S001,P0014,127,132.98868
2023-09-05,S004,P0018,86,82.28896
2023-09-05,S005,P0003,168,139.83392
2023-09-05,S005,P0013,165,176.94318
2023-09-05,S003,P0009,144,139.76149
2023-09-05,S005,P0012,80,82.21207
2023-09-05,S004,P0005,105,110.049934
2023-09-05,S004,P0017,154,130.66049
2023-09-05,S003,P0017,100,84.1152
2023-09-05,S003,P0018,75,72.15224
2023-09-05,S005,P0006,168,150.03517
2023-09-05,S005,P0014,47,60.33531
2023-09-05,S005,P0017,65,104.222885
2023-09-05,S004,P0011,197,171.84961
2023-09-05,S003,P0015,129,133.9752
2023-09-05,S001,P0003,168,138.4133
2023-09-05,S004,P0019,77,80.998055
2023-09-05,S005,P0010,173,163.44562
2023-09-05,S004,P0016,48,80.804436
2023-09-05,S001,P0002,115,138.33253
2023-09-05,S005,P0008,137,129.27176
2023-09-05,S003,P0003,132,129.41577
2023-09-05,S002,P0016,177,153.79605
2023-09-05,S001,P0015,79,89.07604
2023-09-05,S003,P0006,100,102.077675
2023-09-05,S001,P0018,159,145.5184
2023-09-05,S003,P0001,144,127.5432
2023-09-05,S002,P0003,211,197.42427
2023-09-05,S003,P0014,147,134.12686
2023-09-05,S004,P0004,169,142.49348
2023-09-05,S002,P0019,117,106.48309
2023-09-05,S002,P0017,108,96.37787
2023-09-05,S002,P0006,151,123.25728
2023-09-05,S003,P0012,39,53.05217
2023-09-05,S001,P0004,160,144.39113
2023-09-05,S003,P0020,182,133.98198
2023-09-05,S005,P0007,117,130.59828
2023-09-05,S004,P0020,37,73.210075
2023-09-05,S004,P0006,137,128.38461
2023-09-05,S005,P0020,165,138.56647
2023-09-05,S002,P0008,193,120.33602
2023-09-05,S001,P0008,54,89.07933
2023-09-05,S001,P0006,77,100.39691
2023-09-05,S005,P0011,120,132.93144
2023-09-05,S003,P0002,96,134.1277
2023-09-05,S002,P0011,85,124.51441
2023-09-05,S004,P0013,105,121.1973
2023-09-05,S002,P0015,98,103.17026
2023-09-05,S004,P0001,186,174.38052
2023-09-05,S001,P0009,121,136.96284
2023-09-05,S003,P0019,106,107.525986
2023-09-05,S001,P0005,82,105.09156
2023-09-05,S002,P0004,92,112.26907
2023-09-05,S001,P0007,93,113.459435
2023-09-05,S005,P0018,136,122.205055
2023-09-05,S004,P0007,74,125.86603
2023-09-05,S001,P0016,172,171.19525
2023-09-05,S004,P0009,117,136.64055
2023-09-06,S002,P0020,69,73.16509
2023-09-06,S003,P0008,77,79.593506
2023-09-06,S002,P0001,4,86.35034
2023-09-06,S002,P0002,94,103.20063
2023-09-06,S005,P0011,137,111.17393
2023-09-06,S005,P0003,195,155.50989
2023-09-06,S001,P0014,12,59.774086
2023-09-06,S002,P0019,96,97.52222
2023-09-06,S003,P0007,97,95.87841
2023-09-06,S005,P0015,134,150.29056
2023-09-06,S004,P0009,108,97.65891
2023-09-06,S004,P0016,98,86.55471
2023-09-06,S002,P0016,47,121.173485
2023-09-06,S003,P0003,84,103.043655
2023-09-06,S002,P0008,67,80.55166
2023-09-06,S003,P0014,100,113.21659
2023-09-06,S004,P0010,86,92.58508
2023-09-06,S001,P0013,107,111.1622
2023-09-06,S002,P0012,136,92.83927
2023-09-06,S004,P0013,92,89.83059
2023-09-06,S005,P0007,195,167.67358
2023-09-06,S003,P0016,202,182.23941
2023-09-06,S002,P0013,156,132.29736
2023-09-06,S004,P0012,119,107.10973
2023-09-06,S004,P0003,51,74.759995
2023-09-06,S003,P0001,32,51.41593
2023-09-06,S004,P0020,64,65.72526
2023-09-06,S003,P0005,132,99.716255
2023-09-06,S002,P0004,157,103.04211
2023-09-06,S005,P0008,205,137.62556
2023-09-06,S004,P0007,124,116.122856
2023-09-06,S003,P0018,86,82.30934
2023-09-06,S003,P0019,81,78.01084
2023-09-06,S002,P0015,148,129.07414
2023-09-06,S002,P0007,129,102.83296
2023-09-06,S004,P0001,125,106.54256
2023-09-06,S003,P0013,120,106.801994
2023-09-06,S005,P0006,100,141.62044
2023-09-06,S003,P0012,73,63.13159
2023-09-06,S001,P0015,168,148.82188
2023-09-06,S001,P0001,115,105.41441
2023-09-06,S002,P0009,106,110.95931
2023-09-06,S001,P0019,89,79.762634
2023-09-06,S001,P0016,146,157.90605
2023-09-06,S004,P0005,105,96.0608
2023-09-06,S001,P0018,182,183.30748
2023-09-06,S001,P0002,122,123.62944
2023-09-06,S003,P0009,55,63.73552
2023-09-06,S005,P0019,41,57.37908
2023-09-06,S003,P0017,76,65.54981
2023-09-06,S001,P0020,64,67.50484
2023-09-06,S001,P0007,99,114.20543
2023-09-06,S001,P0008,121,96.54237
2023-09-06,S004,P0014,72,77.10948
2023-09-06,S003,P0020,116,96.32659
2023-09-06,S002,P0006,113,117.397316
2023-09-06,S003,P0011,63,83.73531
2023-09-06,S004,P0006,58,112.296715
2023-09-06,S001,P0017,114,105.393456
2023-09-06,S005,P0001,132,126.29035
2023-09-06,S002,P0010,149,148.39134
2023-09-06,S004,P0017,105,96.218056
2023-09-06,S002,P0005,72,97.49232
2023-09-06,S002,P0003,170,155.41946
2023-09-06,S003,P0004,103,106.66463
2023-09-06,S005,P0020,68,96.23547
2023-09-06,S005,P0010,123,119.01641
2023-09-06,S005,P0005,110,118.9952
2023-09-06,S001,P0012,87,104.84144
2023-09-06,S004,P0004,81,98.11122
2023-09-06,S003,P0002,69,84.476295
2023-09-06,S002,P0011,92,102.59099
2023-09-06,S003,P0006,141,128.80867
2023-09-06,S004,P0018,127,110.859505
2023-09-06,S005,P0016,175,156.74379
2023-09-06,S001,P0011,103,98.439095
2023-09-06,S003,P0015,212,216.91397
2023-09-06,S004,P0019,110,89.51532
2023-09-06,S005,P0014,80,87.953
2023-09-06,S005,P0004,155,157.04573
2023-09-06,S004,P0002,90,88.780785
2023-09-06,S003,P0010,66,110.98075
2023-09-06,S002,P0018,214,134.90302
2023-09-06,S005,P0017,117,113.51385
2023-09-06,S001,P0006,68,119.4027
2023-09-06,S002,P0014,89,102.16189
2023-09-06,S001,P0005,85,105.859344
2023-09-06,S001,P0009,97,107.36867
2023-09-06,S001,P0004,73,92.32512
2023-09-06,S005,P0013,75,114.84111
2023-09-06,S004,P0015,68,70.02051
2023-09-06,S004,P0011,96,88.8045
2023-09-06,S005,P0012,88,86.02383
2023-09-06,S005,P0018,202,162.501
2023-09-06,S005,P0002,132,127.87065
2023-09-06,S004,P0008,74,71.238884
2023-09-06,S005,P0009,204,195.75394
2023-09-06,S001,P0003,175,142.2161
2023-09-06,S001,P0010,72,83.76678
2023-09-06,S002,P0017,130,95.25676
2023-09-07,S001,P0005,112,102.7636
2023-09-07,S003,P0002,123,101.085
2023-09-07,S001,P0009,103,97.00034
2023-09-07,S005,P0017,106,105.95086
2023-09-07,S003,P0018,39,52.35255
2023-09-07,S001,P0006,81,104.44081
2023-09-07,S004,P0014,97,104.25252
2023-09-07,S002,P0011,113,105.75955
2023-09-07,S004,P0002,102,99.18997
2023-09-07,S001,P0002,67,87.80418
2023-09-07,S003,P0014,116,105.77541
2023-09-07,S001,P0018,8,102.82603
2023-09-07,S004,P0009,95,93.968094
2023-09-07,S005,P0007,173,157.7941
2023-09-07,S002,P0002,67,81.82992
2023-09-07,S003,P0015,116,142.57117
2023-09-07,S001,P0007,157,132.95813
2023-09-07,S004,P0007,126,145.6434
2023-09-07,S004,P0019,170,133.88322
2023-09-07,S005,P0011,163,120.11424
2023-09-07,S004,P0011,76,81.317924
2023-09-07,S001,P0004,103,109.766045
2023-09-07,S004,P0001,84,81.30688
2023-09-07,S004,P0004,114,129.32632
2023-09-07,S002,P0016,106,95.07461
2023-09-07,S002,P0006,111,117.30516
2023-09-07,S002,P0013,106,110.38858
2023-09-07,S002,P0004,184,137.31558
2023-09-07,S005,P0006,60,120.27403
2023-09-07,S002,P0020,67,81.34261
2023-09-07,S005,P0014,55,58.286022
2023-09-07,S002,P0019,125,121.88635
2023-09-07,S001,P0015,119,115.03596
2023-09-07,S001,P0011,100,105.71832
2023-09-07,S003,P0006,159,133.98276
2023-09-07,S001,P0012,116,104.9022
2023-09-07,S002,P0015,47,102.09774
2023-09-07,S003,P0001,58,73.96597
2023-09-07,S002,P0012,85,87.25017
2023-09-07,S003,P0019,176,143.78757
2023-09-07,S004,P0013,91,89.3297
2023-09-07,S005,P0010,182,144.17476
2023-09-07,S002,P0003,194,174.04198
2023-09-07,S005,P0018,93,85.62544
2023-09-07,S005,P0008,233,161.06721
2023-09-07,S005,P0020,125,112.41001
2023-09-07,S001,P0016,161,109.88788
2023-09-07,S001,P0003,133,111.955574
2023-09-07,S004,P0008,85,80.6757
2023-09-07,S004,P0016,46,49.67409
2023-09-07,S004,P0015,53,66.79975
2023-09-07,S004,P0017,123,98.561104
2023-09-07,S001,P0019,112,92.90837
2023-09-07,S002,P0008,152,147.1993
2023-09-07,S001,P0008,85,93.6408
2023-09-07,S005,P0015,133,121.90565
2023-09-07,S004,P0018,49,60.636345
2023-09-07,S004,P0012,86,82.4011
2023-09-07,S002,P0001,129,119.32705
2023-09-07,S005,P0013,96,107.30826
2023-09-07,S005,P0005,72,82.75882
2023-09-07,S003,P0003,125,115.48428
2023-09-07,S003,P0016,56,82.05343
2023-09-07,S003,P0007,134,127.1631
2023-09-07,S003,P0008,112,119.07572
2023-09-07,S005,P0003,72,108.908936
2023-09-07,S005,P0016,71,77.03786
2023-09-07,S003,P0005,71,82.34991
2023-09-07,S003,P0013,63,93.217316
2023-09-07,S001,P0014,106,107.83948
2023-09-07,S005,P0012,64,70.1939
2023-09-07,S002,P0017,119,96.7359
2023-09-07,S003,P0004,90,112.666435
2023-09-07,S004,P0003,137,121.47887
2023-09-07,S005,P0001,138,117.96287
2023-09-07,S005,P0009,105,102.79071
2023-09-07,S004,P0010,146,144.73288
2023-09-07,S003,P0012,96,78.561516
2023-09-07,S002,P0009,148,118.48089
2023-09-07,S001,P0013,116,98.678185
2023-09-07,S002,P0014,92,89.18693
2023-09-07,S001,P0001,103,87.59014
2023-09-07,S002,P0010,176,182.82495
2023-09-07,S001,P0010,31,66.22781
2023-09-07,S004,P0006,137,136.97266
2023-09-07,S002,P0018,87,99.0837
2023-09-07,S003,P0011,97,118.58534
2023-09-07,S003,P0009,71,72.480865
2023-09-07,S002,P0005,71,87.302864
2023-09-07,S003,P0010,119,131.63979
2023-09-07,S005,P0002,116,92.14681
2023-09-07,S005,P0004,94,105.261986
2023-09-07,S003,P0020,122,113.89732
2023-09-07,S002,P0007,99,123.304726
2023-09-07,S004,P0020,100,98.068085
2023-09-07,S001,P0020,65,66.806755
2023-09-07,S001,P0017,95,90.61852
2023-09-07,S005,P0019,91,92.876114
2023-09-07,S004,P0005,111,95.00391
2023-09-07,S003,P0017,116,99.51698
2023-09-08,S004,P0001,44,64.48076
2023-09-08,S004,P0009,55,77.79168
2023-09-08,S001,P0004,85,87.26543
2023-09-08,S005,P0002,75,72.315506
2023-09-08,S002,P0009,83,105.13654
2023-09-08,S002,P0003,203,195.0364
2023-09-08,S003,P0018,92,94.21716
2023-09-08,S001,P0001,96,89.76527
2023-09-08,S004,P0015,25,44.538467
2023-09-08,S002,P0014,70,78.166504
2023-09-08,S004,P0019,67,74.615135
2023-09-08,S002,P0010,74,105.97516
2023-09-08,S001,P0010,85,77.30579
2023-09-08,S002,P0018,138,134.94615
2023-09-08,S001,P0002,112,107.98544
2023-09-08,S002,P0013,108,104.66751
2023-09-08,S004,P0006,145,110.22004
2023-09-08,S003,P0011,69,100.329666
2023-09-08,S002,P0006,76,93.03109
2023-09-08,S003,P0015,125,127.71893
2023-09-08,S001,P0011,115,116.508224
2023-09-08,S005,P0006,150,124.607506
2023-09-08,S001,P0006,89,89.76891
2023-09-08,S003,P0001,88,81.30327
2023-09-08,S002,P0020,107,102.1158
2023-09-08,S004,P0008,35,49.099873
2023-09-08,S003,P0019,91,90.81748
2023-09-08,S005,P0019,81,76.26022
2023-09-08,S004,P0017,78,94.124115
2023-09-08,S003,P0005,73,82.55561
2023-09-08,S004,P0014,66,71.80491
2023-09-08,S005,P0017,69,93.4942
2023-09-08,S005,P0001,167,122.19392
2023-09-08,S003,P0007,196,136.89229
2023-09-08,S002,P0001,56,112.921455
2023-09-08,S002,P0008,236,165.77284
2023-09-08,S002,P0012,100,106.07547
2023-09-08,S003,P0004,49,83.524956
2023-09-08,S001,P0012,143,139.80206
2023-09-08,S002,P0005,129,114.61626
2023-09-08,S002,P0002,111,112.860886
2023-09-08,S005,P0007,116,130.80807
2023-09-08,S005,P0004,128,103.74051
2023-09-08,S005,P0005,81,88.49775
2023-09-08,S001,P0020,39,46.755882
2023-09-08,S001,P0017,57,70.68499
2023-09-08,S004,P0002,17,55.29837
2023-09-08,S002,P0007,116,130.75104
2023-09-08,S001,P0013,87,87.89466
2023-09-08,S004,P0011,71,82.57334
2023-09-08,S004,P0010,127,110.07341
2023-09-08,S005,P0012,61,74.564224
2023-09-08,S002,P0015,66,91.64957
2023-09-08,S003,P0017,104,89.959816
2023-09-08,S004,P0007,111,137.86243
2023-09-08,S004,P0005,24,66.202484
2023-09-08,S004,P0004,109,102.647194
2023-09-08,S005,P0014,19,39.86268
2023-09-08,S003,P0013,96,103.44231
2023-09-08,S005,P0016,77,77.050964
2023-09-08,S001,P0015,82,70.1574
2023-09-08,S001,P0019,72,63.88587
2023-09-08,S003,P0006,124,111.90001
2023-09-08,S004,P0012,114,119.16546
2023-09-08,S003,P0014,103,102.45292
2023-09-08,S005,P0009,69,78.8434
2023-09-08,S005,P0008,98,122.024284
2023-09-08,S003,P0009,113,101.42892
2023-09-08,S003,P0012,74,83.83149
2023-09-08,S001,P0018,111,123.26157
2023-09-08,S002,P0004,75,118.64181
2023-09-08,S005,P0018,182,146.33331
2023-09-08,S004,P0020,53,60.725372
2023-09-08,S003,P0002,112,109.92319
2023-09-08,S002,P0011,283,245.91586
2023-09-08,S004,P0013,104,95.867676
2023-09-08,S001,P0016,137,110.6011
2023-09-08,S003,P0020,49,78.39875
2023-09-08,S001,P0005,114,101.89745
2023-09-08,S001,P0014,133,114.70127
2023-09-08,S001,P0007,143,135.36273
2023-09-08,S003,P0003,117,106.160324
2023-09-08,S005,P0020,98,87.23849
2023-09-08,S005,P0010,52,95.10564
2023-09-08,S002,P0017,150,111.98224
2023-09-08,S001,P0008,110,101.2759
2023-09-08,S003,P0016,125,112.00095
2023-09-08,S004,P0016,82,70.132965
2023-09-08,S002,P0016,84,99.73945
2023-09-08,S005,P0015,137,105.21489
2023-09-08,S004,P0018,84,89.6068
2023-09-08,S005,P0013,111,113.532814
2023-09-08,S003,P0010,81,100.5242
2023-09-08,S001,P0009,97,93.476715
2023-09-08,S001,P0003,105,94.92235
2023-09-08,S005,P0011,95,97.68719
2023-09-08,S003,P0008,81,124.270256
2023-09-08,S005,P0003,65,88.83942
2023-09-08,S004,P0003,81,81.87664
2023-09-08,S002,P0019,92,107.16957
2023-09-09,S003,P0018,80,70.27522
2023-09-09,S004,P0005,114,104.08722
2023-09-09,S004,P0003,74,82.333336
2023-09-09,S005,P0016,81,99.12142
2023-09-09,S005,P0006,183,164.53767
2023-09-09,S003,P0020,96,104.71027
2023-09-09,S004,P0020,115,106.19802
2023-09-09,S005,P0018,98,91.075935
2023-09-09,S002,P0012,85,90.93538
2023-09-09,S004,P0019,112,96.272125
2023-09-09,S003,P0014,59,71.15643
2023-09-09,S004,P0002,108,106.13763
2023-09-09,S003,P0019,127,108.89225
2023-09-09,S001,P0002,145,128.97896
2023-09-09,S001,P0020,74,73.397896
2023-09-09,S002,P0019,116,116.49238
2023-09-09,S004,P0016,62,72.84433
2023-09-09,S001,P0013,85,106.52294
2023-09-09,S002,P0014,120,108.68388
2023-09-09,S001,P0012,94,101.41882
2023-09-09,S002,P0004,135,114.30208
2023-09-09,S004,P0004,93,101.51213
2023-09-09,S003,P0001,93,77.12993
2023-09-09,S001,P0004,71,77.62406
2023-09-09,S001,P0016,114,136.51448
2023-09-09,S003,P0004,103,105.32143
2023-09-09,S003,P0017,71,81.02119
2023-09-09,S004,P0008,30,44.43894
2023-09-09,S001,P0015,107,105.2814
2023-09-09,S003,P0015,139,156.73228
2023-09-09,S002,P0006,133,136.82164
2023-09-09,S005,P0017,83,110.01789
2023-09-09,S003,P0013,263,224.4415
2023-09-09,S004,P0006,177,150.96622
2023-09-09,S004,P0011,121,108.19173
2023-09-09,S003,P0012,37,45.4033
2023-09-09,S003,P0002,111,100.46719
2023-09-09,S002,P0011,157,158.11836
2023-09-09,S002,P0007,104,133.94116
2023-09-09,S003,P0009,177,149.46019
2023-09-09,S005,P0001,77,92.04656
2023-09-09,S004,P0013,127,129.68584
2023-09-09,S005,P0014,88,87.43199
2023-09-09,S001,P0011,65,73.93777
2023-09-09,S001,P0001,80,87.563896
2023-09-09,S003,P0005,122,94.482704
2023-09-09,S002,P0009,191,167.26546
2023-09-09,S002,P0015,147,137.14003
2023-09-09,S002,P0016,131,136.78018
2023-09-09,S001,P0008,72,83.166084
2023-09-09,S004,P0007,202,159.65611
2023-09-09,S005,P0019,57,64.889565
2023-09-09,S001,P0017,91,107.44172
2023-09-09,S004,P0012,95,98.673454
2023-09-09,S005,P0005,42,63.596573
2023-09-09,S004,P0001,79,82.885025
2023-09-09,S003,P0010,116,102.9122
2023-09-09,S005,P0004,121,122.61152
2023-09-09,S004,P0009,141,130.01628
2023-09-09,S005,P0007,146,144.13945
2023-09-09,S001,P0005,72,88.53635
2023-09-09,S001,P0006,119,123.73362
2023-09-09,S001,P0007,117,131.67995
2023-09-09,S003,P0011,39,74.435814
2023-09-09,S002,P0002,81,105.15911
2023-09-09,S002,P0013,138,139.81541
2023-09-09,S005,P0011,134,100.81475
2023-09-09,S001,P0003,126,110.15586
2023-09-09,S002,P0018,119,113.50599
2023-09-09,S002,P0005,50,95.09423
2023-09-09,S001,P0009,140,124.75719
2023-09-09,S001,P0010,58,65.08374
2023-09-09,S005,P0002,57,72.76227
2023-09-09,S004,P0017,93,120.473694
2023-09-09,S004,P0010,25,63.952923
2023-09-09,S003,P0006,112,103.12738
2023-09-09,S005,P0009,107,142.27574
2023-09-09,S004,P0014,82,75.05594
2023-09-09,S005,P0012,63,65.23453
2023-09-09,S005,P0020,125,107.16916
2023-09-09,S002,P0003,141,159.35829
2023-09-09,S001,P0014,72,72.33004
2023-09-09,S001,P0018,81,93.180336
2023-09-09,S003,P0003,75,111.273125
2023-09-09,S004,P0015,112,99.88528
2023-09-09,S005,P0003,151,117.11658
2023-09-09,S002,P0001,132,135.06421
2023-09-09,S002,P0017,125,118.905014
2023-09-09,S005,P0010,116,98.65381
2023-09-09,S003,P0008,133,121.085396
2023-09-09,S003,P0016,89,107.20962
2023-09-09,S002,P0010,113,122.48294
2023-09-09,S002,P0020,90,107.42143
2023-09-09,S005,P0015,235,152.34148
2023-09-09,S005,P0013,129,141.88164
2023-09-09,S004,P0018,109,98.14534
2023-09-09,S002,P0008,114,135.17203
2023-09-09,S005,P0008,80,94.80521
2023-09-09,S003,P0007,137,126.87307
2023-09-09,S001,P0019,38,47.542633
2023-09-10,S003,P0004,91,100.6861
2023-09-10,S003,P0020,84,115.31411
2023-09-10,S001,P0013,105,107.70566
2023-09-10,S004,P0003,85,90.877235
2023-09-10,S001,P0008,140,99.72142
2023-09-10,S001,P0001,164,99.96701
2023-09-10,S002,P0009,112,108.33915
2023-09-10,S004,P0020,71,76.331276
2023-09-10,S005,P0012,134,114.411064
2023-09-10,S004,P0005,79,87.162
2023-09-10,S005,P0001,92,92.65891
2023-09-10,S001,P0009,89,90.04841
2023-09-10,S002,P0013,131,133.21046
2023-09-10,S005,P0002,159,117.00636
2023-09-10,S001,P0019,56,59.12161
2023-09-10,S002,P0002,164,131.89696
2023-09-10,S003,P0016,164,160.72523
2023-09-10,S005,P0011,139,121.0005
2023-09-10,S002,P0006,124,114.090515
2023-09-10,S001,P0003,57,113.66139
2023-09-10,S004,P0013,89,110.1266
2023-09-10,S001,P0014,44,50.088726
2023-09-10,S003,P0013,154,157.81209
2023-09-10,S002,P0007,83,92.706154
2023-09-10,S003,P0001,54,70.41677
2023-09-10,S004,P0006,47,76.22879
2023-09-10,S003,P0007,109,107.30768
2023-09-10,S005,P0016,129,114.94054
2023-09-10,S005,P0013,157,148.86746
2023-09-10,S005,P0009,127,126.865685
2023-09-10,S004,P0017,97,114.89397
2023-09-10,S004,P0012,105,108.874374
2023-09-10,S005,P0003,145,119.69068
2023-09-10,S003,P0005,128,102.13716
2023-09-10,S003,P0008,115,134.83006
2023-09-10,S003,P0009,137,117.683525
2023-09-10,S002,P0010,144,145.8786
2023-09-10,S003,P0012,124,108.10348
2023-09-10,S003,P0011,165,151.52513
2023-09-10,S002,P0018,82,99.8084
2023-09-10,S004,P0010,55,61.372852
2023-09-10,S005,P0004,66,81.26236
2023-09-10,S002,P0005,97,96.268875
2023-09-10,S001,P0010,95,87.71947
2023-09-10,S003,P0010,117,111.32181
2023-09-10,S005,P0019,77,78.20151
2023-09-10,S001,P0017,109,106.158035
2023-09-10,S001,P0020,79,72.51856
2023-09-10,S003,P0017,73,82.96308
2023-09-10,S004,P0018,65,69.241165
2023-09-10,S005,P0014,71,63.44331
2023-09-10,S005,P0020,123,109.404465
2023-09-10,S005,P0008,155,140.85165
2023-09-10,S003,P0003,187,180.05606
2023-09-10,S002,P0008,79,118.315384
2023-09-10,S002,P0011,174,173.25087
2023-09-10,S004,P0015,100,84.41736
2023-09-10,S003,P0002,91,134.18977
2023-09-10,S002,P0017,188,151.93616
2023-09-10,S001,P0018,67,87.148155
2023-09-10,S002,P0001,136,126.84905
2023-09-10,S002,P0003,198,179.26497
2023-09-10,S003,P0018,58,61.84491
2023-09-10,S004,P0004,117,104.64586
2023-09-10,S005,P0010,164,116.39876
2023-09-10,S002,P0004,100,107.92352
2023-09-10,S001,P0012,120,126.44696
2023-09-10,S005,P0018,105,94.37248
2023-09-10,S004,P0007,100,113.13383
2023-09-10,S001,P0011,67,83.67417
2023-09-10,S002,P0016,144,136.00824
2023-09-10,S002,P0015,139,115.30507
2023-09-10,S003,P0014,63,81.89169
2023-09-10,S003,P0006,111,105.8524
2023-09-10,S004,P0001,90,84.871475
2023-09-10,S002,P0014,96,88.72394
2023-09-10,S005,P0007,111,114.09246
2023-09-10,S004,P0002,108,113.62696
2023-09-10,S001,P0015,155,104.345375
2023-09-10,S001,P0016,88,130.1109
2023-09-10,S005,P0006,81,88.131294
2023-09-10,S002,P0020,119,112.109886
2023-09-10,S002,P0019,65,87.4286
2023-09-10,S004,P0016,61,70.57734
2023-09-10,S004,P0019,79,86.38406
2023-09-10,S001,P0005,110,96.61516
2023-09-10,S001,P0007,126,112.34868
2023-09-10,S001,P0002,92,106.267555
2023-09-10,S002,P0012,134,112.93495
2023-09-10,S004,P0008,102,91.14362
2023-09-10,S004,P0014,92,88.45442
2023-09-10,S001,P0006,98,90.23312
2023-09-10,S005,P0005,35,65.62507
2023-09-10,S001,P0004,100,88.16021
2023-09-10,S004,P0011,94,97.27531
2023-09-10,S003,P0019,137,134.65323
2023-09-10,S003,P0015,132,146.26491
2023-09-10,S005,P0017,124,122.34453
2023-09-10,S005,P0015,24,83.46761
2023-09-10,S004,P0009,89,84.35355
2023-09-11,S001,P0013,96,107.332085
2023-09-11,S001,P0003,164,138.43533
2023-09-11,S002,P0016,113,104.81296
2023-09-11,S003,P0008,92,89.38073
2023-09-11,S005,P0003,134,140.39188
2023-09-11,S002,P0005,63,88.334274
2023-09-11,S001,P0009,200,168.16142
2023-09-11,S002,P0019,90,99.139534
2023-09-11,S005,P0019,67,79.69337
2023-09-11,S003,P0004,97,97.05118
2023-09-11,S001,P0019,93,75.88622
2023-09-11,S003,P0020,95,87.87074
2023-09-11,S005,P0018,101,110.15954
2023-09-11,S003,P0011,131,127.95278
2023-09-11,S003,P0009,151,135.4439
2023-09-11,S001,P0016,123,124.06074
2023-09-11,S004,P0003,157,147.92218
2023-09-11,S003,P0001,142,123.779945
2023-09-11,S004,P0013,87,101.96061
2023-09-11,S002,P0006,61,85.269936
2023-09-11,S004,P0008,100,87.19177
2023-09-11,S003,P0007,119,103.61621
2023-09-11,S003,P0016,83,86.39699
2023-09-11,S001,P0010,72,80.96627
2023-09-11,S002,P0008,119,115.43526
2023-09-11,S005,P0012,77,81.62242
2023-09-11,S002,P0012,33,78.99725
2023-09-11,S005,P0008,96,118.20295
2023-09-11,S004,P0016,95,87.88037
2023-09-11,S002,P0002,87,88.88908
2023-09-11,S005,P0015,92,111.49112
2023-09-11,S002,P0003,136,143.86812
2023-09-11,S002,P0017,153,137.75124
2023-09-11,S002,P0018,111,106.26992
2023-09-11,S001,P0014,280,226.36621
2023-09-11,S002,P0001,226,205.41339
2023-09-11,S004,P0011,157,146.28249
2023-09-11,S005,P0011,127,136.02971
2023-09-11,S005,P0020,119,111.662384
2023-09-11,S002,P0020,100,89.43146
2023-09-11,S002,P0014,67,94.451355
2023-09-11,S001,P0018,133,127.79534
2023-09-11,S001,P0012,142,121.15204
2023-09-11,S004,P0018,95,95.77925
2023-09-11,S005,P0010,137,126.08786
2023-09-11,S001,P0008,106,100.35715
2023-09-11,S002,P0010,49,97.79217
2023-09-11,S003,P0003,83,111.482994
2023-09-11,S005,P0013,139,137.42361
2023-09-11,S004,P0019,126,114.121605
2023-09-11,S004,P0020,79,84.26721
2023-09-11,S004,P0001,181,170.75728
2023-09-11,S004,P0014,42,61.473175
2023-09-11,S003,P0006,61,71.70174
2023-09-11,S002,P0013,135,122.34373
2023-09-11,S003,P0010,85,103.06604
2023-09-11,S003,P0015,85,102.38955
2023-09-11,S005,P0004,166,141.24442
2023-09-11,S005,P0005,58,90.742546
2023-09-11,S001,P0006,107,114.33178
2023-09-11,S004,P0012,132,124.183754
2023-09-11,S001,P0002,90,104.115364
2023-09-11,S001,P0007,154,128.529
2023-09-11,S001,P0005,125,114.465805
2023-09-11,S004,P0002,159,142.59021
2023-09-11,S001,P0020,97,86.86582
2023-09-11,S004,P0006,213,133.46611
2023-09-11,S005,P0002,139,110.167816
2023-09-11,S003,P0019,104,102.3281
2023-09-11,S001,P0004,85,103.58215
2023-09-11,S003,P0017,101,94.52768
2023-09-11,S004,P0017,78,129.2497
2023-09-11,S004,P0010,122,126.762146
2023-09-11,S005,P0007,160,156.44043
2023-09-11,S004,P0009,166,160.55418
2023-09-11,S001,P0017,49,105.49444
2023-09-11,S005,P0009,247,231.50049
2023-09-11,S003,P0014,131,139.53833
2023-09-11,S001,P0001,108,122.22071
2023-09-11,S005,P0006,88,106.104614
2023-09-11,S003,P0005,71,78.08412
2023-09-11,S005,P0014,122,132.18102
2023-09-11,S001,P0011,120,122.16151
2023-09-11,S004,P0005,103,101.744514
2023-09-11,S002,P0015,78,92.33631
2023-09-11,S002,P0004,104,108.91756
2023-09-11,S003,P0018,62,60.709995
2023-09-11,S002,P0009,172,154.1032
2023-09-11,S003,P0012,75,67.65247
2023-09-11,S004,P0015,107,96.56057
2023-09-11,S005,P0001,141,158.11357
2023-09-11,S002,P0011,62,103.86214
2023-09-11,S003,P0002,137,111.82726
2023-09-11,S004,P0004,157,136.25131
2023-09-11,S005,P0017,118,150.67711
2023-09-11,S003,P0013,100,110.548035
2023-09-11,S002,P0007,106,101.46026
2023-09-11,S004,P0007,172,139.79205
2023-09-11,S001,P0015,80,71.78774
2023-09-11,S005,P0016,112,110.27324
2023-09-12,S001,P0009,78,129.95343
2023-09-12,S001,P0014,153,148.31076
2023-09-12,S001,P0003,98,94.37727
2023-09-12,S004,P0010,119,108.47078
2023-09-12,S001,P0007,131,117.76746
2023-09-12,S002,P0013,169,138.65242
2023-09-12,S004,P0014,87,78.462395
2023-09-12,S005,P0011,129,110.50107
2023-09-12,S005,P0008,147,149.22998
2023-09-12,S002,P0002,85,87.49526
2023-09-12,S004,P0009,157,141.11176
2023-09-12,S005,P0019,108,101.45621
2023-09-12,S005,P0005,150,130.94894
2023-09-12,S001,P0006,73,84.36454
2023-09-12,S004,P0018,91,85.2381
2023-09-12,S005,P0013,74,97.99929
2023-09-12,S001,P0010,45,59.791462
2023-09-12,S001,P0017,96,89.71921
2023-09-12,S004,P0002,127,104.66536
2023-09-12,S005,P0020,73,92.67658
2023-09-12,S004,P0006,98,98.12651
2023-09-12,S003,P0020,72,85.886154
2023-09-12,S003,P0010,138,105.02051
2023-09-12,S003,P0014,60,74.3102
2023-09-12,S002,P0005,134,111.47032
2023-09-12,S001,P0005,113,108.56728
2023-09-12,S003,P0016,152,131.5562
2023-09-12,S003,P0001,102,90.347275
2023-09-12,S003,P0017,87,80.91591
2023-09-12,S003,P0002,39,104.29772
2023-09-12,S004,P0016,100,85.96126
2023-09-12,S002,P0006,107,105.2699
2023-09-12,S003,P0015,114,122.67214
2023-09-12,S004,P0019,72,76.62136
2023-09-12,S002,P0010,93,109.22269
2023-09-12,S002,P0007,116,104.855774
2023-09-12,S005,P0004,118,98.04571
2023-09-12,S004,P0008,50,55.18112
2023-09-12,S001,P0001,83,93.956314
2023-09-12,S002,P0012,51,75.49917
2023-09-12,S001,P0004,102,103.161804
2023-09-12,S003,P0005,205,106.60082
2023-09-12,S004,P0020,90,78.3694
2023-09-12,S002,P0018,92,101.90304
2023-09-12,S001,P0002,107,103.51538
2023-09-12,S001,P0020,57,61.32971
2023-09-12,S005,P0007,81,112.0359
2023-09-12,S001,P0013,136,109.44656
2023-09-12,S002,P0019,83,94.09485
2023-09-12,S003,P0011,115,104.8753
2023-09-12,S005,P0001,101,102.80051
2023-09-12,S002,P0003,131,120.6354
2023-09-12,S004,P0015,68,69.36244
2023-09-12,S005,P0002,92,98.669586
2023-09-12,S003,P0013,68,90.91839
2023-09-12,S005,P0014,62,67.34647
2023-09-12,S001,P0018,64,102.67977
2023-09-12,S002,P0004,67,107.813965
2023-09-12,S002,P0014,61,76.741
2023-09-12,S004,P0003,86,83.74951
2023-09-12,S001,P0008,126,110.97788
2023-09-12,S001,P0016,187,155.12643
2023-09-12,S003,P0009,116,112.01181
2023-09-12,S002,P0008,155,150.48373
2023-09-12,S001,P0012,58,93.79959
2023-09-12,S005,P0006,186,151.28378
2023-09-12,S002,P0020,81,81.292755
2023-09-12,S005,P0012,76,75.950615
2023-09-12,S004,P0005,105,96.35041
2023-09-12,S002,P0016,85,123.54277
2023-09-12,S003,P0004,85,92.85086
2023-09-12,S001,P0011,96,96.932365
2023-09-12,S005,P0010,132,116.374115
2023-09-12,S005,P0009,179,195.45908
2023-09-12,S002,P0017,91,83.310524
2023-09-12,S002,P0011,117,119.62308
2023-09-12,S001,P0019,101,82.256485
2023-09-12,S003,P0006,46,63.115475
2023-09-12,S003,P0012,58,57.999317
2023-09-12,S004,P0007,160,121.281296
2023-09-12,S004,P0013,140,108.046776
2023-09-12,S005,P0016,99,123.76966
2023-09-12,S004,P0004,92,102.94588
2023-09-12,S004,P0011,85,76.28809
2023-09-12,S005,P0017,137,112.70149
2023-09-12,S002,P0009,154,153.3694
2023-09-12,S003,P0008,144,142.68024
2023-09-12,S003,P0007,99,89.178764
2023-09-12,S003,P0003,119,101.21607
2023-09-12,S005,P0003,53,94.90309
2023-09-12,S003,P0018,78,72.6057
2023-09-12,S004,P0001,128,100.79859
2023-09-12,S004,P0012,35,70.37395
2023-09-12,S002,P0015,72,84.70226
2023-09-12,S001,P0015,94,88.813896
2023-09-12,S004,P0017,102,89.694824
2023-09-12,S002,P0001,136,118.39229
2023-09-12,S003,P0019,4,52.960377
2023-09-12,S005,P0015,99,96.389786
2023-09-12,S005,P0018,96,100.95397
2023-09-13,S004,P0007,106,119.832794
2023-09-13,S005,P0013,91,99.81626
2023-09-13,S001,P0008,82,88.298615
2023-09-13,S005,P0014,79,82.99473
2023-09-13,S004,P0005,107,89.41828
2023-09-13,S001,P0004,114,113.94661
2023-09-13,S005,P0005,88,91.69135
2023-09-13,S003,P0003,157,145.96838
2023-09-13,S005,P0007,125,117.89652
2023-09-13,S002,P0008,112,108.28111
2023-09-13,S005,P0009,103,127.316086
2023-09-13,S003,P0013,119,125.066765
2023-09-13,S004,P0015,61,56.600834
2023-09-13,S004,P0012,60,100.28509
2023-09-13,S003,P0015,70,113.13485
2023-09-13,S001,P0020,120,103.99575
2023-09-13,S002,P0012,110,96.60361
2023-09-13,S004,P0016,90,71.69024
2023-09-13,S004,P0019,73,74.57767
2023-09-13,S003,P0008,114,116.9509
2023-09-13,S005,P0012,86,84.05917
2023-09-13,S005,P0016,121,94.64421
2023-09-13,S004,P0001,107,105.826454
2023-09-13,S002,P0011,83,84.73955
2023-09-13,S003,P0018,78,78.08459
2023-09-13,S005,P0010,220,156.72124
2023-09-13,S005,P0018,58,65.782745
2023-09-13,S005,P0001,236,171.94147
2023-09-13,S002,P0005,100,95.76843
2023-09-13,S004,P0010,87,110.981094
2023-09-13,S001,P0017,144,89.961174
2023-09-13,S001,P0014,139,143.7371
2023-09-13,S002,P0020,90,82.046196
2023-09-13,S002,P0001,137,144.04515
2023-09-13,S004,P0004,156,133.93495
2023-09-13,S005,P0006,161,135.41422
2023-09-13,S002,P0018,84,87.57762
2023-09-13,S001,P0009,82,113.42554
2023-09-13,S001,P0006,89,97.96513
2023-09-13,S001,P0012,146,140.60855
2023-09-13,S001,P0016,86,90.87939
2023-09-13,S005,P0008,118,108.914505
2023-09-13,S001,P0001,108,105.45911
2023-09-13,S003,P0010,129,150.22592
2023-09-13,S001,P0003,152,120.58102
2023-09-13,S003,P0016,120,115.372375
2023-09-13,S003,P0011,105,117.86919
2023-09-13,S003,P0007,107,108.32494
2023-09-13,S002,P0009,209,152.82205
2023-09-13,S005,P0015,123,100.37915
2023-09-13,S003,P0017,98,88.13572
2023-09-13,S001,P0011,62,63.96213
2023-09-13,S002,P0007,66,82.86552
2023-09-13,S001,P0018,111,99.475334
2023-09-13,S004,P0017,143,109.16251
2023-09-13,S002,P0019,95,88.15789
2023-09-13,S003,P0004,173,156.41493
2023-09-13,S003,P0006,137,116.6653
2023-09-13,S001,P0019,59,58.43334
2023-09-13,S003,P0001,48,101.922
2023-09-13,S001,P0005,146,112.03949
2023-09-13,S003,P0002,89,104.817665
2023-09-13,S005,P0004,189,145.74973
2023-09-13,S002,P0017,53,66.00194
2023-09-13,S004,P0003,108,106.915306
2023-09-13,S003,P0009,253,190.34352
2023-09-13,S005,P0011,139,112.13516
2023-09-13,S004,P0014,82,83.617645
2023-09-13,S005,P0002,108,93.97225
2023-09-13,S001,P0013,97,92.7972
2023-09-13,S005,P0003,150,124.08297
2023-09-13,S002,P0013,148,122.23769
2023-09-13,S003,P0014,128,132.56477
2023-09-13,S001,P0007,89,94.92683
2023-09-13,S002,P0004,152,132.49162
2023-09-13,S003,P0020,96,126.78785
2023-09-13,S005,P0020,112,113.02739
2023-09-13,S004,P0002,110,103.35125
2023-09-13,S004,P0020,114,104.41651
2023-09-13,S004,P0008,83,70.88986
2023-09-13,S005,P0017,58,92.8368
2023-09-13,S004,P0006,82,80.916115
2023-09-13,S002,P0016,114,95.52969
2023-09-13,S002,P0015,96,81.88743
2023-09-13,S001,P0015,78,80.07706
2023-09-13,S003,P0019,205,156.90794
2023-09-13,S002,P0002,54,72.01023
2023-09-13,S003,P0005,62,89.92572
2023-09-13,S002,P0014,96,100.45623
2023-09-13,S004,P0011,74,68.15123
2023-09-13,S004,P0013,108,94.314316
2023-09-13,S004,P0018,54,64.15184
2023-09-13,S001,P0010,94,92.94039
2023-09-13,S002,P0010,237,203.57468
2023-09-13,S005,P0019,90,83.006615
2023-09-13,S001,P0002,110,104.66271
2023-09-13,S002,P0006,111,92.791
2023-09-13,S003,P0012,66,73.90558
2023-09-13,S002,P0003,199,185.46292
2023-09-13,S004,P0009,68,96.609344
2023-09-14,S001,P0017,125,104.74783
2023-09-14,S004,P0008,86,81.17274
2023-09-14,S002,P0006,115,94.074066
2023-09-14,S004,P0002,87,107.104744
2023-09-14,S004,P0004,131,122.59403
2023-09-14,S001,P0005,128,142.1005
2023-09-14,S005,P0008,102,117.08439
2023-09-14,S001,P0002,123,115.03612
2023-09-14,S003,P0001,92,107.15053
2023-09-14,S001,P0009,136,116.89046
2023-09-14,S005,P0016,161,126.182526
2023-09-14,S002,P0009,101,101.24132
2023-09-14,S001,P0013,61,131.33398
2023-09-14,S005,P0017,120,119.777504
2023-09-14,S004,P0012,154,149.60994
2023-09-14,S002,P0019,109,106.12922
2023-09-14,S004,P0006,105,118.68232
2023-09-14,S001,P0015,203,160.59335
2023-09-14,S004,P0015,136,131.00319
2023-09-14,S001,P0012,205,179.83911
2023-09-14,S001,P0011,79,81.88992
2023-09-14,S003,P0004,85,105.94403
2023-09-14,S002,P0008,118,113.40398
2023-09-14,S004,P0001,167,159.89214
2023-09-14,S003,P0017,39,58.41641
2023-09-14,S003,P0007,95,111.816795
2023-09-14,S003,P0015,142,154.30139
2023-09-14,S003,P0009,92,90.10086
2023-09-14,S004,P0018,74,97.07734
2023-09-14,S005,P0019,166,148.23973
2023-09-14,S005,P0020,51,96.05308
2023-09-14,S003,P0008,112,112.41319
2023-09-14,S003,P0010,76,112.0676
2023-09-14,S004,P0007,135,176.3319
2023-09-14,S002,P0012,25,67.55169
2023-09-14,S002,P0011,120,121.144875
2023-09-14,S002,P0013,86,103.002884
2023-09-14,S004,P0010,130,126.29657
2023-09-14,S003,P0016,87,96.50363
2023-09-14,S005,P0003,68,97.174576
2023-09-14,S001,P0007,125,139.89848
2023-09-14,S003,P0018,64,80.792694
2023-09-14,S003,P0014,70,86.271805
2023-09-14,S004,P0003,123,112.93266
2023-09-14,S003,P0006,41,78.94732
2023-09-14,S004,P0020,53,66.335335
2023-09-14,S001,P0003,101,102.21513
2023-09-14,S002,P0018,131,119.366745
2023-09-14,S003,P0020,103,97.84267
2023-09-14,S003,P0002,202,155.23985
2023-09-14,S003,P0011,89,101.81766
2023-09-14,S005,P0005,125,139.03395
2023-09-14,S002,P0016,108,90.55295
2023-09-14,S002,P0020,48,58.809402
2023-09-14,S001,P0018,116,145.81659
2023-09-14,S005,P0013,155,167.4592
2023-09-14,S002,P0010,153,139.34273
2023-09-14,S002,P0003,141,119.453186
2023-09-14,S003,P0012,55,58.69917
2023-09-14,S005,P0006,109,111.4224
2023-09-14,S001,P0006,80,94.741974
2023-09-14,S001,P0008,146,90.41203
2023-09-14,S005,P0014,99,111.941414
2023-09-14,S004,P0009,53,88.66075
2023-09-14,S002,P0014,96,99.37315
2023-09-14,S003,P0003,101,102.2117
2023-09-14,S003,P0013,105,137.56056
2023-09-14,S001,P0019,142,114.751465
2023-09-14,S005,P0010,147,129.07483
2023-09-14,S001,P0010,62,76.01706
2023-09-14,S004,P0013,159,143.07747
2023-09-14,S005,P0015,110,150.03065
2023-09-14,S002,P0001,132,139.5635
2023-09-14,S005,P0011,153,131.88348
2023-09-14,S002,P0017,44,62.69761
2023-09-14,S001,P0001,133,130.27245
2023-09-14,S004,P0005,15,106.04836
2023-09-14,S003,P0005,134,128.11049
2023-09-14,S004,P0014,85,84.203705
2023-09-14,S001,P0004,71,93.42333
2023-09-14,S005,P0001,119,138.04124
2023-09-14,S001,P0020,155,137.13965
2023-09-14,S001,P0014,85,106.67383
2023-09-14,S005,P0018,156,142.08109
2023-09-14,S004,P0016,102,89.7276
2023-09-14,S002,P0005,110,112.909615
2023-09-14,S004,P0019,179,147.56761
2023-09-14,S002,P0007,154,117.12228
2023-09-14,S004,P0017,38,94.596855
2023-09-14,S002,P0002,63,73.115036
2023-09-14,S002,P0015,128,109.598526
2023-09-14,S005,P0009,106,116.37061
2023-09-14,S005,P0004,59,74.98548
2023-09-14,S005,P0012,39,56.858322
2023-09-14,S001,P0016,154,126.79512
2023-09-14,S004,P0011,148,116.54952
2023-09-14,S005,P0007,142,163.48157
2023-09-14,S002,P0004,64,97.786125
2023-09-14,S003,P0019,77,108.54772
2023-09-14,S005,P0002,114,108.283806
2023-09-15,S001,P0003,72,90.672874
2023-09-15,S002,P0001,153,143.00348
2023-09-15,S002,P0018,105,93.48536
2023-09-15,S001,P0008,97,93.51031
2023-09-15,S005,P0020,165,131.44768
2023-09-15,S003,P0009,192,155.72876
2023-09-15,S005,P0013,102,132.1712
2023-09-15,S003,P0019,153,141.5057
2023-09-15,S004,P0018,74,77.89256
2023-09-15,S002,P0003,113,106.25797
2023-09-15,S002,P0016,66,79.93796
2023-09-15,S005,P0007,200,186.46542
2023-09-15,S001,P0014,192,185.95279
2023-09-15,S004,P0002,122,126.49175
2023-09-15,S001,P0019,39,59.300564
2023-09-15,S004,P0005,136,132.84042
2023-09-15,S002,P0004,110,123.33138
2023-09-15,S005,P0004,157,142.03621
2023-09-15,S001,P0006,100,105.895966
2023-09-15,S002,P0013,215,164.62663
2023-09-15,S002,P0008,99,105.94877
2023-09-15,S005,P0018,122,108.698654
2023-09-15,S004,P0011,84,78.70359
2023-09-15,S002,P0017,62,65.65012
2023-09-15,S005,P0003,167,113.528725
2023-09-15,S004,P0007,206,170.16618
2023-09-15,S005,P0005,142,128.88287
2023-09-15,S005,P0008,65,98.17447
2023-09-15,S001,P0012,109,107.38275
2023-09-15,S002,P0006,85,81.57418
2023-09-15,S003,P0007,136,124.68722
2023-09-15,S001,P0018,68,100.722824
2023-09-15,S005,P0006,65,87.350006
2023-09-15,S005,P0015,46,86.09592
2023-09-15,S003,P0018,88,93.010254
2023-09-15,S003,P0006,128,108.60201
2023-09-15,S005,P0011,80,92.74422
2023-09-15,S003,P0013,100,134.13518
2023-09-15,S001,P0005,143,133.20465
2023-09-15,S001,P0010,100,96.052956
2023-09-15,S003,P0014,86,96.53195
2023-09-15,S004,P0013,75,101.19091
2023-09-15,S005,P0014,109,104.52163
2023-09-15,S001,P0001,49,111.126205
2023-09-15,S002,P0010,115,132.28355
2023-09-15,S003,P0003,61,94.36357
2023-09-15,S005,P0010,69,131.1959
2023-09-15,S002,P0015,114,98.481
2023-09-15,S004,P0001,118,130.84827
2023-09-15,S002,P0014,142,124.75772
2023-09-15,S003,P0011,137,131.77626
2023-09-15,S004,P0020,113,109.173615
2023-09-15,S004,P0006,90,88.3806
2023-09-15,S001,P0020,106,104.586586
2023-09-15,S001,P0007,115,134.16733
2023-09-15,S004,P0015,59,62.556408
2023-09-15,S005,P0016,89,89.05688
2023-09-15,S005,P0012,76,75.96181
2023-09-15,S002,P0019,64,79.81606
2023-09-15,S003,P0002,219,196.1816
2023-09-15,S003,P0016,177,162.71252
2023-09-15,S001,P0013,155,134.12195
2023-09-15,S004,P0017,126,101.83451
2023-09-15,S001,P0004,114,129.46077
2023-09-15,S003,P0010,164,141.80118
2023-09-15,S001,P0009,75,123.33072
2023-09-15,S004,P0012,30,79.30139
2023-09-15,S005,P0017,69,102.419395
2023-09-15,S001,P0015,47,64.446175
2023-09-15,S003,P0004,219,146.47913
2023-09-15,S002,P0011,88,87.85232
2023-09-15,S001,P0002,118,128.46748
2023-09-15,S002,P0020,67,83.326775
2023-09-15,S002,P0009,133,131.19292
2023-09-15,S003,P0012,60,60.345478
2023-09-15,S004,P0003,99,95.12127
2023-09-15,S005,P0019,96,96.182335
2023-09-15,S004,P0014,47,65.009224
2023-09-15,S003,P0017,73,70.1829
2023-09-15,S004,P0009,134,137.58577
2023-09-15,S003,P0020,128,125.55804
2023-09-15,S001,P0011,71,69.69024
2023-09-15,S003,P0008,23,88.822754
2023-09-15,S002,P0007,104,109.48687
2023-09-15,S001,P0016,132,110.54375
2023-09-15,S003,P0005,126,135.12927
2023-09-15,S004,P0016,72,67.54643
2023-09-15,S004,P0008,48,58.78152
2023-09-15,S001,P0017,59,79.17767
2023-09-15,S003,P0015,112,110.595116
2023-09-15,S003,P0001,159,136.27002
2023-09-15,S005,P0001,96,115.303696
2023-09-15,S005,P0002,89,102.76532
2023-09-15,S002,P0012,95,78.706726
2023-09-15,S004,P0019,93,93.33788
2023-09-15,S002,P0002,144,125.40417
2023-09-15,S004,P0004,106,144.09978
2023-09-15,S005,P0009,170,184.51294
2023-09-15,S002,P0005,156,145.83452
2023-09-15,S004,P0010,153,142.9489
2023-09-16,S005,P0007,105,109.3313
2023-09-16,S004,P0003,38,61.78108
2023-09-16,S001,P0007,151,109.91104
2023-09-16,S005,P0006,127,116.41693
2023-09-16,S005,P0005,170,138.0292
2023-09-16,S001,P0014,31,47.97618
2023-09-16,S004,P0015,93,76.401375
2023-09-16,S004,P0005,91,104.66399
2023-09-16,S001,P0009,114,96.61504
2023-09-16,S005,P0011,156,133.8943
2023-09-16,S003,P0019,189,144.3724
2023-09-16,S004,P0018,85,88.031685
2023-09-16,S001,P0008,57,73.99946
2023-09-16,S003,P0009,86,96.09511
2023-09-16,S005,P0013,123,136.79544
2023-09-16,S002,P0017,106,96.96708
2023-09-16,S005,P0010,120,104.64871
2023-09-16,S005,P0003,59,85.678055
2023-09-16,S002,P0016,162,142.14107
2023-09-16,S003,P0018,12,73.74123
2023-09-16,S004,P0008,78,69.11282
2023-09-16,S003,P0003,106,107.10361
2023-09-16,S004,P0019,58,72.7074
2023-09-16,S001,P0010,47,56.81466
2023-09-16,S002,P0004,128,130.35654
2023-09-16,S002,P0009,122,106.37223
2023-09-16,S001,P0020,68,65.66631
2023-09-16,S003,P0012,85,76.41889
2023-09-16,S004,P0020,38,51.793873
2023-09-16,S003,P0017,114,113.99845
2023-09-16,S004,P0012,97,98.955574
2023-09-16,S004,P0001,71,80.82182
2023-09-16,S004,P0017,107,115.4009
2023-09-16,S004,P0006,70,85.82194
2023-09-16,S003,P0002,98,108.20538
2023-09-16,S002,P0002,98,95.04599
2023-09-16,S001,P0011,118,107.47734
2023-09-16,S003,P0020,103,104.658516
2023-09-16,S005,P0002,66,79.57833
2023-09-16,S003,P0015,78,111.66155
2023-09-16,S002,P0007,49,76.609276
2023-09-16,S003,P0005,70,103.04835
2023-09-16,S001,P0018,117,123.14703
2023-09-16,S002,P0012,102,79.85605
2023-09-16,S005,P0017,121,121.35994
2023-09-16,S005,P0009,120,116.22604
2023-09-16,S005,P0019,77,80.521805
2023-09-16,S004,P0009,89,95.30138
2023-09-16,S005,P0020,108,94.041275
2023-09-16,S001,P0017,146,112.55641
2023-09-16,S001,P0001,72,80.37268
2023-09-16,S002,P0011,131,117.525215
2023-09-16,S005,P0012,62,63.083504
2023-09-16,S002,P0008,91,93.34476
2023-09-16,S001,P0016,103,130.57608
2023-09-16,S004,P0010,46,70.63053
2023-09-16,S002,P0001,145,115.76731
2023-09-16,S005,P0004,150,137.89894
2023-09-16,S005,P0001,89,94.55623
2023-09-16,S002,P0003,106,103.869194
2023-09-16,S003,P0008,65,102.793655
2023-09-16,S001,P0006,73,85.05727
2023-09-16,S001,P0012,77,96.20534
2023-09-16,S001,P0002,73,79.38015
2023-09-16,S004,P0016,84,75.737335
2023-09-16,S001,P0004,121,120.117
2023-09-16,S003,P0010,167,122.3729
2023-09-16,S002,P0015,59,74.458275
2023-09-16,S003,P0001,121,119.08739
2023-09-16,S005,P0015,84,92.65357
2023-09-16,S002,P0018,110,108.72325
2023-09-16,S002,P0006,85,81.71481
2023-09-16,S002,P0019,67,76.74776
2023-09-16,S003,P0007,93,100.1262
2023-09-16,S001,P0015,103,94.256645
2023-09-16,S003,P0011,183,177.8163
2023-09-16,S003,P0004,203,165.3073
2023-09-16,S005,P0016,142,120.74838
2023-09-16,S002,P0014,48,57.43634
2023-09-16,S004,P0013,160,138.98111
2023-09-16,S002,P0020,50,60.102238
2023-09-16,S001,P0003,65,82.971306
2023-09-16,S003,P0013,193,179.4491
2023-09-16,S005,P0018,33,66.848595
2023-09-16,S005,P0014,77,72.432526
2023-09-16,S003,P0014,102,99.3057
2023-09-16,S005,P0008,102,104.26673
2023-09-16,S002,P0010,136,129.141
2023-09-16,S003,P0006,65,91.004265
2023-09-16,S004,P0007,118,117.307076
2023-09-16,S002,P0013,131,130.61218
2023-09-16,S004,P0014,70,62.723885
2023-09-16,S003,P0016,123,139.2474
2023-09-16,S002,P0005,123,117.933235
2023-09-16,S001,P0005,156,140.37007
2023-09-16,S004,P0011,150,114.1811
2023-09-16,S001,P0013,110,116.774536
2023-09-16,S004,P0004,193,155.46997
2023-09-16,S001,P0019,109,80.87211
2023-09-16,S004,P0002,136,106.66146
2023-09-17,S001,P0018,169,150.81187
2023-09-17,S002,P0009,166,154.62782
2023-09-17,S003,P0010,127,139.14359
2023-09-17,S001,P0002,163,141.00151
2023-09-17,S002,P0005,106,103.01222
2023-09-17,S005,P0009,167,180.01547
2023-09-17,S001,P0015,95,87.35819
2023-09-17,S001,P0008,70,83.24026
2023-09-17,S001,P0013,97,99.67536
2023-09-17,S005,P0006,134,125.60606
2023-09-17,S003,P0003,104,98.90044
2023-09-17,S004,P0005,103,95.16233
2023-09-17,S001,P0007,84,100.91583
2023-09-17,S001,P0009,87,118.94571
2023-09-17,S004,P0003,101,94.22179
2023-09-17,S005,P0013,154,135.06252
2023-09-17,S002,P0010,115,136.11615
2023-09-17,S002,P0017,56,91.859245
2023-09-17,S005,P0010,121,136.86957
2023-09-17,S004,P0007,95,118.110176
2023-09-17,S003,P0006,83,93.26819
2023-09-17,S004,P0020,109,96.52211
2023-09-17,S002,P0008,156,116.92175
2023-09-17,S001,P0020,73,76.01614
2023-09-17,S002,P0006,66,83.93196
2023-09-17,S004,P0016,66,65.75746
2023-09-17,S005,P0001,110,115.758545
2023-09-17,S002,P0011,155,173.89516
2023-09-17,S001,P0004,115,116.94212
2023-09-17,S005,P0008,87,102.40474
2023-09-17,S004,P0017,123,126.10846
2023-09-17,S004,P0004,93,105.938385
2023-09-17,S002,P0007,92,95.70448
2023-09-17,S003,P0002,123,124.85673
2023-09-17,S003,P0012,118,91.25466
2023-09-17,S003,P0007,174,115.17761
2023-09-17,S005,P0002,90,111.82796
2023-09-17,S004,P0018,101,103.9245
2023-09-17,S003,P0004,153,119.30671
2023-09-17,S003,P0008,81,87.96554
2023-09-17,S001,P0016,90,107.64954
2023-09-17,S002,P0019,150,111.56662
2023-09-17,S002,P0015,103,99.28522
2023-09-17,S001,P0019,70,64.419014
2023-09-17,S004,P0011,107,111.12223
2023-09-17,S001,P0006,122,110.516266
2023-09-17,S005,P0015,116,107.01085
2023-09-17,S004,P0019,89,92.402596
2023-09-17,S003,P0009,111,121.539246
2023-09-17,S004,P0010,148,140.95436
2023-09-17,S001,P0003,59,93.280945
2023-09-17,S005,P0004,88,107.86617
2023-09-17,S004,P0014,57,62.781548
2023-09-17,S004,P0002,159,145.63629
2023-09-17,S005,P0018,43,81.41122
2023-09-17,S001,P0012,158,155.18237
2023-09-17,S003,P0016,115,110.048225
2023-09-17,S005,P0011,185,149.32295
2023-09-17,S004,P0015,59,63.587055
2023-09-17,S001,P0011,188,151.03175
2023-09-17,S005,P0020,100,96.768814
2023-09-17,S004,P0008,85,76.62921
2023-09-17,S001,P0014,106,110.182785
2023-09-17,S005,P0005,55,85.999535
2023-09-17,S005,P0017,218,164.88844
2023-09-17,S002,P0003,112,111.149025
2023-09-17,S005,P0007,151,133.02818
2023-09-17,S005,P0012,79,86.84441
2023-09-17,S003,P0013,134,120.4658
2023-09-17,S003,P0001,126,106.889915
2023-09-17,S003,P0019,140,118.16815
2023-09-17,S004,P0009,124,139.8719
2023-09-17,S002,P0002,153,132.5099
2023-09-17,S002,P0012,53,103.631355
2023-09-17,S003,P0018,127,114.40877
2023-09-17,S005,P0003,48,86.04288
2023-09-17,S001,P0005,162,132.73306
2023-09-17,S002,P0016,111,99.16822
2023-09-17,S002,P0020,49,62.313972
2023-09-17,S003,P0005,76,90.964874
2023-09-17,S005,P0019,83,89.2931
2023-09-17,S003,P0020,79,96.77956
2023-09-17,S001,P0017,129,125.275566
2023-09-17,S002,P0018,144,125.752174
2023-09-17,S004,P0012,165,153.96707
2023-09-17,S004,P0006,118,105.429726
2023-09-17,S002,P0001,64,104.97382
2023-09-17,S002,P0004,98,108.33689
2023-09-17,S003,P0014,96,93.19933
2023-09-17,S004,P0001,135,127.04661
2023-09-17,S003,P0011,104,131.30618
2023-09-17,S005,P0016,82,96.26156
2023-09-17,S003,P0015,135,130.34917
2023-09-17,S001,P0010,65,79.48309
2023-09-17,S003,P0017,73,82.628235
2023-09-17,S002,P0013,116,110.470535
2023-09-17,S004,P0013,111,100.7656
2023-09-17,S005,P0014,55,59.95859
2023-09-17,S001,P0001,96,91.91
2023-09-17,S002,P0014,88,98.54994
2023-09-18,S001,P0007,129,126.42003
2023-09-18,S002,P0011,150,151.45227
2023-09-18,S005,P0018,106,99.63642
2023-09-18,S003,P0019,107,105.85549
2023-09-18,S001,P0008,58,71.916145
2023-09-18,S004,P0009,121,122.234245
2023-09-18,S004,P0006,142,110.82887
2023-09-18,S004,P0011,68,61.96741
2023-09-18,S004,P0004,75,130.5579
2023-09-18,S002,P0005,87,95.105095
2023-09-18,S005,P0012,106,104.445885
2023-09-18,S005,P0008,105,103.88772
2023-09-18,S005,P0009,125,130.44987
2023-09-18,S001,P0003,143,111.09023
2023-09-18,S005,P0005,63,73.6878
2023-09-18,S004,P0013,118,106.80776
2023-09-18,S005,P0013,155,129.84023
2023-09-18,S005,P0002,114,91.28674
2023-09-18,S002,P0010,100,119.29514
2023-09-18,S003,P0002,90,97.15636
2023-09-18,S004,P0001,161,122.5698
2023-09-18,S005,P0017,92,102.729355
2023-09-18,S003,P0018,68,68.41046
2023-09-18,S001,P0011,60,66.063675
2023-09-18,S004,P0007,175,155.45749
2023-09-18,S001,P0010,78,70.8943
2023-09-18,S004,P0014,102,96.068
2023-09-18,S001,P0017,97,86.75242
2023-09-18,S004,P0018,69,72.44619
2023-09-18,S003,P0006,73,82.61719
2023-09-18,S003,P0020,105,90.297165
2023-09-18,S003,P0004,190,146.05986
2023-09-18,S001,P0016,139,109.65586
2023-09-18,S003,P0015,55,125.38643
2023-09-18,S004,P0019,97,87.674225
2023-09-18,S002,P0009,110,128.27847
2023-09-18,S003,P0011,112,117.0744
2023-09-18,S004,P0008,61,65.16669
2023-09-18,S001,P0002,77,80.6295
2023-09-18,S005,P0006,92,93.53924
2023-09-18,S001,P0005,79,86.238914
2023-09-18,S002,P0003,120,140.89755
2023-09-18,S001,P0006,39,67.31315
2023-09-18,S001,P0004,129,120.93671
2023-09-18,S004,P0017,105,92.9322
2023-09-18,S004,P0015,52,62.42197
2023-09-18,S002,P0015,174,138.34457
2023-09-18,S001,P0012,54,97.15053
2023-09-18,S003,P0014,126,121.06919
2023-09-18,S005,P0001,49,87.15628
2023-09-18,S002,P0004,119,132.5655
2023-09-18,S003,P0005,74,72.8688
2023-09-18,S002,P0019,67,84.47262
2023-09-18,S003,P0007,156,132.33432
2023-09-18,S002,P0006,60,77.415344
2023-09-18,S005,P0015,163,128.22565
2023-09-18,S001,P0019,65,57.20722
2023-09-18,S003,P0009,114,118.16514
2023-09-18,S002,P0020,80,74.50284
2023-09-18,S003,P0008,32,81.40161
2023-09-18,S003,P0016,80,86.055176
2023-09-18,S001,P0014,109,100.30638
2023-09-18,S004,P0003,87,95.39989
2023-09-18,S004,P0010,50,66.154205
2023-09-18,S003,P0001,38,70.35748
2023-09-18,S003,P0013,72,94.58688
2023-09-18,S005,P0010,161,111.23139
2023-09-18,S002,P0008,124,119.85523
2023-09-18,S003,P0010,101,100.5194
2023-09-18,S003,P0017,48,56.4297
2023-09-18,S005,P0020,109,91.23062
2023-09-18,S004,P0020,68,67.938385
2023-09-18,S002,P0018,80,95.54698
2023-09-18,S005,P0004,159,138.2275
2023-09-18,S004,P0002,69,85.86385
2023-09-18,S002,P0012,175,117.31416
2023-09-18,S001,P0015,101,102.6774
2023-09-18,S004,P0012,158,142.04286
2023-09-18,S002,P0007,94,118.791794
2023-09-18,S002,P0017,152,97.334145
2023-09-18,S005,P0007,109,129.10039
2023-09-18,S003,P0003,119,115.4183
2023-09-18,S001,P0009,196,140.73686
2023-09-18,S002,P0016,132,110.936745
2023-09-18,S001,P0013,100,92.04795
2023-09-18,S005,P0019,79,77.987495
2023-09-18,S005,P0014,93,87.12347
2023-09-18,S002,P0013,146,121.02064
2023-09-18,S004,P0005,86,83.32988
2023-09-18,S005,P0011,59,71.5856
2023-09-18,S002,P0014,207,173.75026
2023-09-18,S002,P0001,177,173.83278
2023-09-18,S001,P0018,74,85.90757
2023-09-18,S005,P0003,165,121.8123
2023-09-18,S003,P0012,108,88.16652
2023-09-18,S001,P0020,99,79.09991
2023-09-18,S002,P0002,92,95.29026
2023-09-18,S001,P0001,120,114.29672
2023-09-18,S005,P0016,105,94.40455
2023-09-18,S004,P0016,67,66.4947
2023-09-19,S004,P0010,144,139.8744
2023-09-19,S004,P0013,133,111.395325
2023-09-19,S002,P0011,84,84.61313
2023-09-19,S004,P0006,115,109.71345
2023-09-19,S001,P0011,61,70.098785
2023-09-19,S002,P0001,215,192.97725
2023-09-19,S005,P0017,98,135.0308
2023-09-19,S002,P0012,59,82.07264
2023-09-19,S001,P0014,54,69.372955
2023-09-19,S005,P0020,75,88.15193
2023-09-19,S005,P0005,129,116.49778
2023-09-19,S003,P0005,84,79.260666
2023-09-19,S003,P0008,150,127.939186
2023-09-19,S004,P0004,213,160.80084
2023-09-19,S003,P0013,113,107.088684
2023-09-19,S002,P0014,125,119.39988
2023-09-19,S005,P0007,96,127.732185
2023-09-19,S005,P0016,120,114.210175
2023-09-19,S002,P0013,121,110.94771
2023-09-19,S005,P0018,67,77.94633
2023-09-19,S003,P0006,81,84.28778
2023-09-19,S004,P0012,70,82.26582
2023-09-19,S003,P0018,64,66.216644
2023-09-19,S002,P0010,233,215.87389
2023-09-19,S002,P0004,40,164.00967
2023-09-19,S002,P0018,66,96.15945
2023-09-19,S005,P0014,84,81.729706
2023-09-19,S002,P0009,108,122.809395
2023-09-19,S003,P0011,122,110.4393
2023-09-19,S002,P0002,89,98.6025
2023-09-19,S002,P0008,187,167.24352
2023-09-19,S003,P0010,83,143.48665
2023-09-19,S003,P0002,99,90.78037
2023-09-19,S004,P0008,116,98.42997
2023-09-19,S003,P0001,157,116.38748
2023-09-19,S005,P0019,65,88.10706
2023-09-19,S005,P0011,60,79.24142
2023-09-19,S004,P0014,59,56.869762
2023-09-19,S005,P0012,77,77.67451
2023-09-19,S004,P0002,109,95.663704
2023-09-19,S003,P0020,91,91.77464
2023-09-19,S002,P0017,120,117.531975
2023-09-19,S005,P0006,140,131.26881
2023-09-19,S003,P0017,110,105.88348
2023-09-19,S003,P0015,149,134.01997
2023-09-19,S001,P0010,102,110.186646
2023-09-19,S002,P0015,62,90.04949
2023-09-19,S003,P0016,135,123.27637
2023-09-19,S001,P0017,137,128.05937
2023-09-19,S001,P0005,84,93.59339
2023-09-19,S004,P0015,67,70.68333
2023-09-19,S001,P0001,103,120.19956
2023-09-19,S001,P0015,94,93.0612
2023-09-19,S004,P0007,175,158.61487
2023-09-19,S001,P0004,183,176.77888
2023-09-19,S005,P0009,85,99.69453
2023-09-19,S004,P0017,67,113.0509
2023-09-19,S005,P0015,100,102.706406
2023-09-19,S001,P0008,128,117.3718
2023-09-19,S002,P0016,106,105.363335
2023-09-19,S001,P0007,154,151.87663
2023-09-19,S001,P0012,134,128.22984
2023-09-19,S004,P0019,94,103.25233
2023-09-19,S002,P0003,108,120.538055
2023-09-19,S004,P0001,113,127.49385
2023-09-19,S002,P0020,89,85.41576
2023-09-19,S005,P0002,111,99.30962
2023-09-19,S005,P0008,154,141.82979
2023-09-19,S003,P0012,59,56.77843
2023-09-19,S001,P0006,89,95.07767
2023-09-19,S004,P0009,90,86.65393
2023-09-19,S001,P0019,79,81.50149
2023-09-19,S004,P0003,55,58.627647
2023-09-19,S005,P0001,125,147.06134
2023-09-19,S001,P0013,77,96.43802
2023-09-19,S003,P0019,116,116.002304
2023-09-19,S003,P0004,169,145.27783
2023-09-19,S001,P0020,57,63.83939
2023-09-19,S004,P0005,100,87.14345
2023-09-19,S001,P0018,89,103.70683
2023-09-19,S005,P0010,108,129.84698
2023-09-19,S003,P0014,189,165.24193
2023-09-19,S002,P0005,73,94.7226
2023-09-19,S004,P0011,105,87.419914
2023-09-19,S004,P0020,97,83.00367
2023-09-19,S005,P0004,111,128.12541
2023-09-19,S001,P0016,91,109.47088
2023-09-19,S002,P0006,120,105.014404
2023-09-19,S001,P0009,108,105.20209
2023-09-19,S003,P0007,142,126.13693
2023-09-19,S001,P0003,92,91.27057
2023-09-19,S005,P0003,115,104.138824
2023-09-19,S004,P0018,71,69.55405
2023-09-19,S002,P0019,200,166.72072
2023-09-19,S005,P0013,164,128.89992
2023-09-19,S002,P0007,200,165.88846
2023-09-19,S003,P0009,132,111.54314
2023-09-19,S004,P0016,51,52.82108
2023-09-19,S001,P0002,126,112.682625
2023-09-19,S003,P0003,103,98.387115
2023-09-20,S003,P0006,57,72.82494
2023-09-20,S005,P0017,99,116.52573
2023-09-20,S002,P0012,85,78.5994
2023-09-20,S004,P0004,66,101.301636
2023-09-20,S002,P0011,180,156.12347
2023-09-20,S004,P0010,94,106.14068
2023-09-20,S003,P0018,85,76.18729
2023-09-20,S005,P0018,182,126.88146
2023-09-20,S001,P0011,79,81.66126
2023-09-20,S005,P0005,186,148.88812
2023-09-20,S002,P0003,110,103.072426
2023-09-20,S003,P0001,110,92.92548
2023-09-20,S001,P0014,115,113.81157
2023-09-20,S002,P0015,99,86.27676
2023-09-20,S003,P0013,65,88.62912
2023-09-20,S003,P0016,63,80.20346
2023-09-20,S005,P0007,135,139.77321
2023-09-20,S002,P0004,172,99.46749
2023-09-20,S004,P0001,186,141.57498
2023-09-20,S003,P0017,61,59.7964
2023-09-20,S003,P0008,80,80.75234
2023-09-20,S002,P0018,62,82.68572
2023-09-20,S002,P0020,96,94.855156
2023-09-20,S005,P0009,65,93.076035
2023-09-20,S005,P0020,123,127.56207
2023-09-20,S001,P0012,210,175.87878
2023-09-20,S002,P0005,94,87.32444
2023-09-20,S003,P0004,114,110.57037
2023-09-20,S001,P0006,95,108.24075
2023-09-20,S001,P0019,55,75.63404
2023-09-20,S005,P0013,57,110.56342
2023-09-20,S004,P0003,56,63.728542
2023-09-20,S002,P0019,139,127.79597
2023-09-20,S004,P0007,110,117.66085
2023-09-20,S005,P0010,111,116.492
2023-09-20,S003,P0003,142,109.89091
2023-09-20,S001,P0007,117,121.713
2023-09-20,S001,P0003,165,119.326584
2023-09-20,S004,P0011,126,103.76392
2023-09-20,S001,P0015,81,88.858955
2023-09-20,S003,P0009,103,91.953094
2023-09-20,S004,P0018,55,64.183
2023-09-20,S005,P0003,78,100.8281
2023-09-20,S003,P0007,84,92.374695
2023-09-20,S004,P0020,123,111.90652
2023-09-20,S001,P0013,50,93.55317
2023-09-20,S001,P0016,179,135.5182
2023-09-20,S005,P0008,149,128.54147
2023-09-20,S005,P0004,141,145.94432
2023-09-20,S001,P0002,128,131.95654
2023-09-20,S004,P0009,74,80.99484
2023-09-20,S002,P0007,46,83.407585
2023-09-20,S002,P0010,83,102.5657
2023-09-20,S002,P0008,77,99.50723
2023-09-20,S005,P0019,51,87.28719
2023-09-20,S005,P0002,147,141.04224
2023-09-20,S001,P0017,121,109.36728
2023-09-20,S003,P0020,105,111.42373
2023-09-20,S003,P0019,152,130.1219
2023-09-20,S005,P0006,114,122.87864
2023-09-20,S004,P0005,49,75.58853
2023-09-20,S003,P0012,82,70.30518
2023-09-20,S004,P0019,174,128.56476
2023-09-20,S003,P0005,108,94.28552
2023-09-20,S001,P0010,106,104.17276
2023-09-20,S004,P0017,46,82.23269
2023-09-20,S002,P0013,120,115.50657
2023-09-20,S001,P0004,88,110.01819
2023-09-20,S005,P0014,61,72.55796
2023-09-20,S002,P0014,108,99.09193
2023-09-20,S005,P0001,49,87.01233
2023-09-20,S003,P0011,70,88.09697
2023-09-20,S001,P0009,114,112.596054
2023-09-20,S001,P0005,93,106.33655
2023-09-20,S003,P0014,115,102.02118
2023-09-20,S003,P0015,132,129.34195
2023-09-20,S005,P0016,113,111.156746
2023-09-20,S001,P0001,103,106.50091
2023-09-20,S004,P0016,104,86.601364
2023-09-20,S004,P0014,108,89.05173
2023-09-20,S004,P0015,60,55.764812
2023-09-20,S004,P0002,111,112.026
2023-09-20,S003,P0002,84,123.134445
2023-09-20,S004,P0012,84,88.255775
2023-09-20,S002,P0002,80,97.38202
2023-09-20,S004,P0008,79,69.98173
2023-09-20,S005,P0015,163,127.271385
2023-09-20,S005,P0011,139,109.36955
2023-09-20,S003,P0010,95,101.7658
2023-09-20,S002,P0006,95,94.28541
2023-09-20,S005,P0012,111,98.71693
2023-09-20,S001,P0018,129,129.92468
2023-09-20,S002,P0001,86,107.95391
2023-09-20,S004,P0006,64,87.61605
2023-09-20,S002,P0016,89,83.90177
2023-09-20,S001,P0020,138,142.91524
2023-09-20,S004,P0013,72,82.93291
2023-09-20,S001,P0008,121,91.90941
2023-09-20,S002,P0009,87,95.3622
2023-09-20,S002,P0017,110,88.18922
2023-09-21,S001,P0005,125,128.69423
2023-09-21,S005,P0001,112,106.175575
2023-09-21,S004,P0014,107,106.8554
2023-09-21,S004,P0009,124,112.10142
2023-09-21,S004,P0017,114,116.7171
2023-09-21,S001,P0001,59,77.517136
2023-09-21,S003,P0004,169,135.05832
2023-09-21,S003,P0018,142,125.60067
2023-09-21,S002,P0006,108,101.3219
2023-09-21,S001,P0004,41,65.95719
2023-09-21,S001,P0018,46,99.277916
2023-09-21,S005,P0004,117,95.166145
2023-09-21,S005,P0011,42,65.676834
2023-09-21,S001,P0020,68,62.00633
2023-09-21,S002,P0003,90,111.228386
2023-09-21,S002,P0002,136,117.283745
2023-09-21,S001,P0016,64,96.11107
2023-09-21,S004,P0008,56,74.340546
2023-09-21,S005,P0015,44,91.67391
2023-09-21,S001,P0015,120,103.572945
2023-09-21,S004,P0015,34,50.37268
2023-09-21,S001,P0017,51,89.13833
2023-09-21,S004,P0002,17,62.42811
2023-09-21,S003,P0003,114,114.140465
2023-09-21,S005,P0012,57,61.40458
2023-09-21,S003,P0011,123,120.11721
2023-09-21,S005,P0009,68,91.02306
2023-09-21,S002,P0009,70,98.817764
2023-09-21,S001,P0011,41,57.523266
2023-09-21,S002,P0019,124,116.93472
2023-09-21,S004,P0012,23,75.414825
2023-09-21,S001,P0012,131,114.976135
2023-09-21,S001,P0006,80,79.328445
2023-09-21,S002,P0008,173,167.75348
2023-09-21,S002,P0012,155,99.57487
2023-09-21,S005,P0017,124,128.88521
2023-09-21,S002,P0005,109,127.68299
2023-09-21,S005,P0014,78,75.14695
2023-09-21,S001,P0014,65,66.96038
2023-09-21,S003,P0007,109,103.48029
2023-09-21,S001,P0002,105,102.63451
2023-09-21,S003,P0020,77,98.49226
2023-09-21,S002,P0014,136,128.35144
2023-09-21,S002,P0001,160,141.89746
2023-09-21,S001,P0019,62,58.88467
2023-09-21,S003,P0001,69,81.8947
2023-09-21,S004,P0006,138,119.858864
2023-09-21,S003,P0013,153,131.26122
2023-09-21,S005,P0005,133,124.99765
2023-09-21,S005,P0020,126,95.59811
2023-09-21,S003,P0012,76,76.88705
2023-09-21,S002,P0020,70,74.16919
2023-09-21,S003,P0015,114,126.586685
2023-09-21,S005,P0006,125,118.93901
2023-09-21,S004,P0001,173,137.67207
2023-09-21,S003,P0014,88,101.55751
2023-09-21,S003,P0019,98,104.67765
2023-09-21,S003,P0009,184,142.08566
2023-09-21,S002,P0004,153,114.337456
2023-09-21,S003,P0006,104,108.62048
2023-09-21,S002,P0017,113,127.43428
2023-09-21,S005,P0013,134,121.85297
2023-09-21,S005,P0003,67,83.30413
2023-09-21,S003,P0008,120,135.7957
2023-09-21,S002,P0013,93,100.11327
2023-09-21,S002,P0018,127,109.79321
2023-09-21,S001,P0010,81,93.678856
2023-09-21,S001,P0003,71,82.748276
2023-09-21,S005,P0008,194,148.15923
2023-09-21,S002,P0011,75,85.51155
2023-09-21,S004,P0010,220,160.71489
2023-09-21,S001,P0009,101,92.171585
2023-09-21,S005,P0002,77,80.39941
2023-09-21,S004,P0003,56,66.00744
2023-09-21,S004,P0005,158,134.72252
2023-09-21,S002,P0015,57,89.31984
2023-09-21,S005,P0010,168,135.59235
2023-09-21,S003,P0017,95,97.50549
2023-09-21,S003,P0005,198,146.1468
2023-09-21,S005,P0007,113,111.062904
2023-09-21,S004,P0019,109,105.74161
2023-09-21,S001,P0013,99,91.42964
2023-09-21,S004,P0016,90,83.91816
2023-09-21,S004,P0011,90,80.788025
2023-09-21,S003,P0016,95,103.71732
2023-09-21,S004,P0007,133,127.52154
2023-09-21,S004,P0013,71,85.58177
2023-09-21,S002,P0007,79,98.3476
2023-09-21,S005,P0018,94,76.223976
2023-09-21,S005,P0016,79,79.15929
2023-09-21,S004,P0004,173,139.78589
2023-09-21,S001,P0007,127,107.250595
2023-09-21,S003,P0002,160,134.87071
2023-09-21,S001,P0008,142,108.71787
2023-09-21,S003,P0010,201,153.51791
2023-09-21,S004,P0018,69,75.597115
2023-09-21,S004,P0020,88,88.07205
2023-09-21,S002,P0010,122,156.8084
2023-09-21,S002,P0016,115,110.92735
2023-09-21,S005,P0019,66,70.38017
2023-09-22,S002,P0009,77,88.530655
2023-09-22,S004,P0006,70,84.60347
2023-09-22,S001,P0010,83,79.186516
2023-09-22,S002,P0001,136,113.9116
2023-09-22,S002,P0014,76,81.52661
2023-09-22,S003,P0003,12,90.390785
2023-09-22,S004,P0019,87,109.258064
2023-09-22,S004,P0013,137,130.1507
2023-09-22,S001,P0008,103,103.52774
2023-09-22,S005,P0016,121,121.58828
2023-09-22,S003,P0020,81,119.744675
2023-09-22,S004,P0012,164,153.3374
2023-09-22,S002,P0010,104,104.110466
2023-09-22,S005,P0019,104,95.90823
2023-09-22,S002,P0008,122,133.84906
2023-09-22,S003,P0016,130,133.79634
2023-09-22,S004,P0007,105,124.712105
2023-09-22,S003,P0014,106,112.1241
2023-09-22,S003,P0005,140,138.8808
2023-09-22,S003,P0019,219,186.2002
2023-09-22,S002,P0013,177,153.10318
2023-09-22,S001,P0017,151,113.79342
2023-09-22,S003,P0011,177,171.45552
2023-09-22,S003,P0012,86,93.8583
2023-09-22,S005,P0002,101,91.95263
2023-09-22,S005,P0001,64,76.99395
2023-09-22,S002,P0016,62,106.16101
2023-09-22,S001,P0009,85,92.59765
2023-09-22,S002,P0007,86,85.80705
2023-09-22,S004,P0020,69,86.29131
2023-09-22,S001,P0002,89,93.35265
2023-09-22,S001,P0003,91,86.67705
2023-09-22,S002,P0017,111,91.456894
2023-09-22,S001,P0013,96,109.12014
2023-09-22,S001,P0001,84,89.470535
2023-09-22,S004,P0001,137,130.92322
2023-09-22,S004,P0017,173,148.31522
2023-09-22,S003,P0009,141,131.94249
2023-09-22,S005,P0013,92,107.5734
2023-09-22,S005,P0020,127,113.73544
2023-09-22,S005,P0003,68,81.505554
2023-09-22,S001,P0004,132,141.07465
2023-09-22,S003,P0004,167,165.70227
2023-09-22,S001,P0015,118,114.05694
2023-09-22,S005,P0009,108,102.61201
2023-09-22,S001,P0019,138,101.11579
2023-09-22,S002,P0019,80,103.60173
2023-09-22,S003,P0002,125,118.84134
2023-09-22,S001,P0018,120,122.576706
2023-09-22,S002,P0006,107,86.10696
2023-09-22,S001,P0007,132,107.633224
2023-09-22,S005,P0017,97,120.078476
2023-09-22,S005,P0012,121,105.94028
2023-09-22,S002,P0018,109,107.41074
2023-09-22,S003,P0001,124,115.32201
2023-09-22,S003,P0008,121,135.96582
2023-09-22,S005,P0005,108,109.181946
2023-09-22,S003,P0006,67,89.32051
2023-09-22,S003,P0013,127,154.69073
2023-09-22,S004,P0014,102,93.71184
2023-09-22,S005,P0014,58,61.093925
2023-09-22,S002,P0012,32,86.3992
2023-09-22,S002,P0020,91,93.57973
2023-09-22,S005,P0008,208,155.60207
2023-09-22,S002,P0003,72,93.025604
2023-09-22,S001,P0012,245,210.33615
2023-09-22,S004,P0009,106,102.79711
2023-09-22,S005,P0006,141,115.81338
2023-09-22,S001,P0016,134,131.32828
2023-09-22,S004,P0003,61,69.73128
2023-09-22,S002,P0005,226,179.15878
2023-09-22,S005,P0004,155,151.74411
2023-09-22,S001,P0006,130,106.87609
2023-09-22,S003,P0015,170,188.39809
2023-09-22,S002,P0011,78,97.86122
2023-09-22,S004,P0005,143,134.70955
2023-09-22,S001,P0011,64,82.48136
2023-09-22,S001,P0005,154,128.13579
2023-09-22,S001,P0020,86,78.893524
2023-09-22,S004,P0011,135,128.22737
2023-09-22,S003,P0007,141,118.18389
2023-09-22,S004,P0008,92,84.45904
2023-09-22,S002,P0015,87,94.649734
2023-09-22,S003,P0017,171,160.97238
2023-09-22,S004,P0002,101,106.910416
2023-09-22,S005,P0010,95,92.38876
2023-09-22,S004,P0018,53,82.62763
2023-09-22,S005,P0011,78,94.31143
2023-09-22,S004,P0010,189,124.38633
2023-09-22,S002,P0002,47,75.554085
2023-09-22,S005,P0015,134,134.64627
2023-09-22,S004,P0015,120,101.04583
2023-09-22,S002,P0004,104,146.36655
2023-09-22,S004,P0004,34,143.59885
2023-09-22,S005,P0007,51,88.751915
2023-09-22,S003,P0018,110,111.06348
2023-09-22,S005,P0018,153,124.56003
2023-09-22,S004,P0016,70,81.14548
2023-09-22,S001,P0014,128,108.97863
2023-09-22,S003,P0010,101,119.446945
2023-09-23,S005,P0019,54,77.557686
2023-09-23,S003,P0011,92,106.096794
2023-09-23,S004,P0006,155,154.45856
2023-09-23,S005,P0004,114,129.82646
2023-09-23,S002,P0006,125,114.900154
2023-09-23,S004,P0018,137,130.0604
2023-09-23,S003,P0015,138,164.5916
2023-09-23,S001,P0019,89,88.471954
2023-09-23,S004,P0008,64,67.829994
2023-09-23,S004,P0012,88,100.367226
2023-09-23,S002,P0012,101,86.831985
2023-09-23,S004,P0011,113,98.360695
2023-09-23,S002,P0005,138,141.02802
2023-09-23,S003,P0019,133,144.55391
2023-09-23,S003,P0018,147,127.22463
2023-09-23,S005,P0016,97,104.757805
2023-09-23,S002,P0013,82,93.990486
2023-09-23,S001,P0012,112,122.81821
2023-09-23,S005,P0014,56,61.016106
2023-09-23,S002,P0003,133,123.02251
2023-09-23,S001,P0001,88,98.32172
2023-09-23,S001,P0011,125,106.53094
2023-09-23,S005,P0008,201,140.4331
2023-09-23,S005,P0007,94,143.02968
2023-09-23,S001,P0007,175,167.1043
2023-09-23,S002,P0020,155,146.34006
2023-09-23,S002,P0002,95,91.433205
2023-09-23,S003,P0007,192,140.07898
2023-09-23,S004,P0020,107,102.01172
2023-09-23,S002,P0011,119,128.29726
2023-09-23,S001,P0008,87,103.379715
2023-09-23,S002,P0010,128,135.26532
2023-09-23,S005,P0013,108,123.69067
2023-09-23,S003,P0006,156,135.52295
2023-09-23,S005,P0015,146,143.17937
2023-09-23,S003,P0010,94,107.331825
2023-09-23,S003,P0009,104,121.250374
2023-09-23,S002,P0001,163,154.97945
2023-09-23,S003,P0014,80,79.00217
2023-09-23,S004,P0003,99,112.57392
2023-09-23,S004,P0010,129,132.49902
2023-09-23,S003,P0017,91,84.89922
2023-09-23,S004,P0002,206,161.43176
2023-09-23,S001,P0020,74,74.19706
2023-09-23,S001,P0003,173,139.7899
2023-09-23,S004,P0004,229,195.85701
2023-09-23,S001,P0010,104,102.820885
2023-09-23,S005,P0020,102,106.25042
2023-09-23,S004,P0014,113,115.51332
2023-09-23,S004,P0005,91,126.575325
2023-09-23,S003,P0004,203,171.49161
2023-09-23,S004,P0007,230,185.85307
2023-09-23,S002,P0008,108,114.01739
2023-09-23,S004,P0016,102,92.87953
2023-09-23,S001,P0018,133,149.55527
2023-09-23,S002,P0019,108,124.26421
2023-09-23,S002,P0016,112,95.90877
2023-09-23,S001,P0005,130,149.83118
2023-09-23,S005,P0010,149,125.923225
2023-09-23,S005,P0011,47,83.50062
2023-09-23,S005,P0006,75,140.2053
2023-09-23,S002,P0004,165,142.33156
2023-09-23,S001,P0006,130,150.81012
2023-09-23,S001,P0004,153,169.42554
2023-09-23,S001,P0009,75,128.07072
2023-09-23,S001,P0002,134,128.04489
2023-09-23,S002,P0018,113,118.81843
2023-09-23,S001,P0016,173,136.47926
2023-09-23,S003,P0016,108,100.72217
2023-09-23,S004,P0013,73,90.000374
2023-09-23,S002,P0015,97,109.91766
2023-09-23,S002,P0014,56,76.80851
2023-09-23,S005,P0017,117,127.80594
2023-09-23,S001,P0014,97,98.19116
2023-09-23,S005,P0003,143,139.58801
2023-09-23,S004,P0019,125,136.70825
2023-09-23,S001,P0015,191,143.17192
2023-09-23,S005,P0018,198,162.4341
2023-09-23,S005,P0012,90,85.00047
2023-09-23,S002,P0017,95,88.2356
2023-09-23,S004,P0015,118,102.694534
2023-09-23,S001,P0017,77,92.93165
2023-09-23,S003,P0001,108,103.9488
2023-09-23,S003,P0020,82,89.62006
2023-09-23,S003,P0012,84,75.64204
2023-09-23,S003,P0013,106,114.249626
2023-09-23,S005,P0002,114,110.61803
2023-09-23,S003,P0005,107,123.57001
2023-09-23,S005,P0009,181,190.13364
2023-09-23,S002,P0007,68,109.98954
2023-09-23,S005,P0001,89,95.51907
2023-09-23,S003,P0008,102,109.572395
2023-09-23,S004,P0017,132,115.98466
2023-09-23,S005,P0005,106,132.47705
2023-09-23,S003,P0002,72,97.52379
2023-09-23,S001,P0013,102,107.64583
2023-09-23,S004,P0001,89,103.17183
2023-09-23,S004,P0009,231,248.10136
2023-09-23,S002,P0009,96,121.73949
2023-09-23,S003,P0003,174,143.98085
2023-09-24,S005,P0005,89,105.89968
2023-09-24,S005,P0014,77,71.87391
2023-09-24,S005,P0010,61,82.50958
2023-09-24,S003,P0012,49,55.78085
2023-09-24,S003,P0003,40,84.53411
2023-09-24,S001,P0020,91,91.33715
2023-09-24,S004,P0020,53,71.653885
2023-09-24,S001,P0005,136,127.500854
2023-09-24,S004,P0003,40,50.201008
2023-09-24,S001,P0002,187,181.70723
2023-09-24,S005,P0001,120,108.37242
2023-09-24,S004,P0009,25,64.87106
2023-09-24,S002,P0009,151,130.70297
2023-09-24,S003,P0020,148,119.951706
2023-09-24,S001,P0019,50,54.345592
2023-09-24,S005,P0002,149,119.81908
2023-09-24,S001,P0004,56,77.928085
2023-09-24,S005,P0012,75,72.99146
2023-09-24,S004,P0017,63,88.67023
2023-09-24,S003,P0002,138,126.35245
2023-09-24,S005,P0009,53,73.02122
2023-09-24,S004,P0012,47,75.271935
2023-09-24,S004,P0006,93,97.82936
2023-09-24,S003,P0017,50,56.27367
2023-09-24,S001,P0009,137,103.932106
2023-09-24,S002,P0007,74,98.40407
2023-09-24,S005,P0020,154,121.74681
2023-09-24,S004,P0005,91,102.95207
2023-09-24,S003,P0019,182,129.38026
2023-09-24,S005,P0019,94,82.59128
2023-09-24,S002,P0016,187,156.88144
2023-09-24,S002,P0008,124,127.78275
2023-09-24,S002,P0006,53,90.25615
2023-09-24,S004,P0010,96,110.85083
2023-09-24,S001,P0001,120,112.20155
2023-09-24,S002,P0014,83,88.760826
2023-09-24,S003,P0009,124,99.01012
2023-09-24,S002,P0001,226,197.94698
2023-09-24,S002,P0018,118,130.47661
2023-09-24,S001,P0013,101,109.08637
2023-09-24,S003,P0010,99,101.29603
2023-09-24,S005,P0016,141,117.73607
2023-09-24,S002,P0017,109,98.511024
2023-09-24,S003,P0005,109,109.54995
2023-09-24,S005,P0003,67,83.675575
2023-09-24,S002,P0019,57,99.635025
2023-09-24,S001,P0015,65,71.92548
2023-09-24,S001,P0018,136,139.63899
2023-09-24,S002,P0013,142,144.53236
2023-09-24,S004,P0011,106,92.10288
2023-09-24,S003,P0013,181,165.84016
2023-09-24,S002,P0005,126,138.46469
2023-09-24,S001,P0010,79,70.75266
2023-09-24,S004,P0014,64,62.80083
2023-09-24,S003,P0008,68,83.60538
2023-09-24,S005,P0017,79,98.77353
2023-09-24,S001,P0014,117,111.53263
2023-09-24,S002,P0012,114,100.48455
2023-09-24,S005,P0015,94,94.59602
2023-09-24,S003,P0001,82,91.4004
2023-09-24,S002,P0002,129,136.8303
2023-09-24,S005,P0011,46,74.36746
2023-09-24,S003,P0016,138,129.44214
2023-09-24,S004,P0002,203,157.81079
2023-09-24,S004,P0016,83,78.36977
2023-09-24,S005,P0004,133,124.14077
2023-09-24,S001,P0011,71,70.463295
2023-09-24,S005,P0007,68,99.601166
2023-09-24,S003,P0018,76,89.56953
2023-09-24,S005,P0018,47,81.00887
2023-09-24,S003,P0007,76,82.266846
2023-09-24,S004,P0015,77,74.695274
2023-09-24,S003,P0004,101,105.710434
2023-09-24,S004,P0013,137,124.867096
2023-09-24,S001,P0008,106,86.28196
2023-09-24,S002,P0020,122,126.696175
2023-09-24,S004,P0007,109,117.571144
2023-09-24,S002,P0010,135,135.8123
2023-09-24,S001,P0012,120,108.71305
2023-09-24,S001,P0006,62,81.36171
2023-09-24,S002,P0003,107,117.71247
2023-09-24,S001,P0017,112,91.97683
2023-09-24,S004,P0019,149,100.254036
2023-09-24,S004,P0008,35,42.904522
2023-09-24,S003,P0011,86,94.10761
2023-09-24,S002,P0011,136,137.83562
2023-09-24,S003,P0006,46,72.18594
2023-09-24,S002,P0004,143,119.140816
2023-09-24,S001,P0016,102,132.02193
2023-09-24,S004,P0018,139,125.68574
2023-09-24,S004,P0001,177,153.25644
2023-09-24,S005,P0006,118,105.29175
2023-09-24,S003,P0015,76,98.7028
2023-09-24,S005,P0008,98,102.8114
2023-09-24,S001,P0007,103,97.09648
2023-09-24,S002,P0015,84,97.77745
2023-09-24,S001,P0003,110,91.52409
2023-09-24,S005,P0013,106,131.72041
2023-09-24,S003,P0014,159,134.90337
2023-09-24,S004,P0004,96,98.23686
2023-09-25,S001,P0003,96,88.52819
2023-09-25,S002,P0006,109,120.23112
2023-09-25,S004,P0016,78,74.86569
2023-09-25,S001,P0014,64,66.82874
2023-09-25,S003,P0003,86,101.206635
2023-09-25,S002,P0014,91,106.38887
2023-09-25,S002,P0012,112,111.54996
2023-09-25,S004,P0012,94,121.15833
2023-09-25,S004,P0002,106,108.599754
2023-09-25,S002,P0008,220,162.1551
2023-09-25,S004,P0007,60,114.57031
2023-09-25,S005,P0017,126,126.17083
2023-09-25,S001,P0008,133,105.823685
2023-09-25,S004,P0003,67,73.17177
2023-09-25,S003,P0014,129,132.56978
2023-09-25,S002,P0010,159,160.84851
2023-09-25,S004,P0020,116,116.41714
2023-09-25,S003,P0009,106,109.51402
2023-09-25,S004,P0013,95,100.46612
2023-09-25,S001,P0010,111,96.37523
2023-09-25,S005,P0005,74,98.79332
2023-09-25,S001,P0019,65,58.88482
2023-09-25,S005,P0011,95,90.3356
2023-09-25,S005,P0018,116,109.85361
2023-09-25,S002,P0002,150,124.93056
2023-09-25,S001,P0015,98,87.509674
2023-09-25,S005,P0014,81,76.25036
2023-09-25,S002,P0001,113,122.915886
2023-09-25,S004,P0015,77,74.550766
2023-09-25,S002,P0020,31,83.32564
2023-09-25,S003,P0018,91,97.10274
2023-09-25,S001,P0001,135,96.158875
2023-09-25,S005,P0020,77,107.34224
2023-09-25,S004,P0008,51,70.615585
2023-09-25,S003,P0007,132,118.31178
2023-09-25,S003,P0016,119,113.8668
2023-09-25,S005,P0004,99,66.916565
2023-09-25,S001,P0011,99,85.29179
2023-09-25,S005,P0007,52,89.77236
2023-09-25,S001,P0018,90,100.14762
2023-09-25,S003,P0001,63,88.70371
2023-09-25,S003,P0012,54,68.75719
2023-09-25,S003,P0005,144,141.83176
2023-09-25,S005,P0015,170,113.36297
2023-09-25,S003,P0013,145,129.66199
2023-09-25,S001,P0005,126,123.35355
2023-09-25,S001,P0020,59,64.97836
2023-09-25,S004,P0014,74,76.95535
2023-09-25,S003,P0011,141,132.52649
2023-09-25,S004,P0019,64,84.803825
2023-09-25,S005,P0003,83,89.28356
2023-09-25,S005,P0019,119,103.7078
2023-09-25,S003,P0017,56,87.39157
2023-09-25,S004,P0017,113,124.19609
2023-09-25,S005,P0016,116,96.30253
2023-09-25,S003,P0002,169,148.80928
2023-09-25,S003,P0019,160,151.08179
2023-09-25,S002,P0005,180,180.89883
2023-09-25,S005,P0012,74,82.842094
2023-09-25,S002,P0007,118,106.15072
2023-09-25,S001,P0012,156,171.68909
2023-09-25,S001,P0016,124,103.34895
2023-09-25,S004,P0011,134,108.49901
2023-09-25,S001,P0002,40,80.76295
2023-09-25,S003,P0004,90,110.21315
2023-09-25,S001,P0004,77,82.13203
2023-09-25,S002,P0019,141,127.927124
2023-09-25,S002,P0013,127,130.99327
2023-09-25,S001,P0006,124,120.89187
2023-09-25,S005,P0001,84,88.74842
2023-09-25,S003,P0020,102,126.07579
2023-09-25,S002,P0009,109,123.85263
2023-09-25,S005,P0009,75,79.69683
2023-09-25,S005,P0002,91,90.47359
2023-09-25,S001,P0013,61,82.84245
2023-09-25,S002,P0003,165,148.22388
2023-09-25,S005,P0010,96,90.47004
2023-09-25,S004,P0006,140,124.13713
2023-09-25,S001,P0017,116,113.386475
2023-09-25,S002,P0017,57,93.20124
2023-09-25,S005,P0013,152,125.68307
2023-09-25,S003,P0010,174,118.656166
2023-09-25,S002,P0016,86,101.40069
2023-09-25,S004,P0010,124,121.64465
2023-09-25,S002,P0011,94,95.61175
2023-09-25,S003,P0008,135,146.1436
2023-09-25,S003,P0006,141,144.3946
2023-09-25,S002,P0004,182,119.76426
2023-09-25,S004,P0009,49,77.05606
2023-09-25,S004,P0004,165,133.75783
2023-09-25,S004,P0018,67,77.63073
2023-09-25,S004,P0001,153,138.23203
2023-09-25,S002,P0015,80,92.416245
2023-09-25,S005,P0006,122,125.15453
2023-09-25,S001,P0009,178,131.51248
2023-09-25,S003,P0015,102,114.3868
2023-09-25,S005,P0008,64,124.09864
2023-09-25,S004,P0005,149,133.97368
2023-09-25,S001,P0007,69,88.268524
2023-09-25,S002,P0018,113,107.78265
2023-09-26,S003,P0018,57,64.28351
2023-09-26,S001,P0016,110,111.58566
2023-09-26,S002,P0005,132,124.50066
2023-09-26,S003,P0004,100,103.298485
2023-09-26,S002,P0020,119,106.62754
2023-09-26,S005,P0019,74,80.52215
2023-09-26,S002,P0001,94,111.41715
2023-09-26,S001,P0011,94,92.60794
2023-09-26,S001,P0012,107,108.70181
2023-09-26,S003,P0019,85,83.6014
2023-09-26,S001,P0019,73,65.473526
2023-09-26,S005,P0018,93,98.12661
2023-09-26,S003,P0002,90,89.8662
2023-09-26,S001,P0014,100,110.801704
2023-09-26,S005,P0016,110,98.52756
2023-09-26,S005,P0009,81,96.93709
2023-09-26,S002,P0007,128,104.93203
2023-09-26,S003,P0017,91,83.86562
2023-09-26,S002,P0014,121,123.69117
2023-09-26,S004,P0017,127,121.42672
2023-09-26,S002,P0003,102,107.13662
2023-09-26,S001,P0002,119,115.866035
2023-09-26,S004,P0008,57,51.410297
2023-09-26,S001,P0017,144,131.7852
2023-09-26,S005,P0014,84,89.21551
2023-09-26,S003,P0012,62,58.206432
2023-09-26,S002,P0009,117,111.674805
2023-09-26,S004,P0012,115,113.98399
2023-09-26,S002,P0017,95,104.82697
2023-09-26,S003,P0020,90,90.846596
2023-09-26,S005,P0002,112,96.80271
2023-09-26,S005,P0003,99,96.27043
2023-09-26,S003,P0016,74,83.785225
2023-09-26,S001,P0004,72,84.83138
2023-09-26,S005,P0001,114,111.429825
2023-09-26,S001,P0006,85,116.946754
2023-09-26,S003,P0005,78,83.17628
2023-09-26,S005,P0017,147,142.98798
2023-09-26,S004,P0009,68,79.36389
2023-09-26,S003,P0013,83,118.88506
2023-09-26,S002,P0016,57,91.20947
2023-09-26,S005,P0005,123,113.36614
2023-09-26,S004,P0015,88,75.94285
2023-09-26,S002,P0011,97,106.328224
2023-09-26,S005,P0012,89,80.07865
2023-09-26,S001,P0018,140,125.44135
2023-09-26,S002,P0013,88,113.69817
2023-09-26,S002,P0019,54,89.945564
2023-09-26,S004,P0006,100,104.72076
2023-09-26,S003,P0001,105,92.56755
2023-09-26,S004,P0014,106,108.402176
2023-09-26,S004,P0003,58,66.67908
2023-09-26,S001,P0013,174,134.86293
2023-09-26,S004,P0013,128,123.117714
2023-09-26,S005,P0007,55,96.53008
2023-09-26,S003,P0006,162,127.77713
2023-09-26,S001,P0008,57,71.71033
2023-09-26,S005,P0015,126,107.68614
2023-09-26,S003,P0011,82,86.915474
2023-09-26,S002,P0018,114,104.311646
2023-09-26,S004,P0020,62,64.199425
2023-09-26,S004,P0010,96,107.98635
2023-09-26,S003,P0008,102,95.45352
2023-09-26,S005,P0020,108,100.68372
2023-09-26,S001,P0005,103,105.977196
2023-09-26,S004,P0011,90,77.92464
2023-09-26,S003,P0009,150,110.41189
2023-09-26,S001,P0020,97,82.380646
2023-09-26,S002,P0004,62,107.68086
2023-09-26,S002,P0010,119,116.35352
2023-09-26,S001,P0015,131,105.18943
2023-09-26,S004,P0007,112,115.04584
2023-09-26,S003,P0007,74,74.19246
2023-09-26,S001,P0010,58,71.56576
2023-09-26,S005,P0006,88,128.95294
2023-09-26,S002,P0012,113,88.99741
2023-09-26,S004,P0005,150,103.617905
2023-09-26,S002,P0015,58,75.389946
2023-09-26,S005,P0011,73,89.376
2023-09-26,S004,P0001,94,88.891556
2023-09-26,S002,P0002,114,103.57334
2023-09-26,S003,P0010,88,101.098274
2023-09-26,S003,P0003,104,94.796234
2023-09-26,S005,P0004,150,120.20339
2023-09-26,S001,P0003,146,109.823524
2023-09-26,S004,P0004,47,101.473366
2023-09-26,S002,P0008,133,118.744934
2023-09-26,S004,P0019,46,61.305367
2023-09-26,S005,P0013,226,196.6957
2023-09-26,S004,P0018,19,49.734673
2023-09-26,S003,P0014,176,168.5995
2023-09-26,S002,P0006,182,154.05107
2023-09-26,S001,P0001,91,92.241135
2023-09-26,S005,P0010,99,99.90604
2023-09-26,S004,P0002,87,89.634094
2023-09-26,S004,P0016,56,57.776802
2023-09-26,S005,P0008,97,113.73316
2023-09-26,S003,P0015,117,113.72443
2023-09-26,S001,P0009,138,110.975624
2023-09-26,S001,P0007,108,108.00661
2023-09-27,S003,P0010,75,101.92366
2023-09-27,S002,P0013,86,85.4516
2023-09-27,S003,P0009,114,100.44141
2023-09-27,S003,P0019,90,93.912636
2023-09-27,S004,P0016,62,74.254654
2023-09-27,S001,P0015,118,121.9841
2023-09-27,S003,P0001,62,65.67133
2023-09-27,S002,P0002,150,124.42231
2023-09-27,S001,P0011,103,93.01937
2023-09-27,S004,P0004,115,103.64906
2023-09-27,S001,P0010,84,83.1002
2023-09-27,S001,P0013,129,106.98566
2023-09-27,S004,P0020,32,51.971947
2023-09-27,S001,P0004,107,104.25441
2023-09-27,S005,P0001,76,84.96376
2023-09-27,S005,P0013,209,185.72488
2023-09-27,S003,P0018,74,72.20948
2023-09-27,S004,P0015,89,85.19745
2023-09-27,S002,P0009,59,81.10558
2023-09-27,S001,P0006,134,133.04253
2023-09-27,S003,P0015,123,150.08434
2023-09-27,S001,P0020,52,60.853436
2023-09-27,S002,P0018,87,91.845276
2023-09-27,S003,P0008,143,137.24959
2023-09-27,S002,P0020,86,82.63267
2023-09-27,S002,P0016,118,113.899345
2023-09-27,S003,P0005,101,111.48146
2023-09-27,S005,P0010,86,98.55369
2023-09-27,S003,P0011,83,89.79128
2023-09-27,S004,P0003,79,76.77093
2023-09-27,S005,P0003,123,104.11626
2023-09-27,S002,P0001,86,102.99305
2023-09-27,S001,P0002,124,133.49321
2023-09-27,S001,P0019,29,54.005806
2023-09-27,S004,P0009,85,87.86703
2023-09-27,S002,P0006,85,101.19873
2023-09-27,S003,P0017,57,57.03559
2023-09-27,S001,P0016,161,140.95471
2023-09-27,S005,P0017,74,106.32417
2023-09-27,S005,P0011,94,90.98225
2023-09-27,S001,P0005,176,154.41592
2023-09-27,S002,P0005,106,118.08175
2023-09-27,S004,P0005,99,111.60289
2023-09-27,S002,P0015,104,101.52589
2023-09-27,S003,P0007,83,88.84251
2023-09-27,S004,P0006,170,135.92076
2023-09-27,S004,P0014,97,89.72449
2023-09-27,S001,P0012,113,113.12956
2023-09-27,S004,P0019,136,105.69095
2023-09-27,S005,P0008,220,169.28825
2023-09-27,S004,P0007,116,116.617905
2023-09-27,S005,P0002,166,120.74558
2023-09-27,S005,P0016,131,124.876785
2023-09-27,S005,P0009,145,133.41687
2023-09-27,S005,P0005,133,130.7532
2023-09-27,S003,P0014,205,187.75732
2023-09-27,S004,P0012,70,84.75885
2023-09-27,S002,P0008,147,139.1565
2023-09-27,S003,P0003,94,91.775276
2023-09-27,S005,P0012,65,68.532845
2023-09-27,S005,P0006,252,181.67712
2023-09-27,S004,P0013,47,76.42894
2023-09-27,S004,P0011,115,95.212906
2023-09-27,S005,P0020,108,98.246605
2023-09-27,S005,P0007,140,120.50217
2023-09-27,S003,P0012,74,64.31444
2023-09-27,S004,P0010,99,109.97024
2023-09-27,S002,P0003,119,112.40882
2023-09-27,S003,P0004,145,111.22312
2023-09-27,S001,P0001,97,97.8659
2023-09-27,S002,P0004,76,100.547325
2023-09-27,S001,P0008,91,115.34214
2023-09-27,S004,P0008,48,52.767338
2023-09-27,S002,P0019,73,81.62742
2023-09-27,S002,P0010,84,101.26122
2023-09-27,S002,P0017,120,90.367325
2023-09-27,S004,P0002,172,143.91951
2023-09-27,S003,P0016,116,115.409706
2023-09-27,S005,P0019,88,91.3336
2023-09-27,S002,P0012,108,83.11585
2023-09-27,S001,P0007,120,113.102356
2023-09-27,S003,P0006,154,129.0173
2023-09-27,S001,P0003,87,90.73528
2023-09-27,S002,P0014,116,109.34885
2023-09-27,S001,P0014,121,127.3617
2023-09-27,S004,P0017,65,86.94402
2023-09-27,S005,P0015,226,152.23608
2023-09-27,S004,P0018,63,64.79024
2023-09-27,S001,P0017,108,95.91077
2023-09-27,S001,P0018,103,108.025604
2023-09-27,S002,P0007,53,78.86464
2023-09-27,S002,P0011,89,76.45119
2023-09-27,S004,P0001,79,81.14861
2023-09-27,S003,P0013,89,104.18166
2023-09-27,S003,P0020,94,85.82357
2023-09-27,S005,P0018,126,108.9408
2023-09-27,S001,P0009,74,98.6532
2023-09-27,S003,P0002,140,131.07495
2023-09-27,S005,P0014,103,102.98248
2023-09-27,S005,P0004,84,95.24428
2023-09-28,S002,P0010,150,135.26677
2023-09-28,S002,P0009,84,96.11133
2023-09-28,S003,P0009,74,74.6665
2023-09-28,S004,P0001,73,107.53037
2023-09-28,S002,P0013,126,111.11012
2023-09-28,S004,P0007,168,175.11516
2023-09-28,S004,P0013,91,103.54548
2023-09-28,S005,P0004,166,154.80576
2023-09-28,S001,P0010,85,90.667046
2023-09-28,S003,P0013,78,105.59641
2023-09-28,S002,P0001,170,144.8816
2023-09-28,S003,P0014,119,120.76891
2023-09-28,S001,P0016,85,135.85948
2023-09-28,S001,P0013,67,93.31269
2023-09-28,S001,P0019,108,95.5934
2023-09-28,S003,P0004,62,109.318794
2023-09-28,S001,P0007,88,120.750534
2023-09-28,S001,P0004,135,143.88164
2023-09-28,S001,P0006,74,114.947876
2023-09-28,S004,P0009,71,80.802284
2023-09-28,S005,P0006,127,139.74545
2023-09-28,S001,P0002,89,94.361855
2023-09-28,S004,P0002,83,100.45163
2023-09-28,S005,P0015,205,153.0977
2023-09-28,S003,P0016,135,137.82893
2023-09-28,S004,P0019,81,112.38339
2023-09-28,S005,P0011,121,104.07065
2023-09-28,S003,P0006,96,113.24256
2023-09-28,S005,P0020,95,97.1339
2023-09-28,S005,P0018,63,90.76342
2023-09-28,S002,P0011,76,84.622025
2023-09-28,S001,P0011,93,83.97094
2023-09-28,S004,P0004,187,177.23033
2023-09-28,S001,P0014,127,132.0266
2023-09-28,S002,P0003,70,85.11044
2023-09-28,S001,P0018,235,192.30743
2023-09-28,S005,P0002,126,102.33172
2023-09-28,S002,P0005,95,92.56868
2023-09-28,S003,P0001,121,116.25597
2023-09-28,S002,P0002,100,96.72274
2023-09-28,S003,P0015,118,139.27992
2023-09-28,S003,P0008,88,96.7546
2023-09-28,S003,P0003,91,93.14377
2023-09-28,S003,P0017,84,75.877594
2023-09-28,S001,P0003,133,114.440025
2023-09-28,S002,P0008,99,109.76758
2023-09-28,S005,P0012,101,98.04357
2023-09-28,S002,P0006,122,115.251366
2023-09-28,S004,P0014,131,130.47765
2023-09-28,S001,P0005,90,98.295135
2023-09-28,S005,P0013,103,121.57806
2023-09-28,S003,P0011,134,125.14081
2023-09-28,S003,P0007,82,106.59242
2023-09-28,S004,P0011,144,118.30579
2023-09-28,S001,P0020,84,74.41666
2023-09-28,S001,P0001,47,113.110535
2023-09-28,S001,P0015,101,106.56509
2023-09-28,S002,P0014,166,142.38054
2023-09-28,S003,P0018,117,104.21615
2023-09-28,S005,P0009,70,93.60143
2023-09-28,S002,P0018,83,102.529175
2023-09-28,S004,P0016,103,93.118866
2023-09-28,S002,P0016,54,101.926506
2023-09-28,S001,P0008,111,89.514694
2023-09-28,S002,P0004,150,130.01472
2023-09-28,S005,P0010,134,116.53333
2023-09-28,S001,P0017,90,91.73742
2023-09-28,S003,P0020,42,74.38134
2023-09-28,S001,P0009,170,118.10274
2023-09-28,S002,P0017,68,71.501854
2023-09-28,S005,P0001,146,137.8164
2023-09-28,S002,P0015,153,128.52115
2023-09-28,S005,P0008,104,110.74861
2023-09-28,S004,P0012,192,178.58356
2023-09-28,S005,P0007,159,149.63887
2023-09-28,S004,P0006,92,147.70584
2023-09-28,S004,P0003,77,86.74579
2023-09-28,S004,P0017,88,105.229454
2023-09-28,S001,P0012,109,133.82231
2023-09-28,S004,P0010,158,134.85585
2023-09-28,S004,P0008,49,63.40056
2023-09-28,S004,P0005,86,116.69372
2023-09-28,S003,P0010,141,108.773705
2023-09-28,S003,P0012,92,86.0262
2023-09-28,S004,P0020,108,101.270966
2023-09-28,S002,P0019,112,117.574875
2023-09-28,S004,P0015,123,117.54766
2023-09-28,S003,P0005,70,81.304985
2023-09-28,S002,P0012,110,97.59057
2023-09-28,S005,P0019,115,109.50462
2023-09-28,S005,P0005,131,115.64016
2023-09-28,S005,P0016,130,134.02734
2023-09-28,S005,P0014,93,95.96916
2023-09-28,S003,P0002,158,132.91685
2023-09-28,S003,P0019,127,110.765015
2023-09-28,S002,P0020,66,65.510796
2023-09-28,S005,P0017,130,114.55276
2023-09-28,S004,P0018,81,101.694725
2023-09-28,S005,P0003,79,89.84506
2023-09-28,S002,P0007,78,107.3856
2023-09-29,S004,P0006,116,108.443115
2023-09-29,S004,P0010,110,117.916214
2023-09-29,S002,P0001,110,114.188446
2023-09-29,S001,P0016,116,124.11967
2023-09-29,S004,P0016,57,63.9153
2023-09-29,S002,P0014,61,74.39212
2023-09-29,S002,P0016,123,104.20903
2023-09-29,S004,P0005,119,104.543655
2023-09-29,S005,P0015,207,129.8094
2023-09-29,S003,P0010,74,100.79711
2023-09-29,S002,P0007,57,86.29434
2023-09-29,S002,P0019,56,83.78848
2023-09-29,S002,P0005,96,99.52401
2023-09-29,S004,P0020,101,88.77093
2023-09-29,S003,P0016,90,87.625595
2023-09-29,S001,P0014,80,76.31734
2023-09-29,S002,P0008,162,116.08559
2023-09-29,S005,P0016,120,114.4916
2023-09-29,S005,P0018,105,106.3073
2023-09-29,S002,P0009,136,114.70654
2023-09-29,S004,P0019,62,76.28967
2023-09-29,S005,P0011,147,113.19229
2023-09-29,S005,P0008,31,109.08171
2023-09-29,S005,P0017,124,117.455666
2023-09-29,S004,P0001,176,134.28851
2023-09-29,S002,P0020,83,83.62337
2023-09-29,S001,P0004,99,107.18329
2023-09-29,S001,P0006,111,119.18814
2023-09-29,S002,P0015,33,73.82298
2023-09-29,S005,P0003,119,107.94155
2023-09-29,S004,P0003,69,69.73554
2023-09-29,S004,P0012,76,93.50282
2023-09-29,S001,P0001,107,106.19948
2023-09-29,S003,P0017,90,71.659546
2023-09-29,S001,P0020,61,66.87459
2023-09-29,S002,P0018,73,91.44974
2023-09-29,S004,P0013,95,102.3455
2023-09-29,S001,P0015,110,104.240166
2023-09-29,S004,P0009,101,107.85167
2023-09-29,S001,P0002,151,135.23824
2023-09-29,S004,P0007,111,124.937675
2023-09-29,S003,P0008,103,96.110794
2023-09-29,S001,P0009,91,111.03999
2023-09-29,S005,P0006,164,151.01685
2023-09-29,S005,P0014,139,123.37413
2023-09-29,S005,P0010,132,121.87363
2023-09-29,S002,P0004,153,107.32785
2023-09-29,S003,P0013,111,108.813866
2023-09-29,S005,P0020,74,100.82133
2023-09-29,S003,P0003,137,106.51079
2023-09-29,S001,P0012,171,146.86313
2023-09-29,S001,P0003,91,103.88621
2023-09-29,S001,P0005,168,141.70432
2023-09-29,S001,P0008,66,99.64935
2023-09-29,S005,P0013,173,149.50037
2023-09-29,S005,P0005,138,123.36438
2023-09-29,S002,P0010,102,107.21923
2023-09-29,S004,P0002,87,96.01947
2023-09-29,S004,P0011,38,65.220566
2023-09-29,S002,P0012,74,81.03715
2023-09-29,S002,P0003,135,127.901924
2023-09-29,S001,P0017,161,113.95877
2023-09-29,S005,P0012,132,112.04447
2023-09-29,S004,P0014,84,80.638954
2023-09-29,S003,P0019,65,75.4863
2023-09-29,S003,P0007,71,85.206505
2023-09-29,S004,P0018,47,65.28064
2023-09-29,S001,P0019,73,67.403465
2023-09-29,S003,P0009,156,121.6286
2023-09-29,S002,P0002,153,112.17555
2023-09-29,S005,P0007,125,123.60092
2023-09-29,S002,P0013,142,119.50761
2023-09-29,S003,P0018,39,52.95697
2023-09-29,S003,P0004,104,107.7164
2023-09-29,S001,P0018,175,149.9205
2023-09-29,S003,P0001,46,63.18528
2023-09-29,S003,P0020,28,70.47956
2023-09-29,S003,P0015,86,97.08151
2023-09-29,S004,P0008,61,63.4638
2023-09-29,S001,P0007,157,126.95251
2023-09-29,S001,P0013,115,109.695244
2023-09-29,S003,P0012,42,45.451656
2023-09-29,S003,P0014,74,78.79843
2023-09-29,S005,P0002,96,108.95033
2023-09-29,S003,P0011,88,93.706985
2023-09-29,S001,P0010,77,78.02748
2023-09-29,S004,P0015,83,83.21679
2023-09-29,S003,P0005,83,78.77602
2023-09-29,S003,P0006,83,91.81898
2023-09-29,S005,P0019,83,85.94427
2023-09-29,S005,P0004,178,143.17311
2023-09-29,S004,P0017,82,93.253265
2023-09-29,S002,P0006,86,92.95642
2023-09-29,S002,P0011,101,102.86055
2023-09-29,S003,P0002,60,103.17413
2023-09-29,S005,P0009,104,122.29492
2023-09-29,S004,P0004,151,125.46538
2023-09-29,S001,P0011,88,92.998474
2023-09-29,S005,P0001,169,143.74786
2023-09-29,S002,P0017,116,91.977196
2023-09-30,S005,P0017,94,100.61712
2023-09-30,S004,P0012,125,112.71054
2023-09-30,S003,P0008,72,104.65979
2023-09-30,S003,P0007,184,135.06226
2023-09-30,S001,P0001,92,87.09698
2023-09-30,S004,P0011,117,86.30686
2023-09-30,S001,P0015,66,66.004944
2023-09-30,S003,P0001,81,93.3739
2023-09-30,S001,P0020,75,64.183716
2023-09-30,S005,P0007,99,104.53047
2023-09-30,S004,P0015,82,75.86492
2023-09-30,S003,P0017,111,98.726845
2023-09-30,S004,P0018,83,81.14395
2023-09-30,S004,P0003,69,72.08372
2023-09-30,S005,P0016,102,96.655716
2023-09-30,S003,P0019,173,144.51721
2023-09-30,S005,P0003,103,97.52994
2023-09-30,S002,P0020,62,68.998634
2023-09-30,S001,P0018,55,86.865616
2023-09-30,S004,P0014,65,59.525547
2023-09-30,S005,P0005,53,73.219475
2023-09-30,S002,P0015,85,82.99899
2023-09-30,S002,P0002,77,85.871864
2023-09-30,S002,P0012,108,82.77317
2023-09-30,S005,P0009,94,108.4805
2023-09-30,S002,P0018,76,87.168976
2023-09-30,S002,P0007,103,95.041336
2023-09-30,S005,P0001,79,83.874176
2023-09-30,S004,P0002,104,97.561295
2023-09-30,S003,P0018,94,93.322914
2023-09-30,S001,P0009,83,95.66182
2023-09-30,S003,P0010,108,117.95207
2023-09-30,S003,P0012,67,70.68748
2023-09-30,S004,P0005,95,92.600525
2023-09-30,S002,P0017,102,80.61662
2023-09-30,S004,P0008,49,50.076023
2023-09-30,S002,P0001,102,101.710075
2023-09-30,S003,P0002,122,117.67663
2023-09-30,S004,P0010,172,119.06443
2023-09-30,S001,P0012,106,102.80548
2023-09-30,S001,P0019,67,59.635544
2023-09-30,S004,P0020,103,83.39688
2023-09-30,S002,P0009,120,103.31559
2023-09-30,S005,P0008,50,84.14831
2023-09-30,S004,P0017,46,81.28376
2023-09-30,S001,P0016,98,96.03
2023-09-30,S002,P0014,112,106.094025
2023-09-30,S002,P0019,106,93.72367
2023-09-30,S003,P0004,156,124.230896
2023-09-30,S005,P0019,46,53.533382
2023-09-30,S002,P0004,101,101.59299
2023-09-30,S002,P0003,78,89.077774
2023-09-30,S005,P0004,77,82.467255
2023-09-30,S002,P0011,124,128.1574
2023-09-30,S003,P0014,80,86.95378
2023-09-30,S001,P0003,110,90.11528
2023-09-30,S004,P0007,137,119.26258
2023-09-30,S001,P0013,46,82.30526
2023-09-30,S005,P0010,63,82.339874
2023-09-30,S002,P0010,118,126.62961
2023-09-30,S001,P0017,56,75.30096
2023-09-30,S001,P0010,82,77.63726
2023-09-30,S004,P0001,97,85.92368
2023-09-30,S001,P0008,102,87.80944
2023-09-30,S003,P0013,133,127.30325
2023-09-30,S004,P0006,119,99.19062
2023-09-30,S002,P0016,81,87.731834
2023-09-30,S001,P0006,100,92.73748
2023-09-30,S004,P0016,56,57.105938
2023-09-30,S003,P0011,84,101.16589
2023-09-30,S001,P0007,116,103.50092
2023-09-30,S002,P0013,51,65.74865
2023-09-30,S002,P0008,107,111.20587
2023-09-30,S005,P0018,34,59.77433
2023-09-30,S005,P0006,58,81.59842
2023-09-30,S001,P0004,89,89.60202
2023-09-30,S002,P0006,50,74.031395
2023-09-30,S003,P0020,161,101.91804
2023-09-30,S005,P0014,57,57.161907
2023-09-30,S003,P0005,69,88.594
2023-09-30,S003,P0009,113,119.80232
2023-09-30,S005,P0020,71,83.16905
2023-09-30,S003,P0016,89,99.993
2023-09-30,S001,P0014,146,124.2923
2023-09-30,S001,P0005,56,81.05854
2023-09-30,S003,P0003,175,135.01436
2023-09-30,S005,P0011,91,84.51541
2023-09-30,S004,P0009,69,71.830154
2023-09-30,S005,P0013,96,106.319405
2023-09-30,S003,P0006,108,118.749855
2023-09-30,S005,P0012,38,49.41218
2023-09-30,S003,P0015,97,112.9315
2023-09-30,S002,P0005,35,80.51741
2023-09-30,S005,P0015,82,95.52936
2023-09-30,S001,P0011,95,88.180084
2023-09-30,S004,P0019,51,69.82777
2023-09-30,S004,P0004,79,95.82227
2023-09-30,S005,P0002,64,80.7872
2023-09-30,S001,P0002,50,84.47201
2023-09-30,S004,P0013,107,98.05319
2023-10-01,S005,P0001,125,126.84585
2023-10-01,S001,P0011,55,76.62307
2023-10-01,S003,P0015,152,170.256
2023-10-01,S003,P0003,146,119.354675
2023-10-01,S004,P0016,124,109.011375
2023-10-01,S005,P0020,92,88.02973
2023-10-01,S004,P0006,116,126.98964
2023-10-01,S003,P0011,146,159.75203
2023-10-01,S001,P0003,88,83.9679
2023-10-01,S004,P0004,59,121.47277
2023-10-01,S002,P0009,54,70.646706
2023-10-01,S001,P0014,91,82.9916
2023-10-01,S005,P0018,63,71.24122
2023-10-01,S001,P0006,111,101.19117
2023-10-01,S002,P0011,131,150.5151
2023-10-01,S002,P0006,20,73.57259
2023-10-01,S003,P0006,104,106.411446
2023-10-01,S001,P0007,196,146.3886
2023-10-01,S001,P0004,89,84.04777
2023-10-01,S003,P0013,140,131.37973
2023-10-01,S002,P0016,77,84.0346
2023-10-01,S001,P0009,92,96.48255
2023-10-01,S003,P0016,124,114.95462
2023-10-01,S001,P0008,96,98.06605
2023-10-01,S001,P0002,116,101.07804
2023-10-01,S005,P0010,154,110.861244
2023-10-01,S002,P0018,125,92.391594
2023-10-01,S003,P0005,131,110.43108
2023-10-01,S003,P0012,74,72.44849
2023-10-01,S005,P0019,70,71.38957
2023-10-01,S005,P0011,59,85.62998
2023-10-01,S002,P0002,57,78.02074
2023-10-01,S002,P0019,60,74.03939
2023-10-01,S002,P0014,75,75.26769
2023-10-01,S002,P0015,118,116.42698
2023-10-01,S002,P0004,45,100.6149
2023-10-01,S001,P0017,57,73.07025
2023-10-01,S004,P0002,87,103.16953
2023-10-01,S005,P0003,99,87.73028
2023-10-01,S004,P0009,89,92.40895
2023-10-01,S001,P0013,120,100.76742
2023-10-01,S004,P0013,110,110.40278
2023-10-01,S005,P0004,113,114.1842
2023-10-01,S004,P0003,72,77.30894
2023-10-01,S002,P0017,109,84.801285
2023-10-01,S003,P0001,84,120.92664
2023-10-01,S002,P0005,91,91.621635
2023-10-01,S003,P0020,106,103.48303
2023-10-01,S001,P0005,82,88.72973
2023-10-01,S003,P0019,185,150.6855
2023-10-01,S001,P0010,66,64.33005
2023-10-01,S004,P0011,122,134.64716
2023-10-01,S005,P0013,92,110.34329
2023-10-01,S005,P0015,153,132.10826
2023-10-01,S003,P0017,126,105.26052
2023-10-01,S002,P0003,78,90.49622
2023-10-01,S002,P0008,165,153.21275
2023-10-01,S005,P0002,108,90.27118
2023-10-01,S005,P0012,53,59.873955
2023-10-01,S004,P0014,71,71.60948
2023-10-01,S005,P0006,64,80.674126
2023-10-01,S003,P0004,129,124.87363
2023-10-01,S003,P0014,113,117.538086
2023-10-01,S002,P0001,126,141.34862
2023-10-01,S001,P0016,136,108.88079
2023-10-01,S003,P0009,105,108.57773
2023-10-01,S004,P0001,239,196.6294
2023-10-01,S001,P0015,97,83.19802
2023-10-01,S004,P0007,115,158.1885
2023-10-01,S002,P0013,121,107.68925
2023-10-01,S001,P0019,85,66.77719
2023-10-01,S004,P0019,110,104.53793
2023-10-01,S003,P0008,175,166.91957
2023-10-01,S002,P0010,51,92.01403
2023-10-01,S003,P0002,189,156.62964
2023-10-01,S002,P0007,55,101.089325
2023-10-01,S005,P0008,156,129.05707
2023-10-01,S004,P0017,61,101.46213
2023-10-01,S001,P0001,98,103.660385
2023-10-01,S003,P0007,180,149.74426
2023-10-01,S001,P0020,79,68.834496
2023-10-01,S004,P0012,93,102.51446
2023-10-01,S005,P0017,108,101.97734
2023-10-01,S005,P0007,221,171.096
2023-10-01,S002,P0012,102,77.71882
2023-10-01,S002,P0020,65,68.007805
2023-10-01,S005,P0005,67,78.95893
2023-10-01,S005,P0016,124,101.35315
2023-10-01,S004,P0018,94,88.08031
2023-10-01,S005,P0009,107,110.63479
2023-10-01,S004,P0020,118,105.56348
2023-10-01,S001,P0018,137,119.69888
2023-10-01,S001,P0012,123,110.91322
2023-10-01,S005,P0014,71,74.743195
2023-10-01,S003,P0010,219,107.00366
2023-10-01,S003,P0018,112,104.99765
2023-10-01,S004,P0005,94,106.44852
2023-10-01,S004,P0008,136,118.13207
2023-10-01,S004,P0010,57,94.85706
2023-10-01,S004,P0015,102,106.894875
2023-10-02,S001,P0005,125,121.08103
2023-10-02,S001,P0003,179,151.81923
2023-10-02,S003,P0016,146,120.45822
2023-10-02,S001,P0011,78,78.54053
2023-10-02,S002,P0018,209,147.57587
2023-10-02,S005,P0011,91,99.61973
2023-10-02,S003,P0003,99,112.028336
2023-10-02,S001,P0014,140,133.48355
2023-10-02,S002,P0005,111,108.88605
2023-10-02,S005,P0010,148,149.50029
2023-10-02,S005,P0007,249,223.58821
2023-10-02,S003,P0018,110,96.1518
2023-10-02,S003,P0020,93,90.80431
2023-10-02,S001,P0018,188,176.20453
2023-10-02,S004,P0017,64,88.83679
2023-10-02,S005,P0014,104,94.87986
2023-10-02,S004,P0020,95,87.20353
2023-10-02,S003,P0002,113,99.439735
2023-10-02,S002,P0019,84,100.18868
2023-10-02,S003,P0012,65,71.556984
2023-10-02,S002,P0020,96,96.19907
2023-10-02,S001,P0009,162,153.57117
2023-10-02,S003,P0011,78,91.0029
2023-10-02,S002,P0002,110,114.09881
2023-10-02,S001,P0008,133,127.284676
2023-10-02,S005,P0009,211,207.54549
2023-10-02,S003,P0017,96,82.24759
2023-10-02,S003,P0001,55,83.629326
2023-10-02,S004,P0014,70,79.88789
2023-10-02,S003,P0009,166,143.71657
2023-10-02,S002,P0001,131,153.4237
2023-10-02,S002,P0015,83,91.75367
2023-10-02,S003,P0004,126,129.65344
2023-10-02,S002,P0003,189,186.22856
2023-10-02,S003,P0008,112,125.843605
2023-10-02,S004,P0006,112,107.72026
2023-10-02,S001,P0001,169,140.78897
2023-10-02,S001,P0020,56,65.06506
2023-10-02,S004,P0011,83,78.63046
2023-10-02,S005,P0008,174,163.13943
2023-10-02,S001,P0015,75,77.989334
2023-10-02,S005,P0013,207,216.64825
2023-10-02,S001,P0017,115,107.46789
2023-10-02,S002,P0016,179,141.42593
2023-10-02,S003,P0005,61,75.22935
2023-10-02,S002,P0004,124,150.68382
2023-10-02,S004,P0016,12,42.91918
2023-10-02,S001,P0019,100,81.4616
2023-10-02,S003,P0010,103,129.71237
2023-10-02,S004,P0002,107,103.6505
2023-10-02,S002,P0012,149,121.79739
2023-10-02,S004,P0019,98,94.58403
2023-10-02,S001,P0016,209,167.54971
2023-10-02,S002,P0009,172,162.63878
2023-10-02,S005,P0019,83,93.73695
2023-10-02,S004,P0012,115,138.90874
2023-10-02,S003,P0013,158,144.18134
2023-10-02,S005,P0018,134,130.03777
2023-10-02,S004,P0004,81,141.91406
2023-10-02,S004,P0003,96,102.22548
2023-10-02,S005,P0017,129,121.11526
2023-10-02,S004,P0001,152,150.05574
2023-10-02,S002,P0011,126,138.16595
2023-10-02,S001,P0002,123,123.86271
2023-10-02,S005,P0005,163,139.47975
2023-10-02,S002,P0007,108,124.26582
2023-10-02,S004,P0009,87,106.16373
2023-10-02,S003,P0006,73,84.64469
2023-10-02,S001,P0013,95,136.68285
2023-10-02,S001,P0007,224,176.70728
2023-10-02,S001,P0004,124,140.22212
2023-10-02,S002,P0006,65,87.59525
2023-10-02,S004,P0008,171,133.41869
2023-10-02,S001,P0006,55,89.361046
2023-10-02,S003,P0014,131,125.12121
2023-10-02,S005,P0001,197,170.72586
2023-10-02,S005,P0002,125,110.73997
2023-10-02,S002,P0017,135,107.77011
2023-10-02,S004,P0005,46,78.74185
2023-10-02,S004,P0010,161,150.29619
2023-10-02,S002,P0014,94,94.24246
2023-10-02,S005,P0016,173,163.00665
2023-10-02,S001,P0012,193,180.6948
2023-10-02,S005,P0012,81,98.71675
2023-10-02,S005,P0003,128,134.80681
2023-10-02,S004,P0015,72,76.0963
2023-10-02,S004,P0007,154,155.85303
2023-10-02,S003,P0007,149,126.63614
2023-10-02,S003,P0015,138,127.386536
2023-10-02,S004,P0013,169,138.68462
2023-10-02,S005,P0006,57,114.001945
2023-10-02,S002,P0010,225,213.48943
2023-10-02,S005,P0015,95,108.34224
2023-10-02,S001,P0010,98,107.8162
2023-10-02,S002,P0013,151,144.19965
2023-10-02,S002,P0008,161,175.72102
2023-10-02,S005,P0020,90,99.835106
2023-10-02,S004,P0018,117,116.447655
2023-10-02,S005,P0004,162,167.48045
2023-10-02,S003,P0019,91,87.3786
2023-10-03,S002,P0014,74,74.90622
2023-10-03,S004,P0019,124,95.14726
2023-10-03,S001,P0019,108,90.816025
2023-10-03,S005,P0005,187,152.34576
2023-10-03,S003,P0019,113,109.39518
2023-10-03,S001,P0008,47,79.63855
2023-10-03,S004,P0004,113,103.193436
2023-10-03,S001,P0005,115,130.36723
2023-10-03,S002,P0011,48,63.586143
2023-10-03,S002,P0007,86,83.51015
2023-10-03,S001,P0017,85,95.01127
2023-10-03,S005,P0008,84,104.141304
2023-10-03,S004,P0001,74,77.08904
2023-10-03,S001,P0006,99,107.71299
2023-10-03,S001,P0002,64,114.60931
2023-10-03,S004,P0016,77,67.47707
2023-10-03,S003,P0020,84,87.64598
2023-10-03,S003,P0014,90,94.191376
2023-10-03,S001,P0009,79,122.445694
2023-10-03,S003,P0003,80,87.09525
2023-10-03,S005,P0020,114,100.00348
2023-10-03,S002,P0018,60,83.755165
2023-10-03,S005,P0013,208,201.1003
2023-10-03,S002,P0003,93,94.24341
2023-10-03,S003,P0012,144,98.59651
2023-10-03,S005,P0017,79,99.451385
2023-10-03,S003,P0017,91,76.05719
2023-10-03,S004,P0015,74,65.05208
2023-10-03,S005,P0011,118,100.0121
2023-10-03,S004,P0006,96,96.98135
2023-10-03,S003,P0005,92,102.876915
2023-10-03,S005,P0018,214,123.50984
2023-10-03,S003,P0018,71,61.21146
2023-10-03,S003,P0006,48,72.71153
2023-10-03,S002,P0001,76,97.13638
2023-10-03,S004,P0010,103,117.773605
2023-10-03,S003,P0011,107,106.413414
2023-10-03,S005,P0002,88,108.48922
2023-10-03,S003,P0001,117,98.09702
2023-10-03,S002,P0012,87,88.91874
2023-10-03,S002,P0020,83,73.99813
2023-10-03,S001,P0014,126,131.30547
2023-10-03,S004,P0009,97,98.81911
2023-10-03,S001,P0016,108,109.82087
2023-10-03,S001,P0015,129,110.171646
2023-10-03,S004,P0003,78,78.41746
2023-10-03,S003,P0008,37,89.77756
2023-10-03,S004,P0018,65,66.55607
2023-10-03,S005,P0004,93,100.06679
2023-10-03,S005,P0012,54,70.52276
2023-10-03,S004,P0020,70,69.30057
2023-10-03,S002,P0019,138,101.63861
2023-10-03,S001,P0004,68,80.66862
2023-10-03,S001,P0013,106,129.07513
2023-10-03,S002,P0008,74,85.15698
2023-10-03,S002,P0016,70,79.10276
2023-10-03,S003,P0009,42,95.22742
2023-10-03,S002,P0013,102,119.75726
2023-10-03,S001,P0012,215,193.9359
2023-10-03,S004,P0011,112,95.074776
2023-10-03,S002,P0017,110,87.69079
2023-10-03,S001,P0010,66,76.92935
2023-10-03,S001,P0020,87,77.969826
2023-10-03,S004,P0008,60,58.5258
2023-10-03,S005,P0016,83,91.40581
2023-10-03,S005,P0015,96,103.065
2023-10-03,S003,P0016,41,76.85184
2023-10-03,S002,P0006,98,84.60495
2023-10-03,S001,P0018,158,134.46237
2023-10-03,S002,P0004,88,100.292465
2023-10-03,S002,P0005,106,114.39789
2023-10-03,S005,P0003,79,94.755775
2023-10-03,S005,P0001,57,75.59098
2023-10-03,S001,P0007,188,127.03846
2023-10-03,S003,P0015,58,89.55342
2023-10-03,S004,P0005,77,96.79811
2023-10-03,S002,P0009,192,147.78975
2023-10-03,S002,P0010,191,191.14659
2023-10-03,S001,P0003,86,90.08614
2023-10-03,S005,P0006,122,116.37033
2023-10-03,S004,P0002,140,141.10446
2023-10-03,S003,P0013,96,127.11406
2023-10-03,S005,P0010,89,123.526085
2023-10-03,S002,P0002,79,112.1306
2023-10-03,S002,P0015,69,75.82502
2023-10-03,S003,P0002,114,121.55779
2023-10-03,S003,P0007,132,105.232925
2023-10-03,S004,P0013,200,147.82
2023-10-03,S005,P0014,58,62.97871
2023-10-03,S005,P0007,124,123.41243
2023-10-03,S004,P0014,108,94.027405
2023-10-03,S005,P0009,141,161.85092
2023-10-03,S001,P0011,67,72.036255
2023-10-03,S005,P0019,82,85.52142
2023-10-03,S004,P0007,81,105.86654
2023-10-03,S004,P0017,83,91.44276
2023-10-03,S004,P0012,137,140.48697
2023-10-03,S003,P0004,101,106.09046
2023-10-03,S001,P0001,72,87.86005
2023-10-03,S003,P0010,103,127.38709
2023-10-04,S003,P0014,134,123.51437
2023-10-04,S005,P0006,123,129.18434
2023-10-04,S001,P0010,125,120.42963
2023-10-04,S005,P0013,131,123.936264
2023-10-04,S003,P0009,144,127.08163
2023-10-04,S001,P0008,140,115.45796
2023-10-04,S002,P0009,45,74.75385
2023-10-04,S005,P0005,89,99.41415
2023-10-04,S005,P0008,183,151.1744
2023-10-04,S002,P0020,33,51.776558
2023-10-04,S002,P0003,107,105.06863
2023-10-04,S003,P0005,92,93.31473
2023-10-04,S002,P0007,79,84.85756
2023-10-04,S005,P0011,90,92.086
2023-10-04,S004,P0006,225,143.18625
2023-10-04,S003,P0001,92,92.783
2023-10-04,S004,P0019,98,85.91711
2023-10-04,S005,P0002,120,115.18551
2023-10-04,S001,P0020,52,61.139698
2023-10-04,S005,P0004,146,113.37804
2023-10-04,S004,P0007,75,108.1203
2023-10-04,S005,P0012,73,74.76003
2023-10-04,S003,P0004,157,144.08488
2023-10-04,S001,P0019,98,81.50092
2023-10-04,S001,P0011,104,97.78452
2023-10-04,S003,P0019,166,139.78088
2023-10-04,S001,P0001,90,96.75456
2023-10-04,S003,P0007,116,106.23284
2023-10-04,S001,P0018,128,121.69292
2023-10-04,S001,P0017,77,87.5391
2023-10-04,S005,P0015,109,98.96387
2023-10-04,S004,P0002,76,110.1265
2023-10-04,S002,P0010,134,136.72989
2023-10-04,S002,P0004,216,131.96758
2023-10-04,S002,P0015,60,74.01482
2023-10-04,S005,P0009,170,158.62079
2023-10-04,S002,P0018,62,77.77929
2023-10-04,S004,P0001,106,98.009636
2023-10-04,S001,P0003,99,92.7718
2023-10-04,S004,P0008,83,73.69754
2023-10-04,S004,P0013,143,114.77709
2023-10-04,S003,P0011,65,92.21654
2023-10-04,S005,P0014,99,95.29493
2023-10-04,S002,P0002,129,113.799934
2023-10-04,S001,P0015,100,99.27517
2023-10-04,S003,P0016,95,113.79398
2023-10-04,S004,P0012,34,72.1921
2023-10-04,S002,P0019,62,77.1202
2023-10-04,S005,P0020,120,98.122986
2023-10-04,S005,P0007,69,105.97141
2023-10-04,S004,P0020,96,88.26906
2023-10-04,S003,P0008,120,139.79678
2023-10-04,S004,P0018,60,64.3822
2023-10-04,S003,P0013,125,118.11377
2023-10-04,S002,P0014,28,57.527237
2023-10-04,S003,P0015,66,101.40713
2023-10-04,S001,P0006,91,119.36062
2023-10-04,S003,P0018,66,70.51178
2023-10-04,S004,P0017,114,92.3834
2023-10-04,S004,P0009,52,65.95928
2023-10-04,S002,P0001,122,117.00366
2023-10-04,S001,P0013,84,93.159035
2023-10-04,S005,P0010,167,150.27704
2023-10-04,S005,P0018,91,93.3193
2023-10-04,S002,P0005,63,81.826935
2023-10-04,S005,P0019,89,91.96621
2023-10-04,S004,P0015,50,56.4722
2023-10-04,S003,P0010,153,141.5909
2023-10-04,S005,P0017,121,106.490845
2023-10-04,S003,P0017,91,85.82039
2023-10-04,S001,P0005,113,111.08139
2023-10-04,S004,P0003,92,80.5043
2023-10-04,S003,P0020,103,95.64196
2023-10-04,S002,P0012,88,75.553894
2023-10-04,S004,P0014,65,57.53177
2023-10-04,S003,P0012,68,65.000015
2023-10-04,S001,P0009,92,99.189575
2023-10-04,S001,P0014,86,92.14627
2023-10-04,S002,P0008,106,125.7161
2023-10-04,S001,P0016,129,144.83003
2023-10-04,S002,P0013,87,95.6579
2023-10-04,S001,P0012,119,117.425835
2023-10-04,S004,P0011,74,68.355576
2023-10-04,S002,P0006,129,109.275116
2023-10-04,S002,P0016,156,134.9255
2023-10-04,S004,P0016,109,103.19568
2023-10-04,S003,P0003,146,117.588234
2023-10-04,S001,P0002,242,168.39339
2023-10-04,S002,P0017,73,68.82816
2023-10-04,S004,P0010,99,121.3809
2023-10-04,S001,P0004,100,120.899025
2023-10-04,S001,P0007,68,99.81485
2023-10-04,S004,P0005,126,97.993965
2023-10-04,S003,P0002,143,158.7568
2023-10-04,S005,P0003,118,107.0383
2023-10-04,S002,P0011,116,108.78874
2023-10-04,S004,P0004,129,127.284256
2023-10-04,S005,P0016,151,141.11046
2023-10-04,S003,P0006,109,113.59305
2023-10-04,S005,P0001,99,107.05325
2023-10-05,S003,P0013,83,101.519806
2023-10-05,S005,P0019,48,62.258827
2023-10-05,S004,P0003,91,104.6404
2023-10-05,S005,P0017,44,89.167
2023-10-05,S005,P0001,104,97.46441
2023-10-05,S003,P0009,81,83.69272
2023-10-05,S002,P0007,138,111.59628
2023-10-05,S005,P0016,82,113.15385
2023-10-05,S004,P0009,121,118.72091
2023-10-05,S003,P0005,125,97.487404
2023-10-05,S001,P0018,78,120.46269
2023-10-05,S003,P0007,111,96.55045
2023-10-05,S002,P0019,129,112.84471
2023-10-05,S004,P0002,227,192.43573
2023-10-05,S004,P0013,127,113.5628
2023-10-05,S005,P0014,51,54.28918
2023-10-05,S003,P0001,61,62.87708
2023-10-05,S004,P0008,33,47.373936
2023-10-05,S001,P0010,97,87.07456
2023-10-05,S005,P0007,125,117.82864
2023-10-05,S001,P0001,78,84.168625
2023-10-05,S005,P0020,96,110.84226
2023-10-05,S002,P0011,158,163.46626
2023-10-05,S004,P0019,103,99.964905
2023-10-05,S002,P0014,122,121.97822
2023-10-05,S005,P0008,88,95.595985
2023-10-05,S001,P0013,86,87.53506
2023-10-05,S004,P0005,98,105.60354
2023-10-05,S001,P0007,151,109.21513
2023-10-05,S002,P0001,97,121.0154
2023-10-05,S002,P0008,97,124.23999
2023-10-05,S001,P0004,44,71.63738
2023-10-05,S002,P0017,167,109.86934
2023-10-05,S004,P0001,219,157.11417
2023-10-05,S002,P0012,119,97.136696
2023-10-05,S001,P0006,83,90.5807
2023-10-05,S004,P0014,145,115.82621
2023-10-05,S001,P0012,101,104.92065
2023-10-05,S004,P0010,189,133.98325
2023-10-05,S003,P0006,69,77.82081
2023-10-05,S001,P0016,160,131.87808
2023-10-05,S001,P0008,121,84.28582
2023-10-05,S001,P0015,87,81.43057
2023-10-05,S003,P0019,82,84.53281
2023-10-05,S001,P0020,83,75.37154
2023-10-05,S001,P0019,78,66.17147
2023-10-05,S003,P0018,72,73.91107
2023-10-05,S003,P0011,204,152.6547
2023-10-05,S005,P0002,96,96.82582
2023-10-05,S002,P0010,117,131.31169
2023-10-05,S005,P0006,72,89.409225
2023-10-05,S002,P0015,147,117.721245
2023-10-05,S004,P0018,98,105.1287
2023-10-05,S001,P0011,65,65.20923
2023-10-05,S003,P0017,67,63.87487
2023-10-05,S001,P0017,77,79.77881
2023-10-05,S002,P0004,138,119.63316
2023-10-05,S002,P0018,187,147.57208
2023-10-05,S001,P0003,148,113.42435
2023-10-05,S001,P0002,185,152.13358
2023-10-05,S003,P0015,70,91.513565
2023-10-05,S005,P0018,30,63.570282
2023-10-05,S005,P0012,22,44.396393
2023-10-05,S004,P0017,98,101.29013
2023-10-05,S003,P0020,53,98.35483
2023-10-05,S001,P0014,28,34.364075
2023-10-05,S004,P0016,106,102.575
2023-10-05,S001,P0009,95,94.54472
2023-10-05,S002,P0009,112,113.700195
2023-10-05,S001,P0005,137,111.54423
2023-10-05,S004,P0011,127,107.20939
2023-10-05,S005,P0010,94,91.96806
2023-10-05,S003,P0008,116,109.651436
2023-10-05,S004,P0015,59,63.776478
2023-10-05,S002,P0003,175,167.0063
2023-10-05,S004,P0004,101,113.170044
2023-10-05,S005,P0011,94,91.744705
2023-10-05,S004,P0006,71,101.03412
2023-10-05,S003,P0012,70,65.15798
2023-10-05,S003,P0002,175,152.04614
2023-10-05,S005,P0005,55,67.837776
2023-10-05,S003,P0010,91,101.27357
2023-10-05,S002,P0005,81,97.58634
2023-10-05,S003,P0014,86,88.51353
2023-10-05,S004,P0012,103,111.92733
2023-10-05,S003,P0004,40,85.53103
2023-10-05,S003,P0016,93,103.970566
2023-10-05,S004,P0020,101,116.20001
2023-10-05,S002,P0013,96,102.62336
2023-10-05,S004,P0007,147,131.31189
2023-10-05,S005,P0009,52,74.02498
2023-10-05,S002,P0002,191,163.13788
2023-10-05,S005,P0015,93,85.17036
2023-10-05,S005,P0004,121,107.81344
2023-10-05,S005,P0003,103,107.33411
2023-10-05,S003,P0003,122,118.50775
2023-10-05,S002,P0016,117,130.00327
2023-10-05,S005,P0013,114,112.770134
2023-10-05,S002,P0006,15,89.45389
2023-10-05,S002,P0020,142,144.29028
2023-10-06,S005,P0017,46,94.640495
2023-10-06,S002,P0011,101,96.40118
2023-10-06,S001,P0006,87,105.494
2023-10-06,S001,P0013,71,89.88731
2023-10-06,S005,P0019,75,77.17098
2023-10-06,S001,P0004,146,125.44484
2023-10-06,S003,P0013,116,119.14342
2023-10-06,S004,P0003,117,125.97668
2023-10-06,S001,P0007,206,160.485
2023-10-06,S003,P0006,123,105.29433
2023-10-06,S005,P0002,81,94.40413
2023-10-06,S005,P0015,249,158.6879
2023-10-06,S002,P0013,51,72.15033
2023-10-06,S004,P0009,91,104.35987
2023-10-06,S001,P0002,97,106.73569
2023-10-06,S004,P0002,138,138.83395
2023-10-06,S001,P0003,174,143.92021
2023-10-06,S002,P0008,154,114.98003
2023-10-06,S001,P0014,39,59.632042
2023-10-06,S001,P0010,84,78.70435
2023-10-06,S005,P0014,103,106.89107
2023-10-06,S003,P0004,87,102.46704
2023-10-06,S004,P0004,103,117.562325
2023-10-06,S003,P0016,149,147.45088
2023-10-06,S003,P0014,84,99.16251
2023-10-06,S004,P0007,190,173.02417
2023-10-06,S003,P0015,129,148.77353
2023-10-06,S001,P0020,140,122.44159
2023-10-06,S003,P0003,177,164.95409
2023-10-06,S002,P0003,142,134.6433
2023-10-06,S001,P0015,104,113.128746
2023-10-06,S005,P0004,134,134.23502
2023-10-06,S005,P0020,66,103.02087
2023-10-06,S002,P0009,67,89.006256
2023-10-06,S004,P0016,106,105.93454
2023-10-06,S002,P0020,100,95.79528
2023-10-06,S004,P0012,70,93.930115
2023-10-06,S004,P0001,54,81.29462
2023-10-06,S002,P0018,111,97.37006
2023-10-06,S005,P0013,126,124.136635
2023-10-06,S005,P0012,40,56.661533
2023-10-06,S001,P0016,136,139.50616
2023-10-06,S004,P0019,104,104.14908
2023-10-06,S003,P0009,147,121.624954
2023-10-06,S004,P0013,145,132.84468
2023-10-06,S002,P0005,100,91.86186
2023-10-06,S001,P0011,86,84.25093
2023-10-06,S001,P0005,88,99.66692
2023-10-06,S005,P0011,71,83.28208
2023-10-06,S003,P0017,30,57.847256
2023-10-06,S005,P0010,52,96.36998
2023-10-06,S002,P0010,79,99.421326
2023-10-06,S004,P0010,136,136.1
2023-10-06,S003,P0020,67,111.40515
2023-10-06,S003,P0018,104,91.75214
2023-10-06,S002,P0014,149,137.84459
2023-10-06,S001,P0009,112,101.68394
2023-10-06,S005,P0008,104,116.46954
2023-10-06,S004,P0011,149,122.348274
2023-10-06,S001,P0008,103,88.894745
2023-10-06,S001,P0001,80,93.322784
2023-10-06,S002,P0001,179,151.18753
2023-10-06,S003,P0019,103,101.7107
2023-10-06,S004,P0020,142,137.39777
2023-10-06,S002,P0007,64,107.8347
2023-10-06,S003,P0005,62,82.524155
2023-10-06,S003,P0001,102,95.58404
2023-10-06,S002,P0019,63,76.851654
2023-10-06,S004,P0006,147,127.734276
2023-10-06,S002,P0002,80,87.3775
2023-10-06,S002,P0015,131,119.03414
2023-10-06,S005,P0016,144,130.80786
2023-10-06,S003,P0007,187,145.01068
2023-10-06,S002,P0012,50,62.687042
2023-10-06,S004,P0005,99,101.928665
2023-10-06,S005,P0005,128,115.66608
2023-10-06,S004,P0014,130,127.304436
2023-10-06,S004,P0018,77,80.19682
2023-10-06,S005,P0006,169,138.19196
2023-10-06,S002,P0004,44,115.95055
2023-10-06,S001,P0019,98,79.62972
2023-10-06,S003,P0011,51,86.14729
2023-10-06,S003,P0002,112,108.30044
2023-10-06,S001,P0012,104,111.16697
2023-10-06,S004,P0015,137,131.7068
2023-10-06,S001,P0017,72,85.51206
2023-10-06,S004,P0008,40,54.19708
2023-10-06,S001,P0018,177,144.57599
2023-10-06,S005,P0018,122,104.895256
2023-10-06,S003,P0008,138,131.37897
2023-10-06,S005,P0003,101,123.47376
2023-10-06,S005,P0009,45,79.03039
2023-10-06,S004,P0017,114,105.656876
2023-10-06,S003,P0012,76,75.309235
2023-10-06,S003,P0010,180,102.91557
2023-10-06,S002,P0016,130,115.97173
2023-10-06,S005,P0001,185,140.8904
2023-10-06,S005,P0007,118,142.3214
2023-10-06,S002,P0017,69,69.690704
2023-10-06,S002,P0006,58,69.677376
2023-10-07,S005,P0002,63,52.118828
2023-10-07,S001,P0002,67,81.79924
2023-10-07,S003,P0017,30,29.156464
2023-10-07,S005,P0018,109,96.94917
2023-10-07,S005,P0008,72,75.65
2023-10-07,S003,P0015,25,98.42328
2023-10-07,S002,P0016,121,125.83135
2023-10-07,S001,P0014,70,71.290695
2023-10-07,S003,P0018,74,49.41226
2023-10-07,S004,P0004,63,104.25858
2023-10-07,S001,P0004,75,78.771545
2023-10-07,S001,P0009,156,120.61659
2023-10-07,S005,P0010,85,89.45144
2023-10-07,S004,P0011,127,104.82786
2023-10-07,S004,P0010,78,84.47014
2023-10-07,S005,P0020,37,27.390972
2023-10-07,S002,P0018,113,119.109665
2023-10-07,S002,P0004,54,112.533615
2023-10-07,S002,P0019,148,117.36375
2023-10-07,S005,P0009,64,61.629074
2023-10-07,S003,P0016,35,72.467155
2023-10-07,S003,P0020,138,97.776215
2023-10-07,S002,P0006,70,68.10546
2023-10-07,S004,P0016,29,38.002262
2023-10-07,S001,P0017,24,23.002375
2023-10-07,S005,P0015,73,92.89336
2023-10-07,S002,P0011,106,96.36324
2023-10-07,S003,P0006,25,33.45216
2023-10-07,S004,P0006,61,61.279316
2023-10-07,S002,P0012,27,33.64984
2023-10-07,S001,P0006,24,25.022182
2023-10-07,S003,P0009,92,66.20645
2023-10-07,S002,P0014,82,65.80961
2023-10-07,S004,P0018,37,46.82045
2023-10-07,S001,P0008,45,49.383327
2023-10-07,S002,P0015,130,102.72373
2023-10-07,S001,P0003,67,71.96409
2023-10-07,S002,P0009,87,76.46016
2023-10-07,S005,P0011,47,57.027176
2023-10-07,S005,P0012,56,38.361076
2023-10-07,S005,P0013,95,79.51691
2023-10-07,S002,P0002,11,21.74468
2023-10-07,S004,P0015,38,44.803482
2023-10-07,S004,P0017,55,83.08582
2023-10-07,S003,P0003,44,44.760277
2023-10-07,S002,P0003,40,62.799927
2023-10-07,S001,P0011,23,38.95305
2023-10-07,S003,P0011,49,80.65621
2023-10-07,S002,P0005,39,48.72722
2023-10-07,S001,P0005,49,63.889545
2023-10-07,S005,P0005,50,63.179634
2023-10-07,S003,P0019,134,110.58227
2023-10-07,S001,P0007,109,107.84108
2023-10-07,S004,P0014,29,40.659473
2023-10-07,S005,P0017,37,35.539387
2023-10-07,S001,P0020,50,36.141685
2023-10-07,S002,P0020,46,38.558346
2023-10-07,S002,P0017,19,15.181919
2023-10-07,S001,P0015,76,46.170975
2023-10-07,S004,P0005,121,101.00266
2023-10-07,S005,P0001,95,80.796074
2023-10-07,S003,P0010,67,103.873
2023-10-07,S003,P0013,17,46.608143
2023-10-07,S002,P0007,46,45.11439
2023-10-07,S004,P0003,36,35.515842
2023-10-07,S005,P0003,34,31.347963
2023-10-07,S003,P0004,55,84.21105
2023-10-07,S004,P0009,55,81.305664
2023-10-07,S005,P0019,31,42.05776
2023-10-07,S001,P0016,129,104.706635
2023-10-07,S004,P0012,46,52.890217
2023-10-07,S003,P0012,50,33.790493
2023-10-07,S003,P0002,62,70.41397
2023-10-07,S002,P0001,55,77.79319
2023-10-07,S003,P0005,25,24.013525
2023-10-07,S001,P0013,31,32.294
2023-10-07,S004,P0001,70,54.635513
2023-10-07,S004,P0019,131,115.046036
2023-10-07,S003,P0014,86,76.784836
2023-10-07,S005,P0006,86,79.22074
2023-10-07,S002,P0010,126,109.99501
2023-10-07,S003,P0008,85,87.10009
2023-10-07,S004,P0020,21,33.792698
2023-10-07,S005,P0014,37,36.7689
2023-10-07,S004,P0007,107,110.1126
2023-10-07,S004,P0008,26,23.22679
2023-10-07,S003,P0007,58,69.08151
2023-10-07,S001,P0010,49,46.438717
2023-10-07,S004,P0013,78,64.793564
2023-10-07,S001,P0001,58,48.53491
2023-10-07,S003,P0001,19,17.756895
2023-10-07,S001,P0018,81,87.83687
2023-10-07,S004,P0002,62,50.34086
2023-10-07,S001,P0012,83,73.876595
2023-10-07,S005,P0016,22,45.04605
2023-10-07,S002,P0008,65,58.01426
2023-10-07,S005,P0004,152,80.58421
2023-10-07,S005,P0007,108,103.50685
2023-10-07,S001,P0019,38,48.951317
2023-10-07,S002,P0013,52,63.47869
2023-10-08,S001,P0005,66,70.77735
2023-10-08,S004,P0007,33,68.83762
2023-10-08,S004,P0006,46,70.85688
2023-10-08,S003,P0016,49,50.025703
2023-10-08,S004,P0011,101,73.9665
2023-10-08,S005,P0019,34,41.816803
2023-10-08,S004,P0012,47,50.148907
2023-10-08,S003,P0013,92,79.08321
2023-10-08,S005,P0010,72,75.18273
2023-10-08,S001,P0009,149,144.22786
2023-10-08,S003,P0007,78,54.346504
2023-10-08,S005,P0015,130,114.21271
2023-10-08,S003,P0017,45,38.38795
2023-10-08,S005,P0009,164,168.19255
2023-10-08,S003,P0010,57,73.0029
2023-10-08,S003,P0020,79,92.10853
2023-10-08,S002,P0005,41,57.148853
2023-10-08,S005,P0001,71,67.43304
2023-10-08,S002,P0013,95,84.29183
2023-10-08,S004,P0004,83,77.29591
2023-10-08,S004,P0009,99,111.74567
2023-10-08,S002,P0004,103,86.64109
2023-10-08,S003,P0012,38,32.43219
2023-10-08,S002,P0018,162,149.42375
2023-10-08,S002,P0007,30,29.428905
2023-10-08,S002,P0008,172,122.61944
2023-10-08,S005,P0018,150,133.39178
2023-10-08,S005,P0014,62,52.925735
2023-10-08,S002,P0017,63,53.906197
2023-10-08,S002,P0010,87,86.0689
2023-10-08,S001,P0014,82,76.329704
2023-10-08,S005,P0006,44,76.46407
2023-10-08,S003,P0009,87,86.72126
2023-10-08,S004,P0008,33,39.885925
2023-10-08,S003,P0015,78,96.50118
2023-10-08,S003,P0004,42,64.5387
2023-10-08,S002,P0016,81,100.59604
2023-10-08,S001,P0010,15,28.800344
2023-10-08,S003,P0008,96,119.257164
2023-10-08,S001,P0002,191,208.23135
2023-10-08,S001,P0018,64,101.73722
2023-10-08,S004,P0013,61,60.14802
2023-10-08,S001,P0012,49,66.25324
2023-10-08,S005,P0008,126,116.70779
2023-10-08,S001,P0004,90,63.168083
2023-10-08,S002,P0020,23,35.555733
2023-10-08,S005,P0017,15,50.85589
2023-10-08,S002,P0014,57,65.88277
2023-10-08,S004,P0020,29,31.079237
2023-10-08,S003,P0018,43,45.792194
2023-10-08,S001,P0001,23,46.24079
2023-10-08,S004,P0017,97,117.1063
2023-10-08,S001,P0017,41,42.5288
2023-10-08,S002,P0006,84,88.40073
2023-10-08,S002,P0015,131,144.17976
2023-10-08,S001,P0007,113,81.38415
2023-10-08,S005,P0016,57,38.717762
2023-10-08,S003,P0006,15,22.173153
2023-10-08,S004,P0001,62,51.307117
2023-10-08,S001,P0019,40,46.736126
2023-10-08,S001,P0003,114,101.490135
2023-10-08,S001,P0008,46,73.83396
2023-10-08,S004,P0002,192,111.96253
2023-10-08,S001,P0006,34,35.866592
2023-10-08,S005,P0007,50,78.64678
2023-10-08,S003,P0005,46,27.49773
2023-10-08,S004,P0003,30,29.551056
2023-10-08,S005,P0002,91,74.75947
2023-10-08,S001,P0011,25,37.114162
2023-10-08,S005,P0004,87,65.14964
2023-10-08,S003,P0003,53,52.18303
2023-10-08,S003,P0001,32,25.668678
2023-10-08,S004,P0018,41,44.247166
2023-10-08,S002,P0003,157,130.6604
2023-10-08,S005,P0003,24,28.273336
2023-10-08,S004,P0005,90,87.79565
2023-10-08,S002,P0001,114,105.609184
2023-10-08,S004,P0015,12,40.163696
2023-10-08,S001,P0013,21,32.828983
2023-10-08,S005,P0013,75,85.98843
2023-10-08,S003,P0014,86,91.47145
2023-10-08,S002,P0011,114,126.23293
2023-10-08,S005,P0005,75,73.89251
2023-10-08,S003,P0011,72,76.47405
2023-10-08,S005,P0020,22,26.049114
2023-10-08,S004,P0014,19,38.567802
2023-10-08,S002,P0019,148,136.3148
2023-10-08,S001,P0020,25,31.378147
2023-10-08,S002,P0002,21,45.001644
2023-10-08,S005,P0012,34,33.429688
2023-10-08,S004,P0016,22,25.946844
2023-10-08,S005,P0011,18,54.10148
2023-10-08,S002,P0012,29,45.306606
2023-10-08,S001,P0016,33,59.583702
2023-10-08,S004,P0010,69,60.286037
2023-10-08,S001,P0015,9,53.57055
2023-10-08,S002,P0009,66,96.96781
2023-10-08,S003,P0002,113,94.57332
2023-10-08,S003,P0019,84,85.49717
2023-10-08,S004,P0019,176,140.34473
2023-10-09,S001,P0016,102,99.129166
2023-10-09,S003,P0003,94,74.464806
2023-10-09,S001,P0005,97,99.38465
2023-10-09,S002,P0014,44,64.72002
2023-10-09,S003,P0012,42,29.581465
2023-10-09,S002,P0016,72,104.380974
2023-10-09,S005,P0003,57,44.317974
2023-10-09,S003,P0018,20,27.801746
2023-10-09,S002,P0006,125,108.275536
2023-10-09,S001,P0010,27,33.1636
2023-10-09,S004,P0002,94,77.07117
2023-10-09,S002,P0008,119,85.632225
2023-10-09,S004,P0001,83,91.92058
2023-10-09,S001,P0019,51,48.903305
2023-10-09,S002,P0002,25,23.830698
2023-10-09,S005,P0002,45,49.767517
2023-10-09,S005,P0004,49,64.368614
2023-10-09,S003,P0014,48,65.8137
2023-10-09,S004,P0019,163,150.39455
2023-10-09,S001,P0015,87,46.531986
2023-10-09,S001,P0001,44,66.79077
2023-10-09,S004,P0005,133,135.31543
2023-10-09,S004,P0013,110,84.271065
2023-10-09,S001,P0017,13,26.774706
2023-10-09,S004,P0016,45,47.733902
2023-10-09,S003,P0020,92,93.16586
2023-10-09,S003,P0004,55,67.285995
2023-10-09,S003,P0005,27,34.232304
2023-10-09,S002,P0017,11,18.205723
2023-10-09,S005,P0011,40,50.502243
2023-10-09,S004,P0020,23,38.188328
2023-10-09,S005,P0005,64,77.67178
2023-10-09,S004,P0010,85,80.00291
2023-10-09,S003,P0011,38,54.778786
2023-10-09,S003,P0002,88,69.46979
2023-10-09,S002,P0009,75,74.3729
2023-10-09,S001,P0018,101,84.94717
2023-10-09,S005,P0012,22,31.58278
2023-10-09,S005,P0013,57,74.39538
2023-10-09,S004,P0017,96,100.802
2023-10-09,S001,P0008,25,52.181396
2023-10-09,S005,P0009,91,99.558876
2023-10-09,S001,P0012,64,73.97048
2023-10-09,S003,P0010,53,81.198944
2023-10-09,S005,P0010,102,85.95939
2023-10-09,S004,P0006,82,91.601524
2023-10-09,S001,P0009,99,101.83503
2023-10-09,S004,P0008,37,36.7909
2023-10-09,S005,P0001,133,100.78977
2023-10-09,S002,P0019,90,123.99989
2023-10-09,S002,P0018,80,100.53483
2023-10-09,S003,P0009,51,56.584736
2023-10-09,S005,P0019,48,44.840504
2023-10-09,S005,P0015,64,102.190125
2023-10-09,S004,P0007,73,92.22412
2023-10-09,S002,P0004,87,87.79646
2023-10-09,S002,P0007,13,25.667274
2023-10-09,S002,P0001,53,109.71372
2023-10-09,S005,P0007,42,77.92149
2023-10-09,S002,P0020,25,30.741278
2023-10-09,S005,P0020,47,27.879429
2023-10-09,S004,P0018,41,39.57283
2023-10-09,S003,P0019,103,92.65972
2023-10-09,S005,P0008,51,70.65146
2023-10-09,S004,P0015,46,50.78676
2023-10-09,S005,P0016,50,53.15995
2023-10-09,S002,P0012,47,42.330975
2023-10-09,S004,P0003,39,49.02558
2023-10-09,S004,P0011,146,119.65152
2023-10-09,S003,P0007,105,69.49803
2023-10-09,S004,P0012,47,57.18399
2023-10-09,S001,P0020,40,33.056732
2023-10-09,S003,P0017,32,25.329039
2023-10-09,S004,P0009,132,120.7954
2023-10-09,S005,P0014,65,55.97127
2023-10-09,S005,P0017,9,38.385315
2023-10-09,S001,P0004,47,57.809273
2023-10-09,S003,P0013,70,72.601814
2023-10-09,S002,P0003,187,138.95575
2023-10-09,S004,P0014,87,64.5153
2023-10-09,S003,P0008,66,73.245605
2023-10-09,S003,P0001,13,36.68783
2023-10-09,S005,P0006,81,82.62564
2023-10-09,S002,P0010,33,69.17128
2023-10-09,S002,P0005,51,69.0954
2023-10-09,S002,P0013,56,67.75672
2023-10-09,S001,P0011,24,31.682596
2023-10-09,S001,P0003,87,107.252174
2023-10-09,S002,P0015,170,142.92497
2023-10-09,S003,P0015,114,104.91061
2023-10-09,S001,P0002,128,140.04762
2023-10-09,S001,P0013,41,34.890015
2023-10-09,S002,P0011,37,57.60024
2023-10-09,S003,P0006,25,25.868984
2023-10-09,S001,P0006,24,32.636208
2023-10-09,S001,P0007,49,69.01262
2023-10-09,S004,P0004,59,88.50917
2023-10-09,S005,P0018,160,143.24403
2023-10-09,S001,P0014,211,143.28693
2023-10-09,S003,P0016,24,63.674484
2023-10-10,S002,P0002,31,27.73202
2023-10-10,S003,P0012,67,51.32815
2023-10-10,S002,P0012,31,61.54488
2023-10-10,S001,P0011,48,41.55634
2023-10-10,S001,P0003,145,127.290306
2023-10-10,S004,P0018,36,29.691738
2023-10-10,S002,P0017,41,32.417103
2023-10-10,S005,P0002,25,43.35125
2023-10-10,S001,P0019,28,28.131317
2023-10-10,S001,P0010,28,29.672972
2023-10-10,S003,P0015,95,90.44708
2023-10-10,S002,P0005,78,72.35666
2023-10-10,S002,P0013,92,84.1154
2023-10-10,S005,P0019,20,27.510483
2023-10-10,S005,P0015,73,64.13842
2023-10-10,S001,P0007,63,74.65076
2023-10-10,S001,P0013,47,47.817276
2023-10-10,S004,P0015,53,32.999268
2023-10-10,S005,P0009,57,63.5497
2023-10-10,S002,P0011,90,93.628174
2023-10-10,S002,P0001,42,81.04964
2023-10-10,S005,P0020,25,26.357103
2023-10-10,S005,P0001,81,71.819954
2023-10-10,S003,P0006,32,39.878605
2023-10-10,S004,P0008,26,26.855013
2023-10-10,S004,P0014,25,30.181616
2023-10-10,S001,P0015,61,30.451897
2023-10-10,S003,P0001,15,26.714584
2023-10-10,S002,P0003,123,91.68782
2023-10-10,S003,P0009,96,81.165764
2023-10-10,S003,P0004,99,80.97842
2023-10-10,S004,P0002,42,44.575737
2023-10-10,S003,P0014,71,69.75945
2023-10-10,S005,P0004,57,68.12168
2023-10-10,S003,P0019,54,63.636612
2023-10-10,S003,P0002,82,76.122314
2023-10-10,S005,P0007,82,91.363
2023-10-10,S003,P0011,158,111.85174
2023-10-10,S004,P0017,162,134.09045
2023-10-10,S001,P0017,38,33.884647
2023-10-10,S003,P0018,65,41.91186
2023-10-10,S002,P0006,114,98.927734
2023-10-10,S003,P0020,73,85.64687
2023-10-10,S005,P0005,61,78.50874
2023-10-10,S003,P0005,22,35.246426
2023-10-10,S001,P0008,83,53.864113
2023-10-10,S001,P0012,94,104.088806
2023-10-10,S005,P0012,19,33.690125
2023-10-10,S001,P0005,53,95.30799
2023-10-10,S002,P0010,47,73.33501
2023-10-10,S005,P0013,38,75.99152
2023-10-10,S002,P0020,32,30.500353
2023-10-10,S002,P0009,64,72.35806
2023-10-10,S001,P0002,161,164.67453
2023-10-10,S005,P0016,23,21.26809
2023-10-10,S002,P0008,59,68.96752
2023-10-10,S002,P0004,62,85.31335
2023-10-10,S004,P0001,45,57.12553
2023-10-10,S004,P0019,68,75.81576
2023-10-10,S003,P0008,88,96.59787
2023-10-10,S002,P0019,47,84.15279
2023-10-10,S001,P0014,42,53.49916
2023-10-10,S004,P0020,23,26.264084
2023-10-10,S003,P0007,65,82.95049
2023-10-10,S004,P0003,25,26.663267
2023-10-10,S001,P0018,28,66.959274
2023-10-10,S003,P0017,35,39.029434
2023-10-10,S003,P0010,61,83.871376
2023-10-10,S001,P0016,64,69.10555
2023-10-10,S002,P0018,170,104.24267
2023-10-10,S003,P0003,41,53.349693
2023-10-10,S004,P0013,81,78.82201
2023-10-10,S005,P0003,36,27.491444
2023-10-10,S002,P0015,127,116.78111
2023-10-10,S005,P0018,190,158.70374
2023-10-10,S004,P0004,65,72.95091
2023-10-10,S002,P0007,38,47.68412
2023-10-10,S004,P0012,63,66.42704
2023-10-10,S001,P0001,43,49.35205
2023-10-10,S004,P0005,88,93.49007
2023-10-10,S001,P0020,33,27.433708
2023-10-10,S005,P0006,99,94.38554
2023-10-10,S004,P0010,37,47.09574
2023-10-10,S004,P0006,66,93.55014
2023-10-10,S004,P0016,34,27.839956
2023-10-10,S005,P0008,84,75.84963
2023-10-10,S004,P0011,38,56.631462
2023-10-10,S004,P0007,106,108.78061
2023-10-10,S005,P0011,43,59.159546
2023-10-10,S004,P0009,98,94.50567
2023-10-10,S001,P0009,68,82.45776
2023-10-10,S005,P0014,46,35.130203
2023-10-10,S003,P0013,87,87.92336
2023-10-10,S005,P0017,63,40.187305
2023-10-10,S001,P0004,38,48.67592
2023-10-10,S002,P0014,57,50.062313
2023-10-10,S002,P0016,144,131.99551
2023-10-10,S001,P0006,15,39.529453
2023-10-10,S003,P0016,64,57.185913
2023-10-10,S005,P0010,81,73.44937
2023-10-11,S002,P0008,75,72.875916
2023-10-11,S002,P0002,12,26.090607
2023-10-11,S001,P0020,21,34.341465
2023-10-11,S003,P0010,70,82.52487
2023-10-11,S005,P0008,76,83.79809
2023-10-11,S003,P0012,28,24.783365
2023-10-11,S001,P0019,36,38.83403
2023-10-11,S002,P0013,47,62.341652
2023-10-11,S004,P0001,108,86.50473
2023-10-11,S005,P0003,74,49.248165
2023-10-11,S003,P0001,33,30.293852
2023-10-11,S005,P0017,37,37.72268
2023-10-11,S005,P0006,94,107.28118
2023-10-11,S005,P0004,164,114.79588
2023-10-11,S002,P0010,104,91.71284
2023-10-11,S002,P0005,30,46.431778
2023-10-11,S001,P0013,14,35.473164
2023-10-11,S005,P0020,26,31.648434
2023-10-11,S005,P0001,100,90.74709
2023-10-11,S004,P0006,107,93.035
2023-10-11,S002,P0001,46,74.60512
2023-10-11,S004,P0019,68,71.771194
2023-10-11,S004,P0013,78,68.07845
2023-10-11,S004,P0018,15,25.596996
2023-10-11,S003,P0014,59,82.97287
2023-10-11,S003,P0013,80,78.95566
2023-10-11,S001,P0016,102,89.31156
2023-10-11,S004,P0002,46,48.23918
2023-10-11,S004,P0007,27,88.44154
2023-10-11,S001,P0007,133,113.10559
2023-10-11,S004,P0009,62,80.45283
2023-10-11,S005,P0019,48,42.241962
2023-10-11,S001,P0012,29,68.841545
2023-10-11,S003,P0008,72,81.035416
2023-10-11,S005,P0014,37,47.76876
2023-10-11,S005,P0009,89,103.9787
2023-10-11,S002,P0004,35,107.74088
2023-10-11,S004,P0015,19,23.97197
2023-10-11,S004,P0010,112,84.68274
2023-10-11,S001,P0004,72,81.417015
2023-10-11,S003,P0002,65,79.36822
2023-10-11,S002,P0016,144,113.09405
2023-10-11,S004,P0008,28,29.161747
2023-10-11,S005,P0015,124,88.53344
2023-10-11,S003,P0018,63,39.43985
2023-10-11,S004,P0005,75,81.80777
2023-10-11,S004,P0012,49,48.95384
2023-10-11,S005,P0016,21,22.345037
2023-10-11,S001,P0001,82,61.8388
2023-10-11,S001,P0010,50,45.332264
2023-10-11,S002,P0012,51,43.179413
2023-10-11,S002,P0020,42,35.139305
2023-10-11,S003,P0007,102,87.557106
2023-10-11,S002,P0017,23,25.469053
2023-10-11,S001,P0018,80,88.99065
2023-10-11,S001,P0015,41,30.782372
2023-10-11,S001,P0005,54,75.652
2023-10-11,S004,P0003,30,36.93427
2023-10-11,S003,P0006,54,41.85269
2023-10-11,S001,P0006,34,39.607418
2023-10-11,S003,P0016,55,53.09663
2023-10-11,S004,P0004,124,98.55492
2023-10-11,S001,P0008,63,57.020966
2023-10-11,S003,P0004,64,79.58214
2023-10-11,S004,P0014,53,49.33741
2023-10-11,S001,P0003,191,168.78156
2023-10-11,S005,P0010,40,86.66022
2023-10-11,S005,P0018,139,126.47319
2023-10-11,S003,P0005,29,26.646973
2023-10-11,S001,P0014,143,134.57877
2023-10-11,S004,P0011,102,75.03744
2023-10-11,S003,P0015,125,108.27402
2023-10-11,S001,P0011,36,36.5326
2023-10-11,S002,P0011,66,67.58575
2023-10-11,S005,P0002,44,56.87225
2023-10-11,S001,P0002,110,130.88245
2023-10-11,S002,P0018,116,104.259
2023-10-11,S004,P0016,39,29.923138
2023-10-11,S003,P0020,71,85.893456
2023-10-11,S002,P0019,133,116.938286
2023-10-11,S002,P0015,127,107.34832
2023-10-11,S003,P0019,111,83.30333
2023-10-11,S004,P0020,42,34.59272
2023-10-11,S003,P0017,21,25.80536
2023-10-11,S005,P0007,88,105.600296
2023-10-11,S005,P0013,74,93.95679
2023-10-11,S003,P0011,35,57.86557
2023-10-11,S001,P0009,119,117.35009
2023-10-11,S003,P0003,58,70.24645
2023-10-11,S003,P0009,61,67.198105
2023-10-11,S005,P0012,35,35.269794
2023-10-11,S002,P0009,73,71.04324
2023-10-11,S002,P0006,119,98.26241
2023-10-11,S002,P0007,37,36.88741
2023-10-11,S002,P0003,68,89.72449
2023-10-11,S002,P0014,65,64.71428
2023-10-11,S004,P0017,53,82.80518
2023-10-11,S005,P0011,45,52.502033
2023-10-11,S005,P0005,104,92.96098
2023-10-11,S001,P0017,17,30.555847
2023-10-12,S003,P0006,17,30.934048
2023-10-12,S002,P0011,113,134.35074
2023-10-12,S001,P0013,28,38.54219
2023-10-12,S004,P0016,42,31.211887
2023-10-12,S004,P0015,31,31.062574
2023-10-12,S001,P0001,49,59.652424
2023-10-12,S001,P0018,99,90.58683
2023-10-12,S002,P0019,192,178.4078
2023-10-12,S001,P0002,141,142.9317
2023-10-12,S002,P0015,240,152.61604
2023-10-12,S003,P0004,47,68.9748
2023-10-12,S005,P0018,98,101.78787
2023-10-12,S001,P0014,75,74.09483
2023-10-12,S003,P0015,132,122.42299
2023-10-12,S003,P0011,51,75.23739
2023-10-12,S001,P0003,76,83.60404
2023-10-12,S001,P0011,36,35.653065
2023-10-12,S001,P0016,87,80.33229
2023-10-12,S003,P0003,43,57.472343
2023-10-12,S005,P0013,129,108.6822
2023-10-12,S003,P0017,23,33.063606
2023-10-12,S002,P0012,51,54.95846
2023-10-12,S004,P0004,50,78.9748
2023-10-12,S004,P0012,56,64.70049
2023-10-12,S004,P0002,91,63.187874
2023-10-12,S004,P0011,47,50.05751
2023-10-12,S002,P0009,64,76.91186
2023-10-12,S005,P0009,75,83.4855
2023-10-12,S002,P0020,31,36.945614
2023-10-12,S004,P0020,51,37.369785
2023-10-12,S002,P0017,28,33.656113
2023-10-12,S003,P0010,85,96.5626
2023-10-12,S001,P0020,36,31.035112
2023-10-12,S004,P0018,75,41.908833
2023-10-12,S001,P0006,33,31.630827
2023-10-12,S005,P0005,87,81.57034
2023-10-12,S002,P0016,77,100.732315
2023-10-12,S005,P0020,42,28.51129
2023-10-12,S005,P0008,39,93.52074
2023-10-12,S005,P0007,48,65.61909
2023-10-12,S004,P0008,41,39.573906
2023-10-12,S003,P0007,62,70.74424
2023-10-12,S005,P0017,45,44.04942
2023-10-12,S002,P0018,157,152.84584
2023-10-12,S002,P0007,17,25.715382
2023-10-12,S002,P0006,152,129.63646
2023-10-12,S004,P0003,28,30.79718
2023-10-12,S005,P0016,19,19.93288
2023-10-12,S003,P0019,78,73.56311
2023-10-12,S005,P0012,54,41.830643
2023-10-12,S003,P0020,112,98.92772
2023-10-12,S005,P0011,45,53.71003
2023-10-12,S003,P0013,119,101.536354
2023-10-12,S001,P0004,57,52.871914
2023-10-12,S003,P0005,14,23.703024
2023-10-12,S003,P0014,96,105.21671
2023-10-12,S004,P0006,53,65.073456
2023-10-12,S003,P0002,78,77.11944
2023-10-12,S001,P0009,93,94.30506
2023-10-12,S004,P0005,131,123.54291
2023-10-12,S003,P0008,88,104.00702
2023-10-12,S001,P0012,103,82.40496
2023-10-12,S005,P0010,88,82.51841
2023-10-12,S004,P0014,62,51.55115
2023-10-12,S003,P0001,36,43.083282
2023-10-12,S005,P0003,57,34.252716
2023-10-12,S004,P0010,81,83.09041
2023-10-12,S001,P0008,93,67.58781
2023-10-12,S002,P0001,111,103.51288
2023-10-12,S005,P0001,59,78.09219
2023-10-12,S003,P0012,50,43.697056
2023-10-12,S002,P0003,83,86.77546
2023-10-12,S004,P0017,147,134.60437
2023-10-12,S005,P0015,124,70.16491
2023-10-12,S003,P0016,101,63.796535
2023-10-12,S002,P0014,99,89.45937
2023-10-12,S005,P0019,51,45.08131
2023-10-12,S005,P0014,45,43.36605
2023-10-12,S001,P0017,59,34.63595
2023-10-12,S001,P0015,29,26.382244
2023-10-12,S001,P0007,77,68.89517
2023-10-12,S003,P0018,73,51.72066
2023-10-12,S002,P0005,72,78.42472
2023-10-12,S005,P0002,66,55.013382
2023-10-12,S004,P0013,96,90.696686
2023-10-12,S004,P0019,88,77.294304
2023-10-12,S001,P0019,40,36.907837
2023-10-12,S004,P0001,146,100.58928
2023-10-12,S003,P0009,97,80.30995
2023-10-12,S002,P0008,122,110.91611
2023-10-12,S001,P0010,62,43.920856
2023-10-12,S005,P0006,88,74.9502
2023-10-12,S002,P0010,122,130.67603
2023-10-12,S002,P0013,60,80.60362
2023-10-12,S002,P0004,80,91.55364
2023-10-12,S004,P0009,60,71.91269
2023-10-12,S001,P0005,102,87.735016
2023-10-12,S004,P0007,71,77.61226
2023-10-12,S005,P0004,64,57.31046
2023-10-12,S002,P0002,28,27.081244
2023-10-13,S001,P0003,57,69.58044
2023-10-13,S004,P0015,29,27.229904
2023-10-13,S005,P0020,49,35.39443
2023-10-13,S001,P0018,163,107.64986
2023-10-13,S004,P0005,114,133.12953
2023-10-13,S005,P0001,37,62.341206
2023-10-13,S003,P0008,88,97.55867
2023-10-13,S002,P0006,63,67.714554
2023-10-13,S001,P0008,24,50.51125
2023-10-13,S003,P0020,140,122.24989
2023-10-13,S003,P0015,102,110.10653
2023-10-13,S001,P0015,39,24.326939
2023-10-13,S002,P0012,104,60.88464
2023-10-13,S002,P0016,157,133.45503
2023-10-13,S001,P0005,79,83.95879
2023-10-13,S004,P0009,73,79.01516
2023-10-13,S003,P0005,79,49.08892
2023-10-13,S001,P0002,95,106.761284
2023-10-13,S003,P0014,130,115.59174
2023-10-13,S002,P0013,103,76.2712
2023-10-13,S002,P0015,131,110.663795
2023-10-13,S004,P0011,95,88.3251
2023-10-13,S004,P0006,90,81.376366
2023-10-13,S004,P0003,31,34.49438
2023-10-13,S003,P0012,70,46.702988
2023-10-13,S002,P0005,66,61.456913
2023-10-13,S005,P0010,53,70.74102
2023-10-13,S001,P0001,38,42.62782
2023-10-13,S005,P0003,37,29.558575
2023-10-13,S003,P0001,39,38.43895
2023-10-13,S001,P0009,92,99.04438
2023-10-13,S002,P0004,82,94.308784
2023-10-13,S001,P0016,78,93.86982
2023-10-13,S002,P0001,65,67.10122
2023-10-13,S003,P0010,101,88.953094
2023-10-13,S005,P0016,17,24.614693
2023-10-13,S002,P0003,77,61.985844
2023-10-13,S001,P0011,24,28.17652
2023-10-13,S003,P0009,30,70.75776
2023-10-13,S003,P0002,91,88.21086
2023-10-13,S003,P0007,82,82.06486
2023-10-13,S004,P0010,109,82.642136
2023-10-13,S004,P0014,32,32.887085
2023-10-13,S003,P0017,38,35.287548
2023-10-13,S001,P0012,78,84.48378
2023-10-13,S004,P0002,44,72.930565
2023-10-13,S003,P0004,114,100.46791
2023-10-13,S005,P0009,38,60.815754
2023-10-13,S004,P0016,81,52.320198
2023-10-13,S001,P0014,71,80.56856
2023-10-13,S005,P0006,51,69.81174
2023-10-13,S005,P0008,85,77.02106
2023-10-13,S003,P0018,35,57.54914
2023-10-13,S004,P0001,86,73.01444
2023-10-13,S004,P0019,131,127.863625
2023-10-13,S001,P0019,23,37.03026
2023-10-13,S005,P0011,40,43.906822
2023-10-13,S004,P0017,134,117.68203
2023-10-13,S005,P0002,37,45.63671
2023-10-13,S005,P0005,69,81.66604
2023-10-13,S004,P0012,36,58.0816
2023-10-13,S001,P0017,51,28.871517
2023-10-13,S002,P0014,47,46.93019
2023-10-13,S001,P0020,44,39.711403
2023-10-13,S005,P0017,18,33.449535
2023-10-13,S002,P0009,51,63.80076
2023-10-13,S005,P0004,65,85.873436
2023-10-13,S002,P0007,15,22.062563
2023-10-13,S003,P0011,64,72.10947
2023-10-13,S004,P0020,50,42.634327
2023-10-13,S002,P0008,75,72.99439
2023-10-13,S001,P0010,32,30.601068
2023-10-13,S005,P0007,53,71.766785
2023-10-13,S004,P0013,54,74.21562
2023-10-13,S005,P0012,57,39.763985
2023-10-13,S002,P0018,83,106.72387
2023-10-13,S002,P0010,52,67.6894
2023-10-13,S002,P0019,130,123.50806
2023-10-13,S004,P0007,88,90.86545
2023-10-13,S005,P0018,192,175.32422
2023-10-13,S005,P0013,95,84.27253
2023-10-13,S001,P0004,44,59.937244
2023-10-13,S001,P0013,23,32.61154
2023-10-13,S004,P0008,37,32.934273
2023-10-13,S002,P0011,87,78.38098
2023-10-13,S002,P0017,8,21.394009
2023-10-13,S001,P0007,117,79.287605
2023-10-13,S003,P0013,76,85.83026
2023-10-13,S002,P0002,12,23.36916
2023-10-13,S003,P0016,70,82.03912
2023-10-13,S005,P0019,31,35.88377
2023-10-13,S003,P0006,36,34.58617
2023-10-13,S005,P0015,123,74.86111
2023-10-13,S002,P0020,47,40.73791
2023-10-13,S004,P0004,92,101.6186
2023-10-13,S005,P0014,37,32.57153
2023-10-13,S004,P0018,16,39.828197
2023-10-13,S003,P0019,171,127.728455
2023-10-13,S003,P0003,33,56.34605
2023-10-13,S001,P0006,33,29.183546
2023-10-14,S002,P0008,97,79.96948
2023-10-14,S003,P0002,100,91.253815
2023-10-14,S005,P0012,33,40.308952
2023-10-14,S001,P0019,46,36.15534
2023-10-14,S002,P0015,121,104.513145
2023-10-14,S001,P0020,32,31.831348
2023-10-14,S005,P0018,189,144.97995
2023-10-14,S005,P0010,87,86.567474
2023-10-14,S005,P0005,51,74.245964
2023-10-14,S002,P0002,46,36.83319
2023-10-14,S001,P0015,27,25.261763
2023-10-14,S004,P0006,38,90.85389
2023-10-14,S004,P0019,96,95.4217
2023-10-14,S002,P0007,26,34.078438
2023-10-14,S003,P0018,59,36.230698
2023-10-14,S004,P0012,72,71.622795
2023-10-14,S003,P0004,68,70.46525
2023-10-14,S001,P0008,39,42.03098
2023-10-14,S004,P0008,42,37.320984
2023-10-14,S004,P0018,49,41.3584
2023-10-14,S005,P0011,44,43.36935
2023-10-14,S002,P0009,78,81.19924
2023-10-14,S001,P0016,61,70.549515
2023-10-14,S004,P0017,88,109.19244
2023-10-14,S001,P0017,14,27.925304
2023-10-14,S005,P0013,79,82.55915
2023-10-14,S001,P0010,59,45.986584
2023-10-14,S002,P0014,87,77.495926
2023-10-14,S005,P0007,45,76.85081
2023-10-14,S005,P0008,82,73.42827
2023-10-14,S005,P0006,107,90.51641
2023-10-14,S002,P0004,54,79.452446
2023-10-14,S001,P0009,124,123.79972
2023-10-14,S003,P0007,59,74.132164
2023-10-14,S004,P0020,43,38.33717
2023-10-14,S004,P0001,130,93.374344
2023-10-14,S005,P0004,38,63.886063
2023-10-14,S002,P0017,27,25.379446
2023-10-14,S004,P0013,66,77.86448
2023-10-14,S005,P0020,10,23.692696
2023-10-14,S001,P0005,153,96.37166
2023-10-14,S002,P0019,117,107.83186
2023-10-14,S003,P0003,60,53.618107
2023-10-14,S005,P0017,19,31.77565
2023-10-14,S005,P0002,70,58.14307
2023-10-14,S003,P0011,54,59.862595
2023-10-14,S002,P0006,118,99.429115
2023-10-14,S002,P0003,18,58.48951
2023-10-14,S001,P0006,35,30.167238
2023-10-14,S003,P0017,16,25.266695
2023-10-14,S001,P0007,118,96.72643
2023-10-14,S004,P0014,42,46.35896
2023-10-14,S002,P0018,131,107.83952
2023-10-14,S003,P0020,68,86.26133
2023-10-14,S001,P0001,34,42.80876
2023-10-14,S004,P0016,43,37.463955
2023-10-14,S004,P0010,85,101.350235
2023-10-14,S002,P0005,68,58.53752
2023-10-14,S001,P0013,12,28.69976
2023-10-14,S004,P0015,74,45.48111
2023-10-14,S001,P0003,67,72.89841
2023-10-14,S001,P0002,184,204.78693
2023-10-14,S002,P0013,73,65.14687
2023-10-14,S001,P0004,50,47.317207
2023-10-14,S003,P0019,64,59.368145
2023-10-14,S004,P0003,42,39.258724
2023-10-14,S001,P0018,106,81.22369
2023-10-14,S002,P0011,79,77.591415
2023-10-14,S003,P0015,82,76.36484
2023-10-14,S004,P0009,115,114.96
2023-10-14,S004,P0011,114,88.80725
2023-10-14,S003,P0005,26,36.217136
2023-10-14,S001,P0012,98,83.96966
2023-10-14,S004,P0002,108,99.851685
2023-10-14,S002,P0001,105,84.38957
2023-10-14,S005,P0016,25,22.990076
2023-10-14,S003,P0016,93,54.888557
2023-10-14,S001,P0014,69,75.72028
2023-10-14,S002,P0016,92,88.48147
2023-10-14,S001,P0011,18,27.738886
2023-10-14,S004,P0007,25,96.2689
2023-10-14,S003,P0014,92,81.63169
2023-10-14,S004,P0005,137,145.65138
2023-10-14,S003,P0010,80,98.30192
2023-10-14,S005,P0003,30,27.926262
2023-10-14,S002,P0010,66,82.65705
2023-10-14,S005,P0019,22,29.318733
2023-10-14,S003,P0009,67,75.487274
2023-10-14,S003,P0013,107,83.03196
2023-10-14,S003,P0001,18,31.1397
2023-10-14,S003,P0008,70,84.210045
2023-10-14,S005,P0014,36,38.662388
2023-10-14,S004,P0004,53,95.74258
2023-10-14,S002,P0020,31,32.645115
2023-10-14,S005,P0009,31,82.57128
2023-10-14,S002,P0012,70,60.316776
2023-10-14,S005,P0015,100,77.403885
2023-10-14,S003,P0006,19,28.211874
2023-10-14,S003,P0012,45,36.27621
2023-10-14,S005,P0001,47,63.112556
2023-10-15,S003,P0005,28,30.330986
2023-10-15,S003,P0018,34,43.9603
2023-10-15,S004,P0016,23,32.065628
2023-10-15,S005,P0011,64,45.563522
2023-10-15,S005,P0012,37,30.96262
2023-10-15,S001,P0017,34,27.02755
2023-10-15,S005,P0018,209,182.2206
2023-10-15,S002,P0019,70,93.20036
2023-10-15,S001,P0003,80,80.49026
2023-10-15,S002,P0014,110,83.429985
2023-10-15,S004,P0005,131,124.95059
2023-10-15,S001,P0002,114,124.261086
2023-10-15,S003,P0020,94,91.74137
2023-10-15,S004,P0011,71,64.42309
2023-10-15,S003,P0015,197,192.66344
2023-10-15,S003,P0002,92,80.67398
2023-10-15,S002,P0006,117,114.741425
2023-10-15,S001,P0014,103,97.52363
2023-10-15,S005,P0010,35,65.01371
2023-10-15,S001,P0008,65,51.09912
2023-10-15,S004,P0006,56,81.737144
2023-10-15,S004,P0017,105,111.447
2023-10-15,S004,P0020,24,34.625748
2023-10-15,S005,P0007,108,92.099075
2023-10-15,S002,P0017,25,27.458311
2023-10-15,S002,P0009,77,72.914825
2023-10-15,S002,P0011,63,74.568344
2023-10-15,S002,P0020,32,36.82547
2023-10-15,S003,P0013,94,86.99406
2023-10-15,S004,P0010,109,91.36214
2023-10-15,S004,P0008,34,36.941723
2023-10-15,S005,P0016,27,19.778685
2023-10-15,S001,P0013,33,32.938118
2023-10-15,S005,P0003,21,25.176287
2023-10-15,S004,P0002,50,76.64352
2023-10-15,S001,P0012,46,61.054317
2023-10-15,S003,P0003,65,53.241226
2023-10-15,S003,P0012,30,31.606827
2023-10-15,S002,P0012,63,47.92899
2023-10-15,S005,P0009,86,85.20558
2023-10-15,S004,P0004,84,95.74942
2023-10-15,S005,P0001,32,61.873096
2023-10-15,S005,P0013,27,58.087967
2023-10-15,S003,P0014,100,98.27824
2023-10-15,S001,P0009,127,107.95418
2023-10-15,S005,P0005,102,78.272224
2023-10-15,S003,P0011,49,55.354168
2023-10-15,S002,P0007,47,28.433128
2023-10-15,S003,P0006,52,37.2069
2023-10-15,S003,P0010,62,83.51315
2023-10-15,S003,P0001,35,36.090755
2023-10-15,S004,P0003,34,40.59656
2023-10-15,S002,P0003,110,84.834625
2023-10-15,S004,P0012,61,53.7293
2023-10-15,S004,P0019,114,104.94002
2023-10-15,S001,P0005,50,64.59783
2023-10-15,S005,P0015,104,96.57512
2023-10-15,S002,P0010,94,80.71574
2023-10-15,S001,P0007,74,76.086845
2023-10-15,S005,P0020,32,26.240368
2023-10-15,S005,P0004,78,75.07706
2023-10-15,S001,P0004,48,43.60878
2023-10-15,S002,P0001,53,73.02528
2023-10-15,S001,P0006,30,28.277231
2023-10-15,S001,P0020,32,30.464727
2023-10-15,S002,P0004,63,82.70422
2023-10-15,S005,P0008,91,77.77944
2023-10-15,S001,P0015,39,28.594168
2023-10-15,S001,P0001,28,43.763603
2023-10-15,S004,P0013,117,95.48767
2023-10-15,S003,P0016,67,58.16731
2023-10-15,S005,P0002,46,44.24137
2023-10-15,S004,P0018,39,49.298256
2023-10-15,S002,P0005,45,51.480675
2023-10-15,S003,P0019,57,71.0068
2023-10-15,S004,P0015,68,50.8572
2023-10-15,S002,P0013,65,71.02973
2023-10-15,S002,P0015,217,160.17938
2023-10-15,S005,P0014,23,33.500668
2023-10-15,S003,P0008,94,100.734055
2023-10-15,S004,P0001,56,76.69673
2023-10-15,S005,P0019,9,26.241438
2023-10-15,S001,P0019,46,33.349884
2023-10-15,S005,P0017,17,33.798588
2023-10-15,S004,P0014,57,49.812176
2023-10-15,S002,P0016,133,113.170654
2023-10-15,S004,P0007,86,91.220184
2023-10-15,S002,P0008,99,82.185425
2023-10-15,S002,P0018,89,118.30153
2023-10-15,S002,P0002,47,35.36517
2023-10-15,S003,P0009,77,70.49725
2023-10-15,S003,P0004,98,80.658615
2023-10-15,S001,P0016,95,80.567825
2023-10-15,S001,P0018,83,88.59481
2023-10-15,S003,P0017,38,33.13426
2023-10-15,S003,P0007,71,75.73698
2023-10-15,S004,P0009,140,129.46239
2023-10-15,S001,P0010,27,30.621603
2023-10-15,S001,P0011,38,32.97329
2023-10-15,S005,P0006,90,78.953064
2023-10-16,S004,P0009,43,74.493675
2023-10-16,S002,P0019,123,115.52646
2023-10-16,S003,P0015,67,84.00473
2023-10-16,S003,P0014,48,67.06955
2023-10-16,S002,P0020,17,37.62968
2023-10-16,S004,P0007,52,71.64616
2023-10-16,S002,P0016,92,93.595924
2023-10-16,S003,P0016,52,55.97722
2023-10-16,S001,P0014,56,62.790333
2023-10-16,S001,P0018,98,84.88895
2023-10-16,S003,P0009,70,70.19564
2023-10-16,S001,P0002,54,75.20952
2023-10-16,S004,P0011,95,77.73516
2023-10-16,S003,P0019,67,71.56356
2023-10-16,S001,P0010,12,28.57574
2023-10-16,S001,P0017,8,27.243204
2023-10-16,S003,P0012,16,29.198633
2023-10-16,S005,P0010,87,70.36733
2023-10-16,S005,P0001,81,68.80236
2023-10-16,S004,P0013,117,86.52644
2023-10-16,S003,P0005,23,32.182705
2023-10-16,S003,P0020,194,139.265
2023-10-16,S002,P0013,67,78.69581
2023-10-16,S005,P0019,46,39.289547
2023-10-16,S004,P0001,47,61.87041
2023-10-16,S005,P0014,28,29.893253
2023-10-16,S002,P0002,62,35.69644
2023-10-16,S002,P0004,78,78.95622
2023-10-16,S005,P0013,112,95.00354
2023-10-16,S001,P0003,76,81.04365
2023-10-16,S002,P0010,80,79.476746
2023-10-16,S003,P0003,44,54.03917
2023-10-16,S004,P0012,40,44.349644
2023-10-16,S004,P0019,74,73.34214
2023-10-16,S005,P0006,61,87.963455
2023-10-16,S002,P0011,112,104.02222
2023-10-16,S004,P0004,82,74.490685
2023-10-16,S004,P0016,21,28.04369
2023-10-16,S004,P0015,72,43.085423
2023-10-16,S001,P0007,80,75.77736
2023-10-16,S003,P0013,90,95.51253
2023-10-16,S001,P0013,48,38.220737
2023-10-16,S001,P0004,49,45.508423
2023-10-16,S002,P0017,44,29.968082
2023-10-16,S001,P0006,39,36.21617
2023-10-16,S002,P0012,78,50.292248
2023-10-16,S003,P0006,31,33.912872
2023-10-16,S005,P0015,69,74.55504
2023-10-16,S002,P0005,79,69.83222
2023-10-16,S004,P0017,85,92.21724
2023-10-16,S004,P0003,52,39.207207
2023-10-16,S001,P0005,114,90.64264
2023-10-16,S005,P0012,28,30.612307
2023-10-16,S003,P0001,18,28.179434
2023-10-16,S005,P0007,112,99.946556
2023-10-16,S005,P0017,17,30.701656
2023-10-16,S005,P0003,30,27.945137
2023-10-16,S001,P0019,18,30.123938
2023-10-16,S002,P0014,39,50.37005
2023-10-16,S005,P0018,134,136.46124
2023-10-16,S002,P0009,94,77.82608
2023-10-16,S002,P0018,77,84.672874
2023-10-16,S002,P0001,101,87.96533
2023-10-16,S003,P0010,105,87.23976
2023-10-16,S005,P0011,58,43.788902
2023-10-16,S005,P0008,62,68.86382
2023-10-16,S001,P0020,25,36.21839
2023-10-16,S003,P0008,63,79.64186
2023-10-16,S005,P0005,41,72.06424
2023-10-16,S004,P0008,27,26.07037
2023-10-16,S003,P0018,64,40.879635
2023-10-16,S005,P0009,93,88.01717
2023-10-16,S002,P0007,13,24.059862
2023-10-16,S002,P0008,63,73.214874
2023-10-16,S001,P0001,46,44.12307
2023-10-16,S005,P0004,56,66.49353
2023-10-16,S004,P0020,14,32.363808
2023-10-16,S001,P0015,9,20.027285
2023-10-16,S003,P0002,75,78.5355
2023-10-16,S002,P0006,147,136.75008
2023-10-16,S005,P0020,37,33.258713
2023-10-16,S003,P0011,62,54.99865
2023-10-16,S001,P0012,94,77.510376
2023-10-16,S001,P0016,77,80.19059
2023-10-16,S005,P0002,26,38.643986
2023-10-16,S002,P0015,147,122.288864
2023-10-16,S004,P0018,56,38.013027
2023-10-16,S004,P0002,56,64.049034
2023-10-16,S005,P0016,17,21.131912
2023-10-16,S001,P0011,34,27.919392
2023-10-16,S004,P0014,55,42.254307
2023-10-16,S004,P0005,125,128.84015
2023-10-16,S003,P0017,35,34.918625
2023-10-16,S004,P0010,77,75.222206
2023-10-16,S001,P0009,91,90.38432
2023-10-16,S003,P0007,64,72.51441
2023-10-16,S004,P0006,75,85.18787
2023-10-16,S003,P0004,55,70.51801
2023-10-16,S002,P0003,62,68.977715
2023-10-16,S001,P0008,42,46.821056
2023-10-17,S004,P0016,41,31.586416
2023-10-17,S005,P0005,29,71.79815
2023-10-17,S004,P0019,87,80.0199
2023-10-17,S002,P0006,114,109.2713
2023-10-17,S001,P0010,16,35.261158
2023-10-17,S004,P0008,39,33.249176
2023-10-17,S004,P0015,39,31.794462
2023-10-17,S003,P0018,56,36.425377
2023-10-17,S001,P0020,34,36.21155
2023-10-17,S005,P0011,88,74.79336
2023-10-17,S004,P0020,38,36.241955
2023-10-17,S002,P0014,44,63.539852
2023-10-17,S002,P0018,122,104.99957
2023-10-17,S003,P0019,103,88.44841
2023-10-17,S003,P0010,31,81.99312
2023-10-17,S001,P0002,80,109.649925
2023-10-17,S005,P0002,90,72.1018
2023-10-17,S004,P0009,141,118.36031
2023-10-17,S004,P0011,90,66.439125
2023-10-17,S003,P0012,35,33.85454
2023-10-17,S003,P0020,114,103.42946
2023-10-17,S002,P0005,44,48.654877
2023-10-17,S004,P0007,93,82.95586
2023-10-17,S002,P0013,93,86.77997
2023-10-17,S005,P0020,52,36.462074
2023-10-17,S001,P0004,69,69.58472
2023-10-17,S002,P0010,47,62.346764
2023-10-17,S002,P0011,73,69.42181
2023-10-17,S004,P0001,90,85.99915
2023-10-17,S001,P0017,45,41.27451
2023-10-17,S005,P0004,80,88.368126
2023-10-17,S003,P0015,145,123.36368
2023-10-17,S001,P0015,67,33.8099
2023-10-17,S003,P0002,132,103.17919
2023-10-17,S002,P0019,211,166.29729
2023-10-17,S004,P0003,38,43.58052
2023-10-17,S003,P0014,136,116.929375
2023-10-17,S005,P0018,72,73.75413
2023-10-17,S002,P0007,41,31.843035
2023-10-17,S005,P0007,61,86.96457
2023-10-17,S001,P0014,86,104.231705
2023-10-17,S003,P0003,48,62.273438
2023-10-17,S001,P0016,31,76.05199
2023-10-17,S002,P0004,59,102.548485
2023-10-17,S001,P0007,75,86.73688
2023-10-17,S002,P0015,127,109.18806
2023-10-17,S002,P0001,132,99.09912
2023-10-17,S001,P0003,230,161.79459
2023-10-17,S005,P0017,39,44.974277
2023-10-17,S005,P0016,11,21.04686
2023-10-17,S001,P0018,141,108.7424
2023-10-17,S004,P0004,81,104.20982
2023-10-17,S001,P0013,35,45.731876
2023-10-17,S003,P0017,64,50.23106
2023-10-17,S001,P0005,56,76.379875
2023-10-17,S002,P0002,34,42.63848
2023-10-17,S005,P0006,117,96.63519
2023-10-17,S001,P0011,79,54.311256
2023-10-17,S003,P0013,97,103.53879
2023-10-17,S001,P0019,28,48.642048
2023-10-17,S003,P0007,56,69.6279
2023-10-17,S002,P0003,71,80.85931
2023-10-17,S004,P0005,116,113.00236
2023-10-17,S002,P0020,23,30.350248
2023-10-17,S004,P0006,80,73.770035
2023-10-17,S005,P0008,103,93.62364
2023-10-17,S003,P0011,148,103.73319
2023-10-17,S003,P0016,52,55.10373
2023-10-17,S004,P0012,33,46.8032
2023-10-17,S001,P0009,163,128.85095
2023-10-17,S005,P0012,46,41.834892
2023-10-17,S003,P0005,29,30.0992
2023-10-17,S004,P0013,51,81.69405
2023-10-17,S002,P0016,114,106.70199
2023-10-17,S005,P0009,75,80.46155
2023-10-17,S003,P0004,125,94.80415
2023-10-17,S005,P0003,43,39.589043
2023-10-17,S001,P0001,66,67.583435
2023-10-17,S005,P0010,86,80.31806
2023-10-17,S005,P0015,137,98.40204
2023-10-17,S004,P0002,141,98.95451
2023-10-17,S001,P0008,47,52.424088
2023-10-17,S001,P0012,76,85.42214
2023-10-17,S004,P0017,157,142.91194
2023-10-17,S004,P0010,102,81.50574
2023-10-17,S004,P0018,66,37.200684
2023-10-17,S003,P0008,55,75.66308
2023-10-17,S005,P0014,63,49.528717
2023-10-17,S002,P0008,108,80.083145
2023-10-17,S004,P0014,29,40.405426
2023-10-17,S005,P0019,53,54.05608
2023-10-17,S005,P0013,173,137.3062
2023-10-17,S003,P0006,34,32.610497
2023-10-17,S002,P0009,107,81.782715
2023-10-17,S005,P0001,74,86.42968
2023-10-17,S003,P0009,59,64.83897
2023-10-17,S002,P0012,27,38.49783
2023-10-17,S001,P0006,33,34.51334
2023-10-17,S003,P0001,66,48.58624
2023-10-17,S002,P0017,49,32.815247
2023-10-18,S002,P0019,115,118.817505
2023-10-18,S005,P0003,54,35.59304
2023-10-18,S004,P0019,92,84.53624
2023-10-18,S005,P0006,80,91.641174
2023-10-18,S005,P0011,43,38.36552
2023-10-18,S002,P0014,33,53.935776
2023-10-18,S002,P0012,62,67.62784
2023-10-18,S001,P0001,20,40.98306
2023-10-18,S005,P0007,110,90.509995
2023-10-18,S003,P0005,15,23.094118
2023-10-18,S004,P0005,108,106.05977
2023-10-18,S003,P0014,62,75.44783
2023-10-18,S001,P0014,116,94.235016
2023-10-18,S005,P0001,70,63.59629
2023-10-18,S002,P0017,16,31.246073
2023-10-18,S002,P0010,57,72.04633
2023-10-18,S005,P0013,73,79.91541
2023-10-18,S002,P0005,28,46.64369
2023-10-18,S001,P0006,32,35.81819
2023-10-18,S001,P0018,125,86.129166
2023-10-18,S001,P0010,37,35.818348
2023-10-18,S002,P0008,117,103.58725
2023-10-18,S004,P0003,64,50.12136
2023-10-18,S001,P0016,63,87.259766
2023-10-18,S004,P0008,20,36.275074
2023-10-18,S004,P0015,75,45.678886
2023-10-18,S004,P0010,49,69.53695
2023-10-18,S003,P0016,65,68.126495
2023-10-18,S005,P0018,139,122.29582
2023-10-18,S005,P0014,54,44.163452
2023-10-18,S005,P0005,78,67.76477
2023-10-18,S004,P0004,120,99.856224
2023-10-18,S001,P0008,73,58.932125
2023-10-18,S004,P0002,154,101.78331
2023-10-18,S003,P0012,47,40.20931
2023-10-18,S005,P0009,115,121.56606
2023-10-18,S004,P0009,86,118.28037
2023-10-18,S001,P0004,71,61.737244
2023-10-18,S005,P0012,31,36.25359
2023-10-18,S003,P0019,54,58.546185
2023-10-18,S004,P0007,111,104.12443
2023-10-18,S003,P0007,78,80.72792
2023-10-18,S001,P0002,156,147.93814
2023-10-18,S003,P0008,133,122.764145
2023-10-18,S003,P0017,34,34.746246
2023-10-18,S002,P0015,155,126.720055
2023-10-18,S002,P0016,54,93.99601
2023-10-18,S004,P0013,51,60.88556
2023-10-18,S004,P0001,75,72.12121
2023-10-18,S002,P0007,77,45.775196
2023-10-18,S005,P0008,90,88.34876
2023-10-18,S005,P0019,46,37.064537
2023-10-18,S005,P0010,128,81.16715
2023-10-18,S001,P0017,42,36.81714
2023-10-18,S005,P0017,8,33.311962
2023-10-18,S001,P0015,29,26.200306
2023-10-18,S005,P0020,18,29.38453
2023-10-18,S004,P0012,80,71.19401
2023-10-18,S005,P0016,54,36.429058
2023-10-18,S003,P0013,98,85.371056
2023-10-18,S004,P0017,153,154.09647
2023-10-18,S002,P0018,134,110.10742
2023-10-18,S002,P0006,96,103.68751
2023-10-18,S003,P0002,89,98.493614
2023-10-18,S002,P0013,62,68.47801
2023-10-18,S002,P0004,13,99.6374
2023-10-18,S004,P0011,52,48.60473
2023-10-18,S005,P0015,43,70.53555
2023-10-18,S001,P0005,37,68.93238
2023-10-18,S003,P0009,82,71.69201
2023-10-18,S004,P0006,85,93.88075
2023-10-18,S004,P0018,53,36.256706
2023-10-18,S003,P0011,75,68.59825
2023-10-18,S003,P0004,127,90.09947
2023-10-18,S003,P0018,22,27.389666
2023-10-18,S001,P0011,17,28.6786
2023-10-18,S002,P0003,60,74.19212
2023-10-18,S002,P0001,53,79.01631
2023-10-18,S002,P0020,56,49.47368
2023-10-18,S001,P0007,75,88.57247
2023-10-18,S001,P0003,108,90.304405
2023-10-18,S002,P0011,92,96.572495
2023-10-18,S003,P0006,10,33.668034
2023-10-18,S003,P0010,78,81.5806
2023-10-18,S003,P0015,76,75.84591
2023-10-18,S001,P0009,108,115.338936
2023-10-18,S001,P0019,46,36.520523
2023-10-18,S001,P0013,51,34.45475
2023-10-18,S004,P0020,29,38.56151
2023-10-18,S001,P0020,28,39.23687
2023-10-18,S002,P0002,43,44.571587
2023-10-18,S005,P0004,126,82.624626
2023-10-18,S001,P0012,80,83.28505
2023-10-18,S004,P0016,17,33.76578
2023-10-18,S003,P0003,98,61.951023
2023-10-18,S003,P0020,69,89.15583
2023-10-18,S002,P0009,107,95.42708
2023-10-18,S003,P0001,27,28.1629
2023-10-18,S004,P0014,26,38.792713
2023-10-18,S005,P0002,47,46.74804
2023-10-19,S001,P0015,29,29.4208
2023-10-19,S005,P0008,91,102.99753
2023-10-19,S001,P0020,22,34.992672
2023-10-19,S001,P0004,113,83.32858
2023-10-19,S003,P0003,75,66.74421
2023-10-19,S001,P0014,139,122.95292
2023-10-19,S005,P0017,10,41.3269
2023-10-19,S004,P0016,36,26.9359
2023-10-19,S004,P0001,100,86.19856
2023-10-19,S005,P0014,82,59.071083
2023-10-19,S003,P0009,46,63.559803
2023-10-19,S004,P0018,47,41.140614
2023-10-19,S005,P0002,62,55.28327
2023-10-19,S001,P0019,60,48.259747
2023-10-19,S001,P0005,109,89.72985
2023-10-19,S003,P0001,49,43.717575
2023-10-19,S002,P0003,89,78.24837
2023-10-19,S003,P0004,42,79.16622
2023-10-19,S004,P0014,45,40.01146
2023-10-19,S005,P0016,20,23.67869
2023-10-19,S001,P0006,47,42.272057
2023-10-19,S001,P0009,61,94.912994
2023-10-19,S003,P0016,51,47.622574
2023-10-19,S002,P0017,42,29.162893
2023-10-19,S002,P0001,118,108.118675
2023-10-19,S002,P0010,61,79.49829
2023-10-19,S002,P0008,93,92.00379
2023-10-19,S001,P0001,53,68.39993
2023-10-19,S004,P0007,62,77.582405
2023-10-19,S001,P0016,110,91.08066
2023-10-19,S003,P0008,114,131.05052
2023-10-19,S003,P0017,71,43.416164
2023-10-19,S003,P0007,42,63.147137
2023-10-19,S004,P0019,87,65.59429
2023-10-19,S005,P0006,120,102.423065
2023-10-19,S002,P0009,64,66.032
2023-10-19,S004,P0020,20,29.336899
2023-10-19,S001,P0011,20,38.800217
2023-10-19,S002,P0007,7,18.206186
2023-10-19,S004,P0010,112,91.53149
2023-10-19,S004,P0011,95,82.266655
2023-10-19,S004,P0006,29,76.986916
2023-10-19,S003,P0010,113,100.162926
2023-10-19,S005,P0020,35,32.778564
2023-10-19,S004,P0005,126,111.109436
2023-10-19,S002,P0020,43,37.469402
2023-10-19,S005,P0010,72,105.04897
2023-10-19,S003,P0013,61,74.1457
2023-10-19,S002,P0005,47,48.36536
2023-10-19,S002,P0016,44,76.67617
2023-10-19,S002,P0002,11,26.384642
2023-10-19,S002,P0014,57,64.26335
2023-10-19,S003,P0014,82,89.61612
2023-10-19,S004,P0017,152,131.44305
2023-10-19,S003,P0018,69,44.08325
2023-10-19,S002,P0012,30,39.047703
2023-10-19,S001,P0008,101,72.27396
2023-10-19,S005,P0013,90,93.17706
2023-10-19,S003,P0015,44,65.91819
2023-10-19,S003,P0020,139,106.325615
2023-10-19,S005,P0005,80,79.126045
2023-10-19,S005,P0012,43,37.260048
2023-10-19,S001,P0012,79,82.05046
2023-10-19,S003,P0002,57,69.26483
2023-10-19,S003,P0011,78,76.13375
2023-10-19,S005,P0007,91,98.70405
2023-10-19,S001,P0003,114,102.67549
2023-10-19,S004,P0015,44,32.010075
2023-10-19,S004,P0004,60,98.31879
2023-10-19,S001,P0017,4,32.99616
2023-10-19,S004,P0008,51,38.88561
2023-10-19,S005,P0001,88,87.927765
2023-10-19,S004,P0012,88,64.909645
2023-10-19,S005,P0009,109,103.62439
2023-10-19,S003,P0012,38,34.163967
2023-10-19,S001,P0018,148,123.78724
2023-10-19,S005,P0018,260,209.53047
2023-10-19,S004,P0002,101,78.757965
2023-10-19,S001,P0010,42,46.51244
2023-10-19,S002,P0013,35,59.85182
2023-10-19,S005,P0015,111,91.65125
2023-10-19,S005,P0019,32,45.2714
2023-10-19,S001,P0007,91,88.58796
2023-10-19,S002,P0011,97,104.3122
2023-10-19,S001,P0013,70,43.40572
2023-10-19,S003,P0006,39,35.187447
2023-10-19,S004,P0003,66,47.83013
2023-10-19,S002,P0004,121,93.86512
2023-10-19,S005,P0004,177,112.95515
2023-10-19,S004,P0013,58,66.45261
2023-10-19,S004,P0009,105,99.682175
2023-10-19,S001,P0002,43,79.28407
2023-10-19,S002,P0006,70,80.214386
2023-10-19,S005,P0011,49,62.486656
2023-10-19,S005,P0003,11,39.868774
2023-10-19,S002,P0019,144,141.3502
2023-10-19,S002,P0018,64,93.31779
2023-10-19,S003,P0005,46,30.590443
2023-10-19,S003,P0019,62,69.09122
2023-10-19,S002,P0015,129,111.44
2023-10-20,S001,P0003,150,123.96059
2023-10-20,S001,P0008,61,57.929237
2023-10-20,S003,P0011,56,51.511112
2023-10-20,S004,P0004,142,104.104065
2023-10-20,S005,P0013,102,113.577866
2023-10-20,S005,P0009,80,97.33978
2023-10-20,S001,P0006,45,37.035614
2023-10-20,S003,P0007,30,58.084747
2023-10-20,S002,P0017,30,28.546635
2023-10-20,S002,P0020,46,36.756577
2023-10-20,S004,P0016,22,26.054348
2023-10-20,S003,P0008,92,91.57258
2023-10-20,S004,P0012,23,58.21341
2023-10-20,S003,P0003,57,56.577007
2023-10-20,S003,P0014,60,66.75948
2023-10-20,S004,P0007,68,80.74168
2023-10-20,S003,P0009,61,63.32575
2023-10-20,S001,P0005,66,77.01719
2023-10-20,S005,P0004,107,84.72145
2023-10-20,S005,P0011,46,49.996456
2023-10-20,S001,P0011,32,36.7596
2023-10-20,S005,P0005,71,80.87383
2023-10-20,S001,P0017,18,33.14336
2023-10-20,S003,P0020,64,77.57711
2023-10-20,S005,P0008,104,91.72818
2023-10-20,S005,P0006,102,95.079895
2023-10-20,S003,P0006,18,25.093206
2023-10-20,S002,P0011,40,48.97156
2023-10-20,S003,P0010,97,78.61824
2023-10-20,S004,P0011,110,89.90072
2023-10-20,S002,P0016,90,93.493515
2023-10-20,S005,P0020,15,31.23633
2023-10-20,S001,P0001,77,67.95896
2023-10-20,S004,P0017,71,112.57478
2023-10-20,S004,P0018,29,37.2479
2023-10-20,S004,P0008,35,30.731968
2023-10-20,S002,P0012,90,60.42192
2023-10-20,S004,P0015,40,32.79782
2023-10-20,S005,P0007,88,94.26349
2023-10-20,S003,P0015,55,69.065735
2023-10-20,S001,P0012,77,97.108376
2023-10-20,S005,P0019,41,42.334465
2023-10-20,S003,P0002,97,80.00685
2023-10-20,S001,P0020,23,35.33351
2023-10-20,S005,P0017,34,49.632545
2023-10-20,S005,P0001,158,122.28463
2023-10-20,S003,P0018,33,41.944027
2023-10-20,S001,P0007,108,91.15532
2023-10-20,S005,P0003,16,25.499973
2023-10-20,S004,P0020,35,32.206497
2023-10-20,S003,P0013,143,103.23172
2023-10-20,S002,P0013,86,75.814735
2023-10-20,S002,P0004,93,95.97266
2023-10-20,S004,P0010,74,77.974594
2023-10-20,S001,P0018,129,122.93169
2023-10-20,S002,P0005,26,40.931553
2023-10-20,S004,P0006,55,70.215065
2023-10-20,S002,P0010,71,82.927
2023-10-20,S003,P0017,35,33.157642
2023-10-20,S002,P0015,96,83.56805
2023-10-20,S002,P0009,45,62.68082
2023-10-20,S005,P0015,79,86.69787
2023-10-20,S001,P0019,35,37.172367
2023-10-20,S004,P0009,50,86.479385
2023-10-20,S002,P0003,49,59.93477
2023-10-20,S005,P0002,58,53.448856
2023-10-20,S001,P0015,33,33.099
2023-10-20,S005,P0010,71,82.0985
2023-10-20,S004,P0014,30,33.69869
2023-10-20,S001,P0016,120,95.83703
2023-10-20,S004,P0005,74,81.77932
2023-10-20,S002,P0001,72,90.758545
2023-10-20,S003,P0004,82,85.03125
2023-10-20,S001,P0009,129,124.49779
2023-10-20,S002,P0007,12,20.924831
2023-10-20,S002,P0002,27,25.816744
2023-10-20,S002,P0008,59,68.43529
2023-10-20,S001,P0013,18,43.960335
2023-10-20,S003,P0005,27,26.456306
2023-10-20,S001,P0010,35,37.26557
2023-10-20,S001,P0014,93,97.14563
2023-10-20,S002,P0014,78,62.13571
2023-10-20,S003,P0001,38,39.89177
2023-10-20,S004,P0013,82,83.795135
2023-10-20,S005,P0012,53,49.042076
2023-10-20,S003,P0012,39,36.615765
2023-10-20,S001,P0004,99,88.79347
2023-10-20,S004,P0002,66,71.55415
2023-10-20,S004,P0001,108,83.657196
2023-10-20,S005,P0018,170,167.92534
2023-10-20,S005,P0014,38,41.87215
2023-10-20,S002,P0019,64,89.700455
2023-10-20,S002,P0006,62,64.43638
2023-10-20,S005,P0016,9,25.880854
2023-10-20,S003,P0016,42,47.55551
2023-10-20,S003,P0019,61,60.1935
2023-10-20,S004,P0003,35,31.35871
2023-10-20,S001,P0002,154,162.02065
2023-10-20,S002,P0018,142,125.51604
2023-10-20,S004,P0019,26,27.076527
2023-10-21,S001,P0009,166,151.00365
2023-10-21,S004,P0010,50,69.15201
2023-10-21,S002,P0011,33,67.31655
2023-10-21,S004,P0011,111,84.951805
2023-10-21,S001,P0010,60,56.01984
2023-10-21,S005,P0015,91,84.47146
2023-10-21,S001,P0007,92,95.92126
2023-10-21,S005,P0019,59,54.579414
2023-10-21,S002,P0013,73,69.38814
2023-10-21,S001,P0018,33,72.00314
2023-10-21,S001,P0015,4,25.346796
2023-10-21,S004,P0006,79,75.48878
2023-10-21,S004,P0020,43,39.052715
2023-10-21,S004,P0017,40,83.48044
2023-10-21,S001,P0003,140,120.1439
2023-10-21,S001,P0019,48,48.50115
2023-10-21,S003,P0006,24,27.747688
2023-10-21,S003,P0010,92,95.94573
2023-10-21,S002,P0020,53,45.21493
2023-10-21,S004,P0005,76,88.20406
2023-10-21,S005,P0002,42,48.224186
2023-10-21,S002,P0010,113,111.73791
2023-10-21,S002,P0005,38,48.141384
2023-10-21,S003,P0004,44,68.76654
2023-10-21,S003,P0018,29,31.381346
2023-10-21,S004,P0016,35,31.59194
2023-10-21,S004,P0004,81,77.75912
2023-10-21,S001,P0006,37,35.724113
2023-10-21,S003,P0001,27,34.936573
2023-10-21,S005,P0004,99,85.45623
2023-10-21,S003,P0003,40,54.281685
2023-10-21,S005,P0013,84,94.88204
2023-10-21,S002,P0009,105,97.615616
2023-10-21,S001,P0005,80,80.00448
2023-10-21,S005,P0017,29,38.626633
2023-10-21,S003,P0015,67,76.83028
2023-10-21,S002,P0001,102,92.860664
2023-10-21,S001,P0017,49,33.09282
2023-10-21,S002,P0003,109,87.88473
2023-10-21,S002,P0002,12,29.136507
2023-10-21,S003,P0013,26,61.177574
2023-10-21,S003,P0008,151,151.10962
2023-10-21,S001,P0013,44,39.731037
2023-10-21,S003,P0005,53,31.828846
2023-10-21,S003,P0002,44,86.58957
2023-10-21,S001,P0014,101,99.82155
2023-10-21,S004,P0001,73,64.598274
2023-10-21,S003,P0014,49,59.913685
2023-10-21,S005,P0020,43,38.473682
2023-10-21,S003,P0009,111,82.36899
2023-10-21,S005,P0010,154,114.88798
2023-10-21,S003,P0011,99,80.7238
2023-10-21,S002,P0008,125,102.26629
2023-10-21,S001,P0011,42,48.922478
2023-10-21,S003,P0016,85,59.705452
2023-10-21,S002,P0016,94,92.45009
2023-10-21,S004,P0002,76,74.664314
2023-10-21,S001,P0012,141,121.271126
2023-10-21,S002,P0004,76,80.22696
2023-10-21,S005,P0012,60,49.109253
2023-10-21,S003,P0012,35,38.62919
2023-10-21,S005,P0001,102,90.97347
2023-10-21,S001,P0004,66,60.217354
2023-10-21,S005,P0014,24,34.67311
2023-10-21,S002,P0006,111,116.225235
2023-10-21,S004,P0015,16,25.38631
2023-10-21,S001,P0002,90,99.37009
2023-10-21,S004,P0013,41,59.94982
2023-10-21,S005,P0018,75,78.212425
2023-10-21,S002,P0015,69,74.714615
2023-10-21,S005,P0008,88,106.16162
2023-10-21,S004,P0008,83,48.68943
2023-10-21,S004,P0014,40,34.46238
2023-10-21,S005,P0006,63,83.65029
2023-10-21,S004,P0018,34,28.094599
2023-10-21,S004,P0012,52,57.672882
2023-10-21,S005,P0007,102,109.30843
2023-10-21,S002,P0017,27,27.470919
2023-10-21,S005,P0011,114,82.2159
2023-10-21,S001,P0020,37,43.028187
2023-10-21,S002,P0014,40,41.691364
2023-10-21,S002,P0007,43,35.391186
2023-10-21,S002,P0019,159,160.8371
2023-10-21,S005,P0016,23,26.839573
2023-10-21,S001,P0016,94,93.77254
2023-10-21,S004,P0009,104,112.553535
2023-10-21,S003,P0019,83,85.88942
2023-10-21,S004,P0003,40,32.89656
2023-10-21,S003,P0017,21,27.233944
2023-10-21,S005,P0005,94,82.332375
2023-10-21,S004,P0007,64,93.42288
2023-10-21,S001,P0001,36,50.386806
2023-10-21,S002,P0018,76,94.246574
2023-10-21,S003,P0007,109,87.813095
2023-10-21,S002,P0012,38,62.706882
2023-10-21,S003,P0020,102,125.74502
2023-10-21,S001,P0008,116,80.648224
2023-10-21,S004,P0019,156,116.848145
2023-10-21,S005,P0009,139,135.97311
2023-10-21,S005,P0003,32,30.921412
2023-10-22,S003,P0013,122,97.41499
2023-10-22,S004,P0006,60,85.465126
2023-10-22,S003,P0009,92,69.519226
2023-10-22,S001,P0005,128,101.099464
2023-10-22,S002,P0005,42,60.789787
2023-10-22,S001,P0011,67,42.438244
2023-10-22,S004,P0017,41,89.345345
2023-10-22,S001,P0020,35,34.554455
2023-10-22,S002,P0014,56,63.166218
2023-10-22,S004,P0013,84,82.91098
2023-10-22,S003,P0006,21,34.44138
2023-10-22,S001,P0004,37,50.653187
2023-10-22,S005,P0006,66,99.22102
2023-10-22,S002,P0009,96,87.03224
2023-10-22,S001,P0002,106,110.32093
2023-10-22,S002,P0008,94,90.04412
2023-10-22,S001,P0014,70,85.1944
2023-10-22,S001,P0010,27,36.627937
2023-10-22,S001,P0018,68,76.3882
2023-10-22,S002,P0018,83,93.05454
2023-10-22,S002,P0004,127,85.64238
2023-10-22,S001,P0017,60,33.010128
2023-10-22,S002,P0011,70,79.969635
2023-10-22,S003,P0017,20,26.011723
2023-10-22,S001,P0003,105,98.20282
2023-10-22,S003,P0002,59,77.46793
2023-10-22,S003,P0008,91,102.7592
2023-10-22,S001,P0001,47,47.84127
2023-10-22,S005,P0004,60,72.97784
2023-10-22,S001,P0013,69,43.206207
2023-10-22,S001,P0008,67,54.34532
2023-10-22,S003,P0016,29,43.00674
2023-10-22,S001,P0012,77,76.948555
2023-10-22,S003,P0004,103,82.155464
2023-10-22,S004,P0009,50,74.414345
2023-10-22,S001,P0019,16,33.512844
2023-10-22,S004,P0004,69,75.39118
2023-10-22,S004,P0010,128,100.475876
2023-10-22,S004,P0016,20,27.682957
2023-10-22,S004,P0015,46,37.27909
2023-10-22,S002,P0016,95,94.28692
2023-10-22,S004,P0014,41,40.149384
2023-10-22,S005,P0003,52,33.41374
2023-10-22,S002,P0012,72,50.828457
2023-10-22,S001,P0006,41,36.26293
2023-10-22,S004,P0008,44,28.194487
2023-10-22,S004,P0002,57,69.410385
2023-10-22,S002,P0015,60,92.511856
2023-10-22,S002,P0003,98,88.57586
2023-10-22,S003,P0014,65,69.50298
2023-10-22,S003,P0020,57,75.2404
2023-10-22,S004,P0005,51,68.25701
2023-10-22,S001,P0015,17,38.878956
2023-10-22,S002,P0020,54,48.752716
2023-10-22,S005,P0005,108,85.93388
2023-10-22,S004,P0011,58,45.658867
2023-10-22,S002,P0006,77,105.511475
2023-10-22,S004,P0003,27,31.53772
2023-10-22,S004,P0019,148,105.07808
2023-10-22,S005,P0020,32,30.749895
2023-10-22,S005,P0009,98,100.92809
2023-10-22,S005,P0007,57,79.597206
2023-10-22,S005,P0008,72,80.06742
2023-10-22,S005,P0017,18,33.615776
2023-10-22,S005,P0019,39,35.213806
2023-10-22,S005,P0013,81,90.14967
2023-10-22,S005,P0012,23,28.03671
2023-10-22,S005,P0015,83,97.43042
2023-10-22,S005,P0011,80,59.314835
2023-10-22,S005,P0016,32,28.303051
2023-10-22,S005,P0018,133,129.7361
2023-10-22,S005,P0014,55,47.709785
2023-10-22,S005,P0010,87,95.11753
2023-10-22,S003,P0015,45,95.094124
2023-10-22,S004,P0001,114,76.22564
2023-10-22,S004,P0020,30,31.734856
2023-10-22,S002,P0010,102,100.08426
2023-10-22,S003,P0007,65,69.02308
2023-10-22,S004,P0007,94,83.8299
2023-10-22,S001,P0016,54,67.54053
2023-10-22,S002,P0001,57,87.39011
2023-10-22,S003,P0003,58,55.61313
2023-10-22,S003,P0011,78,64.98435
2023-10-22,S001,P0007,103,77.487946
2023-10-22,S005,P0002,30,41.2618
2023-10-22,S004,P0012,51,48.741375
2023-10-22,S003,P0001,34,33.579994
2023-10-22,S002,P0019,90,102.19701
2023-10-22,S003,P0018,70,38.749157
2023-10-22,S003,P0010,125,102.08243
2023-10-22,S003,P0012,25,30.549774
2023-10-22,S003,P0005,13,25.497398
2023-10-22,S002,P0002,42,31.207518
2023-10-22,S004,P0018,14,26.523857
2023-10-22,S001,P0009,88,105.489746
2023-10-22,S003,P0019,84,71.33474
2023-10-22,S002,P0007,39,31.23083
2023-10-22,S005,P0001,61,71.190285
2023-10-22,S002,P0017,16,29.885729
2023-10-22,S002,P0013,89,91.3729
2023-10-23,S004,P0010,68,69.359146
2023-10-23,S004,P0017,107,98.6132
2023-10-23,S003,P0017,46,32.787907
2023-10-23,S005,P0003,65,41.598637
2023-10-23,S002,P0010,93,94.838905
2023-10-23,S004,P0014,43,38.536346
2023-10-23,S002,P0012,68,49.21364
2023-10-23,S001,P0019,46,36.179527
2023-10-23,S003,P0009,129,90.088455
2023-10-23,S001,P0001,101,70.386475
2023-10-23,S001,P0012,61,74.1941
2023-10-23,S002,P0007,31,31.978445
2023-10-23,S003,P0004,89,75.95393
2023-10-23,S002,P0003,114,106.88249
2023-10-23,S001,P0011,42,35.298264
2023-10-23,S005,P0004,66,75.72101
2023-10-23,S005,P0009,78,91.88607
2023-10-23,S002,P0019,44,96.404305
2023-10-23,S002,P0013,75,88.87605
2023-10-23,S003,P0010,63,83.191185
2023-10-23,S004,P0002,45,77.00594
2023-10-23,S001,P0005,75,93.634895
2023-10-23,S004,P0015,23,26.475632
2023-10-23,S004,P0007,107,86.21725
2023-10-23,S001,P0006,26,37.9991
2023-10-23,S003,P0014,93,81.24145
2023-10-23,S002,P0020,85,63.103786
2023-10-23,S003,P0011,64,73.7983
2023-10-23,S004,P0005,94,97.47594
2023-10-23,S001,P0018,40,79.29154
2023-10-23,S005,P0014,46,41.22094
2023-10-23,S001,P0010,29,35.33389
2023-10-23,S002,P0009,142,116.72349
2023-10-23,S003,P0020,155,131.35916
2023-10-23,S002,P0018,118,113.04593
2023-10-23,S004,P0008,28,36.04435
2023-10-23,S005,P0018,88,91.83529
2023-10-23,S002,P0002,76,49.809498
2023-10-23,S002,P0006,72,103.65223
2023-10-23,S004,P0003,56,41.809647
2023-10-23,S005,P0010,31,80.80174
2023-10-23,S005,P0006,67,92.37714
2023-10-23,S001,P0007,64,73.87966
2023-10-23,S001,P0002,153,135.02742
2023-10-23,S005,P0019,26,34.06608
2023-10-23,S003,P0015,45,69.10391
2023-10-23,S003,P0008,148,134.41438
2023-10-23,S001,P0016,84,90.28882
2023-10-23,S004,P0018,31,26.351658
2023-10-23,S003,P0016,59,60.444378
2023-10-23,S005,P0016,30,36.61466
2023-10-23,S003,P0012,35,30.449839
2023-10-23,S005,P0013,108,112.32804
2023-10-23,S004,P0012,70,66.06913
2023-10-23,S005,P0012,10,27.906645
2023-10-23,S001,P0013,15,40.801666
2023-10-23,S002,P0011,89,104.64076
2023-10-23,S002,P0015,105,116.62163
2023-10-23,S001,P0004,45,52.71502
2023-10-23,S002,P0014,89,81.332115
2023-10-23,S005,P0015,39,69.88986
2023-10-23,S005,P0007,86,89.37546
2023-10-23,S004,P0006,103,90.31429
2023-10-23,S005,P0017,38,35.534977
2023-10-23,S002,P0001,138,115.071495
2023-10-23,S001,P0008,57,66.82842
2023-10-23,S004,P0020,62,44.937733
2023-10-23,S004,P0009,134,129.86263
2023-10-23,S005,P0011,65,64.44648
2023-10-23,S003,P0013,89,88.79251
2023-10-23,S003,P0002,79,92.73641
2023-10-23,S002,P0004,58,92.41295
2023-10-23,S003,P0019,87,72.7406
2023-10-23,S003,P0003,117,82.41836
2023-10-23,S005,P0020,40,35.56099
2023-10-23,S001,P0014,80,88.42574
2023-10-23,S004,P0013,56,72.88939
2023-10-23,S004,P0019,84,80.57717
2023-10-23,S003,P0005,32,31.155584
2023-10-23,S003,P0007,34,61.12722
2023-10-23,S005,P0002,68,62.97491
2023-10-23,S003,P0018,25,27.947939
2023-10-23,S001,P0020,69,47.439358
2023-10-23,S003,P0006,49,37.8885
2023-10-23,S004,P0016,54,36.16041
2023-10-23,S002,P0017,8,26.746641
2023-10-23,S004,P0011,147,105.74378
2023-10-23,S005,P0008,82,92.9636
2023-10-23,S004,P0001,103,81.52661
2023-10-23,S001,P0015,26,27.947874
2023-10-23,S004,P0004,39,82.565735
2023-10-23,S002,P0008,148,122.382706
2023-10-23,S001,P0017,35,28.30696
2023-10-23,S005,P0005,111,90.896805
2023-10-23,S002,P0005,88,80.58048
2023-10-23,S005,P0001,74,87.937294
2023-10-23,S001,P0003,167,143.63213
2023-10-23,S003,P0001,27,31.81819
2023-10-23,S001,P0009,176,161.39034
2023-10-23,S002,P0016,172,150.5735
2023-10-24,S003,P0006,42,30.23006
2023-10-24,S003,P0020,109,101.56812
2023-10-24,S003,P0014,51,61.76035
2023-10-24,S005,P0018,115,104.9565
2023-10-24,S002,P0006,114,114.35554
2023-10-24,S001,P0002,89,92.8135
2023-10-24,S001,P0016,63,75.897575
2023-10-24,S002,P0011,76,83.69155
2023-10-24,S004,P0007,46,76.898636
2023-10-24,S005,P0012,37,30.225729
2023-10-24,S004,P0012,59,54.019802
2023-10-24,S003,P0013,76,81.45736
2023-10-24,S001,P0011,22,26.391615
2023-10-24,S001,P0012,83,75.58726
2023-10-24,S003,P0018,12,28.44657
2023-10-24,S005,P0009,46,60.97394
2023-10-24,S004,P0019,89,81.70336
2023-10-24,S003,P0005,13,32.165886
2023-10-24,S001,P0015,37,36.073536
2023-10-24,S004,P0018,36,28.151854
2023-10-24,S004,P0001,51,57.765533
2023-10-24,S001,P0010,31,33.52968
2023-10-24,S001,P0009,121,109.427315
2023-10-24,S003,P0003,50,55.750618
2023-10-24,S001,P0008,43,50.15003
2023-10-24,S005,P0017,27,39.063103
2023-10-24,S002,P0008,66,76.579346
2023-10-24,S005,P0007,55,70.73006
2023-10-24,S001,P0001,53,48.38044
2023-10-24,S004,P0017,137,130.97382
2023-10-24,S004,P0002,38,62.82083
2023-10-24,S004,P0014,23,30.935871
2023-10-24,S004,P0008,30,29.001245
2023-10-24,S002,P0015,157,130.71089
2023-10-24,S003,P0002,58,77.43408
2023-10-24,S002,P0005,93,80.311646
2023-10-24,S005,P0006,47,70.12746
2023-10-24,S001,P0017,69,37.863964
2023-10-24,S001,P0014,27,34.982414
2023-10-24,S003,P0017,38,32.99029
2023-10-24,S001,P0020,24,28.851238
2023-10-24,S003,P0016,35,47.081657
2023-10-24,S005,P0019,32,30.507994
2023-10-24,S003,P0004,85,73.70893
2023-10-24,S005,P0015,48,87.05592
2023-10-24,S004,P0003,43,33.98536
2023-10-24,S002,P0014,22,39.18338
2023-10-24,S002,P0001,73,90.556656
2023-10-24,S002,P0012,43,42.937626
2023-10-24,S005,P0008,51,70.55103
2023-10-24,S004,P0010,21,51.332375
2023-10-24,S002,P0013,92,81.76452
2023-10-24,S005,P0014,25,29.09757
2023-10-24,S002,P0010,88,94.474464
2023-10-24,S004,P0004,59,81.429855
2023-10-24,S002,P0016,98,100.95817
2023-10-24,S005,P0011,40,45.406754
2023-10-24,S001,P0003,80,91.98903
2023-10-24,S004,P0006,55,66.43946
2023-10-24,S003,P0011,57,57.99863
2023-10-24,S004,P0020,21,29.378597
2023-10-24,S004,P0009,131,124.40193
2023-10-24,S004,P0016,28,27.01432
2023-10-24,S004,P0005,117,118.13912
2023-10-24,S002,P0007,30,32.24841
2023-10-24,S003,P0009,82,70.83295
2023-10-24,S003,P0008,123,122.142975
2023-10-24,S005,P0005,55,74.328835
2023-10-24,S005,P0003,35,29.623016
2023-10-24,S001,P0006,37,34.024017
2023-10-24,S003,P0007,79,71.87079
2023-10-24,S001,P0018,93,80.43773
2023-10-24,S003,P0015,88,104.03675
2023-10-24,S002,P0009,72,84.66084
2023-10-24,S004,P0011,107,94.18099
2023-10-24,S004,P0015,42,38.850525
2023-10-24,S005,P0010,80,70.547455
2023-10-24,S001,P0019,24,29.59422
2023-10-24,S002,P0002,36,32.922943
2023-10-24,S001,P0005,44,81.70258
2023-10-24,S002,P0004,114,85.48712
2023-10-24,S001,P0004,42,46.001076
2023-10-24,S005,P0002,21,40.417038
2023-10-24,S005,P0001,19,55.50459
2023-10-24,S004,P0013,35,57.827103
2023-10-24,S002,P0003,114,96.712906
2023-10-24,S001,P0007,88,76.82859
2023-10-24,S005,P0004,56,66.18031
2023-10-24,S005,P0020,14,25.284168
2023-10-24,S003,P0012,25,30.816164
2023-10-24,S002,P0018,62,80.65951
2023-10-24,S002,P0019,143,138.40063
2023-10-24,S005,P0013,65,79.0794
2023-10-24,S002,P0017,17,30.012354
2023-10-24,S003,P0010,58,76.53983
2023-10-24,S003,P0019,64,57.881016
2023-10-24,S003,P0001,11,23.927763
2023-10-24,S002,P0020,56,47.216206
2023-10-24,S001,P0013,10,30.000507
2023-10-24,S005,P0016,21,21.766562
2023-10-25,S004,P0016,101,85.88421
2023-10-25,S002,P0015,63,75.983185
2023-10-25,S001,P0003,150,130.70331
2023-10-25,S004,P0012,108,134.03786
2023-10-25,S005,P0001,209,159.66649
2023-10-25,S002,P0005,70,89.65831
2023-10-25,S004,P0004,132,118.035065
2023-10-25,S003,P0018,89,79.15748
2023-10-25,S001,P0020,80,86.10223
2023-10-25,S005,P0005,80,94.240845
2023-10-25,S001,P0017,89,94.93191
2023-10-25,S002,P0008,117,108.32668
2023-10-25,S005,P0012,64,78.880455
2023-10-25,S005,P0008,105,107.22879
2023-10-25,S003,P0002,172,152.76477
2023-10-25,S005,P0011,111,96.668144
2023-10-25,S001,P0014,91,89.146996
2023-10-25,S003,P0006,155,138.45996
2023-10-25,S001,P0019,90,76.88259
2023-10-25,S004,P0013,261,169.7478
2023-10-25,S005,P0007,97,119.66426
2023-10-25,S005,P0019,70,74.29354
2023-10-25,S005,P0013,159,148.49873
2023-10-25,S003,P0014,150,129.53421
2023-10-25,S005,P0015,73,91.24639
2023-10-25,S004,P0011,58,69.8066
2023-10-25,S002,P0013,125,123.90033
2023-10-25,S003,P0011,177,163.89774
2023-10-25,S002,P0016,62,81.532684
2023-10-25,S003,P0012,98,86.530014
2023-10-25,S002,P0004,44,102.92119
2023-10-25,S004,P0020,108,102.80805
2023-10-25,S002,P0014,67,72.702126
2023-10-25,S002,P0001,86,124.45966
2023-10-25,S004,P0009,133,117.46013
2023-10-25,S004,P0006,124,142.90173
2023-10-25,S001,P0009,118,105.56688
2023-10-25,S001,P0016,155,118.41462
2023-10-25,S005,P0017,105,109.705025
2023-10-25,S002,P0011,96,98.45936
2023-10-25,S001,P0013,102,120.30092
2023-10-25,S001,P0008,69,88.363396
2023-10-25,S004,P0005,127,109.147804
2023-10-25,S003,P0007,187,133.44852
2023-10-25,S003,P0013,158,145.07294
2023-10-25,S001,P0004,96,92.40881
2023-10-25,S003,P0001,180,132.44293
2023-10-25,S004,P0019,126,113.18038
2023-10-25,S003,P0003,191,162.83614
2023-10-25,S002,P0017,78,80.0779
2023-10-25,S002,P0012,127,103.462326
2023-10-25,S003,P0015,83,99.66872
2023-10-25,S001,P0010,62,72.5439
2023-10-25,S004,P0001,251,184.70595
2023-10-25,S001,P0007,128,130.71681
2023-10-25,S003,P0009,163,122.43414
2023-10-25,S003,P0008,77,96.99939
2023-10-25,S004,P0007,156,170.41278
2023-10-25,S005,P0020,156,130.9327
2023-10-25,S005,P0006,205,166.68152
2023-10-25,S001,P0015,38,73.99464
2023-10-25,S004,P0014,121,116.075066
2023-10-25,S002,P0018,58,77.98073
2023-10-25,S001,P0018,117,109.33849
2023-10-25,S004,P0017,139,113.159546
2023-10-25,S004,P0015,42,58.441666
2023-10-25,S004,P0003,160,134.34152
2023-10-25,S001,P0001,152,123.8089
2023-10-25,S002,P0020,92,95.824524
2023-10-25,S004,P0010,177,124.93613
2023-10-25,S003,P0020,59,110.394905
2023-10-25,S005,P0003,73,110.17546
2023-10-25,S002,P0002,108,112.05332
2023-10-25,S002,P0006,142,111.14321
2023-10-25,S002,P0010,124,117.226875
2023-10-25,S003,P0004,103,103.18651
2023-10-25,S003,P0016,111,105.97239
2023-10-25,S005,P0002,81,100.30328
2023-10-25,S005,P0018,73,89.393265
2023-10-25,S002,P0009,76,88.47397
2023-10-25,S005,P0010,181,121.15479
2023-10-25,S005,P0016,93,93.19137
2023-10-25,S004,P0018,88,88.976845
2023-10-25,S003,P0017,71,71.92272
2023-10-25,S003,P0010,111,106.32697
2023-10-25,S004,P0002,195,182.43634
2023-10-25,S001,P0002,185,180.79051
2023-10-25,S005,P0014,66,69.680626
2023-10-25,S003,P0005,98,90.09844
2023-10-25,S005,P0009,190,171.48822
2023-10-25,S004,P0008,90,80.36522
2023-10-25,S001,P0006,140,144.32605
2023-10-25,S001,P0011,105,90.2955
2023-10-25,S002,P0019,61,80.709045
2023-10-25,S005,P0004,92,97.86085
2023-10-25,S001,P0012,124,128.70819
2023-10-25,S002,P0007,101,101.47295
2023-10-25,S001,P0005,93,99.43309
2023-10-25,S002,P0003,113,113.2591
2023-10-25,S003,P0019,176,131.49222
2023-10-26,S001,P0003,87,91.81008
2023-10-26,S002,P0020,70,81.73003
2023-10-26,S005,P0014,72,74.37889
2023-10-26,S001,P0014,144,126.72393
2023-10-26,S005,P0018,141,122.52828
2023-10-26,S004,P0009,151,151.76266
2023-10-26,S003,P0020,159,141.9844
2023-10-26,S001,P0019,88,86.590225
2023-10-26,S003,P0006,96,112.55005
2023-10-26,S003,P0005,191,122.0459
2023-10-26,S001,P0009,168,154.73907
2023-10-26,S004,P0017,161,152.90674
2023-10-26,S004,P0003,90,88.51412
2023-10-26,S004,P0012,128,130.84248
2023-10-26,S005,P0001,82,110.274536
2023-10-26,S002,P0013,141,114.77373
2023-10-26,S001,P0012,120,118.64426
2023-10-26,S004,P0018,95,91.17223
2023-10-26,S003,P0018,92,95.50054
2023-10-26,S003,P0010,137,120.30066
2023-10-26,S001,P0020,139,119.05458
2023-10-26,S004,P0015,79,80.92599
2023-10-26,S002,P0002,128,136.11523
2023-10-26,S002,P0008,31,67.598236
2023-10-26,S005,P0006,142,130.56194
2023-10-26,S005,P0009,122,132.31422
2023-10-26,S003,P0004,231,127.00196
2023-10-26,S003,P0007,118,115.9041
2023-10-26,S001,P0004,62,79.88538
2023-10-26,S004,P0006,34,98.81069
2023-10-26,S005,P0013,43,84.05721
2023-10-26,S004,P0014,113,114.14864
2023-10-26,S004,P0008,107,91.187935
2023-10-26,S003,P0001,180,151.01115
2023-10-26,S003,P0008,128,122.71914
2023-10-26,S002,P0009,181,142.08456
2023-10-26,S005,P0004,143,129.55563
2023-10-26,S005,P0010,108,103.47561
2023-10-26,S002,P0001,178,161.96031
2023-10-26,S003,P0003,151,117.07955
2023-10-26,S005,P0017,105,131.73058
2023-10-26,S003,P0002,131,147.27509
2023-10-26,S001,P0005,79,91.46843
2023-10-26,S005,P0005,90,100.31514
2023-10-26,S005,P0007,108,109.905045
2023-10-26,S001,P0002,144,138.35931
2023-10-26,S004,P0007,124,126.83499
2023-10-26,S005,P0011,66,103.20324
2023-10-26,S005,P0016,77,95.50068
2023-10-26,S001,P0001,106,119.1313
2023-10-26,S002,P0019,137,125.74138
2023-10-26,S003,P0019,82,128.83835
2023-10-26,S004,P0010,199,131.01146
2023-10-26,S002,P0005,140,109.54617
2023-10-26,S002,P0015,99,110.08357
2023-10-26,S001,P0008,128,77.85879
2023-10-26,S001,P0017,116,122.8467
2023-10-26,S004,P0001,214,187.82501
2023-10-26,S005,P0020,141,122.01423
2023-10-26,S004,P0020,38,73.71818
2023-10-26,S004,P0016,53,63.049606
2023-10-26,S004,P0013,117,119.75843
2023-10-26,S003,P0009,185,165.63232
2023-10-26,S002,P0012,76,83.9833
2023-10-26,S004,P0004,136,121.107796
2023-10-26,S002,P0007,125,112.38235
2023-10-26,S004,P0002,203,177.77983
2023-10-26,S003,P0014,100,98.70717
2023-10-26,S001,P0006,49,75.97203
2023-10-26,S005,P0012,87,80.56008
2023-10-26,S003,P0017,131,115.35934
2023-10-26,S003,P0016,172,157.35959
2023-10-26,S002,P0016,95,92.87573
2023-10-26,S005,P0003,74,96.003654
2023-10-26,S005,P0008,106,109.23223
2023-10-26,S004,P0019,143,144.13243
2023-10-26,S005,P0002,58,88.12699
2023-10-26,S003,P0013,84,119.31301
2023-10-26,S003,P0012,99,86.25655
2023-10-26,S001,P0013,118,116.98071
2023-10-26,S002,P0003,45,87.35382
2023-10-26,S001,P0011,110,103.69675
2023-10-26,S004,P0011,158,140.57927
2023-10-26,S002,P0010,46,86.75814
2023-10-26,S005,P0019,47,64.215576
2023-10-26,S001,P0018,80,90.993866
2023-10-26,S004,P0005,89,99.421585
2023-10-26,S002,P0011,181,159.01633
2023-10-26,S003,P0015,52,139.73955
2023-10-26,S005,P0015,237,148.57664
2023-10-26,S001,P0010,64,71.35754
2023-10-26,S003,P0011,99,131.16405
2023-10-26,S002,P0018,89,93.66553
2023-10-26,S002,P0004,123,105.43589
2023-10-26,S002,P0014,49,64.920654
2023-10-26,S002,P0017,104,110.18557
2023-10-26,S002,P0006,93,99.14096
2023-10-26,S001,P0016,167,121.61037
2023-10-26,S001,P0015,119,108.22284
2023-10-26,S001,P0007,84,98.68694
2023-10-27,S003,P0020,109,131.151
2023-10-27,S005,P0003,111,105.97576
2023-10-27,S003,P0015,89,105.417694
2023-10-27,S005,P0004,125,108.94395
2023-10-27,S003,P0005,63,90.68736
2023-10-27,S001,P0012,96,111.20657
2023-10-27,S004,P0018,82,87.70023
2023-10-27,S001,P0006,72,93.00974
2023-10-27,S002,P0013,137,116.6676
2023-10-27,S001,P0015,66,84.47102
2023-10-27,S003,P0001,112,103.071976
2023-10-27,S005,P0020,116,131.34108
2023-10-27,S002,P0007,52,81.49377
2023-10-27,S005,P0006,118,120.610344
2023-10-27,S001,P0010,96,88.358635
2023-10-27,S004,P0007,154,132.29141
2023-10-27,S002,P0019,70,85.38391
2023-10-27,S003,P0011,77,102.48088
2023-10-27,S005,P0002,104,113.87574
2023-10-27,S005,P0011,116,107.4908
2023-10-27,S005,P0007,196,154.49693
2023-10-27,S001,P0019,79,71.63665
2023-10-27,S002,P0006,127,121.631454
2023-10-27,S005,P0009,133,156.40387
2023-10-27,S001,P0001,143,110.7476
2023-10-27,S003,P0009,169,158.9384
2023-10-27,S001,P0014,21,41.14673
2023-10-27,S005,P0017,94,120.164894
2023-10-27,S003,P0014,175,147.89233
2023-10-27,S001,P0016,146,132.19449
2023-10-27,S003,P0003,143,121.6118
2023-10-27,S002,P0011,110,112.55133
2023-10-27,S002,P0001,131,116.99568
2023-10-27,S002,P0003,83,97.852486
2023-10-27,S005,P0015,104,115.048256
2023-10-27,S001,P0005,168,129.38206
2023-10-27,S001,P0011,110,106.638824
2023-10-27,S005,P0018,79,92.25744
2023-10-27,S004,P0010,63,99.91886
2023-10-27,S004,P0001,186,151.9264
2023-10-27,S004,P0014,85,91.02763
2023-10-27,S002,P0012,99,85.07073
2023-10-27,S004,P0002,99,114.90188
2023-10-27,S003,P0017,53,66.98822
2023-10-27,S003,P0016,147,124.430595
2023-10-27,S004,P0008,46,66.661476
2023-10-27,S003,P0004,95,124.367516
2023-10-27,S003,P0008,144,157.05084
2023-10-27,S001,P0002,66,104.733505
2023-10-27,S004,P0003,91,95.866776
2023-10-27,S001,P0017,124,105.1959
2023-10-27,S001,P0008,47,112.84769
2023-10-27,S001,P0004,131,116.51097
2023-10-27,S001,P0009,146,156.98671
2023-10-27,S003,P0002,94,111.18012
2023-10-27,S002,P0008,122,134.12123
2023-10-27,S004,P0012,119,121.23414
2023-10-27,S003,P0018,95,84.459435
2023-10-27,S005,P0010,104,113.766495
2023-10-27,S002,P0009,169,149.4367
2023-10-27,S001,P0020,73,79.13922
2023-10-27,S002,P0005,90,94.20268
2023-10-27,S002,P0004,139,101.32621
2023-10-27,S005,P0005,115,109.37413
2023-10-27,S004,P0006,149,121.27537
2023-10-27,S002,P0014,132,118.434525
2023-10-27,S004,P0011,103,95.46187
2023-10-27,S003,P0006,141,139.33815
2023-10-27,S005,P0001,137,133.80899
2023-10-27,S005,P0012,98,96.31683
2023-10-27,S005,P0008,200,162.75967
2023-10-27,S002,P0017,119,97.55761
2023-10-27,S004,P0015,87,87.965126
2023-10-27,S003,P0019,81,100.20513
2023-10-27,S003,P0013,167,148.71397
2023-10-27,S003,P0010,134,123.51096
2023-10-27,S004,P0005,117,106.18682
2023-10-27,S004,P0019,107,101.00165
2023-10-27,S003,P0007,131,114.17899
2023-10-27,S005,P0013,138,131.32878
2023-10-27,S004,P0009,133,144.6027
2023-10-27,S003,P0012,68,68.90324
2023-10-27,S004,P0020,78,93.91559
2023-10-27,S005,P0014,117,118.93632
2023-10-27,S001,P0013,91,110.78355
2023-10-27,S004,P0017,115,107.60141
2023-10-27,S004,P0013,80,100.80156
2023-10-27,S001,P0018,62,95.46816
2023-10-27,S002,P0015,82,85.32073
2023-10-27,S002,P0018,79,90.104774
2023-10-27,S002,P0020,127,112.6255
2023-10-27,S001,P0007,94,116.35322
2023-10-27,S004,P0004,175,129.96661
2023-10-27,S002,P0016,101,93.15487
2023-10-27,S002,P0010,87,103.23701
2023-10-27,S005,P0016,81,95.33127
2023-10-27,S001,P0003,82,101.841835
2023-10-27,S005,P0019,132,123.761696
2023-10-27,S004,P0016,68,73.35583
2023-10-27,S002,P0002,88,95.911095
2023-10-28,S001,P0012,106,125.8866
2023-10-28,S003,P0004,136,126.21244
2023-10-28,S001,P0009,255,213.59221
2023-10-28,S004,P0016,119,102.621864
2023-10-28,S001,P0020,60,67.27495
2023-10-28,S002,P0013,132,125.26711
2023-10-28,S002,P0002,148,116.29348
2023-10-28,S003,P0018,85,82.43493
2023-10-28,S005,P0009,220,211.21977
2023-10-28,S004,P0020,60,63.831017
2023-10-28,S004,P0012,110,109.2076
2023-10-28,S005,P0017,127,153.50839
2023-10-28,S004,P0004,151,127.558945
2023-10-28,S003,P0005,55,70.638435
2023-10-28,S004,P0009,75,101.97035
2023-10-28,S005,P0015,208,159.87273
2023-10-28,S001,P0003,131,113.40871
2023-10-28,S003,P0003,122,100.663506
2023-10-28,S001,P0002,192,161.5531
2023-10-28,S003,P0015,119,123.750145
2023-10-28,S003,P0019,60,73.23683
2023-10-28,S004,P0018,98,103.264626
2023-10-28,S005,P0020,107,104.68509
2023-10-28,S002,P0011,114,120.37445
2023-10-28,S003,P0008,126,120.14974
2023-10-28,S002,P0007,130,114.54146
2023-10-28,S002,P0010,161,165.465
2023-10-28,S002,P0018,166,141.48265
2023-10-28,S002,P0020,27,56.232845
2023-10-28,S004,P0010,127,129.95616
2023-10-28,S003,P0011,114,115.60926
2023-10-28,S003,P0010,121,127.79611
2023-10-28,S001,P0005,136,127.12963
2023-10-28,S002,P0019,101,124.76274
2023-10-28,S005,P0010,207,163.29764
2023-10-28,S004,P0005,132,97.26939
2023-10-28,S005,P0004,169,162.93428
2023-10-28,S001,P0006,147,120.58387
2023-10-28,S001,P0019,130,111.01404
2023-10-28,S002,P0003,68,102.16268
2023-10-28,S002,P0009,178,166.91898
2023-10-28,S005,P0003,84,96.83464
2023-10-28,S001,P0018,155,152.57892
2023-10-28,S005,P0014,104,100.27708
2023-10-28,S005,P0002,127,116.91822
2023-10-28,S003,P0007,111,100.709404
2023-10-28,S003,P0009,147,128.11142
2023-10-28,S004,P0015,6,43.271523
2023-10-28,S002,P0015,128,125.123886
2023-10-28,S001,P0007,140,125.89794
2023-10-28,S002,P0005,123,117.99466
2023-10-28,S001,P0001,114,103.555984
2023-10-28,S004,P0002,96,93.77583
2023-10-28,S005,P0008,179,131.38004
2023-10-28,S003,P0001,71,78.542305
2023-10-28,S002,P0014,65,68.25725
2023-10-28,S003,P0017,93,86.141106
2023-10-28,S005,P0013,71,114.27651
2023-10-28,S004,P0001,67,73.6243
2023-10-28,S002,P0001,136,129.22083
2023-10-28,S003,P0012,82,67.157524
2023-10-28,S004,P0014,63,62.125725
2023-10-28,S001,P0013,56,96.78563
2023-10-28,S002,P0004,174,151.49814
2023-10-28,S004,P0013,57,72.00597
2023-10-28,S004,P0008,119,93.9819
2023-10-28,S005,P0019,124,129.85913
2023-10-28,S004,P0017,93,111.258865
2023-10-28,S001,P0011,117,105.681175
2023-10-28,S002,P0016,151,142.945
2023-10-28,S001,P0004,133,139.08542
2023-10-28,S005,P0011,85,95.67776
2023-10-28,S003,P0020,78,90.48675
2023-10-28,S002,P0017,164,135.27892
2023-10-28,S002,P0012,66,85.066765
2023-10-28,S004,P0019,141,129.80742
2023-10-28,S003,P0002,104,96.94127
2023-10-28,S001,P0010,95,101.59947
2023-10-28,S005,P0016,248,189.9886
2023-10-28,S005,P0006,145,135.3527
2023-10-28,S005,P0012,66,69.7378
2023-10-28,S004,P0003,97,86.15
2023-10-28,S005,P0007,167,153.9702
2023-10-28,S004,P0011,121,94.25606
2023-10-28,S003,P0013,198,155.7511
2023-10-28,S003,P0014,115,103.36676
2023-10-28,S002,P0006,142,125.115395
2023-10-28,S001,P0017,111,123.6614
2023-10-28,S004,P0007,102,108.37145
2023-10-28,S001,P0015,195,147.99507
2023-10-28,S001,P0014,165,139.42218
2023-10-28,S005,P0018,136,133.1877
2023-10-28,S002,P0008,118,122.79911
2023-10-28,S005,P0005,143,129.39612
2023-10-28,S003,P0016,110,108.823654
2023-10-28,S004,P0006,155,114.822136
2023-10-28,S001,P0016,152,151.43651
2023-10-28,S005,P0001,176,146.63774
2023-10-28,S003,P0006,104,92.56083
2023-10-28,S001,P0008,55,85.22058
2023-10-29,S005,P0006,113,116.057625
2023-10-29,S003,P0008,110,112.83911
2023-10-29,S005,P0009,171,160.58958
2023-10-29,S004,P0014,65,66.40322
2023-10-29,S002,P0020,75,78.05836
2023-10-29,S002,P0017,69,78.7353
2023-10-29,S004,P0002,81,88.22399
2023-10-29,S004,P0018,78,74.20466
2023-10-29,S002,P0007,59,85.40159
2023-10-29,S001,P0012,195,169.43283
2023-10-29,S004,P0012,49,78.29847
2023-10-29,S002,P0012,91,82.79142
2023-10-29,S003,P0020,94,93.961975
2023-10-29,S003,P0009,171,131.01385
2023-10-29,S001,P0004,90,93.79655
2023-10-29,S004,P0005,117,97.235306
2023-10-29,S003,P0017,88,75.6481
2023-10-29,S002,P0010,102,106.95267
2023-10-29,S004,P0013,115,92.18801
2023-10-29,S003,P0019,123,121.971794
2023-10-29,S002,P0018,122,102.62138
2023-10-29,S003,P0003,132,114.89399
2023-10-29,S002,P0013,114,108.13411
2023-10-29,S004,P0011,80,72.257355
2023-10-29,S004,P0008,60,62.24583
2023-10-29,S005,P0001,180,136.98442
2023-10-29,S002,P0015,137,111.032585
2023-10-29,S003,P0016,61,89.60565
2023-10-29,S001,P0015,102,107.4501
2023-10-29,S003,P0015,112,111.60314
2023-10-29,S001,P0011,77,81.9571
2023-10-29,S005,P0003,99,107.50301
2023-10-29,S004,P0001,110,99.96859
2023-10-29,S003,P0012,79,74.31835
2023-10-29,S001,P0019,83,72.30042
2023-10-29,S001,P0001,162,113.37711
2023-10-29,S004,P0010,107,102.54368
2023-10-29,S003,P0007,197,120.596954
2023-10-29,S002,P0019,69,85.15341
2023-10-29,S005,P0013,88,116.39179
2023-10-29,S004,P0006,141,111.03062
2023-10-29,S002,P0006,45,82.96922
2023-10-29,S004,P0015,83,69.84523
2023-10-29,S004,P0007,70,100.818
2023-10-29,S004,P0017,101,94.19143
2023-10-29,S002,P0004,124,109.14708
2023-10-29,S005,P0018,146,123.469444
2023-10-29,S003,P0005,149,105.96288
2023-10-29,S001,P0013,25,94.46424
2023-10-29,S005,P0020,31,85.10108
2023-10-29,S002,P0008,85,99.43786
2023-10-29,S001,P0009,126,127.74202
2023-10-29,S002,P0014,52,66.405
2023-10-29,S005,P0015,64,100.28537
2023-10-29,S002,P0011,105,99.62831
2023-10-29,S001,P0007,183,134.69664
2023-10-29,S001,P0003,174,129.87979
2023-10-29,S005,P0017,99,110.3224
2023-10-29,S001,P0002,92,118.17979
2023-10-29,S002,P0016,54,85.462616
2023-10-29,S003,P0014,95,104.57541
2023-10-29,S005,P0011,72,88.187546
2023-10-29,S004,P0004,116,102.87401
2023-10-29,S004,P0003,40,52.37634
2023-10-29,S005,P0007,103,128.48683
2023-10-29,S005,P0019,75,80.20286
2023-10-29,S001,P0006,133,122.44623
2023-10-29,S001,P0005,125,125.21154
2023-10-29,S001,P0010,72,78.52534
2023-10-29,S003,P0004,123,115.0832
2023-10-29,S003,P0011,41,83.610085
2023-10-29,S003,P0002,149,128.5567
2023-10-29,S002,P0003,128,121.917
2023-10-29,S005,P0008,119,123.57699
2023-10-29,S005,P0012,102,89.21558
2023-10-29,S001,P0016,72,106.37844
2023-10-29,S002,P0005,114,110.412766
2023-10-29,S005,P0010,100,108.979645
2023-10-29,S003,P0001,88,92.48833
2023-10-29,S002,P0002,129,103.95548
2023-10-29,S005,P0002,53,85.47908
2023-10-29,S004,P0020,54,62.371193
2023-10-29,S002,P0001,90,109.65365
2023-10-29,S003,P0006,78,85.293755
2023-10-29,S005,P0004,87,92.03709
2023-10-29,S003,P0018,48,57.595367
2023-10-29,S001,P0014,113,109.24526
2023-10-29,S001,P0020,51,62.83197
2023-10-29,S004,P0009,73,83.62802
2023-10-29,S005,P0014,72,66.4185
2023-10-29,S001,P0008,137,93.81395
2023-10-29,S004,P0019,29,49.96717
2023-10-29,S005,P0016,75,97.51572
2023-10-29,S004,P0016,29,47.564312
2023-10-29,S003,P0013,110,118.195854
2023-10-29,S001,P0017,62,86.1534
2023-10-29,S003,P0010,160,104.43945
2023-10-29,S001,P0018,103,110.31306
2023-10-29,S005,P0005,139,127.7192
2023-10-29,S002,P0009,108,111.71331
2023-10-30,S001,P0018,117,105.7176
2023-10-30,S001,P0017,86,87.46468
2023-10-30,S001,P0013,131,107.60129
2023-10-30,S005,P0020,67,82.66251
2023-10-30,S002,P0017,71,77.85479
2023-10-30,S003,P0001,117,102.32242
2023-10-30,S001,P0007,89,99.61705
2023-10-30,S005,P0001,137,112.58927
2023-10-30,S004,P0016,67,63.691677
2023-10-30,S003,P0019,151,138.00183
2023-10-30,S003,P0017,59,64.621994
2023-10-30,S003,P0005,51,76.308495
2023-10-30,S005,P0009,81,90.93379
2023-10-30,S002,P0003,69,93.40373
2023-10-30,S001,P0016,83,101.405914
2023-10-30,S002,P0007,121,105.81252
2023-10-30,S004,P0018,54,64.22893
2023-10-30,S005,P0008,96,99.84506
2023-10-30,S004,P0010,112,106.77453
2023-10-30,S005,P0004,94,100.86616
2023-10-30,S005,P0014,76,74.03213
2023-10-30,S005,P0012,43,49.872654
2023-10-30,S001,P0008,105,86.19885
2023-10-30,S004,P0006,90,95.12475
2023-10-30,S001,P0014,113,107.71615
2023-10-30,S003,P0003,80,90.366035
2023-10-30,S003,P0011,84,97.55409
2023-10-30,S003,P0012,83,74.16724
2023-10-30,S005,P0019,57,66.014946
2023-10-30,S001,P0004,56,71.94186
2023-10-30,S005,P0013,138,122.213554
2023-10-30,S005,P0007,111,111.75792
2023-10-30,S004,P0013,83,84.589325
2023-10-30,S003,P0007,87,100.34642
2023-10-30,S004,P0020,59,62.550575
2023-10-30,S004,P0004,102,96.3118
2023-10-30,S002,P0016,111,98.038506
2023-10-30,S002,P0010,126,127.9896
2023-10-30,S004,P0009,83,90.05799
2023-10-30,S002,P0015,112,102.30485
2023-10-30,S002,P0002,89,87.505066
2023-10-30,S005,P0002,81,89.44831
2023-10-30,S002,P0020,34,54.538353
2023-10-30,S004,P0011,109,92.786026
2023-10-30,S001,P0003,86,83.29679
2023-10-30,S002,P0004,123,109.0504
2023-10-30,S003,P0020,117,96.2462
2023-10-30,S004,P0005,88,90.62519
2023-10-30,S003,P0006,113,106.659065
2023-10-30,S005,P0011,97,93.50188
2023-10-30,S005,P0018,74,71.409805
2023-10-30,S004,P0014,63,59.512012
2023-10-30,S004,P0019,77,76.18099
2023-10-30,S002,P0012,93,82.65977
2023-10-30,S002,P0008,133,117.84937
2023-10-30,S003,P0013,132,119.27101
2023-10-30,S003,P0004,81,100.941505
2023-10-30,S001,P0001,109,88.72026
2023-10-30,S004,P0001,154,129.99792
2023-10-30,S003,P0010,157,116.43122
2023-10-30,S005,P0005,108,97.818855
2023-10-30,S003,P0016,121,104.926605
2023-10-30,S005,P0016,83,81.993416
2023-10-30,S004,P0015,55,55.630318
2023-10-30,S005,P0010,61,83.45779
2023-10-30,S004,P0017,50,91.70065
2023-10-30,S004,P0002,108,100.54777
2023-10-30,S001,P0010,90,81.54344
2023-10-30,S003,P0008,98,110.69318
2023-10-30,S001,P0020,65,60.64984
2023-10-30,S004,P0012,90,89.716484
2023-10-30,S002,P0018,51,82.36183
2023-10-30,S002,P0019,137,109.79537
2023-10-30,S002,P0005,46,87.92597
2023-10-30,S003,P0018,38,55.27701
2023-10-30,S002,P0014,86,94.77646
2023-10-30,S001,P0009,120,112.262344
2023-10-30,S003,P0009,107,102.555275
2023-10-30,S004,P0008,71,71.07962
2023-10-30,S001,P0011,86,75.22776
2023-10-30,S002,P0001,181,155.10715
2023-10-30,S003,P0002,103,103.01815
2023-10-30,S002,P0013,95,95.78573
2023-10-30,S002,P0009,99,112.788895
2023-10-30,S005,P0006,143,129.43785
2023-10-30,S001,P0005,178,129.53949
2023-10-30,S004,P0007,31,89.86151
2023-10-30,S002,P0006,78,90.68885
2023-10-30,S001,P0012,144,127.37846
2023-10-30,S001,P0019,65,61.116234
2023-10-30,S004,P0003,74,72.984695
2023-10-30,S002,P0011,104,108.41599
2023-10-30,S001,P0015,141,105.941605
2023-10-30,S003,P0014,67,85.01478
2023-10-30,S005,P0003,113,93.43413
2023-10-30,S001,P0002,91,94.95062
2023-10-30,S005,P0017,94,96.68366
2023-10-30,S003,P0015,134,120.43176
2023-10-30,S005,P0015,82,91.22683
2023-10-30,S001,P0006,102,102.2837
2023-10-31,S002,P0019,71,77.24578
2023-10-31,S004,P0016,85,75.98823
2023-10-31,S003,P0019,68,97.833145
2023-10-31,S001,P0017,100,91.68704
2023-10-31,S002,P0005,101,99.75021
2023-10-31,S004,P0014,90,92.389534
2023-10-31,S004,P0015,86,85.54169
2023-10-31,S003,P0018,44,63.187675
2023-10-31,S003,P0008,118,115.631874
2023-10-31,S001,P0001,66,80.82334
2023-10-31,S001,P0010,62,66.94327
2023-10-31,S003,P0016,127,123.48007
2023-10-31,S004,P0019,144,117.345184
2023-10-31,S001,P0008,42,71.053986
2023-10-31,S002,P0017,39,67.041336
2023-10-31,S003,P0020,116,101.861176
2023-10-31,S005,P0010,202,117.6859
2023-10-31,S004,P0001,148,127.43089
2023-10-31,S002,P0012,56,71.47214
2023-10-31,S001,P0020,79,71.62123
2023-10-31,S005,P0014,66,66.10907
2023-10-31,S001,P0004,88,88.6749
2023-10-31,S003,P0010,116,121.37056
2023-10-31,S001,P0014,116,94.15219
2023-10-31,S005,P0005,106,98.36647
2023-10-31,S001,P0007,80,97.32165
2023-10-31,S004,P0008,108,96.14345
2023-10-31,S005,P0007,40,93.71612
2023-10-31,S004,P0012,65,93.1907
2023-10-31,S004,P0002,90,107.30467
2023-10-31,S002,P0018,75,86.64853
2023-10-31,S005,P0002,64,79.444115
2023-10-31,S005,P0012,35,51.86909
2023-10-31,S004,P0013,71,96.63749
2023-10-31,S002,P0001,164,139.31633
2023-10-31,S003,P0004,106,116.20224
2023-10-31,S002,P0015,102,95.595924
2023-10-31,S005,P0004,145,121.837326
2023-10-31,S002,P0010,138,129.80034
2023-10-31,S003,P0011,134,132.96696
2023-10-31,S001,P0011,53,61.007004
2023-10-31,S001,P0009,124,111.54444
2023-10-31,S003,P0017,65,71.70061
2023-10-31,S005,P0016,72,73.807434
2023-10-31,S003,P0013,107,123.14627
2023-10-31,S002,P0008,101,102.39423
2023-10-31,S001,P0018,100,101.46747
2023-10-31,S003,P0001,111,115.29247
2023-10-31,S002,P0006,108,99.56434
2023-10-31,S004,P0017,121,114.94418
2023-10-31,S003,P0005,117,103.43474
2023-10-31,S003,P0009,120,122.24262
2023-10-31,S005,P0018,109,100.04945
2023-10-31,S005,P0001,122,116.49314
2023-10-31,S005,P0006,88,93.22525
2023-10-31,S002,P0014,46,61.54516
2023-10-31,S004,P0020,111,106.79136
2023-10-31,S002,P0020,56,58.649883
2023-10-31,S003,P0003,122,119.63964
2023-10-31,S005,P0013,138,118.409935
2023-10-31,S003,P0006,77,94.22588
2023-10-31,S001,P0003,106,88.10069
2023-10-31,S004,P0006,142,126.930504
2023-10-31,S002,P0003,76,88.09576
2023-10-31,S003,P0014,68,77.99738
2023-10-31,S001,P0016,105,105.68721
2023-10-31,S003,P0007,112,105.3247
2023-10-31,S005,P0020,36,80.31289
2023-10-31,S005,P0008,85,99.88384
2023-10-31,S002,P0004,26,114.2578
2023-10-31,S004,P0011,74,80.89345
2023-10-31,S004,P0010,132,131.43576
2023-10-31,S001,P0005,86,91.51247
2023-10-31,S002,P0002,106,93.973495
2023-10-31,S004,P0018,41,64.799324
2023-10-31,S004,P0005,119,114.23368
2023-10-31,S003,P0015,109,123.52675
2023-10-31,S003,P0002,157,140.84695
2023-10-31,S005,P0019,59,66.72694
2023-10-31,S002,P0007,76,83.26958
2023-10-31,S001,P0006,77,85.25503
2023-10-31,S004,P0004,108,116.04552
2023-10-31,S002,P0009,76,86.49221
2023-10-31,S004,P0007,141,136.97829
2023-10-31,S005,P0009,118,114.92587
2023-10-31,S001,P0013,92,89.80848
2023-10-31,S004,P0003,100,99.21583
2023-10-31,S001,P0019,42,52.996475
2023-10-31,S005,P0011,69,74.89986
2023-10-31,S005,P0015,110,96.21846
2023-10-31,S003,P0012,107,84.73973
2023-10-31,S002,P0013,138,119.29644
2023-10-31,S004,P0009,174,161.3534
2023-10-31,S005,P0017,63,89.90954
2023-10-31,S001,P0012,71,91.02648
2023-10-31,S005,P0003,82,85.58769
2023-10-31,S001,P0015,38,53.37231
2023-10-31,S001,P0002,61,82.016396
2023-10-31,S002,P0016,157,119.05623
2023-10-31,S002,P0011,57,70.29979
2023-11-01,S001,P0018,90,99.03067
2023-11-01,S005,P0002,61,76.553696
2023-11-01,S005,P0008,113,110.42981
2023-11-01,S003,P0013,118,126.04167
2023-11-01,S004,P0020,118,98.33958
2023-11-01,S005,P0020,36,79.62304
2023-11-01,S001,P0014,138,123.60809
2023-11-01,S002,P0003,99,104.69139
2023-11-01,S002,P0015,163,133.84932
2023-11-01,S001,P0003,119,94.18386
2023-11-01,S005,P0017,130,104.76186
2023-11-01,S003,P0002,78,91.93617
2023-11-01,S003,P0018,96,80.47457
2023-11-01,S002,P0009,74,94.13722
2023-11-01,S002,P0008,93,102.34282
2023-11-01,S003,P0019,156,135.696
2023-11-01,S005,P0016,160,121.04874
2023-11-01,S005,P0015,156,131.02922
2023-11-01,S003,P0001,93,105.44651
2023-11-01,S004,P0009,82,85.45153
2023-11-01,S005,P0005,115,116.59512
2023-11-01,S002,P0014,100,100.338585
2023-11-01,S004,P0019,120,122.829
2023-11-01,S001,P0016,144,133.27214
2023-11-01,S003,P0014,107,100.81092
2023-11-01,S002,P0018,97,98.9276
2023-11-01,S002,P0001,189,156.81662
2023-11-01,S004,P0003,69,72.03154
2023-11-01,S001,P0007,68,94.159134
2023-11-01,S005,P0011,139,106.595436
2023-11-01,S001,P0002,87,95.47898
2023-11-01,S005,P0007,84,100.011475
2023-11-01,S005,P0012,110,103.23035
2023-11-01,S003,P0007,147,105.81007
2023-11-01,S001,P0010,82,82.193054
2023-11-01,S001,P0006,120,101.36848
2023-11-01,S003,P0006,110,92.99893
2023-11-01,S002,P0011,101,107.91897
2023-11-01,S001,P0005,143,129.04909
2023-11-01,S003,P0010,99,100.62749
2023-11-01,S005,P0014,54,58.82758
2023-11-01,S005,P0019,146,121.37921
2023-11-01,S001,P0009,74,96.97676
2023-11-01,S002,P0005,143,140.30254
2023-11-01,S001,P0020,79,64.264244
2023-11-01,S001,P0017,42,73.25913
2023-11-01,S004,P0012,220,186.69269
2023-11-01,S005,P0004,128,130.66603
2023-11-01,S004,P0004,49,131.63675
2023-11-01,S005,P0010,135,109.823616
2023-11-01,S001,P0008,70,81.28732
2023-11-01,S005,P0013,140,141.57524
2023-11-01,S005,P0001,223,172.27194
2023-11-01,S003,P0003,137,106.837875
2023-11-01,S003,P0015,125,142.95341
2023-11-01,S002,P0020,78,75.053246
2023-11-01,S004,P0008,83,74.11673
2023-11-01,S004,P0007,79,110.62703
2023-11-01,S002,P0006,145,129.28511
2023-11-01,S002,P0002,89,99.55692
2023-11-01,S004,P0001,134,115.98872
2023-11-01,S003,P0011,93,96.71497
2023-11-01,S001,P0001,99,107.372284
2023-11-01,S001,P0019,124,100.44505
2023-11-01,S004,P0010,93,103.78452
2023-11-01,S002,P0004,149,142.24792
2023-11-01,S005,P0018,79,73.59532
2023-11-01,S001,P0004,114,122.10752
2023-11-01,S004,P0005,133,116.001976
2023-11-01,S003,P0012,72,78.476
2023-11-01,S005,P0006,95,92.5088
2023-11-01,S004,P0015,80,82.34634
2023-11-01,S004,P0016,111,99.12369
2023-11-01,S004,P0013,209,156.90675
2023-11-01,S001,P0011,39,55.875122
2023-11-01,S004,P0017,88,85.562996
2023-11-01,S003,P0009,95,89.25634
2023-11-01,S003,P0017,106,88.38339
2023-11-01,S002,P0012,133,112.148315
2023-11-01,S003,P0004,89,118.107765
2023-11-01,S001,P0015,59,71.47262
2023-11-01,S001,P0012,164,166.25081
2023-11-01,S003,P0008,86,93.059746
2023-11-01,S002,P0016,149,141.9983
2023-11-01,S002,P0013,186,158.83003
2023-11-01,S005,P0003,57,76.91614
2023-11-01,S002,P0007,44,85.89502
2023-11-01,S003,P0005,165,126.31148
2023-11-01,S003,P0020,128,97.28115
2023-11-01,S005,P0009,110,105.16275
2023-11-01,S003,P0016,120,118.19656
2023-11-01,S002,P0010,119,124.43355
2023-11-01,S004,P0002,124,103.06923
2023-11-01,S004,P0011,161,110.59786
2023-11-01,S002,P0017,90,87.28096
2023-11-01,S004,P0006,114,99.32017
2023-11-01,S004,P0018,80,74.18775
2023-11-01,S002,P0019,127,127.190704
2023-11-01,S001,P0013,121,118.71641
2023-11-01,S004,P0014,55,54.97287
2023-11-02,S004,P0003,52,61.53678
2023-11-02,S005,P0006,113,123.81271
2023-11-02,S002,P0011,141,153.4734
2023-11-02,S002,P0004,147,120.858864
2023-11-02,S001,P0010,107,109.06064
2023-11-02,S003,P0009,148,151.9431
2023-11-02,S004,P0010,163,152.60475
2023-11-02,S005,P0019,61,90.29291
2023-11-02,S002,P0006,163,136.9681
2023-11-02,S003,P0012,56,64.58936
2023-11-02,S001,P0006,53,94.33213
2023-11-02,S004,P0009,134,126.6155
2023-11-02,S004,P0004,83,107.65776
2023-11-02,S004,P0005,151,112.699585
2023-11-02,S005,P0003,50,79.90468
2023-11-02,S001,P0007,177,131.89026
2023-11-02,S003,P0015,170,183.9413
2023-11-02,S001,P0002,61,90.23836
2023-11-02,S001,P0015,72,98.04771
2023-11-02,S001,P0019,131,116.2229
2023-11-02,S003,P0014,67,94.439
2023-11-02,S004,P0007,75,112.57865
2023-11-02,S005,P0009,161,172.09091
2023-11-02,S003,P0005,96,98.07662
2023-11-02,S004,P0006,115,106.19959
2023-11-02,S002,P0009,177,152.1581
2023-11-02,S004,P0011,66,75.76808
2023-11-02,S003,P0007,196,131.76283
2023-11-02,S004,P0018,86,89.35861
2023-11-02,S001,P0003,113,106.13532
2023-11-02,S001,P0013,93,105.935616
2023-11-02,S003,P0006,56,90.279305
2023-11-02,S003,P0018,127,122.83948
2023-11-02,S002,P0015,95,123.86456
2023-11-02,S005,P0008,104,120.622375
2023-11-02,S002,P0016,95,100.255295
2023-11-02,S005,P0011,151,116.086655
2023-11-02,S004,P0020,129,128.37424
2023-11-02,S002,P0003,74,104.45422
2023-11-02,S003,P0003,164,136.51143
2023-11-02,S001,P0016,122,124.62706
2023-11-02,S004,P0012,115,113.086395
2023-11-02,S005,P0013,146,137.98637
2023-11-02,S004,P0014,85,84.824165
2023-11-02,S004,P0008,77,74.3686
2023-11-02,S005,P0020,72,116.45501
2023-11-02,S005,P0001,119,119.531784
2023-11-02,S001,P0017,110,123.066025
2023-11-02,S001,P0012,115,118.12549
2023-11-02,S003,P0002,131,133.15945
2023-11-02,S002,P0013,110,113.34409
2023-11-02,S005,P0018,142,138.06679
2023-11-02,S004,P0015,106,98.85129
2023-11-02,S005,P0002,58,89.32801
2023-11-02,S001,P0004,66,83.65362
2023-11-02,S003,P0011,142,134.86066
2023-11-02,S002,P0010,259,232.06137
2023-11-02,S003,P0001,103,111.44182
2023-11-02,S004,P0016,59,64.51087
2023-11-02,S005,P0012,77,76.686935
2023-11-02,S001,P0011,71,79.24532
2023-11-02,S003,P0008,94,107.83277
2023-11-02,S003,P0017,86,93.21937
2023-11-02,S001,P0018,167,162.08751
2023-11-02,S004,P0017,96,121.235825
2023-11-02,S004,P0002,91,104.59966
2023-11-02,S001,P0014,194,182.66524
2023-11-02,S005,P0014,134,131.4253
2023-11-02,S001,P0020,48,77.42839
2023-11-02,S002,P0005,83,99.35203
2023-11-02,S005,P0004,73,71.348305
2023-11-02,S002,P0017,144,126.30468
2023-11-02,S003,P0013,181,155.01398
2023-11-02,S002,P0018,135,139.15533
2023-11-02,S002,P0014,126,119.0344
2023-11-02,S005,P0017,146,159.43742
2023-11-02,S002,P0001,220,189.61177
2023-11-02,S003,P0019,126,147.58437
2023-11-02,S004,P0013,160,125.21302
2023-11-02,S005,P0015,132,157.0132
2023-11-02,S001,P0009,183,181.29478
2023-11-02,S001,P0005,102,113.82648
2023-11-02,S005,P0005,78,100.56347
2023-11-02,S002,P0002,111,113.944
2023-11-02,S005,P0010,175,156.94794
2023-11-02,S004,P0019,186,154.69783
2023-11-02,S003,P0016,112,119.555084
2023-11-02,S002,P0019,205,169.37062
2023-11-02,S003,P0020,108,131.52097
2023-11-02,S002,P0007,109,111.46964
2023-11-02,S005,P0007,230,184.7472
2023-11-02,S004,P0001,162,138.0847
2023-11-02,S005,P0016,115,114.16306
2023-11-02,S002,P0020,99,108.080025
2023-11-02,S003,P0010,111,165.56235
2023-11-02,S003,P0004,143,129.23265
2023-11-02,S002,P0012,89,88.49001
2023-11-02,S002,P0008,81,104.690384
2023-11-02,S001,P0001,128,102.130585
2023-11-02,S001,P0008,128,89.30445
2023-11-03,S003,P0009,158,133.37204
2023-11-03,S005,P0003,68,80.12463
2023-11-03,S004,P0020,96,102.95237
2023-11-03,S003,P0006,89,95.985596
2023-11-03,S001,P0003,70,87.39471
2023-11-03,S005,P0001,185,165.36101
2023-11-03,S005,P0005,95,101.60557
2023-11-03,S001,P0017,71,77.65687
2023-11-03,S003,P0010,153,105.030174
2023-11-03,S004,P0010,154,116.3101
2023-11-03,S004,P0005,140,125.27046
2023-11-03,S001,P0006,63,75.7536
2023-11-03,S002,P0003,48,86.8091
2023-11-03,S005,P0019,54,60.543655
2023-11-03,S002,P0018,39,84.79693
2023-11-03,S001,P0010,82,74.76355
2023-11-03,S004,P0017,93,88.61568
2023-11-03,S001,P0018,111,123.64419
2023-11-03,S002,P0004,73,105.20609
2023-11-03,S005,P0002,121,102.19855
2023-11-03,S004,P0008,102,94.23732
2023-11-03,S002,P0015,125,105.01189
2023-11-03,S001,P0020,110,97.69932
2023-11-03,S002,P0012,115,109.897064
2023-11-03,S004,P0012,98,119.51391
2023-11-03,S005,P0009,74,115.42726
2023-11-03,S005,P0017,77,95.62777
2023-11-03,S003,P0015,144,138.70332
2023-11-03,S001,P0011,64,65.79574
2023-11-03,S003,P0005,135,123.60352
2023-11-03,S004,P0001,92,85.53919
2023-11-03,S002,P0001,155,154.22888
2023-11-03,S003,P0001,161,133.70364
2023-11-03,S002,P0006,99,101.00374
2023-11-03,S001,P0001,137,111.556885
2023-11-03,S001,P0002,95,107.80526
2023-11-03,S005,P0020,111,109.74379
2023-11-03,S001,P0007,103,100.391
2023-11-03,S003,P0003,126,113.92127
2023-11-03,S003,P0004,121,115.795975
2023-11-03,S003,P0002,100,138.16713
2023-11-03,S005,P0013,120,116.61087
2023-11-03,S002,P0013,88,93.58425
2023-11-03,S003,P0016,159,160.17981
2023-11-03,S005,P0007,155,129.57114
2023-11-03,S004,P0002,139,121.81811
2023-11-03,S005,P0006,90,92.95137
2023-11-03,S004,P0018,105,98.452965
2023-11-03,S003,P0012,29,62.917946
2023-11-03,S004,P0007,136,117.32409
2023-11-03,S002,P0017,117,95.174484
2023-11-03,S002,P0005,77,108.902504
2023-11-03,S005,P0018,172,140.36528
2023-11-03,S004,P0004,114,102.8028
2023-11-03,S002,P0007,87,97.54435
2023-11-03,S002,P0010,71,99.925125
2023-11-03,S002,P0008,154,150.42102
2023-11-03,S004,P0015,69,72.56231
2023-11-03,S005,P0016,69,104.82583
2023-11-03,S001,P0012,103,125.280174
2023-11-03,S003,P0019,69,85.9849
2023-11-03,S002,P0014,150,133.92317
2023-11-03,S001,P0013,104,93.86793
2023-11-03,S001,P0015,33,48.56931
2023-11-03,S004,P0013,109,103.69083
2023-11-03,S003,P0018,27,81.60562
2023-11-03,S004,P0014,123,108.642685
2023-11-03,S003,P0017,75,73.38178
2023-11-03,S001,P0014,83,91.21042
2023-11-03,S003,P0020,121,126.02045
2023-11-03,S002,P0011,150,143.37788
2023-11-03,S004,P0016,81,76.72044
2023-11-03,S002,P0009,162,153.99164
2023-11-03,S005,P0011,114,95.26485
2023-11-03,S003,P0008,169,159.91916
2023-11-03,S002,P0016,104,126.333305
2023-11-03,S001,P0019,51,55.447975
2023-11-03,S003,P0011,108,111.92301
2023-11-03,S004,P0011,119,96.897354
2023-11-03,S001,P0008,142,108.10562
2023-11-03,S002,P0019,73,92.134705
2023-11-03,S005,P0012,43,66.92797
2023-11-03,S002,P0002,133,137.21516
2023-11-03,S001,P0005,182,152.73964
2023-11-03,S004,P0009,101,121.61002
2023-11-03,S003,P0014,59,94.29
2023-11-03,S004,P0006,146,115.52969
2023-11-03,S005,P0015,111,96.955826
2023-11-03,S004,P0003,76,72.88397
2023-11-03,S005,P0008,188,146.02373
2023-11-03,S001,P0016,137,132.75511
2023-11-03,S001,P0004,94,92.18707
2023-11-03,S003,P0007,155,114.70535
2023-11-03,S005,P0014,57,65.130165
2023-11-03,S001,P0009,126,128.8072
2023-11-03,S005,P0004,120,110.5835
2023-11-03,S005,P0010,124,109.78404
2023-11-03,S003,P0013,103,119.94473
2023-11-03,S004,P0019,88,84.86193
2023-11-03,S002,P0020,57,76.78934
2023-11-04,S001,P0008,81,82.95936
2023-11-04,S001,P0015,112,95.92443
2023-11-04,S002,P0006,60,77.52082
2023-11-04,S003,P0017,162,148.78258
2023-11-04,S002,P0005,149,133.63345
2023-11-04,S004,P0016,93,86.840065
2023-11-04,S003,P0015,114,125.552155
2023-11-04,S002,P0014,145,128.88419
2023-11-04,S005,P0012,114,94.0012
2023-11-04,S004,P0020,38,58.757347
2023-11-04,S005,P0003,98,90.470985
2023-11-04,S001,P0012,156,135.85008
2023-11-04,S002,P0015,103,94.82265
2023-11-04,S003,P0018,54,65.776276
2023-11-04,S005,P0009,58,113.69194
2023-11-04,S005,P0018,79,86.29362
2023-11-04,S001,P0017,102,107.7758
2023-11-04,S004,P0017,137,131.80212
2023-11-04,S001,P0004,104,112.56762
2023-11-04,S005,P0014,62,74.30091
2023-11-04,S005,P0006,94,93.761345
2023-11-04,S002,P0013,147,118.06618
2023-11-04,S001,P0016,129,105.04649
2023-11-04,S004,P0019,77,103.06072
2023-11-04,S005,P0008,145,109.02598
2023-11-04,S001,P0009,94,123.64001
2023-11-04,S002,P0019,123,123.01275
2023-11-04,S003,P0016,90,100.14682
2023-11-04,S004,P0012,153,145.47552
2023-11-04,S005,P0019,74,81.20342
2023-11-04,S003,P0012,116,80.164986
2023-11-04,S001,P0011,29,64.68771
2023-11-04,S002,P0010,145,166.08313
2023-11-04,S002,P0004,179,130.76073
2023-11-04,S004,P0001,91,91.511
2023-11-04,S001,P0013,110,94.94755
2023-11-04,S003,P0013,95,118.15254
2023-11-04,S004,P0002,138,113.476166
2023-11-04,S002,P0012,112,83.32963
2023-11-04,S004,P0018,41,61.63746
2023-11-04,S004,P0004,180,156.54608
2023-11-04,S005,P0001,68,74.14295
2023-11-04,S005,P0015,124,100.501755
2023-11-04,S005,P0016,128,105.01368
2023-11-04,S004,P0003,57,62.439884
2023-11-04,S003,P0014,185,148.59454
2023-11-04,S001,P0010,91,87.99308
2023-11-04,S002,P0011,169,144.81161
2023-11-04,S004,P0011,120,108.69293
2023-11-04,S002,P0016,93,90.615005
2023-11-04,S002,P0002,110,91.81991
2023-11-04,S003,P0008,122,119.30149
2023-11-04,S003,P0009,115,134.1369
2023-11-04,S002,P0003,119,114.587105
2023-11-04,S003,P0011,151,155.95905
2023-11-04,S001,P0001,120,94.969826
2023-11-04,S002,P0017,158,115.18438
2023-11-04,S005,P0017,81,120.52894
2023-11-04,S001,P0007,99,101.72828
2023-11-04,S005,P0002,71,78.81891
2023-11-04,S004,P0007,134,120.99443
2023-11-04,S001,P0018,37,98.824646
2023-11-04,S004,P0005,65,112.11119
2023-11-04,S003,P0010,270,148.46046
2023-11-04,S004,P0008,56,61.86735
2023-11-04,S004,P0014,144,138.07793
2023-11-04,S002,P0018,99,97.314766
2023-11-04,S005,P0013,100,107.45265
2023-11-04,S003,P0003,166,150.89708
2023-11-04,S004,P0010,116,138.48965
2023-11-04,S003,P0019,186,181.16434
2023-11-04,S001,P0006,62,78.1623
2023-11-04,S005,P0010,66,121.097404
2023-11-04,S004,P0015,19,39.401665
2023-11-04,S003,P0005,127,128.22997
2023-11-04,S003,P0004,170,156.8428
2023-11-04,S001,P0003,86,84.543144
2023-11-04,S001,P0002,85,89.225006
2023-11-04,S003,P0002,112,120.94375
2023-11-04,S001,P0005,59,118.094955
2023-11-04,S001,P0019,69,77.60277
2023-11-04,S003,P0006,138,112.44805
2023-11-04,S001,P0020,59,58.95772
2023-11-04,S005,P0005,135,120.459366
2023-11-04,S001,P0014,84,96.107254
2023-11-04,S003,P0007,202,128.87363
2023-11-04,S002,P0009,144,132.86833
2023-11-04,S002,P0007,162,104.15138
2023-11-04,S005,P0004,112,109.46224
2023-11-04,S003,P0020,71,101.1088
2023-11-04,S004,P0013,103,104.62625
2023-11-04,S002,P0008,69,83.49034
2023-11-04,S002,P0001,127,110.1662
2023-11-04,S004,P0006,109,117.3475
2023-11-04,S002,P0020,54,60.52551
2023-11-04,S005,P0011,110,114.657486
2023-11-04,S005,P0020,101,91.76395
2023-11-04,S003,P0001,40,62.691944
2023-11-04,S005,P0007,69,95.93963
2023-11-04,S004,P0009,82,112.17155
2023-11-05,S001,P0008,86,103.43236
2023-11-05,S005,P0019,73,70.60994
2023-11-05,S004,P0005,78,119.93062
2023-11-05,S002,P0010,121,118.880585
2023-11-05,S004,P0011,89,88.42266
2023-11-05,S002,P0004,87,130.63914
2023-11-05,S005,P0002,88,83.20195
2023-11-05,S003,P0012,32,47.700256
2023-11-05,S001,P0018,72,124.70733
2023-11-05,S004,P0004,81,145.83128
2023-11-05,S004,P0020,81,80.0069
2023-11-05,S002,P0003,4,69.03905
2023-11-05,S004,P0010,110,114.89314
2023-11-05,S002,P0015,109,92.64548
2023-11-05,S003,P0018,75,80.391975
2023-11-05,S003,P0019,79,91.70068
2023-11-05,S001,P0006,109,92.43135
2023-11-05,S003,P0009,133,112.54144
2023-11-05,S001,P0016,172,139.94876
2023-11-05,S002,P0009,107,99.94274
2023-11-05,S001,P0007,203,145.63574
2023-11-05,S005,P0003,56,78.0
2023-11-05,S002,P0018,68,97.64729
2023-11-05,S002,P0017,59,69.91662
2023-11-05,S002,P0019,74,85.87558
2023-11-05,S004,P0013,161,153.34091
2023-11-05,S004,P0016,97,91.02737
2023-11-05,S001,P0004,115,116.25713
2023-11-05,S005,P0016,151,120.85637
2023-11-05,S002,P0002,80,92.497185
2023-11-05,S005,P0014,99,102.17774
2023-11-05,S002,P0014,140,128.34767
2023-11-05,S003,P0008,110,142.11098
2023-11-05,S001,P0005,116,124.18198
2023-11-05,S002,P0005,179,156.18803
2023-11-05,S002,P0007,105,107.09579
2023-11-05,S002,P0016,120,113.108154
2023-11-05,S003,P0007,218,141.29391
2023-11-05,S001,P0019,104,78.25179
2023-11-05,S003,P0013,88,129.06218
2023-11-05,S001,P0009,69,95.25144
2023-11-05,S005,P0004,141,137.59357
2023-11-05,S004,P0015,94,80.792
2023-11-05,S001,P0017,83,82.8279
2023-11-05,S005,P0012,110,96.14308
2023-11-05,S003,P0010,78,107.68389
2023-11-05,S003,P0011,145,138.3589
2023-11-05,S001,P0013,103,114.30978
2023-11-05,S004,P0019,123,111.75681
2023-11-05,S005,P0010,139,107.82721
2023-11-05,S003,P0020,110,97.98738
2023-11-05,S005,P0005,147,125.51032
2023-11-05,S003,P0014,120,118.109215
2023-11-05,S005,P0017,97,99.321266
2023-11-05,S005,P0008,90,123.71375
2023-11-05,S002,P0020,83,76.576515
2023-11-05,S005,P0011,75,82.685974
2023-11-05,S005,P0018,103,101.585915
2023-11-05,S004,P0017,114,104.416145
2023-11-05,S005,P0015,127,98.22325
2023-11-05,S004,P0003,134,106.98832
2023-11-05,S004,P0009,155,143.49953
2023-11-05,S001,P0001,105,94.331154
2023-11-05,S001,P0003,102,87.46521
2023-11-05,S003,P0001,113,101.88828
2023-11-05,S005,P0006,50,83.75843
2023-11-05,S002,P0011,35,58.425587
2023-11-05,S004,P0001,131,110.963196
2023-11-05,S002,P0013,128,125.15909
2023-11-05,S001,P0010,67,69.798546
2023-11-05,S005,P0013,167,148.55461
2023-11-05,S004,P0007,168,151.4672
2023-11-05,S001,P0014,84,95.87572
2023-11-05,S002,P0001,136,114.46384
2023-11-05,S003,P0004,63,115.17787
2023-11-05,S005,P0001,60,72.56226
2023-11-05,S002,P0012,38,67.89641
2023-11-05,S004,P0018,116,105.78288
2023-11-05,S004,P0006,167,124.036224
2023-11-05,S003,P0005,165,144.01491
2023-11-05,S003,P0015,77,105.87874
2023-11-05,S003,P0017,93,81.0516
2023-11-05,S005,P0007,118,126.9821
2023-11-05,S002,P0008,156,139.64287
2023-11-05,S002,P0006,141,115.46197
2023-11-05,S001,P0015,92,84.86383
2023-11-05,S004,P0012,41,81.96434
2023-11-05,S004,P0014,50,73.39008
2023-11-05,S005,P0020,88,84.94818
2023-11-05,S003,P0016,148,139.92395
2023-11-05,S001,P0020,65,62.022427
2023-11-05,S003,P0006,108,107.80071
2023-11-05,S005,P0009,139,130.88629
2023-11-05,S001,P0012,107,102.09763
2023-11-05,S003,P0003,127,118.45364
2023-11-05,S001,P0011,71,69.35365
2023-11-05,S004,P0002,119,111.987404
2023-11-05,S003,P0002,141,132.07635
2023-11-05,S001,P0002,94,95.04642
2023-11-05,S004,P0008,179,130.47935
2023-11-06,S003,P0004,138,107.02536
2023-11-06,S003,P0009,119,105.159904
2023-11-06,S003,P0017,27,50.624676
2023-11-06,S003,P0013,133,111.66472
2023-11-06,S005,P0015,139,101.43699
2023-11-06,S005,P0008,66,90.16399
2023-11-06,S001,P0009,165,117.343
2023-11-06,S002,P0013,130,110.953835
2023-11-06,S003,P0014,68,75.792946
2023-11-06,S003,P0015,77,92.08048
2023-11-06,S001,P0006,94,96.83997
2023-11-06,S001,P0012,123,105.82218
2023-11-06,S002,P0011,100,104.067245
2023-11-06,S004,P0017,83,87.53861
2023-11-06,S001,P0011,78,89.45071
2023-11-06,S003,P0016,116,99.81421
2023-11-06,S004,P0020,76,72.79043
2023-11-06,S004,P0016,58,53.78824
2023-11-06,S003,P0018,52,53.41414
2023-11-06,S002,P0015,23,62.19861
2023-11-06,S004,P0019,104,93.334
2023-11-06,S004,P0018,73,71.90371
2023-11-06,S002,P0014,83,88.68798
2023-11-06,S005,P0007,108,112.04776
2023-11-06,S001,P0008,113,85.41653
2023-11-06,S004,P0015,81,80.178925
2023-11-06,S001,P0005,101,94.76729
2023-11-06,S005,P0006,159,125.96694
2023-11-06,S003,P0008,135,118.63983
2023-11-06,S001,P0002,97,97.95159
2023-11-06,S003,P0001,96,81.981606
2023-11-06,S005,P0004,62,70.40227
2023-11-06,S003,P0002,100,98.613045
2023-11-06,S003,P0006,82,82.31918
2023-11-06,S002,P0008,129,110.39524
2023-11-06,S005,P0012,101,84.45649
2023-11-06,S003,P0007,133,100.82393
2023-11-06,S001,P0004,94,87.35648
2023-11-06,S002,P0020,108,93.53003
2023-11-06,S005,P0011,121,116.54113
2023-11-06,S001,P0003,140,110.502266
2023-11-06,S002,P0019,97,90.32402
2023-11-06,S005,P0013,109,112.82374
2023-11-06,S005,P0014,83,74.93311
2023-11-06,S001,P0001,97,87.99968
2023-11-06,S005,P0003,74,103.7359
2023-11-06,S001,P0010,79,78.569214
2023-11-06,S005,P0005,103,90.51294
2023-11-06,S003,P0005,117,96.30849
2023-11-06,S004,P0014,70,58.933388
2023-11-06,S002,P0018,72,85.66051
2023-11-06,S002,P0001,73,106.936966
2023-11-06,S004,P0002,162,126.883766
2023-11-06,S001,P0020,71,62.981792
2023-11-06,S005,P0010,83,92.84993
2023-11-06,S002,P0006,87,88.35166
2023-11-06,S001,P0015,89,83.04152
2023-11-06,S002,P0002,58,74.81935
2023-11-06,S004,P0005,90,91.52556
2023-11-06,S001,P0019,75,62.576572
2023-11-06,S004,P0009,76,82.213394
2023-11-06,S001,P0017,85,84.73862
2023-11-06,S004,P0007,133,115.486145
2023-11-06,S002,P0007,57,77.70411
2023-11-06,S001,P0016,84,95.058945
2023-11-06,S004,P0011,91,86.248764
2023-11-06,S005,P0017,76,93.99235
2023-11-06,S004,P0013,97,92.36935
2023-11-06,S003,P0020,98,93.13314
2023-11-06,S005,P0016,51,74.3167
2023-11-06,S004,P0003,98,100.06027
2023-11-06,S001,P0014,102,88.82964
2023-11-06,S004,P0001,109,91.53962
2023-11-06,S004,P0012,92,96.66098
2023-11-06,S004,P0006,135,105.3782
2023-11-06,S003,P0003,141,126.649124
2023-11-06,S004,P0010,52,59.646526
2023-11-06,S002,P0009,74,88.65395
2023-11-06,S003,P0010,70,103.60137
2023-11-06,S003,P0019,137,123.345665
2023-11-06,S005,P0002,107,92.06239
2023-11-06,S001,P0007,173,108.37276
2023-11-06,S002,P0017,69,72.488045
2023-11-06,S005,P0009,98,95.596245
2023-11-06,S005,P0001,91,96.51663
2023-11-06,S002,P0016,88,89.39103
2023-11-06,S003,P0012,81,70.90333
2023-11-06,S001,P0013,76,89.71263
2023-11-06,S003,P0011,181,170.28078
2023-11-06,S005,P0018,91,91.37688
2023-11-06,S005,P0019,77,80.221436
2023-11-06,S005,P0020,75,82.1227
2023-11-06,S002,P0012,104,81.02246
2023-11-06,S001,P0018,75,89.36178
2023-11-06,S002,P0004,118,92.650826
2023-11-06,S004,P0004,122,102.84164
2023-11-06,S004,P0008,46,52.452663
2023-11-06,S002,P0003,90,107.55128
2023-11-06,S002,P0005,99,94.0995
2023-11-06,S002,P0010,94,100.11539
2023-11-07,S002,P0020,91,93.18646
2023-11-07,S003,P0016,165,159.48378
2023-11-07,S002,P0004,102,118.32845
2023-11-07,S005,P0019,80,74.73348
2023-11-07,S005,P0001,97,95.416275
2023-11-07,S003,P0012,32,45.411625
2023-11-07,S001,P0004,92,92.49214
2023-11-07,S002,P0016,108,107.87153
2023-11-07,S004,P0011,143,118.791954
2023-11-07,S004,P0004,112,119.03635
2023-11-07,S002,P0002,151,143.32657
2023-11-07,S004,P0009,47,81.553246
2023-11-07,S003,P0005,95,102.78334
2023-11-07,S001,P0003,105,92.82541
2023-11-07,S004,P0020,88,90.24722
2023-11-07,S005,P0013,81,105.41377
2023-11-07,S002,P0017,156,135.24263
2023-11-07,S001,P0007,236,143.59819
2023-11-07,S005,P0012,66,66.47708
2023-11-07,S002,P0018,76,95.50903
2023-11-07,S002,P0019,120,112.30396
2023-11-07,S003,P0011,104,111.520996
2023-11-07,S002,P0015,99,98.52001
2023-11-07,S003,P0007,167,136.30745
2023-11-07,S004,P0016,90,86.6691
2023-11-07,S004,P0001,231,196.89236
2023-11-07,S003,P0009,141,123.56985
2023-11-07,S003,P0020,122,101.926346
2023-11-07,S002,P0010,71,138.4108
2023-11-07,S001,P0001,99,108.68623
2023-11-07,S004,P0014,83,91.30864
2023-11-07,S002,P0011,119,133.6768
2023-11-07,S001,P0013,85,90.08129
2023-11-07,S004,P0015,49,61.077374
2023-11-07,S002,P0009,113,125.453354
2023-11-07,S003,P0017,100,106.127686
2023-11-07,S005,P0020,136,97.85257
2023-11-07,S002,P0008,103,117.42546
2023-11-07,S001,P0014,98,97.111694
2023-11-07,S002,P0007,225,166.37755
2023-11-07,S004,P0013,102,110.672676
2023-11-07,S003,P0018,73,70.43066
2023-11-07,S003,P0019,100,102.85894
2023-11-07,S004,P0017,143,139.9881
2023-11-07,S001,P0012,133,115.95995
2023-11-07,S005,P0011,119,94.5917
2023-11-07,S001,P0015,143,106.95776
2023-11-07,S005,P0018,105,99.00447
2023-11-07,S005,P0017,131,122.42237
2023-11-07,S005,P0016,90,84.84384
2023-11-07,S004,P0008,73,73.327965
2023-11-07,S004,P0010,118,154.17192
2023-11-07,S004,P0018,80,82.19578
2023-11-07,S005,P0009,80,88.72
2023-11-07,S004,P0002,32,91.283714
2023-11-07,S003,P0015,104,119.13223
2023-11-07,S002,P0006,137,119.884865
2023-11-07,S002,P0012,82,88.28276
2023-11-07,S005,P0006,46,88.92216
2023-11-07,S004,P0007,157,175.29858
2023-11-07,S001,P0016,123,107.66072
2023-11-07,S001,P0002,153,130.67596
2023-11-07,S004,P0003,72,81.682755
2023-11-07,S001,P0009,104,102.74769
2023-11-07,S005,P0007,235,185.72285
2023-11-07,S003,P0013,84,109.87754
2023-11-07,S003,P0001,108,120.685425
2023-11-07,S002,P0001,146,171.39919
2023-11-07,S004,P0006,119,124.82524
2023-11-07,S004,P0019,87,96.45471
2023-11-07,S002,P0005,97,105.17177
2023-11-07,S001,P0011,78,79.50799
2023-11-07,S001,P0006,60,74.00621
2023-11-07,S002,P0013,98,105.556625
2023-11-07,S003,P0006,88,95.48338
2023-11-07,S004,P0012,99,106.08911
2023-11-07,S001,P0010,90,90.056274
2023-11-07,S001,P0020,76,61.57345
2023-11-07,S003,P0008,91,106.8235
2023-11-07,S001,P0005,98,93.80192
2023-11-07,S005,P0014,59,57.520435
2023-11-07,S002,P0003,117,114.59913
2023-11-07,S003,P0003,167,138.25398
2023-11-07,S004,P0005,77,101.41038
2023-11-07,S001,P0019,86,65.56755
2023-11-07,S003,P0010,90,138.07115
2023-11-07,S001,P0018,129,107.94097
2023-11-07,S005,P0002,89,91.16898
2023-11-07,S005,P0010,135,128.8691
2023-11-07,S001,P0008,63,86.62183
2023-11-07,S005,P0004,129,109.58517
2023-11-07,S002,P0014,78,87.45488
2023-11-07,S003,P0004,127,115.42116
2023-11-07,S003,P0014,122,118.89693
2023-11-07,S003,P0002,98,134.48523
2023-11-07,S005,P0005,135,107.80831
2023-11-07,S005,P0008,130,111.1575
2023-11-07,S005,P0003,80,86.76458
2023-11-07,S001,P0017,97,109.035645
2023-11-07,S005,P0015,125,98.04384
2023-11-08,S005,P0006,130,118.91199
2023-11-08,S003,P0006,60,76.09357
2023-11-08,S002,P0009,139,126.737686
2023-11-08,S003,P0016,95,91.87574
2023-11-08,S001,P0018,210,185.52307
2023-11-08,S001,P0020,42,57.75322
2023-11-08,S003,P0002,65,124.835625
2023-11-08,S005,P0001,102,129.52301
2023-11-08,S001,P0011,82,86.420715
2023-11-08,S004,P0013,161,152.63295
2023-11-08,S003,P0019,137,121.154396
2023-11-08,S004,P0012,92,96.64953
2023-11-08,S003,P0015,116,110.32055
2023-11-08,S005,P0005,102,112.40956
2023-11-08,S002,P0012,70,74.26041
2023-11-08,S002,P0008,79,90.909676
2023-11-08,S005,P0018,191,160.34943
2023-11-08,S005,P0007,142,139.10982
2023-11-08,S002,P0006,80,88.99062
2023-11-08,S002,P0013,113,128.7349
2023-11-08,S003,P0011,113,104.72692
2023-11-08,S003,P0010,204,130.70949
2023-11-08,S005,P0002,117,123.045975
2023-11-08,S003,P0004,105,128.5948
2023-11-08,S001,P0002,19,119.0174
2023-11-08,S004,P0007,169,130.01988
2023-11-08,S001,P0013,153,145.07036
2023-11-08,S002,P0001,115,138.34467
2023-11-08,S002,P0014,162,163.31334
2023-11-08,S005,P0009,125,139.211
2023-11-08,S003,P0003,167,150.75296
2023-11-08,S003,P0012,51,58.98473
2023-11-08,S002,P0003,191,143.73013
2023-11-08,S004,P0002,140,132.0869
2023-11-08,S005,P0019,73,86.5691
2023-11-08,S002,P0017,72,93.82938
2023-11-08,S004,P0006,160,122.55825
2023-11-08,S003,P0001,117,103.45992
2023-11-08,S002,P0004,136,132.58623
2023-11-08,S004,P0005,73,91.13799
2023-11-08,S004,P0017,169,147.21646
2023-11-08,S002,P0016,74,86.68382
2023-11-08,S004,P0018,77,90.80922
2023-11-08,S001,P0007,204,138.15211
2023-11-08,S003,P0005,82,93.14174
2023-11-08,S004,P0014,94,89.52526
2023-11-08,S004,P0001,152,147.51332
2023-11-08,S001,P0015,159,124.20937
2023-11-08,S002,P0019,75,88.1398
2023-11-08,S004,P0011,64,77.42035
2023-11-08,S005,P0003,118,127.23665
2023-11-08,S005,P0008,130,126.97032
2023-11-08,S002,P0011,111,109.037025
2023-11-08,S003,P0017,106,93.39711
2023-11-08,S002,P0007,76,89.73111
2023-11-08,S004,P0004,157,152.3587
2023-11-08,S004,P0009,91,108.01938
2023-11-08,S004,P0010,125,143.35077
2023-11-08,S001,P0010,143,140.29544
2023-11-08,S001,P0006,61,88.84591
2023-11-08,S002,P0020,81,72.23507
2023-11-08,S003,P0020,81,91.867455
2023-11-08,S001,P0014,101,125.31615
2023-11-08,S003,P0014,213,185.4108
2023-11-08,S004,P0015,93,80.47845
2023-11-08,S001,P0004,118,136.87378
2023-11-08,S002,P0010,120,133.56862
2023-11-08,S005,P0015,90,101.923676
2023-11-08,S002,P0015,77,80.3016
2023-11-08,S005,P0013,42,132.1173
2023-11-08,S002,P0018,114,110.018715
2023-11-08,S003,P0007,148,112.595314
2023-11-08,S003,P0009,111,103.52023
2023-11-08,S001,P0003,214,149.44395
2023-11-08,S005,P0010,160,158.32765
2023-11-08,S005,P0017,72,134.33832
2023-11-08,S002,P0005,94,92.26285
2023-11-08,S001,P0012,133,126.27076
2023-11-08,S005,P0011,143,103.80309
2023-11-08,S005,P0014,95,102.383255
2023-11-08,S005,P0004,141,150.5042
2023-11-08,S001,P0016,102,118.1317
2023-11-08,S001,P0017,141,134.3521
2023-11-08,S005,P0020,110,107.75599
2023-11-08,S004,P0020,55,62.831444
2023-11-08,S004,P0016,99,82.82749
2023-11-08,S004,P0003,112,112.67959
2023-11-08,S001,P0019,85,75.22381
2023-11-08,S003,P0008,58,89.855515
2023-11-08,S003,P0018,108,100.65223
2023-11-08,S002,P0002,106,107.83518
2023-11-08,S001,P0009,126,145.61198
2023-11-08,S001,P0001,144,133.29913
2023-11-08,S001,P0005,149,137.87303
2023-11-08,S003,P0013,128,132.86305
2023-11-08,S004,P0008,46,55.706272
2023-11-08,S005,P0016,65,90.33328
2023-11-08,S004,P0019,75,81.60569
2023-11-08,S005,P0012,62,71.380104
2023-11-08,S001,P0008,133,95.981995
2023-11-09,S004,P0002,65,83.55776
2023-11-09,S004,P0017,222,200.18927
2023-11-09,S003,P0001,83,86.875626
2023-11-09,S005,P0006,172,141.88269
2023-11-09,S002,P0006,98,104.14157
2023-11-09,S003,P0015,109,103.750916
2023-11-09,S001,P0004,141,112.42927
2023-11-09,S001,P0015,94,84.78075
2023-11-09,S004,P0012,133,144.5052
2023-11-09,S002,P0012,70,93.7307
2023-11-09,S002,P0001,134,108.944405
2023-11-09,S004,P0007,176,122.06485
2023-11-09,S005,P0007,151,129.9063
2023-11-09,S004,P0018,71,87.11864
2023-11-09,S005,P0009,146,131.30086
2023-11-09,S001,P0012,148,161.92781
2023-11-09,S005,P0013,101,110.49434
2023-11-09,S005,P0005,139,108.343994
2023-11-09,S002,P0014,99,99.599785
2023-11-09,S001,P0011,77,73.49334
2023-11-09,S003,P0007,171,112.74127
2023-11-09,S005,P0015,76,89.347664
2023-11-09,S002,P0008,144,134.60178
2023-11-09,S001,P0009,95,97.85688
2023-11-09,S005,P0017,87,106.65828
2023-11-09,S003,P0013,32,64.49623
2023-11-09,S002,P0011,134,122.20131
2023-11-09,S005,P0008,198,147.40274
2023-11-09,S001,P0001,117,86.800354
2023-11-09,S002,P0010,206,195.0434
2023-11-09,S005,P0011,87,78.72486
2023-11-09,S003,P0002,156,125.98304
2023-11-09,S005,P0004,78,74.43606
2023-11-09,S001,P0016,91,118.353966
2023-11-09,S003,P0008,87,122.511314
2023-11-09,S001,P0002,99,96.09246
2023-11-09,S002,P0005,93,92.73141
2023-11-09,S001,P0003,96,88.70093
2023-11-09,S001,P0005,83,85.47929
2023-11-09,S001,P0019,24,40.325623
2023-11-09,S004,P0003,105,92.22625
2023-11-09,S004,P0001,165,132.9703
2023-11-09,S005,P0014,73,74.37923
2023-11-09,S004,P0019,83,83.31382
2023-11-09,S005,P0016,67,97.443726
2023-11-09,S003,P0005,45,73.094955
2023-11-09,S001,P0007,116,110.40431
2023-11-09,S004,P0014,91,89.87307
2023-11-09,S001,P0020,18,44.976723
2023-11-09,S004,P0006,215,156.0389
2023-11-09,S004,P0009,92,93.96795
2023-11-09,S001,P0017,53,93.3076
2023-11-09,S004,P0011,108,95.97983
2023-11-09,S002,P0007,158,106.058395
2023-11-09,S005,P0002,65,78.96482
2023-11-09,S003,P0011,76,86.42876
2023-11-09,S004,P0005,141,112.06742
2023-11-09,S002,P0004,59,99.65152
2023-11-09,S002,P0018,126,121.1827
2023-11-09,S005,P0020,91,81.4689
2023-11-09,S003,P0018,81,75.53325
2023-11-09,S002,P0003,61,87.47165
2023-11-09,S003,P0003,91,93.96988
2023-11-09,S002,P0017,103,108.978424
2023-11-09,S005,P0010,100,123.38208
2023-11-09,S002,P0009,125,105.15531
2023-11-09,S003,P0009,172,124.505196
2023-11-09,S005,P0012,60,74.94331
2023-11-09,S004,P0008,105,93.031
2023-11-09,S004,P0013,136,114.87491
2023-11-09,S001,P0013,60,83.04658
2023-11-09,S003,P0020,94,91.574974
2023-11-09,S003,P0019,117,103.86479
2023-11-09,S002,P0016,147,124.668884
2023-11-09,S004,P0010,140,150.43839
2023-11-09,S005,P0003,106,94.075386
2023-11-09,S004,P0020,80,74.98567
2023-11-09,S005,P0001,70,88.36825
2023-11-09,S003,P0016,102,109.383484
2023-11-09,S001,P0010,98,97.2671
2023-11-09,S002,P0020,59,60.913742
2023-11-09,S003,P0017,81,79.20492
2023-11-09,S003,P0014,157,143.23326
2023-11-09,S001,P0014,71,72.31383
2023-11-09,S005,P0018,166,137.87827
2023-11-09,S002,P0013,86,82.56663
2023-11-09,S003,P0004,49,86.554214
2023-11-09,S001,P0006,110,114.7601
2023-11-09,S003,P0006,138,108.31433
2023-11-09,S001,P0018,206,176.5917
2023-11-09,S004,P0004,122,116.62981
2023-11-09,S001,P0008,114,103.66615
2023-11-09,S005,P0019,46,54.76063
2023-11-09,S002,P0002,114,100.80584
2023-11-09,S004,P0015,67,69.79359
2023-11-09,S002,P0015,114,93.91482
2023-11-09,S004,P0016,117,104.14586
2023-11-09,S003,P0010,133,132.68375
2023-11-09,S002,P0019,68,88.40896
2023-11-09,S003,P0012,105,92.042465
2023-11-10,S004,P0003,53,69.16188
2023-11-10,S002,P0015,84,85.70654
2023-11-10,S004,P0018,86,83.23941
2023-11-10,S004,P0020,139,134.29532
2023-11-10,S002,P0005,18,80.13307
2023-11-10,S003,P0013,75,98.72283
2023-11-10,S005,P0016,80,78.29309
2023-11-10,S004,P0016,90,81.63604
2023-11-10,S001,P0011,36,56.3397
2023-11-10,S002,P0010,44,94.8848
2023-11-10,S001,P0009,87,91.149994
2023-11-10,S003,P0012,91,89.188675
2023-11-10,S003,P0016,100,96.49889
2023-11-10,S003,P0018,100,86.72088
2023-11-10,S001,P0001,77,80.48512
2023-11-10,S004,P0004,80,110.75289
2023-11-10,S004,P0007,115,142.9941
2023-11-10,S005,P0008,150,134.98833
2023-11-10,S005,P0009,103,113.85561
2023-11-10,S002,P0004,117,101.47578
2023-11-10,S005,P0019,70,81.30682
2023-11-10,S001,P0008,74,85.705444
2023-11-10,S004,P0017,142,138.43123
2023-11-10,S004,P0019,173,155.58226
2023-11-10,S004,P0002,115,130.93349
2023-11-10,S002,P0012,88,99.20079
2023-11-10,S005,P0015,125,95.77074
2023-11-10,S004,P0013,111,105.33991
2023-11-10,S001,P0012,172,164.04749
2023-11-10,S003,P0003,138,114.75175
2023-11-10,S002,P0011,90,97.19778
2023-11-10,S001,P0013,69,81.094864
2023-11-10,S003,P0014,146,132.77199
2023-11-10,S002,P0006,105,108.3178
2023-11-10,S003,P0011,139,132.23264
2023-11-10,S001,P0010,52,62.887337
2023-11-10,S002,P0014,54,97.5149
2023-11-10,S004,P0001,132,118.40813
2023-11-10,S005,P0001,86,90.14451
2023-11-10,S002,P0013,140,117.33802
2023-11-10,S003,P0015,27,78.644066
2023-11-10,S002,P0017,92,89.92481
2023-11-10,S003,P0004,131,108.26816
2023-11-10,S001,P0015,77,73.75991
2023-11-10,S004,P0011,116,100.11749
2023-11-10,S003,P0017,39,55.031597
2023-11-10,S004,P0012,145,165.06766
2023-11-10,S005,P0012,78,88.302765
2023-11-10,S002,P0016,104,99.21658
2023-11-10,S001,P0016,69,96.509384
2023-11-10,S002,P0009,91,99.71932
2023-11-10,S001,P0007,110,107.76722
2023-11-10,S004,P0008,110,104.88052
2023-11-10,S003,P0020,124,111.87364
2023-11-10,S002,P0019,107,111.86708
2023-11-10,S001,P0005,139,112.286095
2023-11-10,S005,P0010,131,106.02494
2023-11-10,S002,P0008,131,141.71417
2023-11-10,S003,P0001,76,73.885376
2023-11-10,S003,P0008,76,120.454704
2023-11-10,S003,P0010,131,107.55972
2023-11-10,S002,P0007,89,97.81478
2023-11-10,S003,P0002,198,167.07579
2023-11-10,S004,P0014,133,131.38687
2023-11-10,S001,P0020,100,86.73632
2023-11-10,S001,P0018,85,89.58773
2023-11-10,S003,P0006,84,83.14524
2023-11-10,S005,P0005,88,84.97017
2023-11-10,S005,P0002,183,114.014114
2023-11-10,S001,P0002,111,116.076965
2023-11-10,S003,P0005,64,75.29559
2023-11-10,S005,P0020,86,101.542404
2023-11-10,S001,P0017,46,69.8903
2023-11-10,S005,P0014,154,141.1421
2023-11-10,S002,P0002,159,141.24644
2023-11-10,S005,P0007,140,125.92901
2023-11-10,S005,P0003,115,93.267685
2023-11-10,S001,P0019,83,79.93843
2023-11-10,S004,P0009,75,89.78855
2023-11-10,S001,P0006,84,98.28814
2023-11-10,S001,P0003,115,95.29629
2023-11-10,S003,P0019,158,135.54456
2023-11-10,S003,P0009,121,101.40959
2023-11-10,S005,P0017,104,98.90279
2023-11-10,S005,P0013,148,124.61182
2023-11-10,S004,P0005,96,101.47067
2023-11-10,S005,P0018,110,102.87615
2023-11-10,S004,P0015,66,71.04578
2023-11-10,S002,P0018,66,87.369736
2023-11-10,S005,P0006,168,150.26273
2023-11-10,S002,P0003,89,99.39163
2023-11-10,S002,P0001,174,149.57826
2023-11-10,S004,P0010,43,74.94294
2023-11-10,S002,P0020,101,99.96109
2023-11-10,S001,P0014,132,118.921776
2023-11-10,S001,P0004,88,82.66424
2023-11-10,S003,P0007,160,113.96304
2023-11-10,S005,P0004,132,102.74921
2023-11-10,S005,P0011,53,67.209335
2023-11-10,S004,P0006,145,162.22011
2023-11-11,S004,P0007,90,136.04388
2023-11-11,S005,P0001,112,102.97505
2023-11-11,S001,P0002,115,108.890686
2023-11-11,S003,P0003,133,151.39886
2023-11-11,S004,P0013,126,121.09735
2023-11-11,S003,P0010,219,109.36676
2023-11-11,S005,P0002,131,109.94383
2023-11-11,S003,P0011,190,191.38916
2023-11-11,S004,P0001,150,139.34691
2023-11-11,S001,P0018,79,90.67564
2023-11-11,S002,P0003,115,123.215195
2023-11-11,S001,P0020,58,54.912304
2023-11-11,S002,P0007,75,88.80197
2023-11-11,S001,P0013,86,86.80833
2023-11-11,S004,P0005,99,99.37183
2023-11-11,S004,P0011,199,160.4268
2023-11-11,S003,P0002,132,152.68628
2023-11-11,S004,P0015,107,100.41696
2023-11-11,S005,P0019,51,54.82473
2023-11-11,S002,P0004,165,134.14572
2023-11-11,S002,P0017,129,89.93025
2023-11-11,S005,P0020,83,84.20818
2023-11-11,S002,P0011,131,134.35724
2023-11-11,S004,P0016,90,80.765884
2023-11-11,S002,P0016,62,81.9446
2023-11-11,S002,P0018,142,96.78898
2023-11-11,S004,P0017,142,142.78374
2023-11-11,S002,P0015,100,102.38923
2023-11-11,S003,P0012,81,74.067635
2023-11-11,S002,P0008,75,89.98775
2023-11-11,S005,P0003,124,113.50034
2023-11-11,S001,P0011,108,106.9678
2023-11-11,S004,P0020,87,80.834854
2023-11-11,S001,P0017,103,87.00976
2023-11-11,S003,P0018,113,108.21479
2023-11-11,S002,P0009,131,107.14923
2023-11-11,S003,P0006,154,146.83884
2023-11-11,S002,P0002,81,104.43103
2023-11-11,S001,P0008,127,84.9044
2023-11-11,S003,P0004,182,154.80397
2023-11-11,S002,P0019,60,78.409355
2023-11-11,S005,P0013,140,118.20993
2023-11-11,S004,P0012,133,127.328636
2023-11-11,S005,P0012,73,67.653175
2023-11-11,S004,P0010,148,128.34473
2023-11-11,S004,P0014,144,159.60031
2023-11-11,S001,P0006,64,75.01979
2023-11-11,S003,P0020,96,104.87911
2023-11-11,S003,P0009,185,146.5144
2023-11-11,S003,P0005,148,118.37916
2023-11-11,S004,P0004,153,159.59334
2023-11-11,S005,P0009,87,101.04899
2023-11-11,S001,P0014,173,152.95537
2023-11-11,S003,P0017,67,74.23078
2023-11-11,S004,P0018,70,78.63609
2023-11-11,S003,P0014,200,196.40431
2023-11-11,S002,P0006,127,102.618965
2023-11-11,S002,P0013,123,105.800156
2023-11-11,S002,P0014,123,128.52444
2023-11-11,S003,P0008,118,120.98267
2023-11-11,S002,P0012,129,81.197174
2023-11-11,S005,P0006,112,98.56819
2023-11-11,S004,P0019,146,114.79262
2023-11-11,S003,P0019,116,116.514786
2023-11-11,S001,P0001,91,82.014084
2023-11-11,S005,P0016,112,90.72611
2023-11-11,S002,P0005,113,100.182686
2023-11-11,S001,P0005,93,92.36314
2023-11-11,S001,P0015,129,100.90354
2023-11-11,S005,P0018,159,111.140915
2023-11-11,S004,P0003,71,96.44317
2023-11-11,S005,P0007,139,123.07286
2023-11-11,S005,P0014,112,103.374855
2023-11-11,S001,P0012,100,101.7
2023-11-11,S001,P0004,132,140.74246
2023-11-11,S003,P0016,107,109.379616
2023-11-11,S005,P0015,126,123.252106
2023-11-11,S005,P0010,92,92.13503
2023-11-11,S005,P0005,42,75.54088
2023-11-11,S001,P0019,41,53.5161
2023-11-11,S001,P0003,128,111.75654
2023-11-11,S004,P0002,83,107.90624
2023-11-11,S001,P0016,65,87.141205
2023-11-11,S005,P0011,73,90.01561
2023-11-11,S001,P0007,114,108.712265
2023-11-11,S002,P0010,100,97.11054
2023-11-11,S001,P0010,100,92.25484
2023-11-11,S004,P0009,103,103.19203
2023-11-11,S002,P0001,85,98.438576
2023-11-11,S005,P0004,146,131.82115
2023-11-11,S003,P0001,47,61.441944
2023-11-11,S003,P0013,94,114.94301
2023-11-11,S004,P0008,106,90.11251
2023-11-11,S003,P0015,118,149.15446
2023-11-11,S003,P0007,197,136.67796
2023-11-11,S005,P0017,72,94.820854
2023-11-11,S004,P0006,173,136.37169
2023-11-11,S005,P0008,67,93.084984
2023-11-11,S002,P0020,57,61.758667
2023-11-11,S001,P0009,154,105.72018
2023-11-12,S005,P0012,42,49.13482
2023-11-12,S002,P0010,173,171.45653
2023-11-12,S005,P0008,122,126.98611
2023-11-12,S001,P0012,130,108.939865
2023-11-12,S001,P0004,108,97.34176
2023-11-12,S003,P0017,85,88.90382
2023-11-12,S003,P0014,192,184.54625
2023-11-12,S002,P0002,133,144.21985
2023-11-12,S001,P0014,112,116.07151
2023-11-12,S001,P0008,129,104.69583
2023-11-12,S001,P0013,49,80.9987
2023-11-12,S004,P0011,104,90.382935
2023-11-12,S002,P0003,140,155.6158
2023-11-12,S004,P0015,93,87.052895
2023-11-12,S004,P0005,104,99.66457
2023-11-12,S002,P0016,142,142.13628
2023-11-12,S005,P0001,126,119.926605
2023-11-12,S005,P0013,85,100.26502
2023-11-12,S003,P0003,100,132.8918
2023-11-12,S003,P0011,48,90.61805
2023-11-12,S002,P0020,28,60.19709
2023-11-12,S001,P0018,150,140.80981
2023-11-12,S004,P0008,66,81.54648
2023-11-12,S004,P0016,117,107.74066
2023-11-12,S001,P0010,92,92.84773
2023-11-12,S001,P0019,71,62.65896
2023-11-12,S001,P0016,133,127.687195
2023-11-12,S005,P0011,78,81.34567
2023-11-12,S004,P0003,21,70.93073
2023-11-12,S005,P0014,105,96.397736
2023-11-12,S004,P0013,188,131.21265
2023-11-12,S001,P0009,150,107.68718
2023-11-12,S005,P0016,128,114.91121
2023-11-12,S001,P0005,135,114.44188
2023-11-12,S004,P0019,95,96.045975
2023-11-12,S004,P0009,94,102.80388
2023-11-12,S003,P0008,160,169.43692
2023-11-12,S005,P0002,138,109.34579
2023-11-12,S005,P0010,159,138.9455
2023-11-12,S002,P0005,158,143.25682
2023-11-12,S003,P0013,94,116.09934
2023-11-12,S002,P0019,81,99.312996
2023-11-12,S003,P0007,167,120.30615
2023-11-12,S002,P0013,157,137.83441
2023-11-12,S001,P0001,95,102.75868
2023-11-12,S001,P0003,138,116.9176
2023-11-12,S005,P0015,85,92.42453
2023-11-12,S002,P0014,86,102.390656
2023-11-12,S003,P0010,130,159.10872
2023-11-12,S005,P0004,92,80.99275
2023-11-12,S002,P0009,66,101.474434
2023-11-12,S001,P0011,74,72.88777
2023-11-12,S004,P0006,128,130.84578
2023-11-12,S001,P0015,104,87.63322
2023-11-12,S002,P0011,150,162.52911
2023-11-12,S005,P0009,50,72.16256
2023-11-12,S003,P0016,120,138.99898
2023-11-12,S001,P0002,157,134.73453
2023-11-12,S005,P0007,76,101.87411
2023-11-12,S003,P0006,116,123.12712
2023-11-12,S005,P0017,71,97.33505
2023-11-12,S003,P0005,41,82.92825
2023-11-12,S003,P0015,117,124.231865
2023-11-12,S004,P0018,77,92.42234
2023-11-12,S005,P0018,74,89.81862
2023-11-12,S001,P0020,58,59.067764
2023-11-12,S004,P0001,133,135.68857
2023-11-12,S002,P0001,213,203.84866
2023-11-12,S005,P0005,102,99.210014
2023-11-12,S003,P0001,150,147.78676
2023-11-12,S004,P0014,58,83.59608
2023-11-12,S002,P0012,140,95.09841
2023-11-12,S004,P0002,89,114.98883
2023-11-12,S004,P0017,137,128.30847
2023-11-12,S004,P0007,132,128.40642
2023-11-12,S002,P0017,98,87.48442
2023-11-12,S002,P0007,132,115.12119
2023-11-12,S005,P0019,93,88.559875
2023-11-12,S002,P0004,98,116.16812
2023-11-12,S002,P0018,108,131.95615
2023-11-12,S003,P0018,149,143.6149
2023-11-12,S003,P0009,101,102.44168
2023-11-12,S004,P0004,85,111.304344
2023-11-12,S002,P0006,194,172.29813
2023-11-12,S004,P0010,161,154.0749
2023-11-12,S003,P0012,71,70.01308
2023-11-12,S003,P0004,131,124.140335
2023-11-12,S002,P0008,157,161.54367
2023-11-12,S001,P0006,77,91.91982
2023-11-12,S004,P0020,102,86.0848
2023-11-12,S001,P0017,93,86.246315
2023-11-12,S005,P0003,188,123.284256
2023-11-12,S003,P0020,120,108.03949
2023-11-12,S005,P0020,98,86.23745
2023-11-12,S003,P0019,132,131.86285
2023-11-12,S001,P0007,92,106.11314
2023-11-12,S005,P0006,143,132.50572
2023-11-12,S004,P0012,115,106.54353
2023-11-12,S003,P0002,212,204.30963
2023-11-12,S002,P0015,118,103.791916
2023-11-13,S004,P0010,80,85.83421
2023-11-13,S001,P0003,159,119.19667
2023-11-13,S004,P0016,85,77.17422
2023-11-13,S005,P0005,189,148.28262
2023-11-13,S004,P0015,76,66.86552
2023-11-13,S004,P0011,77,75.27155
2023-11-13,S001,P0010,49,64.29415
2023-11-13,S005,P0002,117,101.33171
2023-11-13,S005,P0007,114,139.64767
2023-11-13,S005,P0018,169,131.3945
2023-11-13,S002,P0015,78,89.710625
2023-11-13,S004,P0012,106,104.15744
2023-11-13,S005,P0009,67,106.587776
2023-11-13,S004,P0019,122,104.7585
2023-11-13,S005,P0020,85,91.632866
2023-11-13,S004,P0018,60,63.609913
2023-11-13,S001,P0014,140,130.23372
2023-11-13,S005,P0001,127,144.92332
2023-11-13,S002,P0002,85,107.72312
2023-11-13,S005,P0017,121,105.34259
2023-11-13,S003,P0009,108,122.585106
2023-11-13,S001,P0011,96,98.77976
2023-11-13,S004,P0009,98,98.98744
2023-11-13,S001,P0015,66,76.01164
2023-11-13,S004,P0017,97,96.640656
2023-11-13,S001,P0013,61,90.08438
2023-11-13,S003,P0012,74,62.191906
2023-11-13,S001,P0002,147,130.57378
2023-11-13,S004,P0014,49,53.413574
2023-11-13,S001,P0001,35,109.62252
2023-11-13,S001,P0019,98,82.29675
2023-11-13,S001,P0020,57,62.480988
2023-11-13,S001,P0018,66,102.27208
2023-11-13,S005,P0008,146,144.63957
2023-11-13,S001,P0007,152,149.78722
2023-11-13,S005,P0006,140,140.38847
2023-11-13,S004,P0013,121,95.93568
2023-11-13,S001,P0012,85,98.51112
2023-11-13,S005,P0019,73,75.21659
2023-11-13,S001,P0004,112,109.00001
2023-11-13,S001,P0006,97,117.82833
2023-11-13,S005,P0004,116,119.79588
2023-11-13,S001,P0017,104,93.98564
2023-11-13,S004,P0008,108,90.11808
2023-11-13,S001,P0005,180,154.7805
2023-11-13,S001,P0016,114,135.45554
2023-11-13,S004,P0020,97,84.59545
2023-11-13,S001,P0008,139,113.65609
2023-11-13,S005,P0003,113,104.123985
2023-11-13,S001,P0009,139,141.14832
2023-11-13,S004,P0004,115,101.62262
2023-11-13,S003,P0011,104,105.55309
2023-11-13,S002,P0009,136,141.04382
2023-11-13,S003,P0018,96,81.17317
2023-11-13,S005,P0016,121,125.37047
2023-11-13,S002,P0010,155,154.23277
2023-11-13,S003,P0017,74,65.50145
2023-11-13,S004,P0001,159,130.12613
2023-11-13,S002,P0006,176,159.93735
2023-11-13,S002,P0011,38,68.75485
2023-11-13,S002,P0012,71,87.93046
2023-11-13,S003,P0015,118,117.88656
2023-11-13,S004,P0002,104,94.16743
2023-11-13,S002,P0013,224,138.61362
2023-11-13,S005,P0015,91,96.73907
2023-11-13,S002,P0005,107,129.14326
2023-11-13,S003,P0014,103,92.89394
2023-11-13,S003,P0002,87,90.907455
2023-11-13,S002,P0004,106,118.32837
2023-11-13,S003,P0003,52,77.8305
2023-11-13,S004,P0007,206,159.662
2023-11-13,S003,P0004,116,107.99318
2023-11-13,S002,P0016,137,131.83746
2023-11-13,S002,P0008,149,161.10959
2023-11-13,S003,P0020,103,91.51139
2023-11-13,S003,P0016,67,103.12497
2023-11-13,S003,P0019,92,87.29171
2023-11-13,S002,P0017,101,92.5573
2023-11-13,S003,P0010,136,104.411995
2023-11-13,S004,P0005,85,97.246346
2023-11-13,S002,P0003,91,114.70049
2023-11-13,S002,P0018,83,102.39593
2023-11-13,S002,P0019,108,100.75294
2023-11-13,S003,P0005,61,95.6737
2023-11-13,S005,P0011,130,111.83354
2023-11-13,S005,P0010,106,101.95742
2023-11-13,S005,P0014,50,57.695755
2023-11-13,S003,P0007,112,117.42055
2023-11-13,S003,P0008,77,112.9598
2023-11-13,S005,P0013,89,110.10068
2023-11-13,S004,P0006,119,129.99483
2023-11-13,S002,P0001,168,168.98215
2023-11-13,S003,P0001,100,97.661385
2023-11-13,S003,P0006,134,123.073326
2023-11-13,S005,P0012,48,59.215996
2023-11-13,S002,P0014,46,63.077385
2023-11-13,S004,P0003,56,67.48353
2023-11-13,S003,P0013,82,101.60136
2023-11-13,S002,P0020,105,102.87667
2023-11-13,S002,P0007,155,150.235
2023-11-14,S005,P0002,80,83.27982
2023-11-14,S004,P0010,57,80.00433
2023-11-14,S005,P0005,165,142.1776
2023-11-14,S003,P0006,104,92.76554
2023-11-14,S001,P0001,122,95.16659
2023-11-14,S002,P0011,78,92.45533
2023-11-14,S004,P0011,68,64.797325
2023-11-14,S001,P0005,185,142.5898
2023-11-14,S003,P0010,69,117.758354
2023-11-14,S001,P0015,126,101.78436
2023-11-14,S004,P0014,95,93.77016
2023-11-14,S005,P0007,113,113.37898
2023-11-14,S005,P0016,124,97.64101
2023-11-14,S005,P0001,88,91.48918
2023-11-14,S004,P0013,112,117.836586
2023-11-14,S002,P0016,93,99.575935
2023-11-14,S002,P0002,106,107.54351
2023-11-14,S002,P0001,109,117.72752
2023-11-14,S003,P0020,94,92.31242
2023-11-14,S001,P0014,153,135.80954
2023-11-14,S001,P0004,95,91.74016
2023-11-14,S002,P0007,113,108.07512
2023-11-14,S003,P0003,88,110.29719
2023-11-14,S003,P0015,144,137.77068
2023-11-14,S005,P0012,100,98.26225
2023-11-14,S002,P0013,207,163.84123
2023-11-14,S003,P0007,91,91.458565
2023-11-14,S003,P0001,80,78.59341
2023-11-14,S005,P0004,115,104.28028
2023-11-14,S005,P0014,78,82.87452
2023-11-14,S001,P0010,75,70.846565
2023-11-14,S001,P0009,204,162.94652
2023-11-14,S002,P0012,91,107.402435
2023-11-14,S004,P0018,75,74.40202
2023-11-14,S003,P0013,92,116.378075
2023-11-14,S005,P0020,76,82.08283
2023-11-14,S003,P0004,53,81.73714
2023-11-14,S005,P0015,83,90.899376
2023-11-14,S004,P0019,126,106.12827
2023-11-14,S002,P0020,89,84.864365
2023-11-14,S005,P0017,71,109.613174
2023-11-14,S004,P0008,76,69.4558
2023-11-14,S005,P0008,99,104.270485
2023-11-14,S004,P0007,120,121.46791
2023-11-14,S003,P0014,182,174.80206
2023-11-14,S001,P0011,43,59.35004
2023-11-14,S003,P0009,188,143.3868
2023-11-14,S003,P0016,85,91.6635
2023-11-14,S002,P0014,121,122.592
2023-11-14,S001,P0020,103,81.37351
2023-11-14,S003,P0019,59,72.94325
2023-11-14,S002,P0003,119,131.15063
2023-11-14,S001,P0013,114,115.11215
2023-11-14,S003,P0018,58,61.478355
2023-11-14,S004,P0016,48,54.922337
2023-11-14,S002,P0010,98,115.57891
2023-11-14,S002,P0015,75,87.95996
2023-11-14,S004,P0020,80,73.94201
2023-11-14,S003,P0008,40,81.98261
2023-11-14,S001,P0008,95,85.21496
2023-11-14,S003,P0017,89,84.34692
2023-11-14,S001,P0012,76,92.03271
2023-11-14,S005,P0003,114,114.89718
2023-11-14,S004,P0017,81,123.00947
2023-11-14,S001,P0006,69,79.70021
2023-11-14,S001,P0003,130,107.17489
2023-11-14,S004,P0009,113,109.06314
2023-11-14,S004,P0015,93,77.17777
2023-11-14,S005,P0013,150,141.77957
2023-11-14,S001,P0019,79,67.29871
2023-11-14,S003,P0012,58,63.89672
2023-11-14,S002,P0008,33,57.337845
2023-11-14,S005,P0011,59,73.39916
2023-11-14,S002,P0009,147,149.13333
2023-11-14,S004,P0006,126,103.91977
2023-11-14,S004,P0001,101,104.11717
2023-11-14,S002,P0018,75,90.9845
2023-11-14,S005,P0010,109,97.58378
2023-11-14,S002,P0006,56,77.54622
2023-11-14,S004,P0004,133,107.04884
2023-11-14,S003,P0005,43,93.99713
2023-11-14,S001,P0007,55,87.328896
2023-11-14,S001,P0002,113,111.550545
2023-11-14,S002,P0019,114,103.96203
2023-11-14,S001,P0017,126,112.39573
2023-11-14,S002,P0004,166,102.76845
2023-11-14,S002,P0017,94,95.298004
2023-11-14,S004,P0003,163,129.22743
2023-11-14,S005,P0019,41,54.564453
2023-11-14,S001,P0018,95,101.50236
2023-11-14,S001,P0016,93,103.310936
2023-11-14,S002,P0005,180,159.44252
2023-11-14,S004,P0005,45,89.244316
2023-11-14,S003,P0002,131,101.64712
2023-11-14,S003,P0011,150,134.18576
2023-11-14,S004,P0002,106,97.28848
2023-11-14,S005,P0009,186,172.71872
2023-11-14,S004,P0012,169,162.9419
2023-11-14,S005,P0018,62,68.01901
2023-11-14,S005,P0006,126,114.82542
2023-11-15,S005,P0003,126,125.69332
2023-11-15,S003,P0013,101,113.58278
2023-11-15,S002,P0020,102,107.24393
2023-11-15,S004,P0020,56,85.79709
2023-11-15,S005,P0012,37,46.373024
2023-11-15,S002,P0001,64,103.47459
2023-11-15,S002,P0011,34,76.40933
2023-11-15,S003,P0011,98,134.07109
2023-11-15,S005,P0020,59,102.13287
2023-11-15,S004,P0005,139,115.90882
2023-11-15,S002,P0006,70,85.71086
2023-11-15,S004,P0002,244,179.70537
2023-11-15,S005,P0009,42,69.13538
2023-11-15,S004,P0019,174,153.56836
2023-11-15,S004,P0012,87,107.86519
2023-11-15,S001,P0001,90,86.11898
2023-11-15,S003,P0010,174,161.86533
2023-11-15,S003,P0014,171,167.93665
2023-11-15,S004,P0001,150,139.45984
2023-11-15,S002,P0008,98,100.80626
2023-11-15,S001,P0004,110,105.412865
2023-11-15,S003,P0002,230,201.90944
2023-11-15,S003,P0008,190,177.37392
2023-11-15,S001,P0012,129,118.59264
2023-11-15,S002,P0010,188,188.72227
2023-11-15,S001,P0003,149,127.997475
2023-11-15,S002,P0018,143,114.49947
2023-11-15,S002,P0012,148,86.59143
2023-11-15,S001,P0020,121,101.40382
2023-11-15,S001,P0008,96,87.82506
2023-11-15,S002,P0015,99,91.733795
2023-11-15,S004,P0017,117,161.85362
2023-11-15,S003,P0016,82,98.79831
2023-11-15,S005,P0013,96,106.05004
2023-11-15,S002,P0009,64,82.14373
2023-11-15,S004,P0006,106,146.52867
2023-11-15,S004,P0016,50,63.145027
2023-11-15,S002,P0014,69,89.84645
2023-11-15,S003,P0017,92,101.38215
2023-11-15,S003,P0009,190,148.93091
2023-11-15,S004,P0015,94,89.286964
2023-11-15,S003,P0006,156,151.16524
2023-11-15,S001,P0013,79,87.96609
2023-11-15,S001,P0006,149,122.59694
2023-11-15,S004,P0009,121,117.586975
2023-11-15,S001,P0011,69,81.13308
2023-11-15,S003,P0004,150,126.96587
2023-11-15,S003,P0018,146,151.10248
2023-11-15,S001,P0015,84,80.21372
2023-11-15,S005,P0004,82,70.53853
2023-11-15,S002,P0005,46,82.162384
2023-11-15,S003,P0001,129,119.843056
2023-11-15,S003,P0019,94,124.74639
2023-11-15,S004,P0008,55,64.51926
2023-11-15,S005,P0010,142,128.478
2023-11-15,S001,P0014,145,130.60599
2023-11-15,S003,P0007,138,116.826294
2023-11-15,S005,P0019,114,112.26135
2023-11-15,S005,P0011,99,107.167046
2023-11-15,S004,P0018,130,125.94462
2023-11-15,S003,P0012,71,71.46921
2023-11-15,S002,P0007,93,91.39083
2023-11-15,S001,P0019,74,72.19339
2023-11-15,S001,P0005,81,80.908646
2023-11-15,S004,P0013,134,122.810684
2023-11-15,S003,P0020,142,135.05067
2023-11-15,S002,P0016,102,92.4687
2023-11-15,S005,P0007,156,139.69475
2023-11-15,S002,P0013,86,89.46939
2023-11-15,S002,P0002,133,120.973274
2023-11-15,S004,P0007,109,137.80615
2023-11-15,S005,P0001,78,87.024826
2023-11-15,S004,P0010,193,161.8728
2023-11-15,S003,P0015,117,129.43907
2023-11-15,S004,P0014,134,134.1516
2023-11-15,S005,P0016,56,77.28405
2023-11-15,S005,P0018,101,110.502525
2023-11-15,S003,P0003,188,155.93777
2023-11-15,S005,P0015,115,100.644295
2023-11-15,S005,P0014,91,90.57011
2023-11-15,S004,P0011,124,120.96415
2023-11-15,S004,P0004,93,122.80364
2023-11-15,S003,P0005,74,86.0689
2023-11-15,S001,P0009,48,89.142204
2023-11-15,S001,P0002,104,110.909904
2023-11-15,S002,P0019,73,95.999504
2023-11-15,S001,P0017,160,118.821205
2023-11-15,S002,P0004,110,98.62749
2023-11-15,S001,P0016,92,99.79959
2023-11-15,S001,P0018,182,157.59895
2023-11-15,S002,P0017,110,103.05719
2023-11-15,S001,P0007,77,88.1418
2023-11-15,S002,P0003,159,141.49106
2023-11-15,S004,P0003,194,163.02177
2023-11-15,S005,P0017,67,108.70179
2023-11-15,S005,P0006,174,149.70107
2023-11-15,S005,P0008,114,106.664406
2023-11-15,S005,P0002,140,118.54594
2023-11-15,S005,P0005,83,85.20907
2023-11-15,S001,P0010,114,111.91745
2023-11-16,S005,P0011,71,82.70084
2023-11-16,S002,P0012,108,85.66288
2023-11-16,S001,P0019,30,52.598553
2023-11-16,S003,P0012,74,72.60388
2023-11-16,S001,P0005,116,115.36262
2023-11-16,S002,P0008,146,112.11645
2023-11-16,S005,P0003,87,100.813705
2023-11-16,S004,P0011,125,108.86093
2023-11-16,S004,P0004,118,106.58777
2023-11-16,S002,P0018,74,85.0539
2023-11-16,S003,P0008,131,119.65249
2023-11-16,S004,P0015,75,78.67583
2023-11-16,S005,P0019,72,78.37152
2023-11-16,S001,P0006,124,128.06589
2023-11-16,S003,P0019,131,120.5832
2023-11-16,S005,P0010,78,90.93116
2023-11-16,S002,P0011,32,52.101116
2023-11-16,S005,P0018,101,99.421036
2023-11-16,S004,P0008,63,64.82998
2023-11-16,S005,P0012,75,75.633316
2023-11-16,S001,P0003,120,107.301704
2023-11-16,S003,P0005,73,82.53122
2023-11-16,S004,P0018,118,101.821815
2023-11-16,S002,P0007,83,110.22951
2023-11-16,S002,P0016,80,83.3159
2023-11-16,S003,P0006,108,111.208015
2023-11-16,S001,P0002,66,93.38626
2023-11-16,S003,P0007,153,133.82672
2023-11-16,S003,P0015,101,111.38007
2023-11-16,S004,P0014,51,60.74107
2023-11-16,S002,P0013,70,104.72852
2023-11-16,S002,P0009,75,90.81882
2023-11-16,S003,P0003,121,105.62333
2023-11-16,S001,P0017,40,77.69943
2023-11-16,S004,P0017,70,101.58963
2023-11-16,S004,P0007,185,163.79297
2023-11-16,S001,P0012,173,152.12825
2023-11-16,S001,P0014,86,104.089294
2023-11-16,S003,P0013,264,199.00772
2023-11-16,S002,P0020,75,71.30692
2023-11-16,S003,P0009,126,109.63984
2023-11-16,S003,P0020,97,103.947266
2023-11-16,S002,P0001,147,148.26376
2023-11-16,S001,P0010,71,78.363075
2023-11-16,S002,P0002,52,78.15746
2023-11-16,S004,P0013,4,76.084724
2023-11-16,S002,P0004,129,98.391716
2023-11-16,S003,P0018,82,85.858284
2023-11-16,S001,P0013,115,120.3882
2023-11-16,S005,P0020,98,94.033806
2023-11-16,S002,P0017,73,77.34118
2023-11-16,S005,P0014,106,107.122284
2023-11-16,S003,P0017,82,76.46405
2023-11-16,S005,P0008,162,118.920166
2023-11-16,S001,P0018,88,105.26327
2023-11-16,S002,P0005,116,99.78555
2023-11-16,S001,P0001,164,131.23381
2023-11-16,S003,P0014,116,116.874054
2023-11-16,S005,P0013,134,147.0832
2023-11-16,S005,P0001,82,113.38574
2023-11-16,S002,P0003,117,102.10852
2023-11-16,S005,P0015,196,129.18608
2023-11-16,S004,P0016,89,89.51269
2023-11-16,S005,P0002,124,102.75791
2023-11-16,S004,P0009,98,102.35852
2023-11-16,S001,P0009,55,96.504425
2023-11-16,S001,P0020,75,68.22354
2023-11-16,S005,P0005,117,109.1204
2023-11-16,S001,P0004,48,71.76906
2023-11-16,S001,P0015,107,100.06792
2023-11-16,S004,P0010,99,111.03558
2023-11-16,S002,P0010,91,99.66473
2023-11-16,S003,P0001,108,115.46728
2023-11-16,S004,P0005,61,86.17424
2023-11-16,S003,P0002,67,96.445076
2023-11-16,S002,P0014,99,96.327805
2023-11-16,S005,P0004,140,131.3647
2023-11-16,S005,P0007,149,151.08786
2023-11-16,S001,P0011,85,81.11977
2023-11-16,S002,P0019,81,85.2322
2023-11-16,S001,P0007,174,141.27928
2023-11-16,S004,P0001,191,154.22731
2023-11-16,S002,P0015,55,73.07697
2023-11-16,S003,P0016,88,92.03868
2023-11-16,S004,P0003,57,72.20085
2023-11-16,S005,P0016,124,102.684875
2023-11-16,S003,P0011,100,111.05316
2023-11-16,S002,P0006,91,92.798706
2023-11-16,S003,P0010,125,114.75805
2023-11-16,S004,P0020,105,91.06605
2023-11-16,S004,P0012,113,113.600494
2023-11-16,S004,P0019,124,108.17185
2023-11-16,S004,P0006,155,121.591866
2023-11-16,S001,P0008,114,94.92905
2023-11-16,S005,P0009,129,124.02836
2023-11-16,S005,P0006,158,141.17213
2023-11-16,S003,P0004,118,114.32702
2023-11-16,S004,P0002,80,96.39332
2023-11-16,S005,P0017,152,110.22067
2023-11-16,S001,P0016,52,88.46998
2023-11-17,S002,P0010,126,126.80231
2023-11-17,S001,P0015,64,69.00373
2023-11-17,S001,P0004,49,67.06701
2023-11-17,S002,P0014,72,75.343925
2023-11-17,S001,P0011,119,109.14481
2023-11-17,S005,P0015,99,93.4587
2023-11-17,S005,P0016,98,103.62475
2023-11-17,S005,P0005,149,112.48503
2023-11-17,S004,P0016,111,115.15464
2023-11-17,S005,P0001,76,82.180954
2023-11-17,S005,P0004,103,87.27865
2023-11-17,S004,P0001,133,139.7199
2023-11-17,S003,P0011,188,171.89693
2023-11-17,S004,P0013,91,101.666756
2023-11-17,S002,P0006,85,99.19384
2023-11-17,S004,P0020,46,89.23545
2023-11-17,S004,P0019,102,120.057495
2023-11-17,S004,P0012,159,149.25284
2023-11-17,S005,P0008,143,133.61894
2023-11-17,S005,P0009,112,111.29106
2023-11-17,S003,P0007,109,121.75859
2023-11-17,S004,P0002,85,102.96346
2023-11-17,S002,P0015,121,99.507164
2023-11-17,S002,P0016,126,115.31173
2023-11-17,S001,P0002,139,122.33678
2023-11-17,S002,P0002,54,76.48207
2023-11-17,S005,P0012,79,75.94675
2023-11-17,S002,P0018,115,96.191414
2023-11-17,S005,P0002,70,81.15063
2023-11-17,S004,P0008,67,76.053055
2023-11-17,S001,P0018,48,79.90459
2023-11-17,S004,P0009,95,103.37393
2023-11-17,S002,P0003,137,117.74615
2023-11-17,S004,P0006,82,151.95828
2023-11-17,S003,P0003,67,87.9623
2023-11-17,S001,P0019,55,54.215054
2023-11-17,S005,P0017,42,85.13901
2023-11-17,S003,P0009,39,78.448326
2023-11-17,S001,P0020,45,57.23299
2023-11-17,S002,P0001,112,101.65995
2023-11-17,S005,P0006,168,139.33537
2023-11-17,S003,P0010,100,110.65563
2023-11-17,S005,P0003,53,87.05045
2023-11-17,S001,P0001,102,91.70525
2023-11-17,S003,P0004,131,115.11631
2023-11-17,S005,P0010,103,96.89553
2023-11-17,S001,P0006,115,120.37471
2023-11-17,S004,P0007,193,180.70078
2023-11-17,S004,P0010,82,107.529854
2023-11-17,S004,P0005,96,102.816154
2023-11-17,S003,P0017,100,88.331
2023-11-17,S002,P0013,43,63.436806
2023-11-17,S003,P0020,174,127.24911
2023-11-17,S002,P0005,114,98.66373
2023-11-17,S003,P0014,109,114.713615
2023-11-17,S004,P0017,77,97.72287
2023-11-17,S001,P0005,54,78.29157
2023-11-17,S001,P0017,87,88.14117
2023-11-17,S005,P0014,80,74.296364
2023-11-17,S002,P0020,42,65.372696
2023-11-17,S001,P0009,82,95.059395
2023-11-17,S003,P0016,95,119.442444
2023-11-17,S001,P0007,134,132.04562
2023-11-17,S002,P0011,138,136.57579
2023-11-17,S001,P0016,173,123.6968
2023-11-17,S003,P0013,54,90.88141
2023-11-17,S004,P0003,107,96.942276
2023-11-17,S002,P0004,149,99.12596
2023-11-17,S002,P0019,117,99.28413
2023-11-17,S004,P0004,118,123.473114
2023-11-17,S003,P0005,67,80.178055
2023-11-17,S002,P0017,97,81.333565
2023-11-17,S004,P0011,107,118.42276
2023-11-17,S001,P0010,64,67.03526
2023-11-17,S001,P0014,75,87.69548
2023-11-17,S003,P0002,137,127.354645
2023-11-17,S002,P0009,138,109.80374
2023-11-17,S001,P0013,46,84.41445
2023-11-17,S003,P0018,88,87.63359
2023-11-17,S001,P0012,148,124.38436
2023-11-17,S005,P0018,132,110.60651
2023-11-17,S005,P0013,30,65.19899
2023-11-17,S002,P0012,99,83.08858
2023-11-17,S002,P0008,118,129.0178
2023-11-17,S001,P0008,81,90.15752
2023-11-17,S003,P0012,73,73.799484
2023-11-17,S005,P0020,134,111.36259
2023-11-17,S005,P0011,158,124.48693
2023-11-17,S003,P0008,79,142.84256
2023-11-17,S004,P0015,29,47.43219
2023-11-17,S005,P0019,87,84.27034
2023-11-17,S003,P0019,123,113.95678
2023-11-17,S004,P0014,105,108.56056
2023-11-17,S003,P0006,167,153.20667
2023-11-17,S005,P0007,148,156.12668
2023-11-17,S003,P0015,69,100.36848
2023-11-17,S001,P0003,107,96.49567
2023-11-17,S003,P0001,73,82.558334
2023-11-17,S002,P0007,89,106.25252
2023-11-17,S004,P0018,64,73.281494
2023-11-18,S002,P0007,167,151.00594
2023-11-18,S004,P0005,118,103.055084
2023-11-18,S005,P0007,124,136.9037
2023-11-18,S005,P0004,142,127.03834
2023-11-18,S003,P0013,169,162.03369
2023-11-18,S005,P0020,47,81.99509
2023-11-18,S003,P0004,233,168.81496
2023-11-18,S001,P0006,32,82.66179
2023-11-18,S004,P0011,77,107.06069
2023-11-18,S004,P0014,102,101.12326
2023-11-18,S001,P0004,103,116.771355
2023-11-18,S001,P0011,116,102.11739
2023-11-18,S003,P0005,118,109.60809
2023-11-18,S003,P0003,245,208.42319
2023-11-18,S003,P0019,146,141.40504
2023-11-18,S004,P0004,126,150.53131
2023-11-18,S001,P0014,135,118.835625
2023-11-18,S005,P0017,129,101.8368
2023-11-18,S001,P0009,137,129.71489
2023-11-18,S003,P0009,155,148.4521
2023-11-18,S005,P0003,124,112.073715
2023-11-18,S005,P0014,81,71.75005
2023-11-18,S004,P0015,105,91.47841
2023-11-18,S004,P0020,82,80.94179
2023-11-18,S002,P0018,90,103.83929
2023-11-18,S005,P0010,117,100.45086
2023-11-18,S005,P0011,131,115.475204
2023-11-18,S004,P0003,97,119.14227
2023-11-18,S002,P0002,143,144.20921
2023-11-18,S001,P0019,85,80.67353
2023-11-18,S005,P0012,134,116.22808
2023-11-18,S002,P0016,78,97.1016
2023-11-18,S005,P0008,112,127.698875
2023-11-18,S003,P0016,137,122.06687
2023-11-18,S003,P0012,152,108.18765
2023-11-18,S002,P0004,123,157.23483
2023-11-18,S003,P0017,61,67.67658
2023-11-18,S002,P0008,154,155.13075
2023-11-18,S001,P0020,52,55.787804
2023-11-18,S001,P0017,77,83.239365
2023-11-18,S004,P0013,126,132.61172
2023-11-18,S004,P0019,163,155.1288
2023-11-18,S002,P0020,115,104.7989
2023-11-18,S005,P0013,95,115.667595
2023-11-18,S002,P0012,203,132.53575
2023-11-18,S005,P0006,143,134.55664
2023-11-18,S003,P0014,80,87.04211
2023-11-18,S002,P0005,83,101.86803
2023-11-18,S005,P0018,49,62.461582
2023-11-18,S004,P0008,144,129.96768
2023-11-18,S003,P0020,128,110.28358
2023-11-18,S001,P0018,112,102.63847
2023-11-18,S003,P0011,56,117.768745
2023-11-18,S002,P0015,119,108.16495
2023-11-18,S001,P0013,59,108.60598
2023-11-18,S002,P0001,69,149.63837
2023-11-18,S004,P0012,202,193.92537
2023-11-18,S004,P0017,128,111.36317
2023-11-18,S005,P0015,118,95.77196
2023-11-18,S002,P0019,90,116.76132
2023-11-18,S004,P0010,84,105.62794
2023-11-18,S001,P0007,139,134.82497
2023-11-18,S004,P0002,199,168.77776
2023-11-18,S005,P0002,100,105.076614
2023-11-18,S001,P0008,40,83.565605
2023-11-18,S001,P0003,154,122.27947
2023-11-18,S002,P0006,88,119.53748
2023-11-18,S005,P0001,169,141.27084
2023-11-18,S004,P0001,164,155.48659
2023-11-18,S002,P0011,214,194.34543
2023-11-18,S001,P0002,119,118.433914
2023-11-18,S001,P0005,57,85.6067
2023-11-18,S002,P0014,88,83.50892
2023-11-18,S001,P0015,93,88.684654
2023-11-18,S002,P0010,41,108.20578
2023-11-18,S003,P0010,171,112.93995
2023-11-18,S002,P0003,103,145.21254
2023-11-18,S001,P0001,106,106.859924
2023-11-18,S005,P0019,90,99.50896
2023-11-18,S001,P0016,101,100.33502
2023-11-18,S003,P0008,100,147.04034
2023-11-18,S002,P0009,169,146.22964
2023-11-18,S003,P0002,28,153.19687
2023-11-18,S003,P0007,125,137.95255
2023-11-18,S004,P0007,170,182.81483
2023-11-18,S003,P0001,135,144.52806
2023-11-18,S005,P0016,128,109.047356
2023-11-18,S003,P0006,183,175.31668
2023-11-18,S002,P0013,81,110.32903
2023-11-18,S004,P0006,144,155.49034
2023-11-18,S001,P0010,48,57.88536
2023-11-18,S005,P0005,93,90.21851
2023-11-18,S005,P0009,158,157.68063
2023-11-18,S004,P0018,106,103.421616
2023-11-18,S003,P0018,40,73.3194
2023-11-18,S003,P0015,149,151.76956
2023-11-18,S004,P0009,77,108.113556
2023-11-18,S004,P0016,82,78.88704
2023-11-18,S001,P0012,155,139.42809
2023-11-18,S002,P0017,58,79.09093
2023-11-19,S002,P0012,107,114.07593
2023-11-19,S005,P0014,82,77.51307
2023-11-19,S005,P0008,107,123.76307
2023-11-19,S001,P0017,85,98.38439
2023-11-19,S004,P0008,86,80.44971
2023-11-19,S004,P0019,87,91.325226
2023-11-19,S003,P0014,96,102.53745
2023-11-19,S002,P0004,87,158.01842
2023-11-19,S001,P0008,90,100.57577
2023-11-19,S005,P0004,233,183.40096
2023-11-19,S004,P0001,157,133.69398
2023-11-19,S003,P0001,116,116.08935
2023-11-19,S003,P0002,94,113.40108
2023-11-19,S003,P0006,103,120.99991
2023-11-19,S005,P0016,108,126.8175
2023-11-19,S002,P0009,178,124.10422
2023-11-19,S005,P0002,147,104.93251
2023-11-19,S004,P0010,189,153.48853
2023-11-19,S001,P0015,166,124.002884
2023-11-19,S001,P0003,130,134.6909
2023-11-19,S005,P0001,130,130.07903
2023-11-19,S004,P0018,77,94.47158
2023-11-19,S001,P0002,92,112.85211
2023-11-19,S001,P0001,127,104.09583
2023-11-19,S003,P0007,157,124.8908
2023-11-19,S001,P0016,179,149.6152
2023-11-19,S002,P0001,123,117.10808
2023-11-19,S002,P0019,133,113.45695
2023-11-19,S004,P0011,77,85.07203
2023-11-19,S001,P0009,45,101.35524
2023-11-19,S002,P0005,143,141.71323
2023-11-19,S001,P0011,83,88.71121
2023-11-19,S001,P0004,212,198.09163
2023-11-19,S005,P0017,84,109.4679
2023-11-19,S004,P0004,166,147.97905
2023-11-19,S003,P0013,125,128.7339
2023-11-19,S001,P0018,114,146.64026
2023-11-19,S001,P0007,145,125.30542
2023-11-19,S002,P0014,102,104.7094
2023-11-19,S002,P0003,184,180.01622
2023-11-19,S001,P0010,118,116.1365
2023-11-19,S001,P0020,102,89.72912
2023-11-19,S003,P0015,119,129.07574
2023-11-19,S002,P0017,73,76.71685
2023-11-19,S002,P0013,69,82.28531
2023-11-19,S004,P0003,123,123.858635
2023-11-19,S004,P0007,160,123.636856
2023-11-19,S005,P0015,93,107.37461
2023-11-19,S005,P0006,100,119.06222
2023-11-19,S003,P0005,122,129.8759
2023-11-19,S005,P0005,155,152.83513
2023-11-19,S003,P0018,81,100.606575
2023-11-19,S003,P0012,85,81.19519
2023-11-19,S001,P0019,68,68.0532
2023-11-19,S002,P0008,86,108.28401
2023-11-19,S004,P0013,93,95.75652
2023-11-19,S005,P0020,39,84.93449
2023-11-19,S003,P0017,72,77.74382
2023-11-19,S001,P0013,39,94.9009
2023-11-19,S002,P0011,139,138.18547
2023-11-19,S004,P0005,123,120.68856
2023-11-19,S001,P0006,103,114.318535
2023-11-19,S003,P0004,110,137.31119
2023-11-19,S003,P0016,131,142.1407
2023-11-19,S005,P0012,130,124.52405
2023-11-19,S002,P0020,14,48.454926
2023-11-19,S004,P0002,136,117.559364
2023-11-19,S004,P0017,97,92.663734
2023-11-19,S005,P0009,99,120.3959
2023-11-19,S001,P0005,155,154.47687
2023-11-19,S003,P0009,181,145.11705
2023-11-19,S003,P0010,200,147.00455
2023-11-19,S004,P0012,111,124.700294
2023-11-19,S002,P0016,136,126.65457
2023-11-19,S002,P0002,26,76.86609
2023-11-19,S001,P0012,193,197.28595
2023-11-19,S005,P0003,64,118.16949
2023-11-19,S005,P0011,100,107.016884
2023-11-19,S004,P0016,99,95.073456
2023-11-19,S002,P0015,50,77.60452
2023-11-19,S002,P0010,113,135.86641
2023-11-19,S003,P0011,122,125.202194
2023-11-19,S004,P0020,88,90.869354
2023-11-19,S002,P0006,100,95.32951
2023-11-19,S004,P0006,129,111.83968
2023-11-19,S002,P0018,103,115.79618
2023-11-19,S004,P0015,97,92.770836
2023-11-19,S003,P0008,108,114.21091
2023-11-19,S004,P0009,75,89.28983
2023-11-19,S005,P0007,154,141.66461
2023-11-19,S005,P0013,39,96.24213
2023-11-19,S005,P0018,152,142.04901
2023-11-19,S005,P0010,297,175.16206
2023-11-19,S001,P0014,112,119.66446
2023-11-19,S003,P0019,69,91.91244
2023-11-19,S003,P0020,67,101.50611
2023-11-19,S005,P0019,96,105.39958
2023-11-19,S004,P0014,62,70.81473
2023-11-19,S002,P0007,90,100.543816
2023-11-19,S003,P0003,59,123.80698
2023-11-20,S004,P0019,88,85.9942
2023-11-20,S002,P0005,124,128.5912
2023-11-20,S004,P0002,118,117.84764
2023-11-20,S001,P0012,127,120.040596
2023-11-20,S004,P0017,114,93.5339
2023-11-20,S003,P0004,91,100.1559
2023-11-20,S004,P0020,47,57.37728
2023-11-20,S003,P0016,149,132.51633
2023-11-20,S005,P0009,103,109.76054
2023-11-20,S003,P0019,85,90.46352
2023-11-20,S002,P0004,97,107.60209
2023-11-20,S005,P0013,74,92.75778
2023-11-20,S001,P0019,88,67.59068
2023-11-20,S003,P0014,113,106.64405
2023-11-20,S005,P0017,101,97.79206
2023-11-20,S003,P0005,112,111.31013
2023-11-20,S002,P0008,26,88.89336
2023-11-20,S004,P0015,95,89.12831
2023-11-20,S002,P0018,59,84.49108
2023-11-20,S003,P0009,133,109.95873
2023-11-20,S002,P0020,66,72.05755
2023-11-20,S001,P0014,111,109.73188
2023-11-20,S004,P0006,109,100.9247
2023-11-20,S003,P0013,118,131.13469
2023-11-20,S001,P0005,180,151.57977
2023-11-20,S003,P0010,76,103.83029
2023-11-20,S001,P0018,117,108.27797
2023-11-20,S001,P0008,65,92.188995
2023-11-20,S002,P0010,194,170.71098
2023-11-20,S001,P0004,63,75.290405
2023-11-20,S004,P0005,195,132.80272
2023-11-20,S003,P0017,82,67.97269
2023-11-20,S004,P0018,112,93.6808
2023-11-20,S001,P0007,90,98.87674
2023-11-20,S003,P0011,109,101.45336
2023-11-20,S001,P0020,35,47.35767
2023-11-20,S004,P0003,52,59.194027
2023-11-20,S004,P0008,45,47.50074
2023-11-20,S002,P0019,95,90.04597
2023-11-20,S002,P0012,43,79.53779
2023-11-20,S005,P0012,86,78.297646
2023-11-20,S001,P0016,88,100.40121
2023-11-20,S003,P0015,200,192.5274
2023-11-20,S002,P0006,164,119.82522
2023-11-20,S002,P0011,74,82.44717
2023-11-20,S004,P0012,74,80.901024
2023-11-20,S005,P0006,162,132.18674
2023-11-20,S001,P0011,46,57.72016
2023-11-20,S005,P0016,75,83.64641
2023-11-20,S001,P0006,94,89.37892
2023-11-20,S004,P0013,33,83.89436
2023-11-20,S004,P0009,38,63.8369
2023-11-20,S003,P0018,93,89.543884
2023-11-20,S005,P0005,136,124.52834
2023-11-20,S001,P0010,79,80.32992
2023-11-20,S004,P0011,121,90.92843
2023-11-20,S005,P0007,141,122.841644
2023-11-20,S003,P0006,60,90.42314
2023-11-20,S002,P0017,87,88.51343
2023-11-20,S002,P0001,178,169.89114
2023-11-20,S001,P0002,21,97.71865
2023-11-20,S005,P0020,68,83.85347
2023-11-20,S004,P0004,116,105.54496
2023-11-20,S002,P0014,57,68.760025
2023-11-20,S002,P0007,118,103.63311
2023-11-20,S001,P0015,71,76.24312
2023-11-20,S001,P0013,91,110.58073
2023-11-20,S005,P0001,145,129.94678
2023-11-20,S002,P0013,103,120.40042
2023-11-20,S002,P0009,139,117.27453
2023-11-20,S001,P0003,125,108.294624
2023-11-20,S003,P0003,84,85.2685
2023-11-20,S004,P0010,150,118.065475
2023-11-20,S003,P0002,156,147.63737
2023-11-20,S003,P0007,74,75.606606
2023-11-20,S004,P0014,51,54.496296
2023-11-20,S004,P0016,88,75.83821
2023-11-20,S001,P0017,60,69.85939
2023-11-20,S005,P0019,85,83.78221
2023-11-20,S005,P0014,77,72.66001
2023-11-20,S005,P0003,120,95.31518
2023-11-20,S003,P0020,76,86.96848
2023-11-20,S005,P0018,144,114.738815
2023-11-20,S005,P0004,72,91.11364
2023-11-20,S003,P0001,119,107.21933
2023-11-20,S001,P0009,110,91.729866
2023-11-20,S005,P0011,77,78.26758
2023-11-20,S003,P0012,116,73.73186
2023-11-20,S002,P0003,84,104.25282
2023-11-20,S002,P0002,86,106.55812
2023-11-20,S001,P0001,132,112.45751
2023-11-20,S005,P0010,95,97.586296
2023-11-20,S002,P0016,124,105.50643
2023-11-20,S005,P0008,88,123.434456
2023-11-20,S004,P0007,71,110.04231
2023-11-20,S005,P0002,83,88.573845
2023-11-20,S005,P0015,129,125.91959
2023-11-20,S004,P0001,88,98.10923
2023-11-20,S002,P0015,81,103.60871
2023-11-20,S003,P0008,113,123.229256
2023-11-21,S002,P0009,142,132.06047
2023-11-21,S005,P0003,69,95.422165
2023-11-21,S004,P0003,67,69.44776
2023-11-21,S001,P0020,65,80.581085
2023-11-21,S005,P0005,146,132.76991
2023-11-21,S001,P0010,82,88.86337
2023-11-21,S001,P0002,180,149.00566
2023-11-21,S003,P0018,70,75.945404
2023-11-21,S004,P0001,82,82.6863
2023-11-21,S001,P0013,61,125.32841
2023-11-21,S002,P0003,123,111.36944
2023-11-21,S001,P0003,107,111.823
2023-11-21,S004,P0006,118,108.3743
2023-11-21,S003,P0007,209,146.66907
2023-11-21,S002,P0015,122,107.52737
2023-11-21,S004,P0010,52,68.75092
2023-11-21,S004,P0009,118,118.66198
2023-11-21,S002,P0004,126,100.41747
2023-11-21,S003,P0002,75,105.22626
2023-11-21,S004,P0015,81,80.252525
2023-11-21,S002,P0001,104,104.69574
2023-11-21,S004,P0020,75,84.6399
2023-11-21,S003,P0015,104,150.0803
2023-11-21,S003,P0014,101,104.89827
2023-11-21,S005,P0001,66,100.49368
2023-11-21,S001,P0016,249,150.31804
2023-11-21,S005,P0015,203,164.41295
2023-11-21,S002,P0014,39,57.7003
2023-11-21,S004,P0018,65,67.009155
2023-11-21,S001,P0007,96,131.44508
2023-11-21,S004,P0007,162,156.95961
2023-11-21,S001,P0015,142,137.19408
2023-11-21,S005,P0016,151,139.37823
2023-11-21,S004,P0016,65,74.506935
2023-11-21,S003,P0010,139,113.37711
2023-11-21,S002,P0017,115,84.54957
2023-11-21,S005,P0002,132,111.0361
2023-11-21,S004,P0005,55,78.99212
2023-11-21,S002,P0010,106,115.19802
2023-11-21,S001,P0019,83,87.44512
2023-11-21,S002,P0018,100,96.28277
2023-11-21,S001,P0005,102,115.93206
2023-11-21,S004,P0012,86,90.9612
2023-11-21,S002,P0006,84,84.47423
2023-11-21,S001,P0012,97,114.28629
2023-11-21,S003,P0017,78,71.933365
2023-11-21,S003,P0006,135,116.01389
2023-11-21,S003,P0011,84,119.849754
2023-11-21,S005,P0004,194,164.6955
2023-11-21,S002,P0013,107,117.87078
2023-11-21,S003,P0003,105,103.277336
2023-11-21,S002,P0020,52,74.81531
2023-11-21,S004,P0017,96,87.749855
2023-11-21,S005,P0011,149,142.27713
2023-11-21,S005,P0008,105,121.31675
2023-11-21,S004,P0008,68,66.89604
2023-11-21,S005,P0009,105,132.59486
2023-11-21,S004,P0019,175,134.11635
2023-11-21,S005,P0013,102,148.63228
2023-11-21,S005,P0020,80,115.28283
2023-11-21,S002,P0008,50,67.095795
2023-11-21,S001,P0011,88,102.83969
2023-11-21,S002,P0002,98,85.93534
2023-11-21,S004,P0002,62,74.438034
2023-11-21,S001,P0017,122,104.80615
2023-11-21,S001,P0001,56,96.97194
2023-11-21,S003,P0012,100,84.27792
2023-11-21,S002,P0012,74,76.71786
2023-11-21,S001,P0008,57,92.1858
2023-11-21,S002,P0011,165,157.16327
2023-11-21,S002,P0016,146,121.234406
2023-11-21,S005,P0014,94,101.654526
2023-11-21,S003,P0008,90,102.393166
2023-11-21,S004,P0013,104,111.4063
2023-11-21,S005,P0007,59,136.06209
2023-11-21,S001,P0006,126,116.249084
2023-11-21,S004,P0011,82,79.508766
2023-11-21,S002,P0007,107,116.05631
2023-11-21,S005,P0012,148,113.75205
2023-11-21,S004,P0004,74,96.73581
2023-11-21,S001,P0018,140,131.17032
2023-11-21,S005,P0018,140,118.855354
2023-11-21,S003,P0009,108,117.87274
2023-11-21,S003,P0001,132,106.178276
2023-11-21,S005,P0006,106,117.654816
2023-11-21,S001,P0009,87,132.31087
2023-11-21,S003,P0016,115,135.52885
2023-11-21,S001,P0014,94,96.95985
2023-11-21,S003,P0020,76,112.7169
2023-11-21,S005,P0010,133,125.994225
2023-11-21,S003,P0004,142,115.8799
2023-11-21,S005,P0017,112,111.82154
2023-11-21,S003,P0005,71,85.64965
2023-11-21,S003,P0019,129,126.62912
2023-11-21,S002,P0019,121,113.63641
2023-11-21,S003,P0013,152,158.94017
2023-11-21,S002,P0005,66,80.06941
2023-11-21,S004,P0014,108,94.760025
2023-11-21,S001,P0004,98,102.21985
2023-11-21,S005,P0019,95,112.66838
2023-11-22,S005,P0009,121,134.21555
2023-11-22,S004,P0010,90,125.0322
2023-11-22,S001,P0015,59,84.4482
2023-11-22,S005,P0016,98,93.59317
2023-11-22,S004,P0002,166,136.33195
2023-11-22,S002,P0019,103,105.460205
2023-11-22,S001,P0014,74,89.473656
2023-11-22,S003,P0001,34,59.304867
2023-11-22,S005,P0002,125,102.243164
2023-11-22,S005,P0003,66,85.04566
2023-11-22,S001,P0017,84,107.40131
2023-11-22,S004,P0014,68,68.22958
2023-11-22,S005,P0001,110,114.665405
2023-11-22,S005,P0013,66,97.3571
2023-11-22,S005,P0011,78,90.4674
2023-11-22,S001,P0020,85,77.71757
2023-11-22,S002,P0011,86,90.62419
2023-11-22,S002,P0013,91,92.57674
2023-11-22,S005,P0014,82,82.008446
2023-11-22,S004,P0006,85,145.47484
2023-11-22,S002,P0020,50,57.985767
2023-11-22,S002,P0005,112,101.644356
2023-11-22,S004,P0001,69,87.871895
2023-11-22,S001,P0007,131,137.39201
2023-11-22,S001,P0018,195,172.16005
2023-11-22,S003,P0002,183,153.30624
2023-11-22,S001,P0003,139,117.3585
2023-11-22,S003,P0005,69,91.83705
2023-11-22,S004,P0011,43,64.05722
2023-11-22,S003,P0011,138,129.05725
2023-11-22,S005,P0005,79,91.09143
2023-11-22,S002,P0006,143,132.36493
2023-11-22,S004,P0004,169,140.01758
2023-11-22,S003,P0010,204,160.85722
2023-11-22,S004,P0012,162,143.1057
2023-11-22,S005,P0006,178,155.8388
2023-11-22,S003,P0020,99,107.16008
2023-11-22,S002,P0007,74,109.235725
2023-11-22,S004,P0005,89,104.22402
2023-11-22,S001,P0002,116,111.923256
2023-11-22,S002,P0003,76,88.97663
2023-11-22,S002,P0017,140,106.41355
2023-11-22,S004,P0013,90,98.66213
2023-11-22,S002,P0002,91,86.09216
2023-11-22,S005,P0020,68,86.561325
2023-11-22,S001,P0016,83,104.029076
2023-11-22,S004,P0003,65,77.314445
2023-11-22,S002,P0004,133,94.53023
2023-11-22,S002,P0016,120,99.73363
2023-11-22,S001,P0013,101,96.04272
2023-11-22,S003,P0018,120,115.96812
2023-11-22,S003,P0008,97,112.6065
2023-11-22,S004,P0017,154,145.11774
2023-11-22,S003,P0013,111,127.69619
2023-11-22,S002,P0015,112,106.11244
2023-11-22,S005,P0019,112,113.98927
2023-11-22,S005,P0007,179,173.53833
2023-11-22,S002,P0010,148,148.1065
2023-11-22,S003,P0007,248,158.30762
2023-11-22,S005,P0010,206,163.00488
2023-11-22,S004,P0018,103,116.980736
2023-11-22,S003,P0019,172,165.54404
2023-11-22,S003,P0004,149,132.5863
2023-11-22,S004,P0016,83,77.68069
2023-11-22,S005,P0017,141,131.3372
2023-11-22,S001,P0019,133,109.9306
2023-11-22,S003,P0006,161,163.64163
2023-11-22,S004,P0009,122,118.99062
2023-11-22,S003,P0016,96,105.13217
2023-11-22,S004,P0020,48,64.992096
2023-11-22,S001,P0011,41,61.29854
2023-11-22,S001,P0004,109,107.29398
2023-11-22,S003,P0003,134,121.92153
2023-11-22,S005,P0018,162,149.38382
2023-11-22,S005,P0008,57,94.28688
2023-11-22,S001,P0010,114,107.98003
2023-11-22,S001,P0006,168,151.90572
2023-11-22,S005,P0015,172,128.62083
2023-11-22,S004,P0015,149,114.11418
2023-11-22,S005,P0012,151,120.00416
2023-11-22,S001,P0005,184,132.9698
2023-11-22,S002,P0001,123,111.51817
2023-11-22,S003,P0009,100,97.95756
2023-11-22,S002,P0014,40,60.453785
2023-11-22,S002,P0009,90,95.73314
2023-11-22,S001,P0009,142,105.102585
2023-11-22,S001,P0012,59,92.56451
2023-11-22,S002,P0018,83,103.960335
2023-11-22,S003,P0017,131,118.884056
2023-11-22,S004,P0019,117,131.80081
2023-11-22,S001,P0008,81,90.08433
2023-11-22,S003,P0014,85,85.52405
2023-11-22,S005,P0004,65,72.049194
2023-11-22,S003,P0012,91,87.202385
2023-11-22,S002,P0008,65,84.11289
2023-11-22,S004,P0007,192,188.35101
2023-11-22,S001,P0001,100,96.84312
2023-11-22,S002,P0012,124,83.62412
2023-11-22,S003,P0015,193,198.67842
2023-11-22,S004,P0008,110,95.503586
2023-11-23,S005,P0002,68,71.05248
2023-11-23,S001,P0018,101,99.657875
2023-11-23,S003,P0005,130,113.32305
2023-11-23,S005,P0018,146,109.75493
2023-11-23,S005,P0008,126,109.91964
2023-11-23,S003,P0009,138,107.85647
2023-11-23,S004,P0004,199,161.50854
2023-11-23,S005,P0014,72,70.44874
2023-11-23,S001,P0001,71,84.7525
2023-11-23,S003,P0003,117,115.139175
2023-11-23,S004,P0012,214,202.80943
2023-11-23,S003,P0004,122,134.63408
2023-11-23,S003,P0007,157,132.57086
2023-11-23,S002,P0009,107,106.76252
2023-11-23,S001,P0015,144,119.00087
2023-11-23,S004,P0006,144,120.906746
2023-11-23,S002,P0019,95,97.76756
2023-11-23,S005,P0006,129,116.06012
2023-11-23,S002,P0012,139,113.99259
2023-11-23,S002,P0018,113,97.90626
2023-11-23,S004,P0014,55,64.88416
2023-11-23,S003,P0010,69,130.25464
2023-11-23,S004,P0019,86,93.29643
2023-11-23,S003,P0013,107,131.08788
2023-11-23,S005,P0010,99,116.60604
2023-11-23,S001,P0011,43,57.52112
2023-11-23,S001,P0017,71,106.004074
2023-11-23,S002,P0014,88,90.93576
2023-11-23,S005,P0004,113,123.493195
2023-11-23,S005,P0011,67,77.203896
2023-11-23,S001,P0014,127,124.353745
2023-11-23,S001,P0009,125,94.86466
2023-11-23,S004,P0011,102,85.75719
2023-11-23,S002,P0003,110,129.50684
2023-11-23,S003,P0019,101,94.553085
2023-11-23,S002,P0007,136,128.77701
2023-11-23,S005,P0015,167,134.2524
2023-11-23,S005,P0017,179,133.37593
2023-11-23,S005,P0003,123,115.069176
2023-11-23,S003,P0001,64,64.25753
2023-11-23,S003,P0008,95,95.76667
2023-11-23,S002,P0013,133,131.82866
2023-11-23,S003,P0020,62,80.961586
2023-11-23,S005,P0019,84,79.60242
2023-11-23,S002,P0004,139,144.03664
2023-11-23,S005,P0007,115,131.99583
2023-11-23,S003,P0014,129,121.58643
2023-11-23,S004,P0007,115,153.65334
2023-11-23,S002,P0005,138,135.29141
2023-11-23,S002,P0015,152,133.52502
2023-11-23,S004,P0009,88,91.512054
2023-11-23,S004,P0020,21,51.722458
2023-11-23,S002,P0002,88,92.893005
2023-11-23,S003,P0011,77,84.53991
2023-11-23,S004,P0018,91,91.964935
2023-11-23,S004,P0013,122,125.70393
2023-11-23,S001,P0010,108,104.19158
2023-11-23,S005,P0013,116,128.06647
2023-11-23,S001,P0002,54,76.04295
2023-11-23,S001,P0019,74,59.75421
2023-11-23,S002,P0017,143,120.18981
2023-11-23,S002,P0008,118,109.24614
2023-11-23,S003,P0012,158,112.00656
2023-11-23,S004,P0003,119,117.57633
2023-11-23,S001,P0005,168,146.44945
2023-11-23,S001,P0012,142,142.45256
2023-11-23,S001,P0008,89,85.55909
2023-11-23,S003,P0015,205,217.50526
2023-11-23,S002,P0010,168,182.52902
2023-11-23,S002,P0016,107,126.39219
2023-11-23,S004,P0008,67,71.22547
2023-11-23,S002,P0006,65,83.25116
2023-11-23,S003,P0002,98,95.97411
2023-11-23,S001,P0020,25,37.213905
2023-11-23,S001,P0016,121,133.88599
2023-11-23,S005,P0005,176,143.97723
2023-11-23,S001,P0007,141,135.45192
2023-11-23,S004,P0016,76,79.20061
2023-11-23,S003,P0016,143,141.60735
2023-11-23,S005,P0009,96,90.92951
2023-11-23,S005,P0012,133,126.41477
2023-11-23,S004,P0010,157,148.90244
2023-11-23,S001,P0003,125,107.64811
2023-11-23,S001,P0013,102,115.793846
2023-11-23,S005,P0016,128,120.83896
2023-11-23,S004,P0001,89,90.46199
2023-11-23,S002,P0001,141,129.83556
2023-11-23,S005,P0001,133,114.03292
2023-11-23,S004,P0017,101,127.08597
2023-11-23,S003,P0018,84,71.902245
2023-11-23,S002,P0011,130,131.87941
2023-11-23,S003,P0006,70,89.41941
2023-11-23,S005,P0020,83,86.3866
2023-11-23,S004,P0002,52,80.532814
2023-11-23,S002,P0020,73,75.707405
2023-11-23,S001,P0006,66,78.26329
2023-11-23,S001,P0004,81,101.410095
2023-11-23,S003,P0017,97,86.523384
2023-11-23,S004,P0015,69,75.49255
2023-11-23,S004,P0005,176,143.63237
2023-11-24,S004,P0003,78,73.1616
2023-11-24,S005,P0020,124,96.90334
2023-11-24,S004,P0018,48,65.385254
2023-11-24,S001,P0016,104,110.114815
2023-11-24,S004,P0019,143,105.885994
2023-11-24,S002,P0002,67,74.324814
2023-11-24,S002,P0004,164,131.19191
2023-11-24,S003,P0014,128,120.40976
2023-11-24,S003,P0012,146,123.07417
2023-11-24,S003,P0008,113,126.46405
2023-11-24,S005,P0006,157,142.02208
2023-11-24,S003,P0002,75,100.498726
2023-11-24,S003,P0020,58,82.04694
2023-11-24,S002,P0003,93,89.19333
2023-11-24,S004,P0008,172,130.29059
2023-11-24,S001,P0008,163,104.86248
2023-11-24,S002,P0016,64,85.94899
2023-11-24,S003,P0015,75,109.50219
2023-11-24,S005,P0002,95,96.52083
2023-11-24,S001,P0009,130,105.3999
2023-11-24,S002,P0008,85,112.75696
2023-11-24,S003,P0010,116,110.65955
2023-11-24,S003,P0001,135,108.629425
2023-11-24,S002,P0010,85,95.912254
2023-11-24,S004,P0013,71,84.22242
2023-11-24,S005,P0003,94,90.5497
2023-11-24,S001,P0011,114,114.544876
2023-11-24,S003,P0009,90,90.136154
2023-11-24,S004,P0015,29,46.12889
2023-11-24,S001,P0002,68,89.853165
2023-11-24,S001,P0004,94,114.37145
2023-11-24,S001,P0015,127,108.56456
2023-11-24,S002,P0012,159,110.311165
2023-11-24,S005,P0018,86,93.09637
2023-11-24,S002,P0005,85,87.467804
2023-11-24,S004,P0007,159,122.919846
2023-11-24,S002,P0018,55,79.20799
2023-11-24,S001,P0014,150,137.20328
2023-11-24,S001,P0007,140,118.50024
2023-11-24,S003,P0003,117,107.01313
2023-11-24,S002,P0014,30,51.479347
2023-11-24,S002,P0017,134,88.55953
2023-11-24,S005,P0015,102,94.94216
2023-11-24,S005,P0013,59,93.84912
2023-11-24,S001,P0020,54,58.695084
2023-11-24,S005,P0011,136,125.84813
2023-11-24,S001,P0010,89,87.383446
2023-11-24,S001,P0018,135,122.126236
2023-11-24,S005,P0007,79,106.967155
2023-11-24,S005,P0010,90,101.18506
2023-11-24,S004,P0005,149,116.94835
2023-11-24,S003,P0006,67,85.7784
2023-11-24,S002,P0013,57,77.73254
2023-11-24,S003,P0007,118,111.24044
2023-11-24,S002,P0001,61,97.65946
2023-11-24,S004,P0010,96,108.226974
2023-11-24,S003,P0004,226,165.06471
2023-11-24,S001,P0001,56,85.11868
2023-11-24,S004,P0017,110,100.86879
2023-11-24,S001,P0013,53,87.27856
2023-11-24,S003,P0019,95,97.86308
2023-11-24,S004,P0011,121,113.66555
2023-11-24,S005,P0014,62,63.798573
2023-11-24,S005,P0009,135,135.89336
2023-11-24,S005,P0008,218,155.27249
2023-11-24,S003,P0016,93,101.68461
2023-11-24,S005,P0012,108,134.10042
2023-11-24,S004,P0001,67,82.0613
2023-11-24,S003,P0005,89,90.28345
2023-11-24,S002,P0011,93,100.529884
2023-11-24,S005,P0001,103,109.08687
2023-11-24,S002,P0019,81,85.230316
2023-11-24,S002,P0009,129,110.413345
2023-11-24,S005,P0004,177,149.00148
2023-11-24,S003,P0011,136,142.65863
2023-11-24,S001,P0006,96,99.64335
2023-11-24,S004,P0020,39,59.874985
2023-11-24,S002,P0020,33,52.967915
2023-11-24,S003,P0018,132,111.59216
2023-11-24,S002,P0007,118,95.72966
2023-11-24,S005,P0019,76,80.377365
2023-11-24,S005,P0016,84,92.49763
2023-11-24,S004,P0009,70,79.454056
2023-11-24,S001,P0019,60,59.791546
2023-11-24,S004,P0004,107,145.2324
2023-11-24,S004,P0012,174,174.84824
2023-11-24,S002,P0015,72,80.5953
2023-11-24,S004,P0014,68,66.30138
2023-11-24,S004,P0006,98,102.447235
2023-11-24,S003,P0017,96,84.863075
2023-11-24,S001,P0017,144,100.281456
2023-11-24,S001,P0005,70,91.758255
2023-11-24,S005,P0005,160,128.42813
2023-11-24,S005,P0017,132,118.18556
2023-11-24,S003,P0013,105,113.25338
2023-11-24,S001,P0012,159,176.64627
2023-11-24,S004,P0016,36,55.20387
2023-11-24,S001,P0003,102,98.91418
2023-11-24,S002,P0006,74,82.6559
2023-11-24,S004,P0002,147,125.76102
2023-11-25,S002,P0009,206,155.43968
2023-11-25,S005,P0005,146,133.27048
2023-11-25,S005,P0019,85,79.32015
2023-11-25,S001,P0014,176,149.71695
2023-11-25,S002,P0019,66,79.99125
2023-11-25,S002,P0007,124,100.337166
2023-11-25,S005,P0007,124,110.22612
2023-11-25,S001,P0013,33,106.91722
2023-11-25,S002,P0002,128,122.7346
2023-11-25,S004,P0016,91,87.1485
2023-11-25,S001,P0017,90,86.22176
2023-11-25,S004,P0005,87,110.47837
2023-11-25,S001,P0009,180,145.37105
2023-11-25,S003,P0015,73,102.885956
2023-11-25,S001,P0007,106,101.83982
2023-11-25,S004,P0019,92,92.10278
2023-11-25,S002,P0005,54,94.332214
2023-11-25,S002,P0014,101,91.11994
2023-11-25,S004,P0018,125,118.59006
2023-11-25,S005,P0012,90,94.57021
2023-11-25,S003,P0014,80,77.37991
2023-11-25,S002,P0001,78,102.77535
2023-11-25,S003,P0012,108,79.835884
2023-11-25,S005,P0002,108,106.2415
2023-11-25,S004,P0015,60,62.594933
2023-11-25,S004,P0009,91,96.62556
2023-11-25,S004,P0006,155,115.80133
2023-11-25,S005,P0018,89,95.05206
2023-11-25,S002,P0010,128,121.81631
2023-11-25,S002,P0015,93,94.09514
2023-11-25,S004,P0014,57,56.421936
2023-11-25,S003,P0018,93,90.442375
2023-11-25,S002,P0016,46,85.46435
2023-11-25,S005,P0011,128,113.70337
2023-11-25,S003,P0001,91,89.19531
2023-11-25,S003,P0011,127,131.0815
2023-11-25,S004,P0010,50,63.152508
2023-11-25,S003,P0020,91,104.08406
2023-11-25,S003,P0008,128,115.87183
2023-11-25,S001,P0018,157,148.32724
2023-11-25,S004,P0001,124,107.15568
2023-11-25,S005,P0016,162,114.26062
2023-11-25,S005,P0010,89,90.77918
2023-11-25,S004,P0013,82,107.075615
2023-11-25,S002,P0008,142,107.89372
2023-11-25,S003,P0019,146,122.315216
2023-11-25,S005,P0013,72,90.97309
2023-11-25,S003,P0006,96,93.33553
2023-11-25,S003,P0003,98,96.325165
2023-11-25,S002,P0018,122,114.803825
2023-11-25,S002,P0020,104,99.44133
2023-11-25,S002,P0013,135,127.569466
2023-11-25,S004,P0020,75,85.34093
2023-11-25,S004,P0011,148,112.38762
2023-11-25,S001,P0020,68,76.59519
2023-11-25,S001,P0002,75,102.258156
2023-11-25,S002,P0006,133,118.9202
2023-11-25,S005,P0004,102,101.480896
2023-11-25,S001,P0016,125,106.23203
2023-11-25,S001,P0003,90,89.35591
2023-11-25,S003,P0007,121,98.67462
2023-11-25,S005,P0001,103,92.09376
2023-11-25,S001,P0005,173,147.19687
2023-11-25,S005,P0006,133,114.86077
2023-11-25,S005,P0017,97,102.358025
2023-11-25,S003,P0016,134,126.41421
2023-11-25,S004,P0007,103,120.96472
2023-11-25,S001,P0011,65,80.227486
2023-11-25,S001,P0010,42,56.830853
2023-11-25,S003,P0017,65,63.58018
2023-11-25,S002,P0004,114,100.0673
2023-11-25,S001,P0015,59,57.898884
2023-11-25,S004,P0003,123,98.6078
2023-11-25,S001,P0019,22,39.90033
2023-11-25,S005,P0014,30,42.754055
2023-11-25,S001,P0012,169,145.22672
2023-11-25,S002,P0017,31,61.59055
2023-11-25,S005,P0015,50,92.296936
2023-11-25,S001,P0001,107,89.55275
2023-11-25,S003,P0010,125,104.579285
2023-11-25,S005,P0003,100,91.65526
2023-11-25,S005,P0020,76,96.30369
2023-11-25,S003,P0002,152,131.73462
2023-11-25,S001,P0006,52,64.431786
2023-11-25,S003,P0004,112,107.8408
2023-11-25,S005,P0008,43,83.39831
2023-11-25,S001,P0008,52,72.00437
2023-11-25,S002,P0012,140,89.74987
2023-11-25,S004,P0017,53,81.15084
2023-11-25,S004,P0002,87,108.66488
2023-11-25,S002,P0003,119,103.14793
2023-11-25,S005,P0009,138,144.88373
2023-11-25,S004,P0012,119,119.36245
2023-11-25,S004,P0004,134,114.77816
2023-11-25,S003,P0005,100,105.08381
2023-11-25,S003,P0013,102,126.04277
2023-11-25,S001,P0004,84,81.82394
2023-11-25,S002,P0011,67,95.55297
2023-11-25,S003,P0009,144,111.44685
2023-11-25,S004,P0008,95,82.26321
2023-11-26,S001,P0019,126,110.319664
2023-11-26,S002,P0015,105,101.1389
2023-11-26,S003,P0017,98,88.94371
2023-11-26,S004,P0016,91,73.36394
2023-11-26,S002,P0019,105,106.05301
2023-11-26,S003,P0005,82,85.85987
2023-11-26,S001,P0003,178,124.393616
2023-11-26,S005,P0002,38,80.37707
2023-11-26,S005,P0008,97,120.85065
2023-11-26,S005,P0003,118,108.359276
2023-11-26,S001,P0012,145,170.84958
2023-11-26,S004,P0014,54,56.421856
2023-11-26,S003,P0019,158,139.45912
2023-11-26,S003,P0006,84,87.087524
2023-11-26,S005,P0020,95,126.852104
2023-11-26,S005,P0004,183,160.22504
2023-11-26,S005,P0016,140,123.095375
2023-11-26,S001,P0015,166,144.91638
2023-11-26,S004,P0002,53,72.763115
2023-11-26,S004,P0019,147,123.668816
2023-11-26,S004,P0004,124,113.415405
2023-11-26,S004,P0011,112,99.4448
2023-11-26,S005,P0007,100,146.20564
2023-11-26,S003,P0012,126,105.11526
2023-11-26,S002,P0013,80,84.352196
2023-11-26,S005,P0010,209,137.004
2023-11-26,S001,P0009,117,113.206276
2023-11-26,S005,P0017,206,190.65367
2023-11-26,S001,P0018,102,117.31216
2023-11-26,S002,P0020,77,87.87654
2023-11-26,S003,P0009,89,81.466965
2023-11-26,S003,P0011,123,133.72899
2023-11-26,S003,P0008,81,93.4911
2023-11-26,S003,P0013,87,104.1864
2023-11-26,S002,P0007,125,122.167145
2023-11-26,S005,P0006,112,126.09927
2023-11-26,S005,P0018,86,103.59223
2023-11-26,S003,P0020,114,111.58875
2023-11-26,S002,P0003,91,91.77172
2023-11-26,S003,P0018,73,71.39109
2023-11-26,S004,P0005,66,84.2372
2023-11-26,S005,P0019,135,139.85422
2023-11-26,S002,P0006,42,70.29024
2023-11-26,S004,P0006,111,110.9557
2023-11-26,S001,P0017,120,133.32436
2023-11-26,S005,P0005,158,137.68304
2023-11-26,S001,P0005,95,114.282585
2023-11-26,S003,P0014,158,133.73665
2023-11-26,S003,P0010,48,104.54572
2023-11-26,S004,P0012,108,124.46206
2023-11-26,S002,P0009,61,74.758644
2023-11-26,S003,P0002,89,91.386765
2023-11-26,S001,P0011,75,96.8256
2023-11-26,S005,P0014,66,71.06563
2023-11-26,S002,P0008,150,111.14313
2023-11-26,S002,P0010,60,85.72306
2023-11-26,S002,P0011,91,116.765
2023-11-26,S005,P0015,110,151.6483
2023-11-26,S005,P0011,170,141.80127
2023-11-26,S005,P0001,97,130.47296
2023-11-26,S002,P0004,73,100.07526
2023-11-26,S001,P0006,103,116.76609
2023-11-26,S002,P0017,153,113.596466
2023-11-26,S003,P0001,104,110.89253
2023-11-26,S004,P0017,142,134.13474
2023-11-26,S005,P0013,116,121.314514
2023-11-26,S001,P0020,119,119.555695
2023-11-26,S004,P0013,50,70.84212
2023-11-26,S004,P0008,49,45.54761
2023-11-26,S003,P0003,117,102.12325
2023-11-26,S004,P0001,112,103.82793
2023-11-26,S003,P0007,75,102.377106
2023-11-26,S004,P0007,184,154.7458
2023-11-26,S003,P0004,108,106.533775
2023-11-26,S001,P0008,63,100.818855
2023-11-26,S002,P0001,30,111.10662
2023-11-26,S002,P0018,99,94.15413
2023-11-26,S001,P0014,108,118.63207
2023-11-26,S004,P0003,67,66.43632
2023-11-26,S005,P0009,122,135.76863
2023-11-26,S004,P0018,38,59.748413
2023-11-26,S003,P0015,111,149.23083
2023-11-26,S003,P0016,120,109.88258
2023-11-26,S002,P0014,68,74.507576
2023-11-26,S004,P0020,84,90.412544
2023-11-26,S004,P0010,113,103.58861
2023-11-26,S005,P0012,93,120.85109
2023-11-26,S001,P0010,85,84.09883
2023-11-26,S004,P0009,94,83.44901
2023-11-26,S001,P0013,68,98.851364
2023-11-26,S001,P0016,97,119.07664
2023-11-26,S002,P0005,85,90.98099
2023-11-26,S004,P0015,60,64.83459
2023-11-26,S002,P0012,91,95.10909
2023-11-26,S002,P0002,77,85.06749
2023-11-26,S001,P0007,86,129.49748
2023-11-26,S002,P0016,88,90.060425
2023-11-26,S001,P0004,116,114.276505
2023-11-26,S001,P0001,148,137.70477
2023-11-26,S001,P0002,131,122.513535
2023-11-27,S002,P0009,35,69.04463
2023-11-27,S004,P0020,64,81.663055
2023-11-27,S003,P0016,94,92.00663
2023-11-27,S001,P0005,158,136.67834
2023-11-27,S005,P0005,236,163.05026
2023-11-27,S005,P0012,98,98.93188
2023-11-27,S002,P0020,66,87.51561
2023-11-27,S005,P0009,123,139.28445
2023-11-27,S001,P0012,92,113.003235
2023-11-27,S002,P0001,74,110.74476
2023-11-27,S005,P0002,117,114.46452
2023-11-27,S001,P0002,121,118.53833
2023-11-27,S001,P0011,103,99.30823
2023-11-27,S002,P0011,82,109.39258
2023-11-27,S003,P0002,62,89.66072
2023-11-27,S001,P0014,169,157.48558
2023-11-27,S001,P0020,67,83.32719
2023-11-27,S001,P0016,108,123.82997
2023-11-27,S003,P0019,82,83.601074
2023-11-27,S005,P0008,140,125.61746
2023-11-27,S001,P0019,167,126.070885
2023-11-27,S001,P0003,144,141.35463
2023-11-27,S004,P0017,115,106.665474
2023-11-27,S003,P0018,71,70.65681
2023-11-27,S004,P0001,106,98.34057
2023-11-27,S002,P0005,142,126.114204
2023-11-27,S001,P0001,88,98.44165
2023-11-27,S003,P0011,96,95.44908
2023-11-27,S004,P0008,24,42.86746
2023-11-27,S001,P0007,80,113.84904
2023-11-27,S002,P0010,63,101.484
2023-11-27,S002,P0002,110,111.6719
2023-11-27,S004,P0010,116,120.820755
2023-11-27,S002,P0006,140,137.04012
2023-11-27,S005,P0006,255,211.00171
2023-11-27,S005,P0001,181,149.50215
2023-11-27,S004,P0005,75,94.286285
2023-11-27,S003,P0005,111,93.26122
2023-11-27,S004,P0006,183,165.22026
2023-11-27,S002,P0015,175,152.72638
2023-11-27,S005,P0016,142,119.65754
2023-11-27,S003,P0006,95,95.71413
2023-11-27,S002,P0019,133,129.0407
2023-11-27,S004,P0002,141,125.55204
2023-11-27,S004,P0012,139,137.14119
2023-11-27,S003,P0004,152,114.75357
2023-11-27,S003,P0017,78,67.47239
2023-11-27,S002,P0018,52,87.161674
2023-11-27,S001,P0010,112,102.96777
2023-11-27,S004,P0016,97,91.93057
2023-11-27,S005,P0020,40,112.17107
2023-11-27,S004,P0019,151,149.32848
2023-11-27,S001,P0013,133,118.33636
2023-11-27,S003,P0015,136,158.44933
2023-11-27,S001,P0004,126,118.17751
2023-11-27,S005,P0017,78,124.25747
2023-11-27,S003,P0013,149,119.15632
2023-11-27,S002,P0016,100,97.04583
2023-11-27,S001,P0008,127,89.79572
2023-11-27,S005,P0014,116,111.58765
2023-11-27,S004,P0009,63,83.47288
2023-11-27,S001,P0017,37,81.436966
2023-11-27,S004,P0004,53,111.32371
2023-11-27,S002,P0007,128,111.53169
2023-11-27,S005,P0003,129,129.4514
2023-11-27,S005,P0010,149,127.86175
2023-11-27,S005,P0019,101,117.97027
2023-11-27,S003,P0008,57,81.84705
2023-11-27,S004,P0014,68,68.23915
2023-11-27,S003,P0012,70,75.45218
2023-11-27,S001,P0015,137,133.77237
2023-11-27,S001,P0006,114,137.89867
2023-11-27,S002,P0008,198,117.14417
2023-11-27,S002,P0012,107,95.99996
2023-11-27,S001,P0009,212,162.30505
2023-11-27,S004,P0015,47,66.01663
2023-11-27,S003,P0003,130,115.85245
2023-11-27,S003,P0007,146,107.84404
2023-11-27,S002,P0014,47,59.65857
2023-11-27,S004,P0018,80,84.80231
2023-11-27,S005,P0007,133,137.7776
2023-11-27,S002,P0013,146,127.57978
2023-11-27,S004,P0003,180,147.00203
2023-11-27,S004,P0011,139,112.15817
2023-11-27,S005,P0004,124,119.647316
2023-11-27,S005,P0013,125,124.64484
2023-11-27,S004,P0013,133,112.20442
2023-11-27,S005,P0011,45,81.6231
2023-11-27,S003,P0010,152,107.739456
2023-11-27,S003,P0014,107,102.24556
2023-11-27,S004,P0007,105,122.181496
2023-11-27,S003,P0020,84,105.16749
2023-11-27,S003,P0009,109,99.04744
2023-11-27,S005,P0018,103,106.58505
2023-11-27,S002,P0004,112,120.42239
2023-11-27,S003,P0001,64,64.8593
2023-11-27,S001,P0018,34,120.870514
2023-11-27,S005,P0015,237,169.23991
2023-11-27,S002,P0017,113,96.500725
2023-11-27,S002,P0003,170,175.71104
2023-11-28,S001,P0014,80,80.343056
2023-11-28,S001,P0013,126,99.92721
2023-11-28,S001,P0002,58,76.190155
2023-11-28,S002,P0014,69,78.74958
2023-11-28,S001,P0007,120,103.32127
2023-11-28,S004,P0004,215,175.81816
2023-11-28,S001,P0011,71,70.60346
2023-11-28,S003,P0015,156,167.2633
2023-11-28,S001,P0006,78,99.54089
2023-11-28,S001,P0003,41,90.95693
2023-11-28,S002,P0009,199,148.20824
2023-11-28,S005,P0017,120,114.96488
2023-11-28,S004,P0003,61,73.70686
2023-11-28,S004,P0014,104,98.72721
2023-11-28,S004,P0017,133,116.02383
2023-11-28,S004,P0018,85,84.57872
2023-11-28,S005,P0019,47,58.932514
2023-11-28,S003,P0011,92,97.721886
2023-11-28,S002,P0016,82,80.9101
2023-11-28,S005,P0002,92,90.74747
2023-11-28,S001,P0018,118,106.472786
2023-11-28,S004,P0020,59,74.642
2023-11-28,S005,P0009,119,117.558426
2023-11-28,S005,P0014,84,84.34371
2023-11-28,S003,P0003,101,93.171104
2023-11-28,S003,P0012,52,60.92789
2023-11-28,S002,P0012,92,78.66458
2023-11-28,S005,P0005,128,106.3166
2023-11-28,S001,P0017,124,91.048515
2023-11-28,S001,P0020,67,70.532135
2023-11-28,S003,P0013,117,108.86873
2023-11-28,S003,P0010,131,105.328156
2023-11-28,S001,P0005,113,104.298134
2023-11-28,S002,P0008,112,109.15797
2023-11-28,S001,P0019,66,62.790447
2023-11-28,S004,P0011,118,98.152626
2023-11-28,S005,P0003,113,98.547646
2023-11-28,S002,P0005,51,80.63676
2023-11-28,S005,P0012,55,65.16538
2023-11-28,S002,P0013,94,90.81159
2023-11-28,S001,P0016,139,105.89088
2023-11-28,S001,P0010,99,93.11076
2023-11-28,S004,P0009,151,142.86597
2023-11-28,S003,P0016,97,92.76636
2023-11-28,S002,P0001,42,93.51591
2023-11-28,S002,P0006,77,94.54173
2023-11-28,S001,P0008,149,77.66347
2023-11-28,S004,P0016,61,61.092827
2023-11-28,S001,P0004,98,103.79725
2023-11-28,S003,P0006,115,101.556625
2023-11-28,S003,P0007,108,95.751526
2023-11-28,S004,P0007,113,125.14135
2023-11-28,S005,P0001,82,91.95133
2023-11-28,S005,P0013,122,112.58648
2023-11-28,S002,P0002,30,69.79897
2023-11-28,S005,P0010,52,90.1108
2023-11-28,S004,P0013,89,93.738235
2023-11-28,S003,P0017,74,70.507515
2023-11-28,S005,P0007,86,103.3536
2023-11-28,S003,P0001,66,77.7327
2023-11-28,S004,P0001,74,87.43994
2023-11-28,S002,P0017,75,63.778435
2023-11-28,S001,P0012,117,113.07716
2023-11-28,S003,P0004,121,138.03886
2023-11-28,S004,P0012,108,120.88129
2023-11-28,S002,P0004,134,133.38788
2023-11-28,S002,P0011,95,93.46618
2023-11-28,S005,P0008,88,98.85335
2023-11-28,S005,P0006,85,121.806435
2023-11-28,S005,P0011,73,84.17597
2023-11-28,S004,P0002,90,103.64133
2023-11-28,S003,P0008,77,92.63786
2023-11-28,S002,P0019,79,86.9672
2023-11-28,S004,P0010,144,121.64054
2023-11-28,S005,P0015,102,128.52309
2023-11-28,S003,P0002,100,95.490005
2023-11-28,S005,P0016,79,91.882484
2023-11-28,S004,P0015,113,102.78286
2023-11-28,S004,P0019,94,100.2574
2023-11-28,S002,P0015,27,90.93282
2023-11-28,S004,P0008,49,51.991306
2023-11-28,S003,P0014,147,132.60793
2023-11-28,S005,P0004,157,111.092834
2023-11-28,S003,P0018,67,67.95928
2023-11-28,S003,P0020,110,112.3019
2023-11-28,S003,P0019,176,133.76129
2023-11-28,S004,P0006,188,155.54884
2023-11-28,S001,P0001,139,95.86743
2023-11-28,S002,P0010,101,106.309494
2023-11-28,S001,P0015,70,75.91393
2023-11-28,S003,P0009,172,143.21678
2023-11-28,S001,P0009,180,153.8758
2023-11-28,S002,P0007,74,86.88663
2023-11-28,S004,P0005,108,98.34317
2023-11-28,S002,P0018,87,89.08808
2023-11-28,S005,P0020,75,99.70114
2023-11-28,S002,P0020,38,65.154236
2023-11-28,S002,P0003,82,90.6551
2023-11-28,S003,P0005,95,90.90457
2023-11-28,S005,P0018,122,98.023445
2023-11-29,S001,P0008,97,100.17441
2023-11-29,S001,P0014,65,82.09725
2023-11-29,S001,P0007,113,118.54157
2023-11-29,S004,P0020,57,67.64794
2023-11-29,S004,P0007,204,139.83308
2023-11-29,S001,P0016,117,120.201515
2023-11-29,S002,P0007,88,92.00089
2023-11-29,S002,P0017,82,79.979004
2023-11-29,S003,P0012,102,89.223434
2023-11-29,S001,P0013,94,105.36558
2023-11-29,S002,P0016,74,79.702614
2023-11-29,S003,P0001,80,91.65528
2023-11-29,S001,P0020,89,79.16733
2023-11-29,S001,P0004,122,118.07938
2023-11-29,S002,P0002,133,106.404915
2023-11-29,S002,P0012,124,89.58419
2023-11-29,S004,P0015,85,85.43916
2023-11-29,S003,P0009,204,147.2926
2023-11-29,S004,P0008,123,104.72425
2023-11-29,S001,P0015,128,111.17158
2023-11-29,S002,P0015,114,93.43482
2023-11-29,S004,P0009,55,76.61464
2023-11-29,S003,P0014,127,127.29938
2023-11-29,S005,P0011,126,107.18568
2023-11-29,S002,P0019,52,74.465096
2023-11-29,S005,P0014,76,77.89118
2023-11-29,S003,P0005,98,98.01207
2023-11-29,S004,P0002,101,109.01026
2023-11-29,S003,P0007,149,113.112465
2023-11-29,S004,P0013,155,127.000046
2023-11-29,S003,P0004,128,128.04396
2023-11-29,S004,P0010,133,131.04944
2023-11-29,S002,P0018,59,77.32767
2023-11-29,S005,P0013,118,124.82054
2023-11-29,S004,P0017,61,96.78175
2023-11-29,S003,P0018,117,111.973495
2023-11-29,S001,P0011,105,111.31997
2023-11-29,S004,P0019,86,94.75556
2023-11-29,S003,P0008,89,99.35874
2023-11-29,S001,P0001,148,105.91891
2023-11-29,S005,P0018,103,106.9404
2023-11-29,S002,P0011,113,100.68038
2023-11-29,S002,P0004,74,103.22059
2023-11-29,S004,P0001,58,94.548935
2023-11-29,S001,P0019,139,109.54818
2023-11-29,S005,P0001,125,132.34186
2023-11-29,S003,P0020,95,99.843254
2023-11-29,S005,P0015,158,123.481026
2023-11-29,S005,P0012,111,107.099434
2023-11-29,S002,P0005,85,89.40087
2023-11-29,S003,P0003,137,120.638466
2023-11-29,S001,P0018,112,114.50761
2023-11-29,S002,P0006,69,74.09659
2023-11-29,S002,P0010,61,86.48603
2023-11-29,S003,P0011,142,137.38037
2023-11-29,S003,P0010,125,122.85066
2023-11-29,S005,P0019,70,79.23945
2023-11-29,S001,P0012,137,134.38715
2023-11-29,S005,P0017,95,125.86008
2023-11-29,S003,P0017,84,82.77844
2023-11-29,S001,P0009,46,114.038414
2023-11-29,S004,P0004,134,130.04747
2023-11-29,S005,P0006,223,179.60367
2023-11-29,S004,P0016,81,78.96106
2023-11-29,S001,P0003,103,103.04334
2023-11-29,S005,P0005,96,110.56334
2023-11-29,S004,P0006,161,128.87878
2023-11-29,S002,P0013,64,78.94689
2023-11-29,S002,P0020,71,66.48616
2023-11-29,S005,P0003,89,103.526245
2023-11-29,S003,P0006,126,113.3783
2023-11-29,S005,P0008,101,116.2002
2023-11-29,S005,P0016,66,97.29247
2023-11-29,S005,P0010,108,118.81403
2023-11-29,S005,P0007,130,136.84254
2023-11-29,S003,P0015,80,113.22581
2023-11-29,S003,P0013,126,126.16443
2023-11-29,S002,P0003,124,105.527435
2023-11-29,S001,P0010,113,108.30827
2023-11-29,S001,P0002,62,85.45295
2023-11-29,S003,P0002,148,137.95255
2023-11-29,S002,P0008,113,112.731285
2023-11-29,S001,P0005,78,105.018684
2023-11-29,S003,P0016,184,165.28004
2023-11-29,S002,P0014,65,70.42589
2023-11-29,S004,P0018,25,62.552116
2023-11-29,S002,P0009,84,97.984245
2023-11-29,S004,P0003,140,127.22773
2023-11-29,S004,P0005,168,130.84996
2023-11-29,S001,P0006,98,114.00085
2023-11-29,S002,P0001,112,105.31319
2023-11-29,S005,P0004,120,126.04717
2023-11-29,S005,P0020,65,93.65017
2023-11-29,S003,P0019,122,133.13533
2023-11-29,S004,P0014,25,46.609325
2023-11-29,S001,P0017,99,99.33555
2023-11-29,S004,P0011,129,118.472275
2023-11-29,S005,P0002,86,98.13928
2023-11-29,S004,P0012,145,154.54912
2023-11-29,S005,P0009,129,137.97754
2023-11-30,S002,P0020,71,69.306305
2023-11-30,S004,P0014,97,96.618195
2023-11-30,S002,P0007,71,81.54009
2023-11-30,S005,P0007,62,102.06179
2023-11-30,S002,P0011,64,79.05717
2023-11-30,S003,P0020,116,97.2326
2023-11-30,S003,P0001,122,106.151794
2023-11-30,S003,P0017,60,65.55088
2023-11-30,S001,P0011,101,97.24082
2023-11-30,S003,P0019,80,91.82296
2023-11-30,S002,P0008,163,117.305824
2023-11-30,S005,P0011,124,107.45189
2023-11-30,S004,P0018,90,85.13879
2023-11-30,S001,P0003,135,104.75639
2023-11-30,S005,P0013,161,140.28397
2023-11-30,S001,P0013,73,86.48994
2023-11-30,S004,P0015,60,61.276672
2023-11-30,S003,P0006,102,103.107635
2023-11-30,S002,P0009,61,81.64318
2023-11-30,S002,P0010,99,103.85124
2023-11-30,S004,P0004,152,124.53482
2023-11-30,S005,P0018,87,87.31789
2023-11-30,S003,P0018,62,71.21201
2023-11-30,S002,P0002,72,78.77052
2023-11-30,S004,P0009,126,117.833755
2023-11-30,S004,P0005,110,98.70335
2023-11-30,S001,P0020,56,61.075623
2023-11-30,S001,P0017,144,101.035576
2023-11-30,S004,P0008,65,66.81726
2023-11-30,S005,P0015,95,102.82923
2023-11-30,S002,P0003,91,95.95928
2023-11-30,S003,P0007,137,108.823944
2023-11-30,S005,P0004,98,106.86361
2023-11-30,S005,P0006,146,125.07691
2023-11-30,S004,P0010,112,105.05502
2023-11-30,S003,P0004,19,87.48926
2023-11-30,S002,P0013,154,115.711105
2023-11-30,S004,P0016,42,50.150272
2023-11-30,S001,P0018,89,100.666115
2023-11-30,S005,P0010,78,94.03206
2023-11-30,S001,P0019,71,68.991295
2023-11-30,S003,P0003,74,91.92267
2023-11-30,S003,P0014,120,117.4871
2023-11-30,S004,P0006,121,113.532715
2023-11-30,S001,P0009,154,128.56673
2023-11-30,S002,P0001,116,112.40061
2023-11-30,S001,P0001,99,94.67346
2023-11-30,S005,P0008,79,101.65319
2023-11-30,S001,P0012,117,114.66494
2023-11-30,S004,P0007,116,123.222534
2023-11-30,S003,P0013,134,118.47196
2023-11-30,S004,P0019,91,82.31526
2023-11-30,S005,P0012,119,101.31136
2023-11-30,S005,P0001,101,106.730644
2023-11-30,S005,P0003,148,110.1909
2023-11-30,S002,P0014,70,74.89526
2023-11-30,S001,P0005,146,128.88474
2023-11-30,S002,P0017,84,78.15787
2023-11-30,S001,P0006,75,94.341324
2023-11-30,S002,P0019,95,89.63153
2023-11-30,S005,P0014,95,102.66678
2023-11-30,S002,P0015,69,76.77658
2023-11-30,S001,P0008,113,93.42868
2023-11-30,S003,P0012,84,83.8531
2023-11-30,S001,P0007,89,105.680084
2023-11-30,S005,P0002,120,96.30834
2023-11-30,S003,P0010,85,115.022804
2023-11-30,S003,P0011,140,130.79323
2023-11-30,S005,P0019,56,65.31188
2023-11-30,S003,P0009,91,93.49931
2023-11-30,S004,P0020,76,73.17276
2023-11-30,S002,P0018,98,91.47162
2023-11-30,S002,P0016,107,91.726295
2023-11-30,S003,P0008,115,117.257324
2023-11-30,S005,P0017,112,121.099556
2023-11-30,S004,P0013,173,118.07086
2023-11-30,S004,P0001,108,100.96324
2023-11-30,S004,P0017,71,82.26461
2023-11-30,S004,P0012,110,111.47523
2023-11-30,S004,P0011,62,66.2206
2023-11-30,S003,P0015,144,139.55582
2023-11-30,S002,P0004,39,98.154106
2023-11-30,S003,P0005,133,104.92223
2023-11-30,S001,P0014,122,119.025345
2023-11-30,S001,P0010,65,73.240074
2023-11-30,S003,P0002,77,96.583305
2023-11-30,S004,P0003,82,77.495346
2023-11-30,S001,P0004,125,109.75726
2023-11-30,S001,P0016,87,104.98797
2023-11-30,S002,P0005,143,115.87347
2023-11-30,S002,P0012,51,71.32043
2023-11-30,S005,P0009,111,119.93683
2023-11-30,S001,P0002,165,132.59233
2023-11-30,S003,P0016,93,105.22283
2023-11-30,S004,P0002,123,103.69096
2023-11-30,S005,P0020,70,86.76606
2023-11-30,S002,P0006,73,80.04448
2023-11-30,S005,P0005,115,109.78476
2023-11-30,S005,P0016,74,88.819534
2023-11-30,S001,P0015,47,71.490265
2023-12-01,S002,P0006,124,114.94712
2023-12-01,S005,P0010,191,126.84353
2023-12-01,S001,P0018,180,147.23512
2023-12-01,S004,P0002,149,129.75203
2023-12-01,S004,P0016,65,76.3534
2023-12-01,S002,P0005,119,124.55596
2023-12-01,S003,P0013,160,154.21944
2023-12-01,S005,P0012,72,83.32363
2023-12-01,S003,P0001,156,108.110794
2023-12-01,S005,P0005,123,146.35718
2023-12-01,S004,P0009,52,90.96062
2023-12-01,S003,P0011,199,195.23714
2023-12-01,S005,P0016,156,140.39906
2023-12-01,S004,P0001,69,73.1774
2023-12-01,S003,P0003,155,138.46823
2023-12-01,S004,P0012,108,104.53205
2023-12-01,S005,P0020,35,84.875435
2023-12-01,S002,P0019,145,110.27705
2023-12-01,S002,P0016,149,125.75865
2023-12-01,S004,P0004,143,136.6221
2023-12-01,S001,P0006,69,90.15777
2023-12-01,S004,P0018,70,67.485535
2023-12-01,S005,P0002,142,137.79886
2023-12-01,S003,P0015,108,121.07814
2023-12-01,S002,P0013,177,153.03891
2023-12-01,S004,P0017,112,95.13003
2023-12-01,S001,P0002,156,147.48807
2023-12-01,S001,P0010,88,93.18192
2023-12-01,S001,P0004,90,116.853546
2023-12-01,S003,P0016,176,162.8491
2023-12-01,S004,P0019,105,97.695854
2023-12-01,S002,P0010,124,124.20466
2023-12-01,S001,P0012,67,97.92402
2023-12-01,S003,P0014,149,135.25407
2023-12-01,S002,P0011,130,135.00264
2023-12-01,S001,P0011,151,148.59727
2023-12-01,S005,P0004,115,121.66953
2023-12-01,S002,P0012,110,90.534485
2023-12-01,S005,P0014,35,49.326653
2023-12-01,S001,P0008,43,80.519325
2023-12-01,S001,P0009,152,161.0583
2023-12-01,S002,P0014,99,98.52337
2023-12-01,S002,P0020,58,67.90846
2023-12-01,S003,P0006,118,101.78466
2023-12-01,S001,P0003,227,153.16245
2023-12-01,S005,P0008,165,134.07022
2023-12-01,S003,P0007,72,92.27343
2023-12-01,S005,P0015,135,117.79975
2023-12-01,S005,P0017,156,127.60508
2023-12-01,S003,P0017,22,51.938374
2023-12-01,S005,P0001,161,134.57933
2023-12-01,S001,P0016,145,159.71979
2023-12-01,S003,P0008,71,90.58967
2023-12-01,S004,P0020,60,63.457546
2023-12-01,S005,P0011,51,108.107346
2023-12-01,S003,P0004,181,150.20792
2023-12-01,S005,P0007,102,120.61817
2023-12-01,S001,P0019,91,78.21446
2023-12-01,S004,P0008,94,80.03798
2023-12-01,S005,P0018,144,122.03105
2023-12-01,S003,P0019,108,109.719536
2023-12-01,S005,P0019,83,83.918205
2023-12-01,S003,P0020,144,99.67873
2023-12-01,S004,P0007,41,96.10707
2023-12-01,S001,P0001,109,100.81446
2023-12-01,S002,P0001,121,116.910835
2023-12-01,S002,P0015,149,116.171135
2023-12-01,S002,P0007,50,88.028946
2023-12-01,S004,P0006,55,87.99252
2023-12-01,S002,P0009,118,126.310715
2023-12-01,S004,P0014,62,61.265984
2023-12-01,S004,P0015,61,60.192852
2023-12-01,S002,P0002,107,123.11907
2023-12-01,S005,P0013,160,165.75006
2023-12-01,S003,P0009,83,109.46438
2023-12-01,S001,P0005,150,155.8069
2023-12-01,S003,P0012,95,82.43162
2023-12-01,S002,P0003,121,130.8412
2023-12-01,S005,P0003,192,151.8474
2023-12-01,S004,P0011,206,164.73596
2023-12-01,S002,P0004,168,135.2838
2023-12-01,S002,P0017,108,93.70237
2023-12-01,S001,P0017,101,106.97268
2023-12-01,S003,P0005,162,135.3243
2023-12-01,S002,P0008,85,101.84045
2023-12-01,S005,P0009,275,255.15527
2023-12-01,S004,P0003,96,107.13249
2023-12-01,S004,P0005,124,120.53973
2023-12-01,S003,P0002,133,132.14021
2023-12-01,S004,P0010,46,64.542984
2023-12-01,S003,P0018,36,57.41506
2023-12-01,S005,P0006,174,153.74985
2023-12-01,S001,P0007,141,124.8848
2023-12-01,S004,P0013,112,118.79337
2023-12-01,S001,P0014,105,116.82424
2023-12-01,S003,P0010,161,110.66712
2023-12-01,S002,P0018,68,89.18208
2023-12-01,S001,P0020,98,85.19793
2023-12-01,S001,P0015,82,77.31301
2023-12-01,S001,P0013,65,130.30989
2023-12-02,S001,P0019,106,103.95466
2023-12-02,S003,P0006,60,84.728065
2023-12-02,S004,P0015,110,92.80325
2023-12-02,S004,P0020,74,83.50782
2023-12-02,S003,P0009,94,98.45395
2023-12-02,S002,P0013,74,116.67432
2023-12-02,S004,P0008,72,69.827194
2023-12-02,S001,P0005,118,107.66599
2023-12-02,S001,P0020,140,118.642334
2023-12-02,S001,P0008,89,93.75911
2023-12-02,S003,P0008,128,115.283165
2023-12-02,S003,P0004,141,117.6225
2023-12-02,S003,P0012,165,113.69146
2023-12-02,S002,P0018,161,130.48474
2023-12-02,S004,P0006,154,112.81364
2023-12-02,S002,P0008,127,118.096016
2023-12-02,S004,P0016,76,70.23299
2023-12-02,S001,P0009,204,157.40894
2023-12-02,S005,P0013,258,210.26163
2023-12-02,S005,P0019,96,96.49806
2023-12-02,S002,P0010,164,141.80768
2023-12-02,S005,P0010,30,103.94333
2023-12-02,S001,P0013,161,132.2547
2023-12-02,S002,P0009,143,124.50287
2023-12-02,S003,P0017,51,60.9305
2023-12-02,S002,P0015,147,141.63306
2023-12-02,S005,P0007,95,125.06548
2023-12-02,S005,P0014,84,82.09767
2023-12-02,S002,P0007,149,129.05746
2023-12-02,S003,P0014,136,124.98079
2023-12-02,S005,P0004,123,117.38879
2023-12-02,S003,P0019,221,178.80336
2023-12-02,S004,P0009,124,114.603645
2023-12-02,S002,P0020,90,95.73299
2023-12-02,S001,P0018,115,136.0217
2023-12-02,S004,P0014,49,50.876175
2023-12-02,S003,P0013,114,136.94382
2023-12-02,S003,P0003,209,182.59207
2023-12-02,S001,P0006,138,122.88891
2023-12-02,S001,P0001,160,129.81879
2023-12-02,S002,P0005,97,97.996315
2023-12-02,S005,P0008,110,117.70975
2023-12-02,S005,P0011,67,90.9491
2023-12-02,S002,P0001,151,141.18024
2023-12-02,S001,P0012,137,146.8869
2023-12-02,S003,P0018,90,93.609985
2023-12-02,S005,P0017,89,108.45847
2023-12-02,S004,P0007,147,145.9833
2023-12-02,S005,P0018,193,157.58084
2023-12-02,S005,P0002,70,87.69905
2023-12-02,S004,P0012,99,122.88093
2023-12-02,S005,P0012,151,131.33281
2023-12-02,S004,P0004,98,101.10452
2023-12-02,S001,P0007,213,156.5222
2023-12-02,S002,P0019,119,126.939705
2023-12-02,S002,P0011,141,128.94762
2023-12-02,S002,P0014,42,65.31333
2023-12-02,S005,P0006,123,116.37357
2023-12-02,S004,P0013,116,118.138374
2023-12-02,S004,P0019,171,135.1927
2023-12-02,S004,P0010,130,110.06671
2023-12-02,S001,P0014,83,83.049225
2023-12-02,S003,P0007,102,126.70973
2023-12-02,S003,P0001,177,142.25397
2023-12-02,S003,P0020,146,132.69975
2023-12-02,S004,P0005,92,92.52005
2023-12-02,S005,P0015,180,147.46
2023-12-02,S002,P0016,94,89.3012
2023-12-02,S003,P0010,100,110.65135
2023-12-02,S002,P0003,179,157.20612
2023-12-02,S001,P0017,48,80.113914
2023-12-02,S002,P0002,143,104.22536
2023-12-02,S005,P0020,103,109.66526
2023-12-02,S002,P0012,107,109.669716
2023-12-02,S001,P0015,155,127.72143
2023-12-02,S004,P0018,65,85.62723
2023-12-02,S001,P0010,119,105.24543
2023-12-02,S001,P0011,78,78.569084
2023-12-02,S004,P0001,30,88.40733
2023-12-02,S005,P0003,90,127.54991
2023-12-02,S004,P0017,112,97.30346
2023-12-02,S003,P0015,110,145.99007
2023-12-02,S003,P0011,105,115.68887
2023-12-02,S004,P0011,60,69.628136
2023-12-02,S005,P0016,118,101.06538
2023-12-02,S001,P0003,209,165.88512
2023-12-02,S005,P0005,140,116.75989
2023-12-02,S002,P0004,54,111.92363
2023-12-02,S005,P0009,130,124.99795
2023-12-02,S002,P0006,161,137.31206
2023-12-02,S003,P0005,162,110.40427
2023-12-02,S001,P0016,85,104.72408
2023-12-02,S003,P0016,173,158.86188
2023-12-02,S004,P0002,85,87.35836
2023-12-02,S003,P0002,126,109.95592
2023-12-02,S001,P0004,114,113.786026
2023-12-02,S001,P0002,83,97.456726
2023-12-02,S005,P0001,105,127.3354
2023-12-02,S004,P0003,34,69.99347
2023-12-02,S002,P0017,55,78.04717
2023-12-03,S003,P0001,131,115.417885
2023-12-03,S004,P0014,69,80.49935
2023-12-03,S003,P0019,166,163.89105
2023-12-03,S001,P0005,121,112.337944
2023-12-03,S003,P0018,122,116.71065
2023-12-03,S002,P0015,172,135.62747
2023-12-03,S002,P0009,67,94.86604
2023-12-03,S003,P0011,156,153.15126
2023-12-03,S003,P0017,91,89.828705
2023-12-03,S004,P0001,106,87.674515
2023-12-03,S002,P0007,58,82.02436
2023-12-03,S005,P0014,52,67.89438
2023-12-03,S002,P0019,104,106.84528
2023-12-03,S002,P0016,205,171.03658
2023-12-03,S001,P0014,113,124.12424
2023-12-03,S002,P0011,94,108.48779
2023-12-03,S004,P0013,110,89.7029
2023-12-03,S002,P0005,61,82.44688
2023-12-03,S003,P0020,121,114.020584
2023-12-03,S003,P0008,106,111.01668
2023-12-03,S002,P0010,133,123.878845
2023-12-03,S005,P0012,103,120.3628
2023-12-03,S005,P0020,80,88.99483
2023-12-03,S004,P0017,104,95.292496
2023-12-03,S003,P0006,110,133.16034
2023-12-03,S001,P0003,181,142.63954
2023-12-03,S005,P0009,154,171.99731
2023-12-03,S001,P0007,129,119.27293
2023-12-03,S001,P0002,78,89.37184
2023-12-03,S005,P0005,107,102.647224
2023-12-03,S004,P0002,85,87.79353
2023-12-03,S002,P0006,137,122.29341
2023-12-03,S003,P0016,152,149.87724
2023-12-03,S001,P0012,162,154.96371
2023-12-03,S005,P0001,80,98.45019
2023-12-03,S004,P0020,65,63.303787
2023-12-03,S002,P0014,97,95.728905
2023-12-03,S005,P0019,41,65.19527
2023-12-03,S005,P0018,122,114.02794
2023-12-03,S002,P0020,43,52.822617
2023-12-03,S005,P0011,59,77.12483
2023-12-03,S005,P0013,104,113.969154
2023-12-03,S004,P0016,43,65.65708
2023-12-03,S002,P0008,119,112.21583
2023-12-03,S005,P0007,131,129.91786
2023-12-03,S001,P0013,115,102.99888
2023-12-03,S003,P0012,100,104.86286
2023-12-03,S005,P0016,145,135.43129
2023-12-03,S001,P0011,75,78.72121
2023-12-03,S004,P0012,121,137.78722
2023-12-03,S004,P0015,112,93.42082
2023-12-03,S005,P0015,69,132.40594
2023-12-03,S005,P0006,218,183.82458
2023-12-03,S001,P0017,126,97.653305
2023-12-03,S002,P0013,82,92.18623
2023-12-03,S001,P0015,96,108.27912
2023-12-03,S005,P0010,131,112.98825
2023-12-03,S004,P0007,70,104.85026
2023-12-03,S004,P0003,86,80.01515
2023-12-03,S003,P0013,113,122.16496
2023-12-03,S002,P0002,90,88.04646
2023-12-03,S001,P0009,162,155.48723
2023-12-03,S005,P0017,118,112.585884
2023-12-03,S003,P0002,129,128.48619
2023-12-03,S001,P0004,20,67.16883
2023-12-03,S004,P0019,39,53.47988
2023-12-03,S003,P0009,169,147.75693
2023-12-03,S001,P0006,134,134.61734
2023-12-03,S001,P0016,205,147.3905
2023-12-03,S002,P0012,102,91.534515
2023-12-03,S003,P0005,125,113.40122
2023-12-03,S004,P0008,39,43.725143
2023-12-03,S001,P0010,111,99.38855
2023-12-03,S001,P0018,157,131.44887
2023-12-03,S004,P0018,63,63.520844
2023-12-03,S005,P0002,121,95.27075
2023-12-03,S001,P0001,119,104.19042
2023-12-03,S002,P0001,116,106.06798
2023-12-03,S002,P0004,114,95.82138
2023-12-03,S001,P0020,70,69.6907
2023-12-03,S002,P0017,108,89.72814
2023-12-03,S001,P0019,161,128.88297
2023-12-03,S003,P0015,128,163.54765
2023-12-03,S004,P0011,106,99.59142
2023-12-03,S005,P0004,137,135.07509
2023-12-03,S003,P0007,142,118.823204
2023-12-03,S004,P0010,130,113.90551
2023-12-03,S005,P0003,144,114.88267
2023-12-03,S001,P0008,111,86.48649
2023-12-03,S003,P0003,100,115.15487
2023-12-03,S003,P0004,171,131.46538
2023-12-03,S002,P0018,84,91.15926
2023-12-03,S004,P0009,118,112.94028
2023-12-03,S003,P0014,185,175.05717
2023-12-03,S004,P0006,96,101.00703
2023-12-03,S004,P0005,76,85.88504
2023-12-03,S005,P0008,134,119.34046
2023-12-03,S004,P0004,116,105.034706
2023-12-03,S002,P0003,72,90.22867
2023-12-03,S003,P0010,118,119.74852
2023-12-04,S003,P0001,126,139.61021
2023-12-04,S005,P0014,97,93.032036
2023-12-04,S001,P0017,20,70.67517
2023-12-04,S003,P0010,131,121.781975
2023-12-04,S004,P0018,88,76.58136
2023-12-04,S002,P0016,144,136.36595
2023-12-04,S003,P0008,197,192.23473
2023-12-04,S005,P0015,105,101.562645
2023-12-04,S002,P0006,80,99.87536
2023-12-04,S002,P0004,102,119.17067
2023-12-04,S002,P0003,135,133.38846
2023-12-04,S004,P0014,102,103.246796
2023-12-04,S004,P0005,30,67.19582
2023-12-04,S004,P0010,36,62.4943
2023-12-04,S005,P0004,93,96.11981
2023-12-04,S002,P0011,164,170.4506
2023-12-04,S004,P0004,120,103.69018
2023-12-04,S004,P0012,109,102.98702
2023-12-04,S003,P0007,75,91.896736
2023-12-04,S001,P0018,108,111.60556
2023-12-04,S001,P0012,146,134.62878
2023-12-04,S005,P0005,61,82.53806
2023-12-04,S001,P0014,5,43.770958
2023-12-04,S005,P0006,80,92.99574
2023-12-04,S005,P0016,83,116.563965
2023-12-04,S002,P0017,110,95.24764
2023-12-04,S002,P0018,61,88.43627
2023-12-04,S005,P0010,111,108.00804
2023-12-04,S002,P0002,194,160.46135
2023-12-04,S001,P0003,134,131.40373
2023-12-04,S003,P0020,203,150.47968
2023-12-04,S003,P0005,153,129.82307
2023-12-04,S004,P0019,136,103.01008
2023-12-04,S001,P0007,104,109.02911
2023-12-04,S004,P0001,231,151.57637
2023-12-04,S003,P0011,94,139.78735
2023-12-04,S004,P0013,112,119.11682
2023-12-04,S003,P0015,160,156.97739
2023-12-04,S005,P0012,101,88.734695
2023-12-04,S002,P0014,118,118.765305
2023-12-04,S005,P0019,77,78.92804
2023-12-04,S003,P0014,124,128.64455
2023-12-04,S005,P0003,87,106.07806
2023-12-04,S001,P0016,103,137.791
2023-12-04,S003,P0016,129,144.78964
2023-12-04,S002,P0007,151,116.97512
2023-12-04,S005,P0002,93,109.0818
2023-12-04,S001,P0011,124,121.22806
2023-12-04,S002,P0019,117,117.3067
2023-12-04,S005,P0001,186,152.64465
2023-12-04,S003,P0003,103,110.45934
2023-12-04,S003,P0006,128,117.141235
2023-12-04,S004,P0011,102,92.21288
2023-12-04,S001,P0006,99,98.08823
2023-12-04,S001,P0004,82,88.617134
2023-12-04,S003,P0017,77,77.21672
2023-12-04,S003,P0002,162,154.00482
2023-12-04,S004,P0009,59,92.53437
2023-12-04,S005,P0018,68,84.9489
2023-12-04,S004,P0002,109,115.48819
2023-12-04,S005,P0013,127,148.97353
2023-12-04,S001,P0001,73,114.3952
2023-12-04,S001,P0009,188,166.16867
2023-12-04,S003,P0019,163,150.00128
2023-12-04,S002,P0001,145,167.1848
2023-12-04,S004,P0017,78,86.37308
2023-12-04,S001,P0013,134,137.29373
2023-12-04,S005,P0007,100,114.22857
2023-12-04,S002,P0008,97,144.47478
2023-12-04,S005,P0008,115,141.66182
2023-12-04,S004,P0003,52,61.66447
2023-12-04,S004,P0016,94,87.61294
2023-12-04,S003,P0012,92,88.25068
2023-12-04,S001,P0002,191,155.11528
2023-12-04,S002,P0020,62,90.49778
2023-12-04,S005,P0011,120,122.20017
2023-12-04,S003,P0004,78,106.232086
2023-12-04,S004,P0006,129,109.28898
2023-12-04,S001,P0019,60,70.80832
2023-12-04,S004,P0020,4,46.387527
2023-12-04,S001,P0008,37,87.27748
2023-12-04,S001,P0020,72,75.62344
2023-12-04,S001,P0015,131,112.063515
2023-12-04,S002,P0010,201,186.0584
2023-12-04,S004,P0015,89,76.79589
2023-12-04,S004,P0008,101,90.5711
2023-12-04,S005,P0009,147,162.97868
2023-12-04,S003,P0009,162,151.12138
2023-12-04,S001,P0010,116,103.49519
2023-12-04,S002,P0012,114,96.68811
2023-12-04,S002,P0005,114,115.381256
2023-12-04,S002,P0013,227,169.688
2023-12-04,S003,P0013,141,167.4667
2023-12-04,S002,P0015,123,114.87642
2023-12-04,S005,P0020,85,111.003044
2023-12-04,S002,P0009,181,169.84976
2023-12-04,S004,P0007,101,113.008965
2023-12-04,S005,P0017,112,109.47128
2023-12-04,S003,P0018,54,66.16183
2023-12-04,S001,P0005,101,101.231964
2023-12-05,S002,P0013,91,119.22244
2023-12-05,S004,P0020,125,119.93064
2023-12-05,S004,P0009,175,157.97937
2023-12-05,S001,P0017,86,90.87084
2023-12-05,S002,P0002,102,112.44597
2023-12-05,S003,P0012,57,57.189953
2023-12-05,S004,P0004,4,174.11705
2023-12-05,S003,P0009,118,95.52394
2023-12-05,S002,P0003,82,109.363884
2023-12-05,S004,P0001,117,124.301865
2023-12-05,S001,P0018,145,148.48245
2023-12-05,S004,P0012,130,127.364334
2023-12-05,S004,P0005,185,158.25026
2023-12-05,S005,P0015,75,93.79339
2023-12-05,S003,P0014,121,116.97763
2023-12-05,S004,P0010,55,85.156525
2023-12-05,S002,P0014,97,91.78506
2023-12-05,S005,P0010,78,102.34683
2023-12-05,S001,P0009,181,153.00742
2023-12-05,S005,P0008,212,156.75778
2023-12-05,S004,P0007,39,111.413895
2023-12-05,S004,P0018,62,95.60199
2023-12-05,S003,P0020,128,120.91519
2023-12-05,S005,P0002,88,90.50069
2023-12-05,S004,P0002,163,145.86147
2023-12-05,S005,P0012,57,69.143684
2023-12-05,S005,P0016,87,109.284294
2023-12-05,S002,P0018,107,125.882515
2023-12-05,S004,P0015,98,89.94386
2023-12-05,S002,P0005,163,165.5733
2023-12-05,S001,P0013,45,122.35498
2023-12-05,S002,P0017,39,73.06503
2023-12-05,S001,P0015,52,66.01738
2023-12-05,S005,P0017,92,104.87458
2023-12-05,S002,P0008,235,160.29172
2023-12-05,S005,P0018,176,149.19543
2023-12-05,S002,P0006,158,126.180466
2023-12-05,S004,P0008,130,113.19166
2023-12-05,S001,P0006,112,100.3996
2023-12-05,S005,P0009,69,89.787285
2023-12-05,S001,P0014,85,91.72717
2023-12-05,S003,P0019,121,116.55728
2023-12-05,S004,P0013,196,172.26495
2023-12-05,S005,P0011,114,106.22163
2023-12-05,S004,P0014,59,59.43383
2023-12-05,S001,P0020,110,94.93816
2023-12-05,S003,P0010,97,100.2399
2023-12-05,S002,P0007,44,90.25797
2023-12-05,S004,P0019,170,110.39437
2023-12-05,S002,P0015,118,115.45837
2023-12-05,S003,P0013,138,142.76308
2023-12-05,S005,P0003,127,110.16975
2023-12-05,S005,P0007,58,100.910706
2023-12-05,S003,P0008,83,130.17073
2023-12-05,S001,P0005,132,133.84596
2023-12-05,S003,P0006,59,79.31717
2023-12-05,S005,P0014,99,98.07484
2023-12-05,S001,P0004,133,145.61719
2023-12-05,S001,P0003,133,108.996925
2023-12-05,S003,P0007,102,93.55047
2023-12-05,S005,P0006,173,144.38533
2023-12-05,S001,P0010,95,90.935936
2023-12-05,S001,P0001,24,76.308075
2023-12-05,S003,P0005,163,134.47496
2023-12-05,S003,P0003,90,89.70767
2023-12-05,S005,P0004,117,98.68544
2023-12-05,S005,P0013,161,160.43263
2023-12-05,S003,P0002,120,101.407295
2023-12-05,S002,P0019,170,128.84885
2023-12-05,S003,P0004,159,137.26521
2023-12-05,S003,P0001,88,88.01884
2023-12-05,S001,P0002,127,121.55402
2023-12-05,S005,P0005,118,120.27093
2023-12-05,S002,P0020,54,84.97548
2023-12-05,S003,P0015,96,114.15161
2023-12-05,S002,P0012,75,87.847916
2023-12-05,S003,P0016,100,117.527245
2023-12-05,S004,P0017,148,129.71342
2023-12-05,S005,P0019,86,90.556175
2023-12-05,S002,P0009,89,105.87095
2023-12-05,S004,P0011,145,123.41141
2023-12-05,S005,P0001,119,124.65825
2023-12-05,S003,P0011,59,83.74923
2023-12-05,S004,P0003,91,92.94416
2023-12-05,S003,P0018,92,92.18581
2023-12-05,S001,P0019,71,71.31994
2023-12-05,S001,P0012,34,76.093056
2023-12-05,S002,P0010,67,110.65749
2023-12-05,S001,P0016,225,148.4348
2023-12-05,S001,P0008,121,113.822395
2023-12-05,S004,P0006,81,108.617355
2023-12-05,S003,P0017,41,52.960682
2023-12-05,S001,P0007,66,93.592415
2023-12-05,S001,P0011,61,74.0821
2023-12-05,S002,P0001,113,121.732666
2023-12-05,S005,P0020,151,123.842384
2023-12-05,S002,P0011,135,142.58443
2023-12-05,S002,P0004,208,147.81993
2023-12-05,S002,P0016,189,161.18892
2023-12-05,S004,P0016,106,108.88078
2023-12-06,S004,P0001,65,94.15894
2023-12-06,S003,P0012,72,77.15046
2023-12-06,S005,P0002,128,114.86405
2023-12-06,S003,P0004,222,169.09856
2023-12-06,S005,P0010,61,99.08781
2023-12-06,S002,P0014,109,105.13067
2023-12-06,S003,P0010,182,104.62244
2023-12-06,S003,P0009,265,187.20168
2023-12-06,S005,P0001,126,133.86226
2023-12-06,S004,P0016,57,61.308525
2023-12-06,S001,P0015,73,102.57233
2023-12-06,S004,P0002,97,112.90387
2023-12-06,S005,P0013,122,167.39659
2023-12-06,S002,P0011,47,102.47537
2023-12-06,S002,P0004,125,147.2557
2023-12-06,S005,P0018,118,114.845345
2023-12-06,S003,P0016,109,126.38514
2023-12-06,S001,P0003,183,161.34262
2023-12-06,S004,P0011,183,163.33955
2023-12-06,S004,P0017,117,134.92207
2023-12-06,S004,P0008,58,65.65821
2023-12-06,S004,P0014,24,44.38379
2023-12-06,S004,P0020,79,91.797325
2023-12-06,S001,P0006,190,173.03574
2023-12-06,S003,P0003,148,147.80423
2023-12-06,S005,P0020,48,110.600426
2023-12-06,S002,P0018,163,112.43217
2023-12-06,S001,P0008,61,97.285614
2023-12-06,S001,P0005,111,115.63019
2023-12-06,S003,P0008,108,112.40304
2023-12-06,S004,P0019,94,123.51045
2023-12-06,S005,P0017,117,151.9508
2023-12-06,S002,P0016,81,104.85635
2023-12-06,S005,P0014,126,117.65693
2023-12-06,S002,P0001,143,130.52315
2023-12-06,S001,P0018,100,119.796906
2023-12-06,S005,P0019,128,132.15143
2023-12-06,S003,P0011,215,209.07362
2023-12-06,S004,P0007,201,174.72397
2023-12-06,S001,P0020,68,88.99005
2023-12-06,S002,P0015,132,135.18896
2023-12-06,S001,P0007,138,155.80086
2023-12-06,S002,P0017,120,116.64788
2023-12-06,S001,P0019,93,107.31306
2023-12-06,S002,P0019,155,149.95618
2023-12-06,S004,P0009,271,255.74048
2023-12-06,S005,P0003,118,132.51659
2023-12-06,S005,P0012,83,91.54286
2023-12-06,S001,P0010,126,117.53727
2023-12-06,S004,P0006,169,158.87723
2023-12-06,S001,P0002,114,129.0426
2023-12-06,S004,P0010,143,128.78517
2023-12-06,S001,P0009,37,135.45656
2023-12-06,S001,P0014,78,86.68772
2023-12-06,S003,P0001,64,78.22812
2023-12-06,S005,P0008,172,130.95995
2023-12-06,S005,P0016,76,101.88004
2023-12-06,S002,P0013,111,124.546196
2023-12-06,S005,P0006,199,200.82753
2023-12-06,S003,P0013,80,149.61087
2023-12-06,S004,P0012,137,129.56705
2023-12-06,S003,P0020,182,146.02357
2023-12-06,S001,P0001,142,110.63103
2023-12-06,S003,P0014,94,100.39545
2023-12-06,S004,P0015,95,91.418106
2023-12-06,S001,P0017,161,139.9275
2023-12-06,S001,P0004,152,156.45473
2023-12-06,S002,P0007,135,141.90434
2023-12-06,S005,P0005,186,149.8636
2023-12-06,S003,P0015,144,168.80196
2023-12-06,S002,P0006,86,112.11697
2023-12-06,S004,P0018,100,89.42306
2023-12-06,S005,P0015,132,145.33597
2023-12-06,S002,P0002,85,104.932
2023-12-06,S005,P0004,208,175.31017
2023-12-06,S003,P0019,174,179.6313
2023-12-06,S004,P0005,154,119.48168
2023-12-06,S002,P0012,85,91.12238
2023-12-06,S001,P0011,136,141.839
2023-12-06,S005,P0011,151,141.63048
2023-12-06,S003,P0017,142,125.953094
2023-12-06,S001,P0012,118,117.55197
2023-12-06,S002,P0005,145,126.68788
2023-12-06,S003,P0007,98,114.97012
2023-12-06,S005,P0007,205,189.96399
2023-12-06,S004,P0003,168,154.05405
2023-12-06,S003,P0018,97,89.26826
2023-12-06,S001,P0013,136,145.46364
2023-12-06,S002,P0009,91,133.15321
2023-12-06,S003,P0005,68,104.13538
2023-12-06,S002,P0010,110,121.6889
2023-12-06,S003,P0002,128,117.92116
2023-12-06,S003,P0006,191,164.05714
2023-12-06,S001,P0016,100,120.83742
2023-12-06,S005,P0009,199,213.26703
2023-12-06,S002,P0020,52,81.31642
2023-12-06,S002,P0003,193,187.65822
2023-12-06,S004,P0004,217,176.55833
2023-12-06,S004,P0013,120,131.69958
2023-12-06,S002,P0008,181,134.27065
2023-12-07,S003,P0012,93,81.557526
2023-12-07,S005,P0004,100,95.59925
2023-12-07,S001,P0010,47,69.39556
2023-12-07,S005,P0006,230,187.6419
2023-12-07,S002,P0012,110,95.03831
2023-12-07,S004,P0018,85,84.14247
2023-12-07,S002,P0002,69,95.39654
2023-12-07,S004,P0010,180,129.16464
2023-12-07,S004,P0020,85,79.13559
2023-12-07,S001,P0016,235,153.64937
2023-12-07,S001,P0013,83,95.18685
2023-12-07,S005,P0003,113,110.23963
2023-12-07,S005,P0018,131,116.27942
2023-12-07,S005,P0013,96,122.22344
2023-12-07,S001,P0006,85,132.86464
2023-12-07,S001,P0020,83,74.70332
2023-12-07,S005,P0011,94,107.780495
2023-12-07,S004,P0002,78,96.145355
2023-12-07,S005,P0009,171,161.92964
2023-12-07,S002,P0008,153,138.0813
2023-12-07,S003,P0019,143,129.42134
2023-12-07,S002,P0015,101,113.34027
2023-12-07,S002,P0001,161,144.93544
2023-12-07,S003,P0007,152,132.14345
2023-12-07,S001,P0004,87,92.11549
2023-12-07,S002,P0003,99,115.55382
2023-12-07,S004,P0008,51,64.04193
2023-12-07,S005,P0020,69,86.029465
2023-12-07,S001,P0003,123,121.11527
2023-12-07,S004,P0019,77,93.10824
2023-12-07,S005,P0015,78,91.59728
2023-12-07,S005,P0019,51,68.90242
2023-12-07,S003,P0003,178,153.6373
2023-12-07,S001,P0007,127,135.691
2023-12-07,S004,P0017,76,99.91753
2023-12-07,S001,P0001,131,94.83542
2023-12-07,S002,P0013,96,96.8588
2023-12-07,S003,P0013,132,114.57318
2023-12-07,S001,P0009,188,154.83089
2023-12-07,S005,P0010,125,111.428185
2023-12-07,S001,P0017,73,83.8282
2023-12-07,S004,P0009,187,179.46182
2023-12-07,S003,P0015,70,107.040535
2023-12-07,S005,P0008,189,124.15776
2023-12-07,S002,P0014,46,62.4374
2023-12-07,S004,P0005,100,104.32484
2023-12-07,S005,P0012,92,83.60979
2023-12-07,S001,P0018,143,129.09863
2023-12-07,S004,P0004,208,141.40785
2023-12-07,S003,P0014,42,55.332287
2023-12-07,S003,P0016,103,123.54464
2023-12-07,S002,P0017,108,96.77025
2023-12-07,S003,P0005,83,95.4677
2023-12-07,S003,P0004,102,109.718285
2023-12-07,S001,P0008,108,85.696884
2023-12-07,S003,P0017,34,57.292583
2023-12-07,S002,P0004,137,121.53988
2023-12-07,S001,P0011,120,123.79775
2023-12-07,S004,P0016,102,100.43334
2023-12-07,S005,P0014,92,94.120476
2023-12-07,S004,P0006,177,162.26456
2023-12-07,S003,P0008,124,121.679634
2023-12-07,S002,P0011,159,174.6154
2023-12-07,S002,P0019,110,117.49095
2023-12-07,S002,P0020,36,61.79926
2023-12-07,S003,P0018,48,59.99613
2023-12-07,S003,P0011,169,166.41278
2023-12-07,S002,P0016,187,178.92535
2023-12-07,S001,P0012,176,148.48958
2023-12-07,S004,P0003,79,84.05477
2023-12-07,S001,P0019,107,83.37545
2023-12-07,S004,P0011,190,171.0337
2023-12-07,S002,P0005,63,92.36042
2023-12-07,S002,P0010,133,135.19672
2023-12-07,S003,P0002,105,100.13836
2023-12-07,S003,P0006,111,113.305725
2023-12-07,S005,P0001,174,143.31732
2023-12-07,S004,P0015,34,53.506554
2023-12-07,S005,P0007,142,151.98799
2023-12-07,S001,P0015,54,68.79371
2023-12-07,S003,P0010,109,109.7024
2023-12-07,S005,P0002,34,71.169304
2023-12-07,S002,P0009,186,139.62193
2023-12-07,S002,P0018,102,106.969284
2023-12-07,S004,P0012,116,116.7995
2023-12-07,S004,P0001,131,119.76953
2023-12-07,S005,P0017,84,103.61107
2023-12-07,S005,P0016,96,117.83548
2023-12-07,S003,P0009,179,131.95065
2023-12-07,S005,P0005,120,109.51715
2023-12-07,S001,P0014,59,63.36671
2023-12-07,S003,P0020,175,115.46395
2023-12-07,S001,P0002,154,133.71371
2023-12-07,S004,P0007,160,169.02272
2023-12-07,S004,P0013,165,139.91838
2023-12-07,S002,P0006,161,153.75278
2023-12-07,S001,P0005,130,116.61844
2023-12-07,S002,P0007,112,133.81242
2023-12-07,S003,P0001,51,69.10105
2023-12-07,S004,P0014,54,57.81841
2023-12-08,S002,P0016,131,130.17221
2023-12-08,S003,P0004,73,100.4228
2023-12-08,S005,P0014,96,99.31962
2023-12-08,S002,P0004,74,100.03078
2023-12-08,S003,P0008,54,92.381355
2023-12-08,S001,P0011,51,69.66881
2023-12-08,S004,P0020,122,117.545425
2023-12-08,S004,P0017,88,111.80875
2023-12-08,S001,P0010,105,116.15376
2023-12-08,S004,P0004,133,107.57665
2023-12-08,S002,P0020,92,93.32034
2023-12-08,S002,P0010,122,138.82515
2023-12-08,S001,P0016,88,142.42741
2023-12-08,S004,P0016,138,122.308014
2023-12-08,S002,P0012,71,75.12157
2023-12-08,S002,P0003,117,101.93191
2023-12-08,S004,P0006,125,138.14012
2023-12-08,S002,P0019,142,130.66702
2023-12-08,S003,P0002,20,113.577255
2023-12-08,S003,P0012,78,76.907135
2023-12-08,S003,P0015,49,93.12298
2023-12-08,S003,P0003,66,90.89762
2023-12-08,S003,P0005,132,118.543816
2023-12-08,S002,P0011,139,130.79207
2023-12-08,S004,P0003,68,66.57856
2023-12-08,S001,P0003,92,100.48734
2023-12-08,S005,P0015,77,102.96468
2023-12-08,S004,P0009,161,152.02841
2023-12-08,S002,P0015,96,99.24481
2023-12-08,S003,P0018,70,66.30035
2023-12-08,S001,P0019,71,73.12681
2023-12-08,S002,P0017,69,93.257545
2023-12-08,S001,P0007,141,114.6875
2023-12-08,S004,P0015,51,57.397175
2023-12-08,S005,P0007,151,138.24232
2023-12-08,S001,P0017,123,121.5329
2023-12-08,S004,P0011,92,84.77084
2023-12-08,S003,P0011,120,128.81079
2023-12-08,S001,P0015,73,81.01272
2023-12-08,S005,P0001,163,157.76149
2023-12-08,S002,P0009,166,118.643486
2023-12-08,S004,P0018,91,85.10662
2023-12-08,S001,P0012,153,143.37418
2023-12-08,S001,P0008,103,92.697075
2023-12-08,S005,P0004,123,114.7037
2023-12-08,S003,P0017,110,97.18508
2023-12-08,S005,P0019,60,70.78248
2023-12-08,S003,P0016,156,158.8343
2023-12-08,S004,P0010,77,105.454155
2023-12-08,S003,P0006,116,115.51393
2023-12-08,S004,P0008,42,48.56489
2023-12-08,S004,P0007,128,114.56181
2023-12-08,S004,P0012,97,95.82025
2023-12-08,S003,P0009,183,132.78587
2023-12-08,S005,P0008,54,98.506805
2023-12-08,S002,P0001,116,133.80188
2023-12-08,S001,P0006,195,168.35994
2023-12-08,S005,P0013,122,118.15541
2023-12-08,S003,P0007,143,115.61284
2023-12-08,S004,P0002,93,90.60466
2023-12-08,S001,P0020,68,71.53301
2023-12-08,S005,P0009,175,167.46881
2023-12-08,S005,P0018,176,125.2246
2023-12-08,S003,P0014,79,91.89715
2023-12-08,S004,P0005,33,70.354256
2023-12-08,S005,P0011,117,103.3761
2023-12-08,S002,P0008,95,98.96939
2023-12-08,S001,P0018,86,103.52802
2023-12-08,S001,P0013,103,99.18506
2023-12-08,S002,P0014,106,97.09281
2023-12-08,S003,P0010,176,143.95706
2023-12-08,S002,P0005,86,94.27362
2023-12-08,S001,P0009,330,221.68205
2023-12-08,S004,P0019,90,86.34948
2023-12-08,S004,P0001,189,150.28806
2023-12-08,S005,P0003,104,104.2837
2023-12-08,S005,P0016,133,119.26837
2023-12-08,S003,P0019,106,103.381546
2023-12-08,S005,P0012,58,66.849236
2023-12-08,S001,P0002,129,125.722694
2023-12-08,S004,P0014,66,60.852074
2023-12-08,S005,P0020,116,115.54326
2023-12-08,S005,P0002,119,100.582436
2023-12-08,S005,P0005,178,147.50328
2023-12-08,S002,P0007,105,93.94052
2023-12-08,S002,P0013,61,73.795135
2023-12-08,S005,P0010,124,133.75784
2023-12-08,S001,P0005,125,114.2465
2023-12-08,S003,P0013,140,120.72084
2023-12-08,S005,P0006,121,134.54709
2023-12-08,S003,P0020,146,143.2291
2023-12-08,S002,P0002,80,80.230225
2023-12-08,S002,P0006,176,143.45926
2023-12-08,S001,P0004,99,100.64289
2023-12-08,S002,P0018,70,87.92976
2023-12-08,S001,P0014,140,125.16003
2023-12-08,S005,P0017,51,125.701904
2023-12-08,S001,P0001,147,125.00764
2023-12-08,S003,P0001,127,122.22701
2023-12-08,S004,P0013,85,82.14036
2023-12-09,S003,P0006,155,130.86858
2023-12-09,S001,P0007,113,100.86312
2023-12-09,S002,P0008,76,95.98714
2023-12-09,S004,P0013,127,119.09706
2023-12-09,S003,P0011,69,109.29442
2023-12-09,S002,P0007,53,91.94439
2023-12-09,S003,P0010,108,145.31226
2023-12-09,S003,P0012,85,76.39161
2023-12-09,S002,P0013,94,106.07339
2023-12-09,S003,P0016,53,74.440544
2023-12-09,S002,P0011,163,171.82156
2023-12-09,S002,P0015,106,110.8337
2023-12-09,S005,P0020,48,99.463554
2023-12-09,S001,P0003,162,129.60828
2023-12-09,S004,P0019,117,114.62182
2023-12-09,S001,P0011,82,90.85909
2023-12-09,S002,P0020,88,105.00135
2023-12-09,S003,P0017,35,49.866844
2023-12-09,S002,P0014,117,118.44653
2023-12-09,S004,P0020,106,113.03946
2023-12-09,S003,P0020,106,124.392
2023-12-09,S001,P0008,120,86.736824
2023-12-09,S005,P0002,88,85.35885
2023-12-09,S001,P0013,45,84.85121
2023-12-09,S001,P0005,79,84.406044
2023-12-09,S002,P0017,66,82.387276
2023-12-09,S004,P0014,137,140.20816
2023-12-09,S005,P0011,88,93.76557
2023-12-09,S005,P0018,108,111.16182
2023-12-09,S005,P0013,123,112.19333
2023-12-09,S005,P0008,96,97.70125
2023-12-09,S005,P0003,92,110.33704
2023-12-09,S003,P0019,67,72.96201
2023-12-09,S003,P0015,50,87.24796
2023-12-09,S001,P0009,125,117.79153
2023-12-09,S005,P0004,60,59.001656
2023-12-09,S005,P0001,6,58.18433
2023-12-09,S002,P0010,193,187.21252
2023-12-09,S001,P0006,116,132.70868
2023-12-09,S003,P0009,140,112.076996
2023-12-09,S003,P0014,137,128.95395
2023-12-09,S003,P0007,110,97.6932
2023-12-09,S001,P0014,123,117.40162
2023-12-09,S002,P0018,120,108.12656
2023-12-09,S003,P0001,95,88.78437
2023-12-09,S004,P0012,81,120.04716
2023-12-09,S004,P0018,88,90.316505
2023-12-09,S005,P0012,82,80.07716
2023-12-09,S002,P0012,109,114.08407
2023-12-09,S004,P0016,84,79.75708
2023-12-09,S001,P0010,61,84.32993
2023-12-09,S001,P0016,132,107.045105
2023-12-09,S004,P0005,104,108.482605
2023-12-09,S001,P0015,65,67.60843
2023-12-09,S003,P0002,102,93.29587
2023-12-09,S004,P0009,123,146.79408
2023-12-09,S004,P0003,93,104.01817
2023-12-09,S005,P0005,55,68.915924
2023-12-09,S004,P0006,96,145.46269
2023-12-09,S002,P0004,168,113.19378
2023-12-09,S004,P0004,160,141.20386
2023-12-09,S003,P0005,89,92.726776
2023-12-09,S005,P0017,36,86.646126
2023-12-09,S005,P0010,118,120.427704
2023-12-09,S002,P0005,75,101.275116
2023-12-09,S004,P0011,124,128.72614
2023-12-09,S001,P0001,99,90.49319
2023-12-09,S003,P0003,124,116.59608
2023-12-09,S005,P0009,158,144.76733
2023-12-09,S004,P0001,101,112.506
2023-12-09,S001,P0018,152,118.7561
2023-12-09,S005,P0016,59,79.021065
2023-12-09,S004,P0015,87,89.09069
2023-12-09,S004,P0008,63,70.28839
2023-12-09,S001,P0017,77,80.21901
2023-12-09,S001,P0019,59,63.183884
2023-12-09,S005,P0006,95,125.92917
2023-12-09,S004,P0010,250,164.75755
2023-12-09,S002,P0019,161,148.50174
2023-12-09,S005,P0007,74,99.428604
2023-12-09,S001,P0002,95,95.323425
2023-12-09,S003,P0013,93,103.71826
2023-12-09,S002,P0009,159,133.34526
2023-12-09,S003,P0018,56,57.768707
2023-12-09,S005,P0014,117,103.97948
2023-12-09,S001,P0004,78,81.04833
2023-12-09,S003,P0008,102,106.07555
2023-12-09,S004,P0017,145,121.81461
2023-12-09,S002,P0016,143,145.68459
2023-12-09,S005,P0019,44,56.24307
2023-12-09,S001,P0012,159,166.26576
2023-12-09,S005,P0015,67,84.22546
2023-12-09,S003,P0004,141,109.6154
2023-12-09,S002,P0001,113,119.51801
2023-12-09,S001,P0020,61,65.238884
2023-12-09,S004,P0007,198,138.82178
2023-12-09,S002,P0006,146,143.84442
2023-12-09,S002,P0002,106,102.52659
2023-12-09,S002,P0003,146,154.23901
2023-12-09,S004,P0002,82,105.41253
2023-12-10,S005,P0013,119,115.90091
2023-12-10,S002,P0010,188,183.18257
2023-12-10,S004,P0003,44,66.874756
2023-12-10,S003,P0018,104,93.71354
2023-12-10,S005,P0018,106,107.59471
2023-12-10,S001,P0012,169,177.50992
2023-12-10,S005,P0011,44,68.89057
2023-12-10,S003,P0020,60,95.287346
2023-12-10,S005,P0015,57,80.190956
2023-12-10,S003,P0002,125,100.89816
2023-12-10,S003,P0017,74,66.49385
2023-12-10,S003,P0006,110,108.12486
2023-12-10,S004,P0014,66,72.2848
2023-12-10,S004,P0016,71,68.54314
2023-12-10,S002,P0007,132,118.87452
2023-12-10,S001,P0016,68,89.736626
2023-12-10,S001,P0015,69,67.853355
2023-12-10,S002,P0009,92,99.33814
2023-12-10,S003,P0005,99,92.297356
2023-12-10,S005,P0005,51,64.8044
2023-12-10,S002,P0005,97,98.010765
2023-12-10,S001,P0011,79,80.491005
2023-12-10,S003,P0019,107,90.820015
2023-12-10,S004,P0011,75,73.355896
2023-12-10,S004,P0002,128,106.805824
2023-12-10,S004,P0010,139,141.17288
2023-12-10,S002,P0020,48,60.04355
2023-12-10,S003,P0001,105,101.853745
2023-12-10,S002,P0006,115,118.138535
2023-12-10,S003,P0016,97,94.9761
2023-12-10,S001,P0003,201,149.54185
2023-12-10,S001,P0002,143,121.524
2023-12-10,S004,P0017,77,86.81936
2023-12-10,S005,P0016,88,90.75167
2023-12-10,S001,P0010,107,103.43243
2023-12-10,S004,P0004,125,111.29193
2023-12-10,S002,P0008,106,111.47869
2023-12-10,S001,P0013,101,91.8384
2023-12-10,S002,P0011,124,129.17781
2023-12-10,S002,P0012,128,109.758224
2023-12-10,S005,P0007,124,128.70683
2023-12-10,S003,P0015,93,101.06305
2023-12-10,S001,P0014,196,169.42441
2023-12-10,S005,P0009,124,125.777374
2023-12-10,S001,P0001,127,114.5908
2023-12-10,S005,P0004,68,70.97639
2023-12-10,S001,P0017,133,94.786026
2023-12-10,S004,P0001,75,86.23359
2023-12-10,S002,P0003,154,165.4251
2023-12-10,S004,P0013,79,81.2314
2023-12-10,S004,P0012,88,109.86978
2023-12-10,S004,P0015,53,51.593555
2023-12-10,S001,P0006,110,107.38939
2023-12-10,S003,P0010,146,134.81906
2023-12-10,S005,P0002,101,92.871994
2023-12-10,S001,P0005,100,90.66752
2023-12-10,S004,P0007,139,150.677
2023-12-10,S005,P0017,57,92.84925
2023-12-10,S002,P0018,130,126.99619
2023-12-10,S003,P0009,165,127.905754
2023-12-10,S002,P0014,135,131.58046
2023-12-10,S001,P0008,74,79.58511
2023-12-10,S004,P0005,104,95.552155
2023-12-10,S001,P0009,220,165.45984
2023-12-10,S003,P0007,174,129.43246
2023-12-10,S005,P0006,88,93.687515
2023-12-10,S003,P0013,149,115.5338
2023-12-10,S002,P0013,68,89.90316
2023-12-10,S005,P0010,134,126.31008
2023-12-10,S002,P0002,96,100.31915
2023-12-10,S005,P0008,110,106.92225
2023-12-10,S004,P0019,121,101.23402
2023-12-10,S002,P0004,154,107.72194
2023-12-10,S002,P0017,113,91.288536
2023-12-10,S001,P0020,52,56.220966
2023-12-10,S001,P0004,93,91.2893
2023-12-10,S004,P0008,57,55.226505
2023-12-10,S004,P0018,91,89.85173
2023-12-10,S005,P0020,77,85.60697
2023-12-10,S003,P0014,142,139.32507
2023-12-10,S005,P0003,95,109.736755
2023-12-10,S005,P0014,101,96.19151
2023-12-10,S003,P0004,71,87.834854
2023-12-10,S005,P0001,206,168.39073
2023-12-10,S005,P0019,111,94.749916
2023-12-10,S003,P0003,134,118.02213
2023-12-10,S004,P0020,22,46.45641
2023-12-10,S005,P0012,82,86.285355
2023-12-10,S003,P0008,114,100.834206
2023-12-10,S003,P0012,73,79.38559
2023-12-10,S002,P0015,70,92.2154
2023-12-10,S004,P0009,137,130.70416
2023-12-10,S001,P0018,177,159.98001
2023-12-10,S001,P0007,82,118.65483
2023-12-10,S002,P0019,120,123.33741
2023-12-10,S004,P0006,145,113.371414
2023-12-10,S002,P0016,105,109.78096
2023-12-10,S003,P0011,67,83.99388
2023-12-10,S002,P0001,198,178.64291
2023-12-10,S001,P0019,108,75.28901
2023-12-11,S004,P0013,128,98.23348
2023-12-11,S003,P0017,61,71.46833
2023-12-11,S004,P0003,79,77.5833
2023-12-11,S004,P0014,82,81.15104
2023-12-11,S004,P0017,36,106.76799
2023-12-11,S003,P0018,78,67.4867
2023-12-11,S004,P0002,84,91.60725
2023-12-11,S005,P0011,112,112.092545
2023-12-11,S004,P0018,98,87.90369
2023-12-11,S003,P0016,112,97.68671
2023-12-11,S004,P0015,30,49.249714
2023-12-11,S004,P0004,69,129.66882
2023-12-11,S004,P0019,87,79.7682
2023-12-11,S003,P0015,78,94.8556
2023-12-11,S003,P0014,198,177.26578
2023-12-11,S004,P0020,107,105.574356
2023-12-11,S004,P0012,89,107.28824
2023-12-11,S005,P0009,68,79.32216
2023-12-11,S003,P0013,94,105.69701
2023-12-11,S005,P0012,140,119.2078
2023-12-11,S003,P0019,122,96.66379
2023-12-11,S004,P0005,150,104.60292
2023-12-11,S005,P0008,35,87.47035
2023-12-11,S004,P0016,70,66.44921
2023-12-11,S005,P0007,46,109.436386
2023-12-11,S003,P0004,157,140.14981
2023-12-11,S004,P0009,192,181.73615
2023-12-11,S003,P0011,146,143.63116
2023-12-11,S005,P0010,52,112.72235
2023-12-11,S004,P0006,63,84.57785
2023-12-11,S005,P0020,67,101.426346
2023-12-11,S004,P0011,113,105.64672
2023-12-11,S005,P0004,140,133.68039
2023-12-11,S004,P0001,80,67.29799
2023-12-11,S003,P0009,167,130.85582
2023-12-11,S004,P0007,89,136.64845
2023-12-11,S003,P0020,106,124.047485
2023-12-11,S003,P0012,54,56.381386
2023-12-11,S003,P0005,74,78.253136
2023-12-11,S005,P0005,58,74.41981
2023-12-11,S003,P0007,167,133.0117
2023-12-11,S004,P0008,48,56.66887
2023-12-11,S003,P0006,119,107.39605
2023-12-11,S005,P0006,85,84.58948
2023-12-11,S005,P0013,134,118.13804
2023-12-11,S004,P0010,59,111.204544
2023-12-11,S005,P0001,121,107.52313
2023-12-11,S005,P0002,77,81.95849
2023-12-11,S003,P0008,72,91.22658
2023-12-11,S005,P0003,85,90.132065
2023-12-11,S003,P0010,77,147.02771
2023-12-11,S001,P0007,79,116.34762
2023-12-11,S002,P0002,115,101.14946
2023-12-11,S001,P0001,67,83.31212
2023-12-11,S001,P0017,136,112.34992
2023-12-11,S005,P0015,50,81.65474
2023-12-11,S002,P0008,71,81.69947
2023-12-11,S001,P0009,84,104.42605
2023-12-11,S002,P0016,67,94.067375
2023-12-11,S001,P0020,105,91.30928
2023-12-11,S001,P0014,91,98.31778
2023-12-11,S002,P0018,103,95.041695
2023-12-11,S003,P0001,103,93.43655
2023-12-11,S005,P0017,69,108.605675
2023-12-11,S001,P0005,99,93.4328
2023-12-11,S005,P0016,78,78.75759
2023-12-11,S002,P0006,125,110.60069
2023-12-11,S001,P0006,88,91.68407
2023-12-11,S002,P0017,132,110.21154
2023-12-11,S002,P0007,131,119.957825
2023-12-11,S005,P0018,74,77.92006
2023-12-11,S001,P0013,100,90.64618
2023-12-11,S001,P0019,45,50.6916
2023-12-11,S002,P0012,142,103.67835
2023-12-11,S002,P0003,95,97.94663
2023-12-11,S003,P0003,126,106.96812
2023-12-11,S001,P0010,103,99.06687
2023-12-11,S002,P0013,144,111.6618
2023-12-11,S002,P0019,84,92.27798
2023-12-11,S005,P0014,119,115.9911
2023-12-11,S001,P0002,43,75.12181
2023-12-11,S001,P0015,86,77.7686
2023-12-11,S002,P0009,152,110.91925
2023-12-11,S005,P0019,94,97.796394
2023-12-11,S002,P0010,135,150.11661
2023-12-11,S003,P0002,96,96.993004
2023-12-11,S002,P0001,69,103.05528
2023-12-11,S002,P0015,62,78.50889
2023-12-11,S001,P0012,116,119.13587
2023-12-11,S001,P0018,55,92.64212
2023-12-11,S002,P0020,140,123.63623
2023-12-11,S002,P0014,80,99.26149
2023-12-11,S001,P0003,203,133.88365
2023-12-11,S002,P0005,63,82.86434
2023-12-11,S002,P0004,136,135.41599
2023-12-11,S001,P0011,92,95.55317
2023-12-11,S002,P0011,82,97.89065
2023-12-11,S001,P0008,105,86.936424
2023-12-11,S001,P0004,101,107.39521
2023-12-11,S001,P0016,89,101.59513
2023-12-12,S003,P0003,100,112.980255
2023-12-12,S005,P0019,86,105.79329
2023-12-12,S005,P0004,71,97.6143
2023-12-12,S005,P0018,82,100.424034
2023-12-12,S004,P0014,65,68.53447
2023-12-12,S005,P0001,125,137.15372
2023-12-12,S001,P0004,151,166.43196
2023-12-12,S001,P0014,73,103.659584
2023-12-12,S001,P0010,94,94.11837
2023-12-12,S004,P0018,26,55.449615
2023-12-12,S003,P0014,167,147.28963
2023-12-12,S005,P0002,158,142.08044
2023-12-12,S004,P0009,142,168.50327
2023-12-12,S004,P0012,138,128.40985
2023-12-12,S005,P0009,160,179.53183
2023-12-12,S001,P0006,151,168.2838
2023-12-12,S002,P0001,101,129.97229
2023-12-12,S002,P0010,140,128.33234
2023-12-12,S005,P0012,92,89.69938
2023-12-12,S002,P0013,61,83.34655
2023-12-12,S004,P0019,132,123.27328
2023-12-12,S001,P0003,181,154.57477
2023-12-12,S004,P0015,35,45.47792
2023-12-12,S004,P0016,86,73.73922
2023-12-12,S004,P0013,157,119.192085
2023-12-12,S005,P0015,99,106.4392
2023-12-12,S001,P0009,285,243.77628
2023-12-12,S001,P0016,132,123.88688
2023-12-12,S004,P0017,49,98.45031
2023-12-12,S001,P0012,89,108.98785
2023-12-12,S005,P0007,156,151.98143
2023-12-12,S004,P0011,93,87.40353
2023-12-12,S001,P0017,194,139.4415
2023-12-12,S005,P0005,187,156.31703
2023-12-12,S004,P0020,64,63.528652
2023-12-12,S001,P0013,65,97.40379
2023-12-12,S001,P0007,55,102.718445
2023-12-12,S004,P0010,96,103.88815
2023-12-12,S003,P0005,119,109.35885
2023-12-12,S001,P0001,161,138.46909
2023-12-12,S001,P0018,161,146.57661
2023-12-12,S005,P0006,193,194.43723
2023-12-12,S001,P0011,85,90.08603
2023-12-12,S001,P0008,165,130.08083
2023-12-12,S001,P0002,130,161.36377
2023-12-12,S001,P0005,198,166.9522
2023-12-12,S005,P0003,123,134.87335
2023-12-12,S001,P0015,95,93.79825
2023-12-12,S003,P0015,87,92.15907
2023-12-12,S005,P0008,237,172.63493
2023-12-12,S003,P0016,165,140.0971
2023-12-12,S002,P0016,98,89.51001
2023-12-12,S003,P0012,79,72.15311
2023-12-12,S003,P0020,109,95.181404
2023-12-12,S003,P0004,91,121.593445
2023-12-12,S002,P0002,65,103.4553
2023-12-12,S005,P0017,203,163.25052
2023-12-12,S001,P0020,65,69.32975
2023-12-12,S002,P0004,131,137.78874
2023-12-12,S002,P0003,104,125.28964
2023-12-12,S004,P0007,120,121.021904
2023-12-12,S003,P0011,97,102.846756
2023-12-12,S004,P0003,97,98.65645
2023-12-12,S004,P0006,100,112.198524
2023-12-12,S004,P0002,99,112.52882
2023-12-12,S002,P0005,86,111.48091
2023-12-12,S002,P0006,100,110.050835
2023-12-12,S004,P0005,136,127.84582
2023-12-12,S005,P0016,122,109.87455
2023-12-12,S004,P0001,146,137.03596
2023-12-12,S005,P0010,175,122.11027
2023-12-12,S004,P0008,117,97.354576
2023-12-12,S004,P0004,134,137.24858
2023-12-12,S003,P0001,147,117.4661
2023-12-12,S002,P0017,103,100.71983
2023-12-12,S002,P0012,96,81.28061
2023-12-12,S002,P0018,76,90.59655
2023-12-12,S002,P0011,108,113.97086
2023-12-12,S003,P0017,117,105.52808
2023-12-12,S001,P0019,100,99.08935
2023-12-12,S003,P0018,77,75.191696
2023-12-12,S002,P0009,244,159.6395
2023-12-12,S002,P0008,64,105.28141
2023-12-12,S003,P0010,129,103.18605
2023-12-12,S003,P0019,77,87.09688
2023-12-12,S002,P0007,59,84.82226
2023-12-12,S003,P0013,137,110.34641
2023-12-12,S002,P0014,93,94.92365
2023-12-12,S005,P0011,81,96.372734
2023-12-12,S002,P0015,116,94.34649
2023-12-12,S005,P0013,89,120.67622
2023-12-12,S003,P0006,136,132.77707
2023-12-12,S002,P0020,71,69.94889
2023-12-12,S003,P0007,121,100.23972
2023-12-12,S003,P0008,151,135.73137
2023-12-12,S005,P0014,102,121.75876
2023-12-12,S002,P0019,174,142.88182
2023-12-12,S005,P0020,62,94.91759
2023-12-12,S003,P0009,150,126.88713
2023-12-12,S003,P0002,242,172.81853
2023-12-13,S001,P0019,172,130.17464
2023-12-13,S001,P0016,145,126.56241
2023-12-13,S005,P0015,48,138.35944
2023-12-13,S004,P0014,87,83.65809
2023-12-13,S003,P0016,74,94.46163
2023-12-13,S002,P0012,98,95.76683
2023-12-13,S001,P0008,102,102.632416
2023-12-13,S005,P0008,103,116.86759
2023-12-13,S002,P0006,140,134.63657
2023-12-13,S004,P0008,98,86.84549
2023-12-13,S001,P0015,31,88.98811
2023-12-13,S005,P0017,155,117.50948
2023-12-13,S004,P0007,61,113.20057
2023-12-13,S004,P0010,118,125.57157
2023-12-13,S001,P0017,96,106.97037
2023-12-13,S001,P0020,124,107.81072
2023-12-13,S004,P0006,89,95.46452
2023-12-13,S004,P0011,122,110.75907
2023-12-13,S002,P0001,158,139.7125
2023-12-13,S005,P0010,68,105.026215
2023-12-13,S004,P0002,188,144.39111
2023-12-13,S002,P0011,141,148.19493
2023-12-13,S001,P0018,142,159.9251
2023-12-13,S001,P0009,281,239.00769
2023-12-13,S002,P0007,113,106.341484
2023-12-13,S002,P0010,167,171.96858
2023-12-13,S004,P0005,116,107.27222
2023-12-13,S003,P0005,63,91.61087
2023-12-13,S003,P0003,153,134.49112
2023-12-13,S003,P0002,210,166.78165
2023-12-13,S002,P0002,99,99.45209
2023-12-13,S003,P0001,57,62.534107
2023-12-13,S004,P0017,111,95.227615
2023-12-13,S005,P0016,118,117.629395
2023-12-13,S001,P0013,77,130.70119
2023-12-13,S004,P0001,125,109.44018
2023-12-13,S004,P0018,72,87.84203
2023-12-13,S003,P0020,199,136.36319
2023-12-13,S001,P0012,107,118.971794
2023-12-13,S003,P0019,153,168.99991
2023-12-13,S004,P0016,85,71.26337
2023-12-13,S001,P0011,75,78.54606
2023-12-13,S005,P0011,129,114.66318
2023-12-13,S002,P0008,159,129.63963
2023-12-13,S005,P0018,145,126.10783
2023-12-13,S001,P0010,92,87.26525
2023-12-13,S002,P0009,182,179.09868
2023-12-13,S003,P0018,80,98.95328
2023-12-13,S004,P0015,68,76.30377
2023-12-13,S003,P0004,170,127.36832
2023-12-13,S005,P0009,251,245.26772
2023-12-13,S004,P0004,64,111.84139
2023-12-13,S003,P0007,115,111.45557
2023-12-13,S005,P0005,112,115.56414
2023-12-13,S002,P0020,73,79.16993
2023-12-13,S003,P0006,123,125.13286
2023-12-13,S001,P0001,40,98.983315
2023-12-13,S005,P0006,175,143.92444
2023-12-13,S005,P0013,128,159.43314
2023-12-13,S005,P0002,65,86.31433
2023-12-13,S005,P0019,126,127.55515
2023-12-13,S002,P0014,86,85.73244
2023-12-13,S003,P0014,104,113.29581
2023-12-13,S001,P0007,168,133.05133
2023-12-13,S002,P0013,183,166.59671
2023-12-13,S003,P0013,117,160.15775
2023-12-13,S004,P0020,61,67.45812
2023-12-13,S005,P0012,95,91.49172
2023-12-13,S005,P0001,160,143.60435
2023-12-13,S004,P0009,178,186.30374
2023-12-13,S002,P0015,97,121.27212
2023-12-13,S001,P0006,113,125.44735
2023-12-13,S002,P0003,62,108.220024
2023-12-13,S005,P0020,96,101.168335
2023-12-13,S005,P0007,158,143.53937
2023-12-13,S005,P0003,118,116.47598
2023-12-13,S001,P0002,177,144.47803
2023-12-13,S003,P0008,85,102.3056
2023-12-13,S001,P0014,139,135.85551
2023-12-13,S002,P0004,114,119.831985
2023-12-13,S004,P0003,110,98.420044
2023-12-13,S004,P0013,194,159.08092
2023-12-13,S002,P0005,103,105.24119
2023-12-13,S003,P0015,90,142.72424
2023-12-13,S003,P0017,87,88.03274
2023-12-13,S004,P0019,78,110.550896
2023-12-13,S003,P0012,89,78.788864
2023-12-13,S002,P0016,84,98.63277
2023-12-13,S004,P0012,105,102.32394
2023-12-13,S001,P0005,69,105.10257
2023-12-13,S003,P0011,103,112.87878
2023-12-13,S002,P0019,205,183.2787
2023-12-13,S001,P0003,130,129.3705
2023-12-13,S005,P0004,149,127.9752
2023-12-13,S003,P0009,239,182.07596
2023-12-13,S005,P0014,94,91.982834
2023-12-13,S001,P0004,90,105.44657
2023-12-13,S003,P0010,144,123.71731
2023-12-13,S002,P0017,132,106.0426
2023-12-13,S002,P0018,148,142.57777
2023-12-14,S005,P0015,121,136.69246
2023-12-14,S001,P0009,102,121.81375
2023-12-14,S001,P0015,99,120.95633
2023-12-14,S005,P0007,46,103.14235
2023-12-14,S003,P0002,79,99.061
2023-12-14,S002,P0018,175,111.172066
2023-12-14,S003,P0010,79,115.48833
2023-12-14,S001,P0001,75,97.99996
2023-12-14,S003,P0011,138,133.73666
2023-12-14,S002,P0001,164,142.8329
2023-12-14,S005,P0011,92,98.218925
2023-12-14,S003,P0019,112,106.26503
2023-12-14,S001,P0012,94,106.32836
2023-12-14,S004,P0016,47,55.28861
2023-12-14,S002,P0013,73,101.77348
2023-12-14,S003,P0012,82,74.42406
2023-12-14,S004,P0006,95,105.55598
2023-12-14,S004,P0013,186,135.67307
2023-12-14,S004,P0014,92,95.789024
2023-12-14,S001,P0014,186,182.18304
2023-12-14,S005,P0006,131,123.98523
2023-12-14,S002,P0015,118,122.72744
2023-12-14,S004,P0003,106,96.09163
2023-12-14,S001,P0011,44,64.727905
2023-12-14,S005,P0009,124,132.95071
2023-12-14,S003,P0006,65,91.376976
2023-12-14,S005,P0005,129,131.8898
2023-12-14,S005,P0002,165,112.33945
2023-12-14,S005,P0012,56,71.04268
2023-12-14,S003,P0001,74,82.601204
2023-12-14,S003,P0017,88,83.62067
2023-12-14,S001,P0006,162,140.27885
2023-12-14,S002,P0005,184,160.92865
2023-12-14,S002,P0011,123,132.5097
2023-12-14,S005,P0013,175,155.78404
2023-12-14,S002,P0002,168,130.28188
2023-12-14,S002,P0009,193,139.21861
2023-12-14,S004,P0001,99,100.95888
2023-12-14,S003,P0020,118,100.4697
2023-12-14,S001,P0010,79,79.722534
2023-12-14,S003,P0003,146,135.61131
2023-12-14,S004,P0018,82,79.55334
2023-12-14,S002,P0008,215,166.32295
2023-12-14,S002,P0017,65,77.74052
2023-12-14,S003,P0018,58,69.497574
2023-12-14,S005,P0010,201,137.13452
2023-12-14,S004,P0012,97,95.51403
2023-12-14,S002,P0004,110,118.15568
2023-12-14,S004,P0017,173,141.50854
2023-12-14,S003,P0004,127,115.09607
2023-12-14,S002,P0016,86,101.292465
2023-12-14,S001,P0017,107,106.99418
2023-12-14,S003,P0008,166,149.9733
2023-12-14,S005,P0017,144,119.24906
2023-12-14,S005,P0014,142,146.40617
2023-12-14,S002,P0012,130,92.85527
2023-12-14,S003,P0015,73,125.1393
2023-12-14,S003,P0009,130,118.508385
2023-12-14,S005,P0016,159,128.2371
2023-12-14,S004,P0015,96,87.91111
2023-12-14,S001,P0008,86,116.559845
2023-12-14,S002,P0020,76,84.58173
2023-12-14,S002,P0010,149,158.35411
2023-12-14,S005,P0004,198,158.20995
2023-12-14,S001,P0016,171,144.2931
2023-12-14,S001,P0013,100,107.07188
2023-12-14,S005,P0003,36,74.41589
2023-12-14,S002,P0019,43,106.49057
2023-12-14,S001,P0003,133,138.656
2023-12-14,S004,P0019,131,110.6501
2023-12-14,S005,P0018,175,136.68358
2023-12-14,S004,P0005,96,120.462234
2023-12-14,S002,P0003,102,113.12145
2023-12-14,S001,P0004,85,99.330345
2023-12-14,S001,P0002,111,121.63312
2023-12-14,S004,P0008,111,104.01835
2023-12-14,S004,P0011,62,61.463615
2023-12-14,S002,P0014,129,129.447
2023-12-14,S003,P0014,124,130.9846
2023-12-14,S002,P0007,38,88.73988
2023-12-14,S001,P0019,63,71.15299
2023-12-14,S004,P0004,116,112.47875
2023-12-14,S003,P0013,102,116.00416
2023-12-14,S005,P0008,182,171.05362
2023-12-14,S001,P0007,68,108.87995
2023-12-14,S001,P0005,181,159.39803
2023-12-14,S004,P0020,47,59.957664
2023-12-14,S002,P0006,203,160.49385
2023-12-14,S005,P0019,63,77.21643
2023-12-14,S003,P0005,115,120.25746
2023-12-14,S004,P0010,106,113.82169
2023-12-14,S001,P0020,72,69.65162
2023-12-14,S005,P0001,72,101.182365
2023-12-14,S004,P0007,138,127.18902
2023-12-14,S003,P0016,86,96.02716
2023-12-14,S004,P0009,93,116.48852
2023-12-14,S003,P0007,109,100.06222
2023-12-14,S005,P0020,85,98.05013
2023-12-14,S004,P0002,143,123.34579
2023-12-14,S001,P0018,140,137.26819
2023-12-15,S001,P0019,84,67.787735
2023-12-15,S001,P0002,188,141.11688
2023-12-15,S001,P0011,42,57.425922
2023-12-15,S004,P0002,155,120.189156
2023-12-15,S004,P0014,41,49.732586
2023-12-15,S004,P0017,209,156.86761
2023-12-15,S003,P0003,50,88.40848
2023-12-15,S002,P0020,76,82.95173
2023-12-15,S004,P0003,145,118.825294
2023-12-15,S005,P0002,119,96.39672
2023-12-15,S003,P0016,123,108.45371
2023-12-15,S005,P0001,175,148.75359
2023-12-15,S003,P0018,45,70.9361
2023-12-15,S002,P0017,129,121.69604
2023-12-15,S002,P0011,135,131.66006
2023-12-15,S003,P0001,137,107.58734
2023-12-15,S004,P0015,50,54.776974
2023-12-15,S003,P0005,110,104.727936
2023-12-15,S004,P0009,74,100.27465
2023-12-15,S004,P0020,56,62.865376
2023-12-15,S002,P0015,83,93.15198
2023-12-15,S004,P0018,51,74.89072
2023-12-15,S001,P0010,111,88.491974
2023-12-15,S004,P0008,50,63.17819
2023-12-15,S004,P0007,15,110.6682
2023-12-15,S003,P0012,113,95.73144
2023-12-15,S003,P0017,91,80.70126
2023-12-15,S001,P0017,111,113.756096
2023-12-15,S002,P0016,182,144.53087
2023-12-15,S003,P0014,97,96.147995
2023-12-15,S002,P0009,130,132.85698
2023-12-15,S004,P0012,108,112.53501
2023-12-15,S004,P0004,88,97.400635
2023-12-15,S003,P0019,54,71.672325
2023-12-15,S003,P0007,164,129.85963
2023-12-15,S002,P0002,147,118.46704
2023-12-15,S001,P0012,124,134.70193
2023-12-15,S002,P0007,105,133.43689
2023-12-15,S001,P0014,100,96.62707
2023-12-15,S004,P0011,108,92.6409
2023-12-15,S002,P0008,211,165.94058
2023-12-15,S003,P0020,172,107.72005
2023-12-15,S001,P0001,69,100.797035
2023-12-15,S002,P0014,97,96.21865
2023-12-15,S003,P0011,104,103.016884
2023-12-15,S003,P0004,143,110.46634
2023-12-15,S005,P0015,93,90.52116
2023-12-15,S005,P0009,111,104.16024
2023-12-15,S003,P0015,49,85.300735
2023-12-15,S005,P0010,75,88.161804
2023-12-15,S003,P0009,97,88.213646
2023-12-15,S005,P0005,93,104.43705
2023-12-15,S004,P0013,117,103.42746
2023-12-15,S005,P0019,112,99.61876
2023-12-15,S002,P0001,182,185.89671
2023-12-15,S004,P0005,179,142.53098
2023-12-15,S001,P0009,214,166.27979
2023-12-15,S004,P0010,129,109.76246
2023-12-15,S001,P0015,49,59.86855
2023-12-15,S001,P0020,64,57.417587
2023-12-15,S004,P0019,120,103.343155
2023-12-15,S001,P0006,157,141.99434
2023-12-15,S002,P0003,91,110.22871
2023-12-15,S005,P0012,77,85.45627
2023-12-15,S001,P0003,71,90.09286
2023-12-15,S001,P0016,49,84.696396
2023-12-15,S002,P0006,255,205.67426
2023-12-15,S004,P0006,50,113.59882
2023-12-15,S005,P0017,55,114.263336
2023-12-15,S003,P0013,105,106.33774
2023-12-15,S002,P0018,213,143.47794
2023-12-15,S001,P0018,128,131.06815
2023-12-15,S002,P0012,110,113.876755
2023-12-15,S005,P0007,73,114.47255
2023-12-15,S003,P0010,51,105.788414
2023-12-15,S001,P0005,136,121.02521
2023-12-15,S002,P0013,173,133.6754
2023-12-15,S005,P0013,104,113.58073
2023-12-15,S005,P0020,116,91.75723
2023-12-15,S001,P0007,100,115.69399
2023-12-15,S005,P0016,25,72.006584
2023-12-15,S002,P0005,147,155.05943
2023-12-15,S002,P0019,129,130.41876
2023-12-15,S005,P0006,48,116.76254
2023-12-15,S003,P0008,192,171.43463
2023-12-15,S001,P0008,152,103.600975
2023-12-15,S005,P0014,52,59.32988
2023-12-15,S002,P0010,94,120.227684
2023-12-15,S004,P0016,62,59.18964
2023-12-15,S005,P0018,171,140.25398
2023-12-15,S005,P0011,132,105.15195
2023-12-15,S005,P0004,105,100.99201
2023-12-15,S001,P0013,122,98.83853
2023-12-15,S005,P0003,119,96.36466
2023-12-15,S003,P0006,97,113.73721
2023-12-15,S005,P0008,37,118.9963
2023-12-15,S004,P0001,203,154.55977
2023-12-15,S003,P0002,118,102.10458
2023-12-15,S002,P0004,116,120.47789
2023-12-15,S001,P0004,104,94.236
2023-12-16,S002,P0004,141,135.85657
2023-12-16,S005,P0011,130,128.03535
2023-12-16,S002,P0014,113,117.24103
2023-12-16,S002,P0012,104,82.29281
2023-12-16,S003,P0007,20,87.12212
2023-12-16,S001,P0002,66,91.23415
2023-12-16,S002,P0009,88,97.45115
2023-12-16,S005,P0004,122,108.02099
2023-12-16,S005,P0001,87,102.745995
2023-12-16,S004,P0005,76,121.70566
2023-12-16,S004,P0009,77,112.96357
2023-12-16,S005,P0007,111,133.10722
2023-12-16,S004,P0018,104,94.416794
2023-12-16,S004,P0006,129,125.506454
2023-12-16,S001,P0011,66,83.05417
2023-12-16,S002,P0018,102,105.12254
2023-12-16,S003,P0020,144,99.02578
2023-12-16,S003,P0002,138,118.76351
2023-12-16,S004,P0001,137,124.95148
2023-12-16,S003,P0018,18,50.932632
2023-12-16,S005,P0008,159,117.604385
2023-12-16,S005,P0014,36,64.64736
2023-12-16,S005,P0002,177,102.51729
2023-12-16,S003,P0016,105,97.5621
2023-12-16,S001,P0005,103,126.25834
2023-12-16,S004,P0002,194,163.27904
2023-12-16,S005,P0015,137,126.28079
2023-12-16,S002,P0003,145,138.49098
2023-12-16,S002,P0015,149,126.25531
2023-12-16,S001,P0012,112,114.68319
2023-12-16,S001,P0017,130,127.724976
2023-12-16,S004,P0007,220,178.21826
2023-12-16,S001,P0006,85,105.232
2023-12-16,S002,P0020,34,46.10537
2023-12-16,S005,P0017,114,135.73369
2023-12-16,S001,P0018,34,97.50273
2023-12-16,S003,P0019,94,85.4267
2023-12-16,S004,P0011,101,112.575096
2023-12-16,S004,P0020,86,81.34421
2023-12-16,S001,P0020,123,106.58472
2023-12-16,S001,P0007,193,141.04749
2023-12-16,S002,P0006,36,79.591995
2023-12-16,S005,P0012,53,63.278965
2023-12-16,S005,P0020,149,107.56488
2023-12-16,S004,P0010,159,131.0042
2023-12-16,S005,P0019,95,90.92046
2023-12-16,S005,P0018,121,111.18363
2023-12-16,S004,P0016,96,81.412445
2023-12-16,S003,P0008,64,96.27991
2023-12-16,S004,P0004,175,160.98563
2023-12-16,S005,P0013,35,84.06753
2023-12-16,S003,P0012,77,66.218094
2023-12-16,S004,P0017,68,131.18416
2023-12-16,S004,P0008,51,64.220345
2023-12-16,S005,P0016,154,114.964096
2023-12-16,S002,P0007,105,115.556984
2023-12-16,S001,P0019,41,52.539513
2023-12-16,S001,P0016,86,107.90393
2023-12-16,S001,P0003,187,149.97716
2023-12-16,S001,P0013,65,88.039474
2023-12-16,S002,P0010,53,88.70393
2023-12-16,S004,P0014,177,164.19086
2023-12-16,S005,P0003,135,119.99752
2023-12-16,S002,P0005,82,107.17399
2023-12-16,S001,P0004,109,115.4706
2023-12-16,S001,P0008,99,95.51368
2023-12-16,S004,P0003,115,126.92511
2023-12-16,S004,P0015,119,104.55654
2023-12-16,S003,P0011,66,107.897156
2023-12-16,S002,P0016,82,87.32253
2023-12-16,S002,P0019,79,91.56295
2023-12-16,S004,P0019,138,121.83975
2023-12-16,S003,P0015,189,167.71136
2023-12-16,S003,P0006,87,84.751595
2023-12-16,S003,P0014,153,153.41568
2023-12-16,S003,P0001,108,86.8872
2023-12-16,S001,P0010,42,60.879017
2023-12-16,S003,P0009,69,73.390205
2023-12-16,S002,P0002,108,102.129395
2023-12-16,S002,P0017,54,77.418755
2023-12-16,S003,P0013,152,113.65299
2023-12-16,S001,P0001,70,89.982445
2023-12-16,S001,P0009,177,149.95908
2023-12-16,S003,P0017,68,77.70689
2023-12-16,S005,P0009,83,96.40002
2023-12-16,S003,P0010,52,105.77356
2023-12-16,S004,P0012,64,93.554955
2023-12-16,S005,P0010,56,93.78776
2023-12-16,S005,P0006,122,116.97073
2023-12-16,S002,P0008,104,107.20098
2023-12-16,S001,P0014,140,152.21768
2023-12-16,S001,P0015,135,125.30518
2023-12-16,S002,P0013,123,106.439766
2023-12-16,S003,P0003,161,147.152
2023-12-16,S005,P0005,148,134.60172
2023-12-16,S003,P0005,52,86.04246
2023-12-16,S004,P0013,4,44.4289
2023-12-16,S002,P0011,159,164.34198
2023-12-16,S002,P0001,83,100.30768
2023-12-16,S003,P0004,107,124.15799
2023-12-17,S003,P0017,74,70.62478
2023-12-17,S004,P0018,118,109.75882
2023-12-17,S002,P0013,92,115.89021
2023-12-17,S001,P0018,94,125.06873
2023-12-17,S004,P0019,153,147.62192
2023-12-17,S005,P0016,111,100.48784
2023-12-17,S005,P0003,142,109.5416
2023-12-17,S001,P0003,114,103.35727
2023-12-17,S002,P0014,86,84.4156
2023-12-17,S003,P0009,172,137.43303
2023-12-17,S005,P0010,131,132.87746
2023-12-17,S003,P0019,127,128.12881
2023-12-17,S002,P0008,105,120.05021
2023-12-17,S004,P0012,144,145.4359
2023-12-17,S004,P0008,121,107.942474
2023-12-17,S002,P0020,51,63.04124
2023-12-17,S002,P0017,101,89.01237
2023-12-17,S003,P0007,106,104.693756
2023-12-17,S002,P0002,122,101.82111
2023-12-17,S003,P0014,108,114.74829
2023-12-17,S004,P0017,100,95.42325
2023-12-17,S003,P0012,122,94.450005
2023-12-17,S003,P0016,99,95.67521
2023-12-17,S004,P0016,73,69.81152
2023-12-17,S001,P0016,135,113.82965
2023-12-17,S002,P0005,84,103.35235
2023-12-17,S001,P0001,36,78.1858
2023-12-17,S003,P0002,154,135.96991
2023-12-17,S004,P0005,206,169.37256
2023-12-17,S005,P0017,100,108.27069
2023-12-17,S002,P0012,122,103.8984
2023-12-17,S003,P0008,104,142.84863
2023-12-17,S001,P0006,102,138.02051
2023-12-17,S002,P0019,119,125.644165
2023-12-17,S003,P0015,184,177.4204
2023-12-17,S001,P0004,85,91.4269
2023-12-17,S001,P0008,106,112.73312
2023-12-17,S001,P0005,158,147.98883
2023-12-17,S002,P0010,150,149.07292
2023-12-17,S003,P0001,53,75.25402
2023-12-17,S005,P0014,71,72.05241
2023-12-17,S001,P0007,174,122.006454
2023-12-17,S002,P0009,127,130.85985
2023-12-17,S001,P0013,146,132.31735
2023-12-17,S003,P0006,138,134.96286
2023-12-17,S001,P0012,170,181.08867
2023-12-17,S002,P0003,66,86.42347
2023-12-17,S004,P0015,66,74.471725
2023-12-17,S004,P0013,176,148.60109
2023-12-17,S003,P0018,67,77.62769
2023-12-17,S001,P0017,114,101.923294
2023-12-17,S004,P0003,76,81.638885
2023-12-17,S001,P0002,107,115.01456
2023-12-17,S005,P0004,34,69.086174
2023-12-17,S001,P0020,75,71.216415
2023-12-17,S004,P0001,53,77.9926
2023-12-17,S004,P0004,133,118.44428
2023-12-17,S005,P0013,208,192.96477
2023-12-17,S004,P0020,44,61.647728
2023-12-17,S004,P0009,121,129.6741
2023-12-17,S005,P0007,126,125.59539
2023-12-17,S002,P0015,127,107.43446
2023-12-17,S002,P0007,100,94.13452
2023-12-17,S004,P0010,162,155.63297
2023-12-17,S005,P0009,179,186.80894
2023-12-17,S002,P0011,79,81.90474
2023-12-17,S001,P0015,71,88.946526
2023-12-17,S005,P0006,151,146.5333
2023-12-17,S005,P0019,135,133.72818
2023-12-17,S003,P0013,152,154.35718
2023-12-17,S005,P0012,121,117.00874
2023-12-17,S002,P0004,146,96.93334
2023-12-17,S003,P0003,118,113.53749
2023-12-17,S004,P0006,61,101.256836
2023-12-17,S002,P0018,74,99.89403
2023-12-17,S001,P0009,92,134.12743
2023-12-17,S004,P0007,110,121.99888
2023-12-17,S002,P0016,102,91.291626
2023-12-17,S004,P0002,143,128.96666
2023-12-17,S004,P0011,175,126.23359
2023-12-17,S005,P0020,93,91.45983
2023-12-17,S003,P0005,123,114.719826
2023-12-17,S005,P0015,87,131.16512
2023-12-17,S001,P0014,104,107.45866
2023-12-17,S003,P0004,122,117.47187
2023-12-17,S004,P0014,43,54.01449
2023-12-17,S005,P0002,140,108.262764
2023-12-17,S005,P0005,116,125.14962
2023-12-17,S001,P0010,105,102.90612
2023-12-17,S003,P0011,144,134.7587
2023-12-17,S001,P0011,93,94.06082
2023-12-17,S005,P0001,59,82.28372
2023-12-17,S005,P0008,122,139.80923
2023-12-17,S005,P0018,47,86.27084
2023-12-17,S002,P0001,53,95.92945
2023-12-17,S003,P0010,106,131.35776
2023-12-17,S001,P0019,64,73.394196
2023-12-17,S002,P0006,148,130.00102
2023-12-17,S005,P0011,41,74.70564
2023-12-17,S003,P0020,142,109.09782
2023-12-18,S001,P0018,76,103.27158
2023-12-18,S004,P0001,110,92.91013
2023-12-18,S005,P0013,134,123.73866
2023-12-18,S004,P0003,72,85.1009
2023-12-18,S002,P0016,101,125.656494
2023-12-18,S004,P0005,111,106.64274
2023-12-18,S004,P0020,97,91.921135
2023-12-18,S004,P0004,130,108.83742
2023-12-18,S003,P0003,144,144.50137
2023-12-18,S005,P0004,109,94.993805
2023-12-18,S002,P0020,129,123.74594
2023-12-18,S004,P0006,105,114.07966
2023-12-18,S004,P0010,167,150.00876
2023-12-18,S001,P0013,83,95.269066
2023-12-18,S002,P0018,78,113.55303
2023-12-18,S004,P0013,131,110.35408
2023-12-18,S005,P0003,151,133.89977
2023-12-18,S003,P0002,184,155.57759
2023-12-18,S005,P0008,180,121.28899
2023-12-18,S003,P0009,152,140.576
2023-12-18,S003,P0015,124,140.94829
2023-12-18,S001,P0002,170,145.54309
2023-12-18,S001,P0019,95,87.48174
2023-12-18,S003,P0014,99,108.1714
2023-12-18,S002,P0007,173,120.767784
2023-12-18,S002,P0006,214,199.43274
2023-12-18,S004,P0017,75,96.310196
2023-12-18,S003,P0013,106,126.297966
2023-12-18,S005,P0016,115,123.81929
2023-12-18,S001,P0009,136,145.19781
2023-12-18,S005,P0007,172,152.05739
2023-12-18,S002,P0011,205,181.44438
2023-12-18,S002,P0004,92,121.76369
2023-12-18,S005,P0011,101,96.501045
2023-12-18,S003,P0012,55,64.681046
2023-12-18,S002,P0013,207,140.33258
2023-12-18,S001,P0004,155,134.48062
2023-12-18,S001,P0007,115,111.672386
2023-12-18,S003,P0007,141,117.8428
2023-12-18,S005,P0012,86,83.29124
2023-12-18,S001,P0005,138,120.23339
2023-12-18,S003,P0001,68,71.3658
2023-12-18,S002,P0001,138,136.45357
2023-12-18,S005,P0002,130,101.009544
2023-12-18,S001,P0015,114,106.47625
2023-12-18,S004,P0019,114,120.504486
2023-12-18,S004,P0009,112,126.82352
2023-12-18,S002,P0010,143,169.33942
2023-12-18,S001,P0012,170,149.77853
2023-12-18,S005,P0020,157,133.98656
2023-12-18,S002,P0002,139,119.344124
2023-12-18,S003,P0020,295,178.97969
2023-12-18,S002,P0009,194,173.24675
2023-12-18,S005,P0005,98,99.8685
2023-12-18,S002,P0019,153,148.65419
2023-12-18,S001,P0001,109,98.00871
2023-12-18,S004,P0015,85,83.103004
2023-12-18,S004,P0012,96,97.1007
2023-12-18,S005,P0019,85,101.04903
2023-12-18,S002,P0008,119,126.99936
2023-12-18,S004,P0008,93,81.488686
2023-12-18,S003,P0004,114,125.57591
2023-12-18,S003,P0019,19,97.02706
2023-12-18,S004,P0014,49,55.70017
2023-12-18,S005,P0017,78,104.49023
2023-12-18,S001,P0008,47,83.45403
2023-12-18,S003,P0006,94,128.34492
2023-12-18,S001,P0020,67,71.37332
2023-12-18,S003,P0011,121,119.22058
2023-12-18,S003,P0010,100,164.86534
2023-12-18,S005,P0014,56,63.3416
2023-12-18,S005,P0009,262,240.02681
2023-12-18,S005,P0006,123,136.8689
2023-12-18,S003,P0017,82,83.64838
2023-12-18,S002,P0012,106,91.85193
2023-12-18,S005,P0018,77,85.58017
2023-12-18,S001,P0006,130,147.06032
2023-12-18,S005,P0001,94,111.61681
2023-12-18,S005,P0010,104,130.77939
2023-12-18,S002,P0005,137,129.55646
2023-12-18,S003,P0016,221,216.50223
2023-12-18,S004,P0018,86,78.33479
2023-12-18,S002,P0003,154,154.95059
2023-12-18,S004,P0011,82,82.20634
2023-12-18,S002,P0014,102,106.28488
2023-12-18,S002,P0015,162,122.78238
2023-12-18,S003,P0005,68,87.69398
2023-12-18,S003,P0018,114,106.28182
2023-12-18,S001,P0003,176,158.28983
2023-12-18,S004,P0002,44,67.38411
2023-12-18,S004,P0007,154,112.151375
2023-12-18,S001,P0010,68,80.67898
2023-12-18,S001,P0014,115,119.50644
2023-12-18,S004,P0016,76,77.25808
2023-12-18,S003,P0008,106,124.85176
2023-12-18,S001,P0011,85,86.53087
2023-12-18,S005,P0015,100,102.22903
2023-12-18,S001,P0016,129,132.53609
2023-12-18,S002,P0017,93,94.527115
2023-12-18,S001,P0017,65,85.24028
2023-12-19,S001,P0018,134,152.16736
2023-12-19,S002,P0017,56,71.59955
2023-12-19,S003,P0008,135,127.96318
2023-12-19,S005,P0019,86,89.78476
2023-12-19,S005,P0012,94,104.89382
2023-12-19,S005,P0006,97,108.63407
2023-12-19,S004,P0020,65,78.22104
2023-12-19,S001,P0012,239,221.83627
2023-12-19,S002,P0018,102,126.56598
2023-12-19,S001,P0002,133,140.82245
2023-12-19,S005,P0004,134,143.3637
2023-12-19,S004,P0008,112,99.78734
2023-12-19,S002,P0011,130,156.2709
2023-12-19,S002,P0013,125,112.79595
2023-12-19,S003,P0003,119,118.948494
2023-12-19,S005,P0020,91,105.106224
2023-12-19,S004,P0018,26,78.223854
2023-12-19,S004,P0006,128,123.48603
2023-12-19,S003,P0015,92,101.70197
2023-12-19,S004,P0001,144,135.787
2023-12-19,S004,P0015,100,90.411804
2023-12-19,S003,P0013,116,111.07872
2023-12-19,S005,P0013,199,166.8134
2023-12-19,S001,P0011,92,105.245026
2023-12-19,S001,P0004,110,117.94239
2023-12-19,S002,P0009,83,97.64274
2023-12-19,S004,P0016,58,63.381638
2023-12-19,S002,P0015,78,95.91136
2023-12-19,S004,P0012,137,153.79918
2023-12-19,S001,P0017,122,108.28168
2023-12-19,S005,P0015,178,128.34053
2023-12-19,S004,P0004,102,115.79209
2023-12-19,S001,P0006,84,108.57573
2023-12-19,S005,P0018,82,110.145775
2023-12-19,S002,P0002,115,110.737595
2023-12-19,S003,P0020,119,107.93893
2023-12-19,S003,P0018,120,102.19951
2023-12-19,S003,P0017,59,62.692486
2023-12-19,S005,P0017,138,129.07326
2023-12-19,S001,P0003,129,138.98752
2023-12-19,S002,P0005,101,121.674835
2023-12-19,S005,P0010,179,128.80675
2023-12-19,S003,P0010,38,101.12144
2023-12-19,S003,P0016,65,85.32351
2023-12-19,S005,P0014,68,69.0489
2023-12-19,S005,P0001,58,94.72793
2023-12-19,S002,P0014,133,122.94967
2023-12-19,S001,P0008,89,101.40155
2023-12-19,S001,P0020,96,91.59808
2023-12-19,S005,P0003,72,122.21145
2023-12-19,S003,P0011,124,127.88719
2023-12-19,S002,P0008,73,87.35429
2023-12-19,S003,P0014,168,145.50781
2023-12-19,S002,P0010,162,150.21043
2023-12-19,S003,P0004,148,111.754906
2023-12-19,S002,P0007,75,114.27592
2023-12-19,S003,P0005,110,104.66766
2023-12-19,S004,P0019,90,100.400505
2023-12-19,S004,P0017,134,116.04235
2023-12-19,S002,P0004,54,105.52774
2023-12-19,S002,P0020,47,62.981792
2023-12-19,S002,P0001,67,103.822914
2023-12-19,S001,P0001,118,104.61222
2023-12-19,S002,P0003,116,129.18874
2023-12-19,S004,P0011,133,133.86484
2023-12-19,S003,P0006,55,65.280205
2023-12-19,S001,P0010,85,87.396996
2023-12-19,S002,P0016,118,99.140915
2023-12-19,S001,P0014,148,144.00732
2023-12-19,S004,P0005,167,162.09494
2023-12-19,S005,P0011,166,141.39993
2023-12-19,S005,P0002,92,122.76796
2023-12-19,S001,P0019,108,91.14528
2023-12-19,S004,P0002,195,168.03227
2023-12-19,S004,P0013,77,96.82894
2023-12-19,S002,P0012,119,113.11333
2023-12-19,S004,P0007,124,160.61964
2023-12-19,S001,P0007,250,167.0442
2023-12-19,S001,P0013,143,118.328926
2023-12-19,S005,P0009,151,167.307
2023-12-19,S002,P0019,81,93.93649
2023-12-19,S004,P0010,82,121.50996
2023-12-19,S001,P0009,214,179.69643
2023-12-19,S005,P0007,144,158.25665
2023-12-19,S004,P0009,113,116.84081
2023-12-19,S003,P0019,93,89.54492
2023-12-19,S003,P0009,106,91.09695
2023-12-19,S003,P0007,53,100.649765
2023-12-19,S003,P0012,79,75.247635
2023-12-19,S004,P0003,142,140.00156
2023-12-19,S005,P0008,139,127.45942
2023-12-19,S005,P0016,185,128.91193
2023-12-19,S003,P0002,107,100.42004
2023-12-19,S001,P0015,150,124.58096
2023-12-19,S002,P0006,121,128.04858
2023-12-19,S005,P0005,109,129.29839
2023-12-19,S001,P0005,159,161.06964
2023-12-19,S001,P0016,110,118.66387
2023-12-19,S003,P0001,112,97.17684
2023-12-19,S004,P0014,53,58.21507
2023-12-20,S003,P0013,15,164.74614
2023-12-20,S003,P0012,49,57.458603
2023-12-20,S005,P0015,44,82.4181
2023-12-20,S003,P0020,95,119.48149
2023-12-20,S004,P0007,70,100.11354
2023-12-20,S004,P0014,71,69.32327
2023-12-20,S004,P0012,80,91.59068
2023-12-20,S005,P0002,155,117.83727
2023-12-20,S003,P0010,224,149.94695
2023-12-20,S001,P0010,110,114.23704
2023-12-20,S002,P0017,129,110.207855
2023-12-20,S005,P0012,69,64.2238
2023-12-20,S001,P0008,141,104.24659
2023-12-20,S005,P0016,97,97.310326
2023-12-20,S004,P0020,88,84.77691
2023-12-20,S002,P0006,107,107.05263
2023-12-20,S003,P0017,130,137.90518
2023-12-20,S003,P0007,71,101.50454
2023-12-20,S003,P0002,167,164.40143
2023-12-20,S005,P0019,41,49.956387
2023-12-20,S004,P0011,77,76.495384
2023-12-20,S001,P0001,104,91.52352
2023-12-20,S003,P0015,138,137.85242
2023-12-20,S005,P0011,81,84.508286
2023-12-20,S005,P0008,119,131.30807
2023-12-20,S003,P0014,171,156.5554
2023-12-20,S001,P0017,137,117.81372
2023-12-20,S001,P0009,174,138.2071
2023-12-20,S002,P0008,68,102.37478
2023-12-20,S005,P0009,96,102.11287
2023-12-20,S001,P0002,206,174.51653
2023-12-20,S005,P0003,45,76.60683
2023-12-20,S001,P0015,35,51.039066
2023-12-20,S003,P0009,113,109.77665
2023-12-20,S005,P0013,134,144.29271
2023-12-20,S002,P0002,130,126.218025
2023-12-20,S002,P0001,140,121.54475
2023-12-20,S003,P0003,108,112.08625
2023-12-20,S004,P0015,89,82.12933
2023-12-20,S004,P0001,99,89.964966
2023-12-20,S001,P0004,64,73.33778
2023-12-20,S005,P0006,70,89.29324
2023-12-20,S003,P0018,117,113.59913
2023-12-20,S005,P0010,113,117.87615
2023-12-20,S004,P0010,120,135.51328
2023-12-20,S004,P0003,92,84.30446
2023-12-20,S003,P0005,55,81.59056
2023-12-20,S004,P0017,92,114.62787
2023-12-20,S004,P0018,69,67.258606
2023-12-20,S004,P0004,89,101.25344
2023-12-20,S001,P0005,80,82.83653
2023-12-20,S002,P0014,99,89.12017
2023-12-20,S002,P0003,118,107.39889
2023-12-20,S001,P0020,79,69.01411
2023-12-20,S005,P0014,84,78.649574
2023-12-20,S001,P0018,92,98.13515
2023-12-20,S001,P0006,78,91.125984
2023-12-20,S002,P0016,95,89.49263
2023-12-20,S002,P0018,152,113.09186
2023-12-20,S004,P0008,105,98.9446
2023-12-20,S001,P0019,62,55.741467
2023-12-20,S001,P0014,133,125.38528
2023-12-20,S003,P0001,117,109.85157
2023-12-20,S002,P0007,57,82.90162
2023-12-20,S003,P0019,65,98.44853
2023-12-20,S003,P0004,87,108.45994
2023-12-20,S004,P0013,148,132.5783
2023-12-20,S002,P0013,150,146.77904
2023-12-20,S001,P0012,98,98.746
2023-12-20,S002,P0015,64,79.42592
2023-12-20,S002,P0009,124,104.8779
2023-12-20,S004,P0006,141,110.92127
2023-12-20,S001,P0011,71,73.7233
2023-12-20,S002,P0012,108,82.285645
2023-12-20,S005,P0007,151,128.70331
2023-12-20,S004,P0016,33,48.78378
2023-12-20,S001,P0013,128,117.20551
2023-12-20,S004,P0005,105,102.01618
2023-12-20,S003,P0016,54,96.35361
2023-12-20,S005,P0005,124,104.334
2023-12-20,S005,P0001,95,95.978836
2023-12-20,S004,P0002,238,177.79745
2023-12-20,S002,P0004,93,98.81299
2023-12-20,S003,P0006,132,114.82387
2023-12-20,S005,P0018,150,115.71572
2023-12-20,S005,P0004,166,131.30809
2023-12-20,S002,P0011,119,122.25794
2023-12-20,S004,P0009,88,88.45089
2023-12-20,S002,P0020,87,80.400055
2023-12-20,S005,P0017,122,123.61527
2023-12-20,S003,P0011,141,133.55617
2023-12-20,S001,P0003,179,128.52641
2023-12-20,S002,P0010,178,169.4057
2023-12-20,S002,P0005,122,108.965126
2023-12-20,S003,P0008,224,215.44926
2023-12-20,S002,P0019,43,79.40252
2023-12-20,S001,P0016,68,79.96078
2023-12-20,S005,P0020,117,97.24157
2023-12-20,S004,P0019,105,99.18253
2023-12-20,S001,P0007,65,95.23362
2023-12-21,S002,P0007,63,89.308784
2023-12-21,S005,P0002,143,151.05678
2023-12-21,S001,P0014,175,178.41887
2023-12-21,S002,P0009,174,158.8774
2023-12-21,S001,P0011,74,84.106026
2023-12-21,S004,P0006,71,118.7724
2023-12-21,S004,P0010,209,138.18788
2023-12-21,S005,P0013,129,132.17383
2023-12-21,S003,P0004,150,126.4096
2023-12-21,S001,P0019,108,101.483696
2023-12-21,S002,P0003,147,137.36572
2023-12-21,S005,P0006,222,191.33638
2023-12-21,S001,P0017,84,96.283966
2023-12-21,S005,P0009,148,176.13063
2023-12-21,S001,P0005,100,113.43347
2023-12-21,S005,P0004,148,143.77959
2023-12-21,S004,P0005,129,129.87347
2023-12-21,S005,P0007,101,129.94618
2023-12-21,S004,P0002,226,183.90862
2023-12-21,S002,P0012,118,92.126976
2023-12-21,S004,P0016,127,111.436844
2023-12-21,S003,P0011,131,128.42572
2023-12-21,S003,P0019,190,177.20662
2023-12-21,S002,P0017,92,84.35611
2023-12-21,S002,P0013,71,79.72395
2023-12-21,S005,P0001,196,152.69327
2023-12-21,S003,P0014,211,200.76184
2023-12-21,S001,P0006,127,160.318
2023-12-21,S002,P0011,63,74.96037
2023-12-21,S001,P0004,152,139.20053
2023-12-21,S002,P0005,110,110.30696
2023-12-21,S003,P0018,101,115.80585
2023-12-21,S001,P0001,136,107.09557
2023-12-21,S003,P0016,132,123.02977
2023-12-21,S003,P0020,148,123.6574
2023-12-21,S003,P0005,68,90.409004
2023-12-21,S003,P0017,103,91.59158
2023-12-21,S003,P0010,181,103.907265
2023-12-21,S004,P0012,113,115.45508
2023-12-21,S005,P0010,180,136.55841
2023-12-21,S002,P0002,108,133.83255
2023-12-21,S005,P0015,144,119.13794
2023-12-21,S004,P0017,67,103.58952
2023-12-21,S001,P0009,134,160.74428
2023-12-21,S002,P0016,159,131.64113
2023-12-21,S003,P0001,151,121.22098
2023-12-21,S004,P0003,108,106.094955
2023-12-21,S002,P0001,145,125.19548
2023-12-21,S005,P0014,117,115.651924
2023-12-21,S001,P0010,104,100.45689
2023-12-21,S001,P0007,163,131.7582
2023-12-21,S003,P0006,173,161.0221
2023-12-21,S001,P0008,59,88.94161
2023-12-21,S003,P0003,144,123.10909
2023-12-21,S001,P0003,192,142.64539
2023-12-21,S003,P0008,150,163.40662
2023-12-21,S002,P0015,93,95.59775
2023-12-21,S001,P0015,106,93.40626
2023-12-21,S004,P0008,85,82.1825
2023-12-21,S005,P0011,114,106.41562
2023-12-21,S001,P0013,108,111.04025
2023-12-21,S003,P0012,37,54.590206
2023-12-21,S004,P0014,107,116.370636
2023-12-21,S002,P0008,126,116.74444
2023-12-21,S004,P0013,148,126.199295
2023-12-21,S004,P0015,68,68.04502
2023-12-21,S004,P0007,101,127.91045
2023-12-21,S001,P0012,49,92.776985
2023-12-21,S003,P0013,153,141.2492
2023-12-21,S005,P0012,65,75.542595
2023-12-21,S005,P0018,87,104.54428
2023-12-21,S001,P0020,65,69.30435
2023-12-21,S005,P0017,75,114.80433
2023-12-21,S002,P0014,103,120.38537
2023-12-21,S004,P0009,162,161.70335
2023-12-21,S001,P0018,112,146.65509
2023-12-21,S002,P0019,129,129.63087
2023-12-21,S004,P0020,132,119.738686
2023-12-21,S002,P0006,106,123.420006
2023-12-21,S003,P0007,166,128.3599
2023-12-21,S005,P0005,135,125.773735
2023-12-21,S005,P0019,103,111.76703
2023-12-21,S004,P0011,91,86.0924
2023-12-21,S002,P0020,82,79.0056
2023-12-21,S004,P0004,92,120.634445
2023-12-21,S003,P0002,221,196.9585
2023-12-21,S002,P0010,143,137.70036
2023-12-21,S004,P0019,123,138.79677
2023-12-21,S005,P0020,77,103.777016
2023-12-21,S005,P0016,115,114.95548
2023-12-21,S001,P0002,184,198.28317
2023-12-21,S005,P0008,82,109.93475
2023-12-21,S003,P0009,116,129.4982
2023-12-21,S002,P0018,141,141.80336
2023-12-21,S002,P0004,150,109.56554
2023-12-21,S004,P0018,120,124.93925
2023-12-21,S004,P0001,131,124.13703
2023-12-21,S005,P0003,99,105.41842
2023-12-21,S003,P0015,142,151.39613
2023-12-21,S001,P0016,83,112.73353
2023-12-22,S005,P0008,179,164.45654
2023-12-22,S005,P0013,157,170.64793
2023-12-22,S002,P0015,117,111.09172
2023-12-22,S003,P0012,102,91.84109
2023-12-22,S005,P0002,106,131.33583
2023-12-22,S004,P0017,145,124.830956
2023-12-22,S003,P0003,71,89.785995
2023-12-22,S001,P0001,64,90.67976
2023-12-22,S003,P0009,70,72.4226
2023-12-22,S004,P0004,157,141.19202
2023-12-22,S001,P0008,111,129.3365
2023-12-22,S001,P0006,96,105.59328
2023-12-22,S003,P0019,123,111.778786
2023-12-22,S004,P0006,73,87.22943
2023-12-22,S004,P0016,113,107.60472
2023-12-22,S002,P0002,200,155.81274
2023-12-22,S001,P0009,143,142.87163
2023-12-22,S005,P0001,155,146.47581
2023-12-22,S002,P0005,157,146.02628
2023-12-22,S002,P0018,140,110.28764
2023-12-22,S002,P0017,209,131.65944
2023-12-22,S002,P0006,40,90.28213
2023-12-22,S001,P0005,183,172.6057
2023-12-22,S004,P0003,44,54.63282
2023-12-22,S001,P0007,135,137.90314
2023-12-22,S001,P0020,110,108.39453
2023-12-22,S005,P0019,52,69.98734
2023-12-22,S003,P0007,114,99.91672
2023-12-22,S002,P0019,117,111.55877
2023-12-22,S001,P0003,162,141.77922
2023-12-22,S003,P0004,198,146.58038
2023-12-22,S005,P0014,83,85.3505
2023-12-22,S002,P0007,42,86.9857
2023-12-22,S002,P0008,178,154.00748
2023-12-22,S004,P0015,37,50.546085
2023-12-22,S005,P0010,152,131.27943
2023-12-22,S003,P0006,90,91.301994
2023-12-22,S004,P0005,122,125.80926
2023-12-22,S002,P0016,119,131.66402
2023-12-22,S002,P0001,127,113.295334
2023-12-22,S004,P0020,146,128.64375
2023-12-22,S004,P0007,120,113.411644
2023-12-22,S005,P0012,91,100.92075
2023-12-22,S002,P0014,74,86.56956
2023-12-22,S002,P0004,178,142.09068
2023-12-22,S002,P0003,91,101.8147
2023-12-22,S005,P0007,169,154.46474
2023-12-22,S001,P0013,123,146.92027
2023-12-22,S004,P0019,81,82.78627
2023-12-22,S003,P0008,135,141.50348
2023-12-22,S001,P0011,116,123.2575
2023-12-22,S005,P0011,33,99.33291
2023-12-22,S003,P0018,82,74.73536
2023-12-22,S004,P0011,175,135.61508
2023-12-22,S001,P0002,148,180.55347
2023-12-22,S001,P0004,99,116.4386
2023-12-22,S003,P0014,141,132.56586
2023-12-22,S001,P0019,17,41.2323
2023-12-22,S001,P0014,75,89.63387
2023-12-22,S002,P0009,81,96.71926
2023-12-22,S004,P0008,72,69.68676
2023-12-22,S004,P0013,118,122.66567
2023-12-22,S002,P0013,40,97.47118
2023-12-22,S005,P0005,177,156.55606
2023-12-22,S005,P0017,114,148.85503
2023-12-22,S005,P0004,250,177.81607
2023-12-22,S005,P0018,197,134.15468
2023-12-22,S001,P0017,140,133.16289
2023-12-22,S003,P0016,158,148.3325
2023-12-22,S002,P0011,25,70.22274
2023-12-22,S004,P0010,47,58.857525
2023-12-22,S003,P0017,109,99.6619
2023-12-22,S003,P0002,119,127.1879
2023-12-22,S005,P0015,179,130.61577
2023-12-22,S004,P0012,173,154.15775
2023-12-22,S003,P0013,125,135.28452
2023-12-22,S001,P0015,132,122.20147
2023-12-22,S005,P0009,118,130.9914
2023-12-22,S005,P0016,151,156.54002
2023-12-22,S005,P0020,115,131.94727
2023-12-22,S001,P0010,84,95.093994
2023-12-22,S001,P0012,141,167.32433
2023-12-22,S005,P0006,133,134.08337
2023-12-22,S005,P0003,124,116.97734
2023-12-22,S003,P0020,161,143.76758
2023-12-22,S003,P0005,98,105.41576
2023-12-22,S004,P0001,135,116.9739
2023-12-22,S003,P0010,104,102.30377
2023-12-22,S004,P0002,107,132.1306
2023-12-22,S002,P0020,134,130.94908
2023-12-22,S004,P0018,70,71.2284
2023-12-22,S004,P0009,90,88.91862
2023-12-22,S001,P0016,157,156.86028
2023-12-22,S002,P0010,98,107.54839
2023-12-22,S002,P0012,108,108.917946
2023-12-22,S003,P0015,91,102.19924
2023-12-22,S004,P0014,44,47.27069
2023-12-22,S003,P0001,55,58.159786
2023-12-22,S003,P0011,73,108.97857
2023-12-22,S001,P0018,157,142.49251
2023-12-23,S004,P0016,88,77.93155
2023-12-23,S002,P0005,99,96.633156
2023-12-23,S003,P0012,81,72.17021
2023-12-23,S003,P0001,115,99.03525
2023-12-23,S003,P0017,91,75.79159
2023-12-23,S004,P0010,103,106.72326
2023-12-23,S002,P0009,160,127.26503
2023-12-23,S005,P0002,133,115.48448
2023-12-23,S005,P0012,96,81.47697
2023-12-23,S001,P0006,52,72.47561
2023-12-23,S004,P0015,74,70.39335
2023-12-23,S002,P0008,127,143.36844
2023-12-23,S001,P0012,83,95.549194
2023-12-23,S003,P0013,141,113.014015
2023-12-23,S003,P0004,130,107.744896
2023-12-23,S001,P0007,92,124.942314
2023-12-23,S001,P0015,122,100.850914
2023-12-23,S002,P0018,159,139.96925
2023-12-23,S003,P0015,75,97.45586
2023-12-23,S005,P0016,131,126.82784
2023-12-23,S005,P0011,106,94.88636
2023-12-23,S005,P0017,129,103.85433
2023-12-23,S004,P0006,130,112.723
2023-12-23,S005,P0006,119,99.28706
2023-12-23,S001,P0020,94,92.61024
2023-12-23,S002,P0004,135,101.39742
2023-12-23,S004,P0003,56,68.782104
2023-12-23,S003,P0005,84,86.51734
2023-12-23,S002,P0014,96,110.946045
2023-12-23,S001,P0014,133,125.264336
2023-12-23,S002,P0013,138,121.164536
2023-12-23,S004,P0007,128,148.13333
2023-12-23,S001,P0019,98,84.42259
2023-12-23,S001,P0013,54,88.24035
2023-12-23,S005,P0018,130,120.09394
2023-12-23,S004,P0014,89,81.489
2023-12-23,S002,P0015,61,79.79515
2023-12-23,S005,P0013,133,112.43348
2023-12-23,S002,P0016,128,125.68746
2023-12-23,S004,P0013,182,123.963905
2023-12-23,S002,P0020,110,98.99819
2023-12-23,S004,P0008,71,73.76242
2023-12-23,S002,P0007,133,129.77144
2023-12-23,S001,P0011,58,62.571575
2023-12-23,S001,P0017,82,87.735985
2023-12-23,S003,P0019,196,161.9251
2023-12-23,S002,P0011,98,102.660385
2023-12-23,S003,P0011,111,109.18543
2023-12-23,S005,P0005,107,98.31615
2023-12-23,S004,P0001,108,112.50848
2023-12-23,S001,P0004,55,70.32542
2023-12-23,S003,P0007,109,117.85099
2023-12-23,S002,P0019,143,134.1388
2023-12-23,S003,P0008,159,155.24928
2023-12-23,S003,P0016,105,118.95903
2023-12-23,S005,P0008,158,139.7234
2023-12-23,S002,P0017,118,100.77601
2023-12-23,S001,P0010,60,62.71089
2023-12-23,S003,P0006,57,77.36516
2023-12-23,S003,P0010,84,99.59452
2023-12-23,S005,P0004,93,92.93578
2023-12-23,S004,P0005,88,101.68306
2023-12-23,S005,P0001,118,100.78092
2023-12-23,S003,P0014,220,204.50499
2023-12-23,S005,P0015,144,105.34876
2023-12-23,S002,P0001,77,112.10178
2023-12-23,S003,P0020,223,149.41261
2023-12-23,S003,P0018,102,98.37169
2023-12-23,S004,P0017,136,99.48966
2023-12-23,S004,P0012,123,111.39093
2023-12-23,S001,P0001,89,89.76862
2023-12-23,S003,P0002,74,134.25072
2023-12-23,S004,P0004,86,98.03357
2023-12-23,S004,P0002,116,129.21832
2023-12-23,S003,P0003,100,96.87844
2023-12-23,S001,P0002,131,139.49078
2023-12-23,S004,P0019,160,134.33365
2023-12-23,S004,P0018,59,80.27201
2023-12-23,S001,P0016,173,141.0319
2023-12-23,S005,P0019,80,84.91967
2023-12-23,S005,P0010,104,93.64
2023-12-23,S003,P0009,126,104.258224
2023-12-23,S005,P0009,115,109.91265
2023-12-23,S002,P0002,155,140.34235
2023-12-23,S001,P0009,98,105.26926
2023-12-23,S005,P0020,129,118.22905
2023-12-23,S005,P0003,104,94.95485
2023-12-23,S004,P0009,45,72.59826
2023-12-23,S001,P0005,43,86.44415
2023-12-23,S004,P0011,108,98.06471
2023-12-23,S002,P0012,89,85.704605
2023-12-23,S001,P0008,174,98.02446
2023-12-23,S002,P0003,144,125.38437
2023-12-23,S004,P0020,35,64.87768
2023-12-23,S005,P0014,40,51.387005
2023-12-23,S005,P0007,130,136.29797
2023-12-23,S002,P0006,94,103.03946
2023-12-23,S001,P0018,181,150.85286
2023-12-23,S001,P0003,134,105.26378
2023-12-23,S002,P0010,95,108.45552
2023-12-24,S004,P0002,126,132.11443
2023-12-24,S003,P0014,130,132.63046
2023-12-24,S002,P0001,108,137.28824
2023-12-24,S005,P0004,252,182.40399
2023-12-24,S001,P0019,76,73.54026
2023-12-24,S003,P0006,127,106.67122
2023-12-24,S001,P0002,127,158.81212
2023-12-24,S001,P0014,120,148.3598
2023-12-24,S001,P0003,135,121.666794
2023-12-24,S003,P0018,54,63.323353
2023-12-24,S002,P0018,45,87.43905
2023-12-24,S002,P0004,205,144.91675
2023-12-24,S005,P0020,84,103.85244
2023-12-24,S001,P0011,75,82.06647
2023-12-24,S001,P0010,81,98.416695
2023-12-24,S003,P0010,207,134.91032
2023-12-24,S003,P0017,87,85.46172
2023-12-24,S002,P0009,85,96.378914
2023-12-24,S005,P0015,86,103.52993
2023-12-24,S005,P0001,206,184.34598
2023-12-24,S003,P0011,65,88.36459
2023-12-24,S004,P0006,122,118.981384
2023-12-24,S004,P0017,162,139.6257
2023-12-24,S005,P0010,199,166.1069
2023-12-24,S001,P0004,213,193.32957
2023-12-24,S002,P0017,51,88.41565
2023-12-24,S003,P0019,83,83.82404
2023-12-24,S001,P0005,113,120.09628
2023-12-24,S005,P0003,73,96.693665
2023-12-24,S003,P0009,125,100.00523
2023-12-24,S003,P0013,157,124.407
2023-12-24,S005,P0013,115,132.9553
2023-12-24,S001,P0015,91,98.51362
2023-12-24,S003,P0016,82,83.8871
2023-12-24,S002,P0015,80,86.15711
2023-12-24,S002,P0020,82,76.37599
2023-12-24,S001,P0009,113,122.99296
2023-12-24,S005,P0008,127,128.60898
2023-12-24,S005,P0007,162,173.70636
2023-12-24,S002,P0002,142,146.5097
2023-12-24,S004,P0016,41,54.174763
2023-12-24,S003,P0004,176,141.81981
2023-12-24,S005,P0009,117,123.49024
2023-12-24,S005,P0019,88,94.33316
2023-12-24,S001,P0001,147,145.98085
2023-12-24,S002,P0011,124,125.54772
2023-12-24,S002,P0007,126,123.31941
2023-12-24,S002,P0013,111,111.50184
2023-12-24,S003,P0020,147,106.84514
2023-12-24,S001,P0006,72,103.44406
2023-12-24,S002,P0005,139,119.632164
2023-12-24,S002,P0006,90,95.091934
2023-12-24,S002,P0003,69,100.16622
2023-12-24,S003,P0001,163,125.3801
2023-12-24,S001,P0018,132,132.18297
2023-12-24,S004,P0007,221,162.2078
2023-12-24,S004,P0011,110,104.69788
2023-12-24,S002,P0016,150,123.39351
2023-12-24,S005,P0005,114,116.15773
2023-12-24,S001,P0017,154,139.85515
2023-12-24,S001,P0012,140,132.61111
2023-12-24,S002,P0010,99,135.11787
2023-12-24,S003,P0005,87,86.72976
2023-12-24,S005,P0011,63,88.53404
2023-12-24,S004,P0009,89,94.13112
2023-12-24,S004,P0004,90,141.29953
2023-12-24,S004,P0018,92,94.01866
2023-12-24,S005,P0016,62,104.13039
2023-12-24,S005,P0006,177,153.9505
2023-12-24,S004,P0001,193,160.866
2023-12-24,S004,P0013,130,110.44521
2023-12-24,S003,P0002,138,131.11906
2023-12-24,S004,P0012,51,83.237175
2023-12-24,S004,P0003,88,84.342545
2023-12-24,S005,P0018,174,130.4058
2023-12-24,S001,P0008,190,94.53487
2023-12-24,S005,P0014,136,143.3618
2023-12-24,S003,P0015,167,146.8922
2023-12-24,S003,P0012,53,52.070652
2023-12-24,S002,P0012,79,83.587326
2023-12-24,S004,P0014,149,135.22581
2023-12-24,S003,P0008,133,137.12953
2023-12-24,S005,P0017,105,149.4788
2023-12-24,S004,P0015,77,75.83248
2023-12-24,S003,P0007,199,136.56859
2023-12-24,S004,P0005,84,100.95479
2023-12-24,S005,P0012,62,67.632774
2023-12-24,S005,P0002,114,140.82518
2023-12-24,S002,P0019,87,96.27059
2023-12-24,S004,P0008,35,49.99125
2023-12-24,S003,P0003,111,98.73913
2023-12-24,S002,P0008,146,121.81587
2023-12-24,S004,P0019,107,102.48133
2023-12-24,S004,P0010,202,160.55159
2023-12-24,S001,P0020,61,69.25165
2023-12-24,S001,P0013,161,122.145744
2023-12-24,S004,P0020,49,59.531345
2023-12-24,S001,P0007,220,181.7458
2023-12-24,S001,P0016,126,124.60141
2023-12-24,S002,P0014,130,127.38022
2023-12-25,S005,P0010,190,145.8054
2023-12-25,S004,P0016,74,72.15078
2023-12-25,S005,P0003,56,77.03237
2023-12-25,S004,P0005,162,115.47629
2023-12-25,S002,P0008,122,109.39589
2023-12-25,S001,P0013,115,100.29019
2023-12-25,S003,P0008,103,117.259514
2023-12-25,S001,P0001,72,102.73328
2023-12-25,S004,P0014,72,73.934906
2023-12-25,S002,P0019,126,108.455055
2023-12-25,S002,P0013,87,83.50955
2023-12-25,S001,P0014,77,77.97229
2023-12-25,S002,P0007,92,90.01234
2023-12-25,S001,P0019,74,63.725124
2023-12-25,S004,P0013,83,94.9784
2023-12-25,S003,P0012,76,70.20467
2023-12-25,S004,P0008,59,61.169453
2023-12-25,S002,P0009,110,101.05573
2023-12-25,S001,P0011,59,66.93359
2023-12-25,S003,P0003,82,87.57677
2023-12-25,S005,P0020,95,90.71399
2023-12-25,S003,P0011,131,129.02621
2023-12-25,S005,P0012,67,81.227745
2023-12-25,S005,P0016,96,89.71815
2023-12-25,S001,P0007,102,102.25083
2023-12-25,S002,P0018,129,104.818855
2023-12-25,S004,P0006,94,102.06279
2023-12-25,S005,P0006,177,138.86743
2023-12-25,S004,P0015,120,104.37048
2023-12-25,S004,P0001,155,150.84468
2023-12-25,S004,P0018,113,102.59927
2023-12-25,S003,P0009,60,65.68824
2023-12-25,S001,P0015,104,103.55137
2023-12-25,S001,P0008,46,64.02325
2023-12-25,S001,P0020,89,69.82253
2023-12-25,S005,P0008,71,92.54972
2023-12-25,S002,P0002,78,88.75861
2023-12-25,S005,P0009,66,77.75913
2023-12-25,S001,P0009,85,100.90428
2023-12-25,S004,P0009,140,127.74346
2023-12-25,S005,P0011,121,97.17611
2023-12-25,S002,P0012,32,89.307434
2023-12-25,S005,P0018,101,98.46935
2023-12-25,S002,P0014,54,71.20409
2023-12-25,S002,P0010,102,132.18196
2023-12-25,S003,P0015,91,135.41151
2023-12-25,S001,P0016,63,95.80288
2023-12-25,S005,P0014,77,76.01408
2023-12-25,S004,P0019,218,118.50747
2023-12-25,S002,P0015,133,114.20928
2023-12-25,S001,P0003,100,92.702354
2023-12-25,S003,P0013,129,110.65859
2023-12-25,S002,P0004,112,135.93051
2023-12-25,S003,P0007,130,101.39942
2023-12-25,S003,P0017,65,64.22169
2023-12-25,S003,P0006,75,81.755775
2023-12-25,S005,P0001,166,152.39067
2023-12-25,S004,P0004,209,174.48584
2023-12-25,S001,P0006,107,92.46361
2023-12-25,S001,P0017,86,88.38757
2023-12-25,S004,P0011,115,105.706795
2023-12-25,S003,P0004,134,139.52875
2023-12-25,S001,P0005,59,78.534004
2023-12-25,S003,P0016,34,80.253716
2023-12-25,S002,P0003,95,94.73893
2023-12-25,S005,P0007,42,91.55103
2023-12-25,S002,P0006,142,122.26962
2023-12-25,S002,P0020,110,98.06482
2023-12-25,S005,P0002,92,93.901054
2023-12-25,S005,P0019,66,72.888245
2023-12-25,S005,P0004,113,88.29946
2023-12-25,S004,P0002,128,114.22279
2023-12-25,S003,P0001,103,106.75001
2023-12-25,S005,P0005,71,82.3359
2023-12-25,S004,P0003,75,80.60912
2023-12-25,S002,P0011,42,59.005566
2023-12-25,S004,P0020,77,77.04779
2023-12-25,S003,P0002,26,104.43812
2023-12-25,S004,P0010,148,153.1331
2023-12-25,S001,P0004,119,135.03821
2023-12-25,S003,P0019,115,102.321175
2023-12-25,S002,P0016,132,116.58229
2023-12-25,S003,P0020,111,109.18511
2023-12-25,S002,P0017,97,81.93543
2023-12-25,S005,P0015,190,132.75104
2023-12-25,S003,P0010,4,107.48839
2023-12-25,S001,P0010,82,86.335045
2023-12-25,S003,P0018,55,61.165043
2023-12-25,S004,P0012,160,153.48697
2023-12-25,S001,P0012,112,127.09379
2023-12-25,S001,P0002,64,87.23633
2023-12-25,S005,P0013,103,112.5693
2023-12-25,S004,P0007,58,108.42566
2023-12-25,S005,P0017,107,102.172195
2023-12-25,S003,P0005,93,86.8365
2023-12-25,S002,P0005,91,89.24642
2023-12-25,S003,P0014,70,71.85004
2023-12-25,S002,P0001,203,182.23587
2023-12-25,S001,P0018,52,82.48638
2023-12-25,S004,P0017,101,102.28854
2023-12-26,S004,P0014,41,51.965004
2023-12-26,S004,P0011,153,133.88977
2023-12-26,S005,P0015,103,89.16513
2023-12-26,S003,P0001,175,155.23076
2023-12-26,S003,P0003,123,115.42014
2023-12-26,S005,P0014,73,64.75845
2023-12-26,S004,P0020,52,64.406296
2023-12-26,S005,P0008,210,149.23048
2023-12-26,S001,P0006,38,58.06782
2023-12-26,S004,P0012,141,135.57855
2023-12-26,S005,P0001,140,150.2009
2023-12-26,S005,P0018,68,76.15859
2023-12-26,S005,P0009,86,120.7866
2023-12-26,S003,P0010,172,110.91021
2023-12-26,S001,P0015,104,95.97219
2023-12-26,S002,P0017,144,107.6335
2023-12-26,S005,P0019,66,69.12826
2023-12-26,S005,P0006,157,124.162865
2023-12-26,S001,P0005,129,109.37127
2023-12-26,S002,P0012,76,90.48082
2023-12-26,S001,P0016,114,126.499146
2023-12-26,S003,P0015,105,119.78158
2023-12-26,S001,P0009,189,149.45697
2023-12-26,S003,P0007,91,101.902756
2023-12-26,S003,P0009,203,174.42804
2023-12-26,S001,P0001,132,114.69543
2023-12-26,S003,P0006,102,99.54346
2023-12-26,S003,P0012,113,79.7488
2023-12-26,S005,P0020,93,88.331604
2023-12-26,S002,P0018,125,119.028465
2023-12-26,S001,P0012,109,107.21871
2023-12-26,S004,P0015,79,73.007645
2023-12-26,S005,P0004,116,101.926674
2023-12-26,S002,P0015,82,95.70781
2023-12-26,S002,P0019,120,114.27622
2023-12-26,S005,P0002,92,92.08934
2023-12-26,S002,P0016,154,156.19743
2023-12-26,S004,P0018,104,91.69371
2023-12-26,S002,P0011,192,185.42853
2023-12-26,S003,P0016,246,231.9534
2023-12-26,S005,P0012,85,78.04371
2023-12-26,S003,P0013,55,103.01653
2023-12-26,S002,P0013,100,108.82525
2023-12-26,S003,P0011,122,138.35869
2023-12-26,S001,P0017,114,96.08335
2023-12-26,S004,P0013,96,98.2776
2023-12-26,S005,P0005,118,100.025314
2023-12-26,S001,P0008,142,111.641495
2023-12-26,S003,P0008,112,163.5658
2023-12-26,S001,P0011,71,83.67356
2023-12-26,S002,P0020,130,121.77305
2023-12-26,S003,P0004,160,134.31969
2023-12-26,S005,P0010,111,102.55123
2023-12-26,S005,P0007,49,90.54747
2023-12-26,S004,P0007,153,124.40477
2023-12-26,S002,P0002,75,110.74239
2023-12-26,S004,P0001,191,169.09843
2023-12-26,S004,P0009,111,131.79118
2023-12-26,S003,P0017,67,76.2104
2023-12-26,S004,P0004,111,107.45596
2023-12-26,S002,P0003,50,98.68399
2023-12-26,S005,P0016,159,124.47136
2023-12-26,S002,P0010,109,118.44051
2023-12-26,S002,P0006,97,105.73273
2023-12-26,S004,P0006,91,99.104355
2023-12-26,S002,P0001,119,148.19997
2023-12-26,S001,P0018,120,113.526794
2023-12-26,S004,P0003,85,85.65036
2023-12-26,S005,P0011,134,120.150925
2023-12-26,S002,P0008,223,172.04588
2023-12-26,S001,P0020,74,66.102554
2023-12-26,S003,P0005,163,116.313866
2023-12-26,S004,P0008,106,94.721855
2023-12-26,S004,P0005,157,117.521675
2023-12-26,S003,P0020,119,124.01799
2023-12-26,S005,P0017,70,93.678185
2023-12-26,S001,P0002,154,134.46898
2023-12-26,S003,P0018,103,100.74473
2023-12-26,S004,P0016,100,88.530426
2023-12-26,S001,P0013,75,93.57545
2023-12-26,S004,P0019,138,116.80892
2023-12-26,S001,P0007,126,112.52882
2023-12-26,S004,P0017,167,144.60306
2023-12-26,S001,P0004,107,101.695755
2023-12-26,S001,P0014,109,106.2356
2023-12-26,S005,P0013,145,112.635765
2023-12-26,S005,P0003,95,90.39114
2023-12-26,S002,P0014,168,150.38553
2023-12-26,S001,P0010,73,75.112915
2023-12-26,S003,P0002,48,121.02983
2023-12-26,S004,P0010,165,114.7279
2023-12-26,S003,P0019,126,122.23122
2023-12-26,S001,P0003,91,93.62162
2023-12-26,S002,P0007,76,95.30187
2023-12-26,S002,P0009,249,173.65814
2023-12-26,S001,P0019,58,55.251152
2023-12-26,S002,P0005,63,94.6224
2023-12-26,S002,P0004,99,121.99537
2023-12-26,S004,P0002,85,95.89058
2023-12-26,S003,P0014,63,85.28668
2023-12-27,S005,P0012,44,36.826664
2023-12-27,S003,P0011,37,57.05179
2023-12-27,S001,P0017,18,46.966866
2023-12-27,S001,P0020,45,32.29859
2023-12-27,S005,P0002,38,52.85383
2023-12-27,S002,P0016,130,113.15718
2023-12-27,S004,P0010,133,112.85935
2023-12-27,S003,P0016,74,59.30969
2023-12-27,S004,P0001,85,78.37907
2023-12-27,S002,P0011,108,99.923325
2023-12-27,S001,P0013,44,61.903896
2023-12-27,S002,P0008,97,84.7703
2023-12-27,S002,P0014,58,59.38539
2023-12-27,S005,P0004,73,51.12732
2023-12-27,S004,P0011,95,79.62691
2023-12-27,S004,P0019,156,143.06686
2023-12-27,S003,P0009,39,66.16801
2023-12-27,S002,P0007,20,27.431015
2023-12-27,S001,P0010,45,48.11547
2023-12-27,S002,P0003,74,101.1275
2023-12-27,S003,P0007,74,66.01884
2023-12-27,S002,P0018,136,117.86429
2023-12-27,S004,P0018,28,34.824585
2023-12-27,S004,P0007,105,82.20917
2023-12-27,S004,P0003,55,45.698097
2023-12-27,S001,P0016,51,62.42902
2023-12-27,S004,P0020,28,26.90974
2023-12-27,S002,P0002,58,85.95942
2023-12-27,S005,P0011,70,53.25141
2023-12-27,S003,P0001,11,44.27243
2023-12-27,S003,P0006,5,36.95897
2023-12-27,S003,P0017,52,53.709267
2023-12-27,S001,P0003,128,111.45912
2023-12-27,S001,P0001,51,65.42695
2023-12-27,S005,P0008,84,81.98208
2023-12-27,S003,P0005,17,21.669758
2023-12-27,S001,P0006,41,32.736702
2023-12-27,S003,P0010,96,110.4645
2023-12-27,S002,P0005,54,57.811966
2023-12-27,S004,P0008,42,28.683752
2023-12-27,S001,P0009,99,103.04454
2023-12-27,S005,P0005,60,61.377796
2023-12-27,S004,P0004,65,63.56951
2023-12-27,S005,P0019,32,37.14744
2023-12-27,S002,P0012,47,47.53945
2023-12-27,S004,P0017,165,153.71904
2023-12-27,S002,P0010,167,174.63783
2023-12-27,S003,P0015,122,131.69725
2023-12-27,S001,P0007,15,53.57431
2023-12-27,S001,P0018,62,65.75115
2023-12-27,S005,P0009,102,89.622856
2023-12-27,S002,P0009,105,90.10634
2023-12-27,S001,P0008,56,49.854977
2023-12-27,S003,P0004,48,67.527145
2023-12-27,S005,P0014,16,28.17839
2023-12-27,S003,P0020,155,112.088806
2023-12-27,S005,P0001,114,100.06821
2023-12-27,S002,P0015,221,158.62334
2023-12-27,S003,P0003,68,82.4889
2023-12-27,S005,P0006,77,64.14947
2023-12-27,S002,P0017,39,36.25865
2023-12-27,S001,P0005,57,66.007286
2023-12-27,S004,P0014,17,24.992313
2023-12-27,S004,P0002,103,85.40539
2023-12-27,S005,P0015,84,104.23217
2023-12-27,S005,P0016,18,27.078243
2023-12-27,S002,P0001,72,107.74009
2023-12-27,S003,P0012,30,29.566364
2023-12-27,S004,P0012,65,57.778328
2023-12-27,S005,P0020,40,32.295837
2023-12-27,S002,P0004,79,82.06866
2023-12-27,S004,P0006,43,76.16595
2023-12-27,S001,P0011,19,29.772114
2023-12-27,S001,P0015,58,51.74085
2023-12-27,S002,P0019,243,199.12407
2023-12-27,S005,P0007,91,82.401794
2023-12-27,S004,P0016,27,25.133047
2023-12-27,S004,P0005,116,109.39016
2023-12-27,S003,P0008,53,94.83164
2023-12-27,S005,P0018,60,69.68455
2023-12-27,S004,P0009,131,119.94524
2023-12-27,S001,P0012,50,65.2276
2023-12-27,S005,P0017,25,56.166637
2023-12-27,S003,P0018,49,36.773937
2023-12-27,S004,P0013,86,81.36212
2023-12-27,S003,P0002,157,115.41972
2023-12-27,S003,P0014,66,73.81542
2023-12-27,S002,P0013,80,88.59221
2023-12-27,S005,P0013,47,83.46114
2023-12-27,S005,P0010,112,98.73352
2023-12-27,S004,P0015,51,43.103626
2023-12-27,S002,P0020,34,56.74818
2023-12-27,S005,P0003,44,49.473633
2023-12-27,S001,P0019,47,42.92062
2023-12-27,S001,P0004,36,42.601456
2023-12-27,S002,P0006,139,132.28984
2023-12-27,S001,P0014,45,38.65055
2023-12-27,S001,P0002,96,96.48041
2023-12-27,S003,P0019,91,84.74019
2023-12-27,S003,P0013,85,110.612595
2023-12-28,S004,P0019,145,112.4402
2023-12-28,S002,P0020,33,34.44112
2023-12-28,S002,P0005,72,71.98868
2023-12-28,S005,P0020,28,33.161587
2023-12-28,S004,P0015,47,47.989994
2023-12-28,S001,P0009,85,109.579605
2023-12-28,S004,P0001,90,67.338554
2023-12-28,S001,P0014,73,91.79952
2023-12-28,S003,P0009,59,69.938065
2023-12-28,S004,P0011,59,63.380127
2023-12-28,S005,P0004,140,113.30369
2023-12-28,S002,P0018,119,120.0131
2023-12-28,S002,P0011,82,78.29361
2023-12-28,S003,P0016,39,54.06025
2023-12-28,S003,P0011,64,64.91921
2023-12-28,S001,P0017,63,43.05632
2023-12-28,S004,P0010,60,47.13963
2023-12-28,S002,P0016,116,112.75258
2023-12-28,S005,P0002,75,69.75124
2023-12-28,S004,P0018,27,39.717117
2023-12-28,S003,P0002,88,113.77858
2023-12-28,S001,P0019,28,35.09371
2023-12-28,S004,P0003,28,27.77564
2023-12-28,S004,P0016,27,27.191866
2023-12-28,S002,P0007,19,27.14848
2023-12-28,S005,P0003,27,27.576513
2023-12-28,S005,P0014,29,41.258724
2023-12-28,S002,P0001,116,88.258965
2023-12-28,S005,P0006,112,96.4758
2023-12-28,S005,P0009,92,90.200874
2023-12-28,S005,P0015,106,97.23682
2023-12-28,S004,P0012,44,46.955048
2023-12-28,S001,P0005,93,105.66204
2023-12-28,S004,P0006,55,73.002655
2023-12-28,S001,P0015,32,53.91619
2023-12-28,S002,P0019,96,102.909134
2023-12-28,S001,P0008,34,54.11119
2023-12-28,S003,P0014,79,81.85928
2023-12-28,S001,P0004,63,87.05393
2023-12-28,S005,P0016,8,32.716656
2023-12-28,S003,P0018,40,44.94707
2023-12-28,S002,P0015,106,100.26
2023-12-28,S002,P0013,64,68.66372
2023-12-28,S003,P0013,92,89.236534
2023-12-28,S004,P0002,91,79.294235
2023-12-28,S003,P0004,86,97.75814
2023-12-28,S002,P0009,66,61.020966
2023-12-28,S003,P0019,88,72.05247
2023-12-28,S005,P0010,69,78.049324
2023-12-28,S001,P0016,99,96.60858
2023-12-28,S005,P0017,12,39.032406
2023-12-28,S002,P0004,58,111.849556
2023-12-28,S004,P0020,23,26.547266
2023-12-28,S004,P0005,193,151.34743
2023-12-28,S005,P0018,193,174.35837
2023-12-28,S003,P0007,86,69.521706
2023-12-28,S002,P0006,81,78.48532
2023-12-28,S004,P0014,37,35.180714
2023-12-28,S003,P0010,123,84.40083
2023-12-28,S001,P0003,183,139.95364
2023-12-28,S002,P0017,26,19.440573
2023-12-28,S001,P0012,111,108.404144
2023-12-28,S003,P0005,21,34.494194
2023-12-28,S003,P0006,30,37.10944
2023-12-28,S005,P0019,16,32.874695
2023-12-28,S002,P0014,11,33.049004
2023-12-28,S001,P0002,150,154.71419
2023-12-28,S001,P0013,30,38.259506
2023-12-28,S005,P0011,50,52.954777
2023-12-28,S003,P0003,76,57.042946
2023-12-28,S004,P0007,55,71.15636
2023-12-28,S001,P0020,26,34.96021
2023-12-28,S001,P0007,90,84.24614
2023-12-28,S005,P0001,84,78.01688
2023-12-28,S002,P0003,69,66.81214
2023-12-28,S004,P0013,48,57.3163
2023-12-28,S003,P0020,172,117.106346
2023-12-28,S005,P0005,46,81.32614
2023-12-28,S002,P0008,105,78.4309
2023-12-28,S004,P0009,103,110.1408
2023-12-28,S005,P0008,66,80.83508
2023-12-28,S001,P0001,73,61.449234
2023-12-28,S001,P0006,35,37.918262
2023-12-28,S003,P0017,36,31.000051
2023-12-28,S002,P0002,29,53.629803
2023-12-28,S004,P0017,128,113.94211
2023-12-28,S002,P0012,51,40.563686
2023-12-28,S003,P0015,78,114.63634
2023-12-28,S003,P0001,41,40.20279
2023-12-28,S005,P0007,65,92.33882
2023-12-28,S001,P0011,66,50.110107
2023-12-28,S001,P0018,121,118.06584
2023-12-28,S005,P0013,49,81.667854
2023-12-28,S003,P0012,43,33.726257
2023-12-28,S004,P0008,52,29.98555
2023-12-28,S004,P0004,82,96.77115
2023-12-28,S005,P0012,41,38.997078
2023-12-28,S001,P0010,29,39.180435
2023-12-28,S002,P0010,83,71.066376
2023-12-28,S003,P0008,77,100.149704
2023-12-29,S004,P0004,56,74.93239
2023-12-29,S004,P0018,32,29.80657
2023-12-29,S003,P0010,66,76.26049
2023-12-29,S005,P0004,37,54.391766
2023-12-29,S004,P0010,34,45.35424
2023-12-29,S002,P0014,57,60.47522
2023-12-29,S005,P0003,18,25.855362
2023-12-29,S002,P0003,89,86.57277
2023-12-29,S005,P0018,194,167.11365
2023-12-29,S001,P0013,28,33.130188
2023-12-29,S004,P0002,46,55.855003
2023-12-29,S003,P0009,92,77.74841
2023-12-29,S001,P0004,39,52.32793
2023-12-29,S004,P0003,20,25.46481
2023-12-29,S002,P0005,71,67.62392
2023-12-29,S005,P0005,87,85.58244
2023-12-29,S005,P0009,110,107.05502
2023-12-29,S004,P0009,107,100.30137
2023-12-29,S005,P0008,113,97.71208
2023-12-29,S001,P0006,13,25.83162
2023-12-29,S003,P0017,43,33.195374
2023-12-29,S002,P0008,115,95.95882
2023-12-29,S002,P0004,73,86.081955
2023-12-29,S004,P0020,44,34.768063
2023-12-29,S005,P0016,11,20.782461
2023-12-29,S003,P0004,57,65.176254
2023-12-29,S004,P0011,189,133.46194
2023-12-29,S001,P0002,253,189.69856
2023-12-29,S005,P0017,25,39.601788
2023-12-29,S003,P0020,122,104.870926
2023-12-29,S003,P0006,33,35.996826
2023-12-29,S001,P0017,34,28.447033
2023-12-29,S004,P0013,94,70.39011
2023-12-29,S002,P0013,124,91.31596
2023-12-29,S004,P0014,29,32.510647
2023-12-29,S003,P0019,69,57.593094
2023-12-29,S004,P0005,82,98.97148
2023-12-29,S004,P0008,22,24.917898
2023-12-29,S003,P0018,30,28.153671
2023-12-29,S003,P0005,29,23.277418
2023-12-29,S003,P0013,45,63.209694
2023-12-29,S002,P0018,126,111.583275
2023-12-29,S002,P0017,22,26.338135
2023-12-29,S004,P0007,26,64.70607
2023-12-29,S005,P0019,37,40.513035
2023-12-29,S001,P0010,20,35.58671
2023-12-29,S005,P0002,38,48.972355
2023-12-29,S005,P0012,51,45.38149
2023-12-29,S005,P0001,63,73.75404
2023-12-29,S004,P0001,70,57.26548
2023-12-29,S003,P0001,30,28.707518
2023-12-29,S002,P0012,46,45.37601
2023-12-29,S001,P0001,90,67.154915
2023-12-29,S001,P0020,37,37.97621
2023-12-29,S001,P0011,59,45.107258
2023-12-29,S002,P0001,63,85.12267
2023-12-29,S001,P0012,86,91.57315
2023-12-29,S005,P0011,4,44.677536
2023-12-29,S004,P0016,40,27.990168
2023-12-29,S002,P0007,16,28.179184
2023-12-29,S001,P0003,153,118.788574
2023-12-29,S004,P0017,108,104.65823
2023-12-29,S003,P0007,76,59.54025
2023-12-29,S003,P0011,96,72.24818
2023-12-29,S003,P0008,103,93.526825
2023-12-29,S005,P0014,34,41.835136
2023-12-29,S003,P0003,82,62.60476
2023-12-29,S003,P0012,29,26.49729
2023-12-29,S002,P0016,114,108.11971
2023-12-29,S001,P0007,91,86.92901
2023-12-29,S002,P0015,153,132.50087
2023-12-29,S002,P0019,149,143.84766
2023-12-29,S002,P0006,76,87.23024
2023-12-29,S004,P0019,98,91.40844
2023-12-29,S002,P0009,128,102.978264
2023-12-29,S004,P0006,63,67.311195
2023-12-29,S005,P0015,91,68.775734
2023-12-29,S005,P0006,55,67.0627
2023-12-29,S002,P0010,116,114.468285
2023-12-29,S002,P0002,33,35.788452
2023-12-29,S001,P0018,73,82.51189
2023-12-29,S003,P0015,94,91.3674
2023-12-29,S001,P0009,137,122.428604
2023-12-29,S001,P0015,41,27.978941
2023-12-29,S004,P0015,26,24.861263
2023-12-29,S005,P0007,86,96.78759
2023-12-29,S001,P0008,64,60.553864
2023-12-29,S005,P0013,92,104.91299
2023-12-29,S001,P0016,86,85.81757
2023-12-29,S001,P0014,127,116.27031
2023-12-29,S002,P0020,44,50.801296
2023-12-29,S003,P0014,69,74.254364
2023-12-29,S004,P0012,37,47.48453
2023-12-29,S003,P0016,63,55.266575
2023-12-29,S001,P0005,56,80.266525
2023-12-29,S002,P0011,84,103.57426
2023-12-29,S003,P0002,69,76.88307
2023-12-29,S005,P0010,51,72.191925
2023-12-29,S005,P0020,10,28.18246
2023-12-29,S001,P0019,28,36.497803
2023-12-30,S005,P0005,33,60.020214
2023-12-30,S001,P0002,97,97.74699
2023-12-30,S003,P0018,42,35.41469
2023-12-30,S004,P0015,27,31.269377
2023-12-30,S005,P0012,15,21.78547
2023-12-30,S005,P0004,51,58.272854
2023-12-30,S001,P0007,69,70.45374
2023-12-30,S004,P0009,40,90.16455
2023-12-30,S001,P0003,80,81.1827
2023-12-30,S001,P0006,21,27.563623
2023-12-30,S005,P0020,35,32.571774
2023-12-30,S003,P0001,47,31.571745
2023-12-30,S001,P0018,56,67.5129
2023-12-30,S002,P0012,50,45.498775
2023-12-30,S002,P0010,74,83.50056
2023-12-30,S003,P0015,118,109.086655
2023-12-30,S001,P0016,56,69.49847
2023-12-30,S002,P0004,90,85.37054
2023-12-30,S004,P0003,34,36.509296
2023-12-30,S004,P0011,102,94.92016
2023-12-30,S001,P0020,15,23.094145
2023-12-30,S003,P0017,10,22.633747
2023-12-30,S003,P0007,59,69.69882
2023-12-30,S004,P0006,89,80.89168
2023-12-30,S004,P0014,36,43.79738
2023-12-30,S002,P0011,65,76.22265
2023-12-30,S004,P0001,80,72.002266
2023-12-30,S004,P0020,50,41.83449
2023-12-30,S002,P0007,9,28.224028
2023-12-30,S001,P0013,13,27.210619
2023-12-30,S001,P0011,28,25.337708
2023-12-30,S002,P0003,14,55.04722
2023-12-30,S004,P0004,116,99.293
2023-12-30,S005,P0018,138,139.09758
2023-12-30,S004,P0007,105,103.42859
2023-12-30,S001,P0001,54,53.06156
2023-12-30,S004,P0019,147,122.16289
2023-12-30,S002,P0008,76,76.45205
2023-12-30,S003,P0004,72,79.10329
2023-12-30,S004,P0016,51,37.75776
2023-12-30,S002,P0006,157,129.75478
2023-12-30,S002,P0015,125,112.90156
2023-12-30,S005,P0014,33,32.749935
2023-12-30,S003,P0012,44,37.069794
2023-12-30,S001,P0012,28,56.938374
2023-12-30,S003,P0003,59,59.58351
2023-12-30,S005,P0011,40,43.575424
2023-12-30,S005,P0019,50,38.524265
2023-12-30,S003,P0016,40,56.47821
2023-12-30,S002,P0014,29,44.9951
2023-12-30,S001,P0017,24,25.900778
2023-12-30,S004,P0018,25,34.495804
2023-12-30,S003,P0014,86,89.26914
2023-12-30,S002,P0002,41,30.859016
2023-12-30,S004,P0005,134,124.19675
2023-12-30,S001,P0010,23,29.264357
2023-12-30,S005,P0016,35,22.4421
2023-12-30,S003,P0010,86,84.92709
2023-12-30,S002,P0017,22,22.205057
2023-12-30,S005,P0003,21,24.180553
2023-12-30,S005,P0008,54,63.40852
2023-12-30,S003,P0011,18,57.02604
2023-12-30,S003,P0020,204,136.07272
2023-12-30,S005,P0010,35,65.6188
2023-12-30,S005,P0006,49,67.33381
2023-12-30,S001,P0009,89,96.106766
2023-12-30,S002,P0019,97,109.79701
2023-12-30,S004,P0017,191,167.80005
2023-12-30,S002,P0001,58,84.59101
2023-12-30,S003,P0008,128,124.49083
2023-12-30,S003,P0009,76,69.17243
2023-12-30,S003,P0019,53,65.400795
2023-12-30,S002,P0018,136,117.6873
2023-12-30,S001,P0008,26,47.04918
2023-12-30,S001,P0005,76,69.62209
2023-12-30,S005,P0013,36,61.14501
2023-12-30,S004,P0012,56,55.63862
2023-12-30,S004,P0010,145,103.16738
2023-12-30,S005,P0002,44,50.215557
2023-12-30,S005,P0009,49,61.300335
2023-12-30,S002,P0005,47,53.436436
2023-12-30,S005,P0017,27,34.56164
2023-12-30,S001,P0015,38,24.656937
2023-12-30,S005,P0015,65,61.3493
2023-12-30,S004,P0013,62,79.09988
2023-12-30,S002,P0013,50,67.282455
2023-12-30,S004,P0008,38,38.443275
2023-12-30,S002,P0016,125,108.19682
2023-12-30,S003,P0006,26,34.822796
2023-12-30,S003,P0013,72,84.5069
2023-12-30,S001,P0004,42,49.971073
2023-12-30,S002,P0009,74,75.81539
2023-12-30,S004,P0002,69,76.79302
2023-12-30,S005,P0007,62,73.45211
2023-12-30,S001,P0019,49,31.383997
2023-12-30,S001,P0014,75,79.605225
2023-12-30,S002,P0020,50,40.141113
2023-12-30,S003,P0002,101,80.14009
2023-12-30,S005,P0001,37,50.17596
2023-12-30,S003,P0005,28,27.703346
2023-12-31,S002,P0014,80,67.92482
2023-12-31,S003,P0018,15,31.585243
2023-12-31,S002,P0008,47,48.054947
2023-12-31,S003,P0013,105,94.845276
2023-12-31,S004,P0015,25,27.1441
2023-12-31,S005,P0012,32,32.261616
2023-12-31,S002,P0009,35,63.86791
2023-12-31,S001,P0020,27,30.99908
2023-12-31,S003,P0004,67,83.71823
2023-12-31,S001,P0013,42,39.30875
2023-12-31,S001,P0014,78,85.31414
2023-12-31,S002,P0013,39,73.77194
2023-12-31,S004,P0013,47,62.950127
2023-12-31,S001,P0004,48,53.9653
2023-12-31,S005,P0018,197,156.41194
2023-12-31,S004,P0007,116,89.2755
2023-12-31,S005,P0017,14,36.296265
2023-12-31,S001,P0002,141,146.23706
2023-12-31,S005,P0011,42,51.073837
2023-12-31,S001,P0019,47,39.14407
2023-12-31,S003,P0019,135,106.44851
2023-12-31,S003,P0017,51,41.70329
2023-12-31,S004,P0008,30,26.93369
2023-12-31,S001,P0001,60,53.991127
2023-12-31,S001,P0016,68,67.16785
2023-12-31,S002,P0011,75,78.30745
2023-12-31,S002,P0016,62,100.71883
2023-12-31,S001,P0010,58,43.660877
2023-12-31,S002,P0018,48,75.416794
2023-12-31,S002,P0012,30,41.320465
2023-12-31,S002,P0010,94,104.78582
2023-12-31,S002,P0001,137,118.46098
2023-12-31,S001,P0009,146,126.41862
2023-12-31,S001,P0018,55,71.46463
2023-12-31,S005,P0009,65,78.49077
2023-12-31,S003,P0015,75,92.90914
2023-12-31,S004,P0014,27,31.319195
2023-12-31,S004,P0010,31,33.41703
2023-12-31,S001,P0017,34,26.981268
2023-12-31,S005,P0010,44,73.26026
2023-12-31,S003,P0016,99,74.48771
2023-12-31,S003,P0010,95,90.187965
2023-12-31,S002,P0017,27,32.185753
2023-12-31,S003,P0020,106,113.49446
2023-12-31,S004,P0017,143,133.63368
2023-12-31,S005,P0008,101,90.18086
2023-12-31,S004,P0011,120,100.23371
2023-12-31,S005,P0003,49,33.510456
2023-12-31,S004,P0005,71,86.08311
2023-12-31,S003,P0009,68,76.437035
2023-12-31,S003,P0011,31,57.966824
2023-12-31,S005,P0005,59,70.89186
2023-12-31,S002,P0006,121,129.9899
2023-12-31,S005,P0007,69,81.39849
2023-12-31,S004,P0002,50,67.43637
2023-12-31,S004,P0020,47,34.79438
2023-12-31,S002,P0002,39,33.14326
2023-12-31,S005,P0016,25,25.634089
2023-12-31,S002,P0003,34,68.62698
2023-12-31,S003,P0006,49,35.019897
2023-12-31,S003,P0001,11,23.673996
2023-12-31,S003,P0007,25,73.78205
2023-12-31,S005,P0019,37,35.186005
2023-12-31,S005,P0002,66,51.377224
2023-12-31,S001,P0007,81,77.072044
2023-12-31,S002,P0019,109,122.39545
2023-12-31,S004,P0003,6,27.190187
2023-12-31,S004,P0019,137,119.51625
2023-12-31,S005,P0014,59,49.787148
2023-12-31,S002,P0004,69,85.076164
2023-12-31,S004,P0018,40,31.449839
2023-12-31,S005,P0013,89,88.28596
2023-12-31,S004,P0009,143,133.95595
2023-12-31,S004,P0001,82,59.983128
2023-12-31,S001,P0008,52,52.130257
2023-12-31,S003,P0003,66,62.58225
2023-12-31,S003,P0008,178,177.09862
2023-12-31,S002,P0020,26,38.422287
2023-12-31,S001,P0015,63,34.24893
2023-12-31,S001,P0011,25,31.43303
2023-12-31,S003,P0005,17,27.937155
2023-12-31,S005,P0015,64,71.65801
2023-12-31,S004,P0016,44,28.421953
2023-12-31,S004,P0006,56,72.409325
2023-12-31,S004,P0012,49,52.58584
2023-12-31,S005,P0020,18,32.10201
2023-12-31,S002,P0015,165,130.32695
2023-12-31,S003,P0012,37,36.51292
2023-12-31,S002,P0007,30,31.741032
2023-12-31,S001,P0012,43,69.629074
2023-12-31,S003,P0014,73,76.39828
2023-12-31,S005,P0006,43,61.642464
2023-12-31,S001,P0005,38,71.69242
2023-12-31,S002,P0005,44,55.654533
2023-12-31,S001,P0006,44,29.731428
2023-12-31,S005,P0001,82,78.63081
2023-12-31,S004,P0004,59,67.95472
2023-12-31,S005,P0004,101,84.59208
2023-12-31,S001,P0003,4,81.163956
2023-12-31,S003,P0002,53,93.70302
2024-01-01,S002,P0002,48,32.97942
2024-01-01,S005,P0006,74,74.59894
2024-01-01,S002,P0016,134,119.16337
2024-01-01,S001,P0010,64,45.693356
2024-01-01,S003,P0019,99,82.39297
2024-01-01,S003,P0011,53,64.4964
2024-01-01,S002,P0019,151,129.10497
2024-01-01,S004,P0019,161,138.52043
2024-01-01,S004,P0005,141,134.99397
2024-01-01,S001,P0007,98,91.50884
2024-01-01,S005,P0014,62,60.619633
2024-01-01,S001,P0003,104,105.81511
2024-01-01,S004,P0014,64,49.006016
2024-01-01,S001,P0001,62,53.56248
2024-01-01,S001,P0011,31,34.192513
2024-01-01,S005,P0016,22,20.02412
2024-01-01,S004,P0016,30,30.569283
2024-01-01,S004,P0006,129,90.79642
2024-01-01,S003,P0010,94,110.76642
2024-01-01,S002,P0006,83,82.42797
2024-01-01,S004,P0017,119,125.77206
2024-01-01,S002,P0007,36,33.2959
2024-01-01,S005,P0008,28,76.52537
2024-01-01,S002,P0017,13,21.424051
2024-01-01,S003,P0008,38,89.90812
2024-01-01,S005,P0010,100,88.62295
2024-01-01,S001,P0008,27,44.399254
2024-01-01,S001,P0020,25,30.350443
2024-01-01,S005,P0012,19,23.578505
2024-01-01,S003,P0004,59,63.245255
2024-01-01,S003,P0020,56,85.05883
2024-01-01,S004,P0001,31,58.381554
2024-01-01,S002,P0008,52,59.330273
2024-01-01,S002,P0001,51,79.561615
2024-01-01,S002,P0014,61,65.72755
2024-01-01,S004,P0015,53,42.589066
2024-01-01,S001,P0013,21,29.678972
2024-01-01,S003,P0007,78,78.18953
2024-01-01,S004,P0004,101,90.11659
2024-01-01,S001,P0009,76,97.112816
2024-01-01,S005,P0018,172,176.99072
2024-01-01,S004,P0020,66,44.77584
2024-01-01,S004,P0007,42,94.58434
2024-01-01,S003,P0009,86,71.54274
2024-01-01,S002,P0018,138,133.85632
2024-01-01,S005,P0020,16,24.981546
2024-01-01,S005,P0011,40,53.537766
2024-01-01,S002,P0003,91,72.92393
2024-01-01,S002,P0015,121,115.07215
2024-01-01,S003,P0012,23,30.43893
2024-01-01,S001,P0012,15,52.841595
2024-01-01,S002,P0012,31,39.004826
2024-01-01,S005,P0009,90,85.99048
2024-01-01,S004,P0009,121,137.87007
2024-01-01,S001,P0018,101,96.929184
2024-01-01,S001,P0019,6,27.365013
2024-01-01,S003,P0017,16,27.333662
2024-01-01,S002,P0009,89,80.98397
2024-01-01,S003,P0016,49,54.38735
2024-01-01,S004,P0010,153,117.79005
2024-01-01,S002,P0013,99,73.60357
2024-01-01,S005,P0005,110,74.5314
2024-01-01,S003,P0006,57,36.62568
2024-01-01,S001,P0017,13,26.06425
2024-01-01,S005,P0013,38,59.595432
2024-01-01,S003,P0018,26,44.514675
2024-01-01,S003,P0001,31,31.77387
2024-01-01,S005,P0002,57,63.881653
2024-01-01,S005,P0017,33,34.097393
2024-01-01,S003,P0013,67,66.20618
2024-01-01,S005,P0004,67,69.13653
2024-01-01,S001,P0002,105,120.25365
2024-01-01,S001,P0004,19,42.1093
2024-01-01,S002,P0011,129,96.098724
2024-01-01,S001,P0015,12,42.306652
2024-01-01,S004,P0013,116,84.1761
2024-01-01,S001,P0006,16,19.218458
2024-01-01,S002,P0005,55,53.613728
2024-01-01,S005,P0003,19,25.406347
2024-01-01,S003,P0003,62,58.847668
2024-01-01,S004,P0018,71,50.53135
2024-01-01,S004,P0003,24,35.811123
2024-01-01,S004,P0008,49,37.21264
2024-01-01,S005,P0007,116,105.09098
2024-01-01,S001,P0014,53,61.56587
2024-01-01,S003,P0002,115,98.02026
2024-01-01,S002,P0004,75,75.14252
2024-01-01,S001,P0016,79,74.00082
2024-01-01,S004,P0011,110,90.91031
2024-01-01,S004,P0012,74,60.835075
2024-01-01,S002,P0020,55,40.87369
2024-01-01,S003,P0015,58,104.62551
2024-01-01,S005,P0019,40,36.090694
2024-01-01,S004,P0002,115,92.54741
2024-01-01,S005,P0001,106,76.92236
2024-01-01,S005,P0015,164,115.93684
2024-01-01,S002,P0010,90,102.21746
2024-01-01,S003,P0005,26,23.720736
2024-01-01,S001,P0005,54,59.068275
2024-01-01,S003,P0014,115,99.60381
2024-01-02,S001,P0002,172,174.07298
2024-01-02,S005,P0014,34,28.527557
2024-01-02,S004,P0002,94,77.01705
2024-01-02,S005,P0016,14,14.997979
2024-01-02,S003,P0008,120,125.30857
2024-01-02,S002,P0019,127,131.5478
2024-01-02,S005,P0006,37,93.31817
2024-01-02,S003,P0007,80,65.32678
2024-01-02,S002,P0005,54,67.74436
2024-01-02,S002,P0015,185,134.70747
2024-01-02,S002,P0003,127,100.594376
2024-01-02,S003,P0020,122,132.39896
2024-01-02,S002,P0012,76,46.564022
2024-01-02,S005,P0015,105,79.07502
2024-01-02,S002,P0013,63,83.89786
2024-01-02,S003,P0018,21,26.37492
2024-01-02,S002,P0018,205,115.13984
2024-01-02,S003,P0009,59,69.19354
2024-01-02,S002,P0006,201,190.32544
2024-01-02,S002,P0010,93,89.11516
2024-01-02,S005,P0005,75,80.14292
2024-01-02,S003,P0005,19,26.60136
2024-01-02,S005,P0012,22,26.661072
2024-01-02,S005,P0011,71,48.20431
2024-01-02,S002,P0009,116,108.37944
2024-01-02,S001,P0006,79,48.776012
2024-01-02,S003,P0011,57,54.005714
2024-01-02,S002,P0011,77,78.9676
2024-01-02,S002,P0016,127,126.11902
2024-01-02,S002,P0020,44,46.070736
2024-01-02,S003,P0016,65,48.901398
2024-01-02,S003,P0001,42,30.828363
2024-01-02,S003,P0014,128,113.15635
2024-01-02,S003,P0006,41,28.685246
2024-01-02,S003,P0015,18,63.08979
2024-01-02,S005,P0013,84,86.59505
2024-01-02,S003,P0010,52,72.21444
2024-01-02,S002,P0017,17,20.900614
2024-01-02,S005,P0020,53,34.72268
2024-01-02,S003,P0019,29,50.1538
2024-01-02,S002,P0007,32,29.350544
2024-01-02,S002,P0008,58,74.57081
2024-01-02,S003,P0013,82,80.84974
2024-01-02,S001,P0001,31,48.11683
2024-01-02,S004,P0001,101,87.158066
2024-01-02,S003,P0012,28,25.994856
2024-01-02,S002,P0014,43,45.722965
2024-01-02,S005,P0007,60,75.08651
2024-01-02,S004,P0016,51,36.39557
2024-01-02,S003,P0017,27,22.947033
2024-01-02,S004,P0003,58,42.204624
2024-01-02,S005,P0019,32,32.86207
2024-01-02,S004,P0007,46,80.54157
2024-01-02,S001,P0004,46,41.340923
2024-01-02,S001,P0010,34,32.36065
2024-01-02,S004,P0014,15,33.21963
2024-01-02,S001,P0005,126,97.97744
2024-01-02,S004,P0010,89,80.32041
2024-01-02,S001,P0016,65,61.859486
2024-01-02,S005,P0003,23,25.847574
2024-01-02,S002,P0004,94,80.577995
2024-01-02,S004,P0020,49,46.64787
2024-01-02,S001,P0009,213,192.58438
2024-01-02,S004,P0011,108,101.96296
2024-01-02,S001,P0008,41,45.14311
2024-01-02,S005,P0010,30,68.16303
2024-01-02,S002,P0002,52,33.625217
2024-01-02,S005,P0004,81,78.01055
2024-01-02,S004,P0005,204,179.92058
2024-01-02,S002,P0001,75,80.94594
2024-01-02,S005,P0008,75,78.43747
2024-01-02,S005,P0002,86,56.131035
2024-01-02,S004,P0018,34,33.406673
2024-01-02,S001,P0017,31,26.094234
2024-01-02,S003,P0003,34,49.1524
2024-01-02,S003,P0002,68,67.01062
2024-01-02,S005,P0018,128,120.62258
2024-01-02,S004,P0012,67,69.07441
2024-01-02,S001,P0003,126,109.9963
2024-01-02,S004,P0006,63,99.3039
2024-01-02,S005,P0001,59,65.3832
2024-01-02,S001,P0011,39,36.471256
2024-01-02,S005,P0009,77,85.81066
2024-01-02,S005,P0017,16,32.92363
2024-01-02,S004,P0019,59,79.71247
2024-01-02,S001,P0015,18,21.37281
2024-01-02,S004,P0009,166,164.07695
2024-01-02,S001,P0018,97,79.987465
2024-01-02,S001,P0007,83,70.49532
2024-01-02,S001,P0014,104,86.22955
2024-01-02,S001,P0012,50,59.852955
2024-01-02,S004,P0015,21,29.237503
2024-01-02,S001,P0019,30,32.85606
2024-01-02,S004,P0008,18,29.59445
2024-01-02,S001,P0020,38,33.183956
2024-01-02,S003,P0004,112,76.28042
2024-01-02,S004,P0004,33,86.26829
2024-01-02,S001,P0013,16,30.678432
2024-01-02,S004,P0013,105,96.83188
2024-01-02,S004,P0017,123,137.28967
2024-01-03,S002,P0015,139,148.13475
2024-01-03,S003,P0020,58,79.74951
2024-01-03,S004,P0007,75,91.88056
2024-01-03,S004,P0018,36,32.969837
2024-01-03,S003,P0003,82,53.93068
2024-01-03,S001,P0013,47,33.254715
2024-01-03,S002,P0019,105,114.49945
2024-01-03,S001,P0019,29,34.824333
2024-01-03,S004,P0016,26,25.530243
2024-01-03,S005,P0010,66,63.59095
2024-01-03,S002,P0014,47,43.877056
2024-01-03,S001,P0002,156,175.24095
2024-01-03,S001,P0008,69,58.11224
2024-01-03,S005,P0017,28,35.715622
2024-01-03,S004,P0015,26,36.954887
2024-01-03,S003,P0008,115,123.584854
2024-01-03,S003,P0005,57,36.56123
2024-01-03,S005,P0012,18,25.826216
2024-01-03,S005,P0006,149,98.62786
2024-01-03,S005,P0016,37,24.24879
2024-01-03,S002,P0002,7,32.198563
2024-01-03,S005,P0004,100,76.69624
2024-01-03,S001,P0012,113,83.248276
2024-01-03,S003,P0006,27,32.895866
2024-01-03,S005,P0013,100,84.645424
2024-01-03,S002,P0011,135,126.755135
2024-01-03,S004,P0019,155,123.32763
2024-01-03,S004,P0011,151,115.83012
2024-01-03,S001,P0016,85,74.7054
2024-01-03,S005,P0005,71,74.69857
2024-01-03,S004,P0003,16,27.430506
2024-01-03,S001,P0006,22,38.202923
2024-01-03,S001,P0015,33,33.929768
2024-01-03,S004,P0010,77,69.418144
2024-01-03,S005,P0009,26,54.031776
2024-01-03,S005,P0002,43,60.15743
2024-01-03,S005,P0015,69,96.03735
2024-01-03,S001,P0017,34,29.384388
2024-01-03,S004,P0012,80,53.935154
2024-01-03,S002,P0004,86,75.769875
2024-01-03,S001,P0005,79,90.098015
2024-01-03,S005,P0001,71,79.58817
2024-01-03,S004,P0002,104,83.14237
2024-01-03,S002,P0005,97,69.64705
2024-01-03,S003,P0015,78,92.38257
2024-01-03,S002,P0010,62,72.122765
2024-01-03,S002,P0020,40,38.00665
2024-01-03,S003,P0016,38,46.9257
2024-01-03,S002,P0012,59,38.937954
2024-01-03,S005,P0007,88,88.64173
2024-01-03,S005,P0020,25,28.682045
2024-01-03,S004,P0005,160,141.49254
2024-01-03,S003,P0002,141,93.580666
2024-01-03,S004,P0004,69,73.707664
2024-01-03,S002,P0003,119,100.26322
2024-01-03,S004,P0013,87,67.8314
2024-01-03,S003,P0007,48,72.01065
2024-01-03,S001,P0004,38,39.68013
2024-01-03,S004,P0001,90,83.08779
2024-01-03,S004,P0014,57,41.2631
2024-01-03,S003,P0004,85,70.30038
2024-01-03,S001,P0014,78,75.159775
2024-01-03,S004,P0009,115,104.574196
2024-01-03,S003,P0001,22,32.86382
2024-01-03,S005,P0014,33,34.6398
2024-01-03,S003,P0017,27,25.98403
2024-01-03,S005,P0019,17,28.207281
2024-01-03,S001,P0018,78,74.706635
2024-01-03,S004,P0008,51,32.46033
2024-01-03,S001,P0007,61,87.90388
2024-01-03,S005,P0018,83,78.89381
2024-01-03,S002,P0009,80,73.07254
2024-01-03,S002,P0018,150,120.16068
2024-01-03,S002,P0013,72,68.00922
2024-01-03,S003,P0013,36,54.988674
2024-01-03,S004,P0020,33,30.293602
2024-01-03,S003,P0014,64,66.41834
2024-01-03,S003,P0019,93,73.697075
2024-01-03,S002,P0006,128,118.905685
2024-01-03,S005,P0003,39,28.171268
2024-01-03,S001,P0010,31,33.786526
2024-01-03,S003,P0010,58,77.82815
2024-01-03,S002,P0017,12,23.73468
2024-01-03,S004,P0006,71,85.0592
2024-01-03,S004,P0017,117,115.27373
2024-01-03,S002,P0007,61,37.41488
2024-01-03,S005,P0011,43,56.305626
2024-01-03,S003,P0009,73,59.950203
2024-01-03,S001,P0003,175,150.50703
2024-01-03,S001,P0020,28,31.878931
2024-01-03,S002,P0001,113,100.03844
2024-01-03,S002,P0008,81,79.5623
2024-01-03,S002,P0016,92,97.93691
2024-01-03,S003,P0011,40,59.059944
2024-01-03,S001,P0009,93,107.93169
2024-01-03,S001,P0001,52,66.67012
2024-01-03,S001,P0011,23,32.736168
2024-01-03,S003,P0012,35,31.468664
2024-01-03,S005,P0008,172,107.04034
2024-01-03,S003,P0018,50,34.267246
2024-01-04,S003,P0013,85,74.046135
2024-01-04,S003,P0001,36,34.482105
2024-01-04,S003,P0007,28,76.089645
2024-01-04,S002,P0009,44,66.52875
2024-01-04,S004,P0013,45,57.851315
2024-01-04,S002,P0020,37,39.05415
2024-01-04,S004,P0012,45,51.663307
2024-01-04,S004,P0001,124,87.99269
2024-01-04,S002,P0019,164,138.72487
2024-01-04,S003,P0014,101,83.89277
2024-01-04,S003,P0012,22,29.745893
2024-01-04,S002,P0018,47,77.96417
2024-01-04,S002,P0011,44,76.27412
2024-01-04,S001,P0009,146,134.90845
2024-01-04,S003,P0016,92,60.471703
2024-01-04,S003,P0011,67,63.681076
2024-01-04,S003,P0009,49,61.420082
2024-01-04,S005,P0013,64,68.6733
2024-01-04,S001,P0011,46,34.959103
2024-01-04,S001,P0017,5,23.393671
2024-01-04,S003,P0020,116,105.95074
2024-01-04,S004,P0014,42,42.165703
2024-01-04,S004,P0005,81,103.34364
2024-01-04,S004,P0020,19,29.997253
2024-01-04,S003,P0003,28,53.164333
2024-01-04,S001,P0014,39,42.419968
2024-01-04,S004,P0016,35,32.71586
2024-01-04,S002,P0006,205,191.7499
2024-01-04,S004,P0004,76,73.351715
2024-01-04,S005,P0019,7,24.728453
2024-01-04,S003,P0005,50,30.65271
2024-01-04,S005,P0014,33,30.590582
2024-01-04,S002,P0013,109,83.81893
2024-01-04,S002,P0010,89,99.809074
2024-01-04,S003,P0002,69,71.074005
2024-01-04,S003,P0004,31,60.5548
2024-01-04,S003,P0006,42,36.983486
2024-01-04,S001,P0018,41,82.877396
2024-01-04,S005,P0001,90,79.72779
2024-01-04,S005,P0005,99,71.768524
2024-01-04,S004,P0009,116,115.09773
2024-01-04,S001,P0019,38,34.35729
2024-01-04,S005,P0003,28,23.95139
2024-01-04,S002,P0003,93,88.24125
2024-01-04,S005,P0020,10,24.396227
2024-01-04,S005,P0004,30,58.47773
2024-01-04,S003,P0017,13,23.90839
2024-01-04,S001,P0004,13,32.443398
2024-01-04,S005,P0015,75,63.198273
2024-01-04,S004,P0018,32,39.288258
2024-01-04,S004,P0006,113,97.68181
2024-01-04,S005,P0018,168,153.7298
2024-01-04,S002,P0014,51,50.607246
2024-01-04,S004,P0010,118,97.10153
2024-01-04,S005,P0006,122,90.80298
2024-01-04,S004,P0019,87,94.98544
2024-01-04,S001,P0006,26,32.403835
2024-01-04,S005,P0009,72,77.32317
2024-01-04,S005,P0012,38,33.768272
2024-01-04,S001,P0013,23,29.773968
2024-01-04,S002,P0005,39,55.25836
2024-01-04,S003,P0018,42,38.97071
2024-01-04,S002,P0002,29,26.375555
2024-01-04,S004,P0003,30,35.164185
2024-01-04,S001,P0015,10,25.35033
2024-01-04,S004,P0002,56,68.02882
2024-01-04,S004,P0015,23,32.166637
2024-01-04,S001,P0007,105,85.84858
2024-01-04,S002,P0004,52,83.18444
2024-01-04,S001,P0012,40,57.146793
2024-01-04,S004,P0008,34,34.681034
2024-01-04,S001,P0002,115,120.85845
2024-01-04,S001,P0008,91,65.15485
2024-01-04,S001,P0005,56,57.555153
2024-01-04,S005,P0016,40,22.056938
2024-01-04,S003,P0008,121,135.42067
2024-01-04,S005,P0017,17,29.53867
2024-01-04,S001,P0001,47,61.289574
2024-01-04,S005,P0010,113,80.56312
2024-01-04,S002,P0015,154,136.82925
2024-01-04,S002,P0016,107,113.26041
2024-01-04,S002,P0008,64,81.63984
2024-01-04,S002,P0001,67,97.10613
2024-01-04,S005,P0008,88,90.16707
2024-01-04,S005,P0007,111,98.288635
2024-01-04,S004,P0007,88,92.343956
2024-01-04,S003,P0010,45,87.626366
2024-01-04,S004,P0011,114,112.09152
2024-01-04,S002,P0017,15,24.631388
2024-01-04,S001,P0010,37,36.59959
2024-01-04,S001,P0003,78,86.28079
2024-01-04,S004,P0017,150,139.47795
2024-01-04,S001,P0016,58,58.78431
2024-01-04,S002,P0007,62,45.60136
2024-01-04,S003,P0015,69,73.513504
2024-01-04,S003,P0019,45,53.222122
2024-01-04,S001,P0020,18,28.592447
2024-01-04,S005,P0002,59,43.96684
2024-01-04,S005,P0011,57,54.79908
2024-01-04,S002,P0012,26,42.609608
2024-01-05,S001,P0004,55,47.411922
2024-01-05,S001,P0013,16,33.455536
2024-01-05,S001,P0015,73,38.61526
2024-01-05,S003,P0004,96,80.917786
2024-01-05,S001,P0006,15,25.524965
2024-01-05,S003,P0002,60,74.74064
2024-01-05,S004,P0014,43,48.216576
2024-01-05,S004,P0010,123,115.1015
2024-01-05,S002,P0019,130,142.59175
2024-01-05,S005,P0003,27,31.40768
2024-01-05,S003,P0018,71,52.52138
2024-01-05,S003,P0007,64,71.13933
2024-01-05,S005,P0004,116,85.77753
2024-01-05,S003,P0008,212,208.33235
2024-01-05,S005,P0012,49,38.606377
2024-01-05,S001,P0019,41,45.046844
2024-01-05,S004,P0013,114,94.53858
2024-01-05,S004,P0015,23,31.66418
2024-01-05,S005,P0016,14,20.903473
2024-01-05,S004,P0019,121,110.5509
2024-01-05,S001,P0001,71,54.074883
2024-01-05,S002,P0005,75,65.9816
2024-01-05,S002,P0002,30,26.303772
2024-01-05,S002,P0004,72,77.951385
2024-01-05,S002,P0009,66,70.3925
2024-01-05,S005,P0015,103,81.430336
2024-01-05,S001,P0018,105,102.414024
2024-01-05,S005,P0005,69,84.75579
2024-01-05,S003,P0005,30,35.015373
2024-01-05,S002,P0015,133,122.36484
2024-01-05,S005,P0009,62,75.00545
2024-01-05,S004,P0008,37,42.785072
2024-01-05,S003,P0020,248,167.1151
2024-01-05,S001,P0008,69,69.551674
2024-01-05,S001,P0012,63,64.59421
2024-01-05,S003,P0003,56,72.29172
2024-01-05,S001,P0007,79,81.39442
2024-01-05,S001,P0002,62,95.55752
2024-01-05,S005,P0010,47,103.7626
2024-01-05,S005,P0018,217,198.44894
2024-01-05,S004,P0002,54,74.53615
2024-01-05,S004,P0004,74,80.218155
2024-01-05,S002,P0012,51,39.27357
2024-01-05,S005,P0006,80,80.451904
2024-01-05,S005,P0017,18,40.54713
2024-01-05,S004,P0003,73,58.71605
2024-01-05,S002,P0014,38,47.502853
2024-01-05,S002,P0013,84,75.007034
2024-01-05,S002,P0011,106,110.08546
2024-01-05,S005,P0014,52,47.785103
2024-01-05,S002,P0008,114,94.298706
2024-01-05,S005,P0007,70,80.91036
2024-01-05,S004,P0009,188,176.7807
2024-01-05,S002,P0001,38,72.75476
2024-01-05,S001,P0011,63,49.764824
2024-01-05,S005,P0001,110,88.44618
2024-01-05,S002,P0006,136,149.6233
2024-01-05,S001,P0005,96,96.49548
2024-01-05,S002,P0018,99,111.217255
2024-01-05,S003,P0013,95,102.994
2024-01-05,S004,P0018,36,47.67135
2024-01-05,S001,P0010,57,49.349384
2024-01-05,S001,P0017,9,38.661957
2024-01-05,S004,P0001,39,68.23723
2024-01-05,S003,P0017,15,28.053955
2024-01-05,S003,P0009,69,69.74399
2024-01-05,S004,P0016,29,31.956879
2024-01-05,S005,P0013,92,106.243355
2024-01-05,S001,P0009,50,104.205414
2024-01-05,S003,P0016,75,61.814224
2024-01-05,S003,P0014,135,121.16539
2024-01-05,S003,P0011,48,69.51174
2024-01-05,S002,P0016,117,105.91812
2024-01-05,S003,P0012,46,38.714165
2024-01-05,S002,P0007,9,22.106653
2024-01-05,S002,P0020,33,38.031403
2024-01-05,S002,P0010,130,108.3573
2024-01-05,S003,P0010,193,104.247665
2024-01-05,S004,P0007,50,84.35755
2024-01-05,S004,P0020,38,43.28347
2024-01-05,S001,P0014,111,100.74601
2024-01-05,S005,P0008,81,100.49417
2024-01-05,S005,P0011,74,73.6619
2024-01-05,S003,P0006,26,31.989166
2024-01-05,S001,P0020,65,50.515385
2024-01-05,S003,P0019,94,96.82453
2024-01-05,S003,P0015,61,75.48822
2024-01-05,S003,P0001,34,36.849304
2024-01-05,S005,P0002,82,56.274715
2024-01-05,S004,P0011,206,184.03896
2024-01-05,S002,P0003,89,76.040215
2024-01-05,S005,P0019,25,42.586983
2024-01-05,S002,P0017,17,32.05526
2024-01-05,S004,P0006,33,80.03646
2024-01-05,S001,P0016,57,71.166504
2024-01-05,S005,P0020,39,34.438236
2024-01-05,S004,P0017,193,184.36859
2024-01-05,S004,P0005,128,147.39543
2024-01-05,S004,P0012,65,56.838795
2024-01-05,S001,P0003,161,123.15969
2024-01-06,S004,P0019,139,120.163536
2024-01-06,S002,P0005,42,50.930542
2024-01-06,S003,P0006,7,19.758387
2024-01-06,S003,P0008,189,176.4838
2024-01-06,S002,P0019,88,106.94037
2024-01-06,S003,P0019,84,71.137924
2024-01-06,S002,P0002,38,33.921124
2024-01-06,S005,P0010,124,76.375534
2024-01-06,S003,P0020,98,132.01825
2024-01-06,S005,P0001,58,80.352036
2024-01-06,S005,P0012,46,34.480133
2024-01-06,S004,P0005,113,126.439445
2024-01-06,S005,P0020,59,39.51368
2024-01-06,S002,P0004,32,76.609856
2024-01-06,S005,P0002,42,49.77714
2024-01-06,S002,P0006,102,95.005455
2024-01-06,S004,P0002,50,67.61427
2024-01-06,S005,P0007,80,76.891304
2024-01-06,S003,P0012,35,34.83276
2024-01-06,S001,P0015,46,25.011427
2024-01-06,S005,P0008,87,78.83628
2024-01-06,S001,P0009,132,139.90689
2024-01-06,S001,P0005,145,86.26328
2024-01-06,S001,P0007,55,68.23067
2024-01-06,S001,P0008,34,44.976315
2024-01-06,S004,P0013,67,75.76724
2024-01-06,S002,P0017,26,25.157906
2024-01-06,S003,P0001,95,53.949894
2024-01-06,S004,P0004,82,83.526985
2024-01-06,S003,P0003,93,64.519295
2024-01-06,S004,P0018,24,30.821083
2024-01-06,S004,P0020,49,46.092896
2024-01-06,S005,P0016,30,25.025633
2024-01-06,S003,P0009,57,72.10616
2024-01-06,S005,P0014,28,31.557163
2024-01-06,S003,P0010,75,85.70865
2024-01-06,S002,P0007,67,34.612778
2024-01-06,S002,P0018,180,119.091995
2024-01-06,S002,P0003,94,80.5164
2024-01-06,S003,P0002,83,76.57688
2024-01-06,S003,P0007,92,65.50888
2024-01-06,S001,P0006,24,27.75041
2024-01-06,S005,P0019,42,36.883865
2024-01-06,S005,P0006,90,75.0802
2024-01-06,S004,P0003,32,46.457085
2024-01-06,S002,P0001,104,91.76541
2024-01-06,S002,P0020,49,44.18002
2024-01-06,S005,P0013,77,76.95106
2024-01-06,S004,P0001,80,94.41876
2024-01-06,S004,P0006,103,84.3279
2024-01-06,S003,P0011,108,74.18206
2024-01-06,S002,P0008,68,64.8122
2024-01-06,S005,P0017,8,27.913668
2024-01-06,S001,P0020,25,35.238277
2024-01-06,S002,P0011,99,101.81258
2024-01-06,S002,P0015,31,56.60041
2024-01-06,S001,P0013,34,29.303143
2024-01-06,S001,P0019,28,29.992588
2024-01-06,S004,P0011,209,179.14532
2024-01-06,S001,P0018,70,73.94751
2024-01-06,S002,P0010,81,84.35752
2024-01-06,S004,P0009,195,198.64432
2024-01-06,S004,P0008,28,32.17112
2024-01-06,S004,P0012,49,55.994278
2024-01-06,S003,P0018,45,32.115513
2024-01-06,S001,P0010,24,30.486296
2024-01-06,S001,P0003,188,149.7993
2024-01-06,S003,P0005,38,27.643412
2024-01-06,S004,P0017,102,117.054276
2024-01-06,S005,P0018,155,140.33061
2024-01-06,S005,P0005,45,64.257935
2024-01-06,S005,P0003,71,39.345337
2024-01-06,S003,P0015,41,63.771084
2024-01-06,S003,P0017,34,32.04423
2024-01-06,S003,P0013,90,80.18376
2024-01-06,S001,P0016,88,71.63601
2024-01-06,S005,P0015,71,67.06262
2024-01-06,S005,P0009,100,96.5529
2024-01-06,S001,P0004,19,36.85278
2024-01-06,S004,P0010,76,80.23802
2024-01-06,S003,P0004,110,80.00558
2024-01-06,S001,P0001,52,59.27099
2024-01-06,S002,P0016,129,112.51843
2024-01-06,S004,P0014,51,47.608692
2024-01-06,S001,P0014,65,68.5206
2024-01-06,S002,P0014,49,44.649822
2024-01-06,S002,P0009,92,86.216736
2024-01-06,S005,P0004,81,77.31771
2024-01-06,S005,P0011,30,50.885494
2024-01-06,S001,P0011,35,41.587414
2024-01-06,S004,P0015,42,36.306328
2024-01-06,S003,P0016,64,58.920425
2024-01-06,S002,P0013,80,72.48423
2024-01-06,S001,P0012,122,84.062836
2024-01-06,S004,P0016,35,33.433697
2024-01-06,S001,P0017,11,24.891663
2024-01-06,S002,P0012,75,46.725643
2024-01-06,S003,P0014,62,64.23047
2024-01-06,S004,P0007,72,86.20962
2024-01-06,S001,P0002,157,153.4991
2024-01-07,S002,P0001,61,75.57272
2024-01-07,S002,P0011,99,97.67762
2024-01-07,S001,P0020,15,25.956682
2024-01-07,S003,P0019,86,67.85034
2024-01-07,S004,P0004,90,75.22836
2024-01-07,S004,P0002,86,84.03635
2024-01-07,S005,P0011,33,40.224743
2024-01-07,S005,P0013,63,76.43759
2024-01-07,S002,P0016,134,152.57295
2024-01-07,S003,P0016,19,62.24084
2024-01-07,S002,P0008,104,85.396416
2024-01-07,S004,P0006,63,73.31098
2024-01-07,S001,P0017,18,25.695477
2024-01-07,S005,P0009,62,60.037846
2024-01-07,S003,P0002,39,93.03043
2024-01-07,S005,P0012,61,43.07162
2024-01-07,S005,P0015,66,90.284966
2024-01-07,S005,P0019,37,38.057846
2024-01-07,S001,P0013,28,37.302235
2024-01-07,S002,P0010,189,167.8936
2024-01-07,S004,P0019,161,150.9447
2024-01-07,S003,P0013,140,99.290215
2024-01-07,S003,P0003,34,52.458584
2024-01-07,S001,P0009,153,132.1753
2024-01-07,S002,P0002,25,43.248898
2024-01-07,S004,P0017,106,115.99925
2024-01-07,S001,P0011,18,27.76381
2024-01-07,S002,P0004,105,81.767365
2024-01-07,S003,P0009,40,52.84932
2024-01-07,S003,P0011,54,55.931984
2024-01-07,S002,P0018,100,115.60273
2024-01-07,S002,P0012,18,65.63414
2024-01-07,S001,P0003,108,105.47816
2024-01-07,S005,P0008,90,71.0794
2024-01-07,S001,P0004,49,42.165085
2024-01-07,S004,P0005,110,115.45267
2024-01-07,S003,P0007,79,67.29198
2024-01-07,S003,P0010,68,97.557014
2024-01-07,S002,P0007,49,35.105747
2024-01-07,S001,P0010,43,35.325718
2024-01-07,S004,P0013,89,81.94482
2024-01-07,S005,P0003,14,22.637161
2024-01-07,S002,P0017,21,28.225527
2024-01-07,S001,P0016,112,80.940704
2024-01-07,S001,P0005,56,59.631275
2024-01-07,S003,P0015,88,96.91336
2024-01-07,S005,P0002,67,63.8574
2024-01-07,S002,P0013,123,100.809715
2024-01-07,S004,P0011,122,110.97666
2024-01-07,S002,P0014,53,46.372963
2024-01-07,S005,P0016,33,30.63155
2024-01-07,S003,P0006,34,29.157166
2024-01-07,S002,P0015,230,166.47801
2024-01-07,S003,P0020,102,99.96058
2024-01-07,S001,P0001,71,46.22549
2024-01-07,S005,P0005,83,71.75465
2024-01-07,S001,P0002,132,137.84543
2024-01-07,S001,P0006,48,29.971851
2024-01-07,S005,P0010,116,90.69823
2024-01-07,S004,P0018,31,28.317114
2024-01-07,S004,P0010,91,93.26154
2024-01-07,S003,P0005,7,18.864923
2024-01-07,S002,P0006,103,125.7733
2024-01-07,S001,P0008,56,44.89142
2024-01-07,S001,P0015,10,33.08995
2024-01-07,S004,P0007,77,77.08047
2024-01-07,S004,P0016,88,47.835873
2024-01-07,S004,P0003,39,35.63382
2024-01-07,S003,P0004,114,73.845184
2024-01-07,S005,P0004,73,67.019714
2024-01-07,S001,P0012,108,93.7394
2024-01-07,S002,P0005,57,55.219894
2024-01-07,S005,P0006,115,83.78064
2024-01-07,S004,P0014,30,32.5897
2024-01-07,S003,P0001,8,22.554037
2024-01-07,S004,P0012,75,70.8473
2024-01-07,S005,P0020,34,26.66764
2024-01-07,S003,P0008,93,105.02064
2024-01-07,S002,P0019,75,131.16815
2024-01-07,S005,P0001,82,65.02602
2024-01-07,S003,P0014,78,74.29519
2024-01-07,S004,P0015,35,38.874836
2024-01-07,S002,P0020,31,35.218033
2024-01-07,S005,P0017,11,29.416248
2024-01-07,S003,P0018,21,25.371866
2024-01-07,S002,P0009,120,89.169525
2024-01-07,S004,P0009,110,132.0501
2024-01-07,S001,P0019,36,35.74351
2024-01-07,S001,P0018,56,65.32956
2024-01-07,S004,P0001,75,71.36636
2024-01-07,S002,P0003,72,72.9535
2024-01-07,S003,P0012,41,40.225677
2024-01-07,S001,P0007,46,62.818123
2024-01-07,S005,P0014,15,26.237911
2024-01-07,S005,P0018,86,85.76569
2024-01-07,S005,P0007,53,69.4676
2024-01-07,S004,P0020,22,28.23721
2024-01-07,S001,P0014,109,85.10047
2024-01-07,S004,P0008,46,32.58645
2024-01-07,S003,P0017,20,25.416964
2024-01-08,S002,P0019,92,132.83604
2024-01-08,S005,P0005,113,81.96779
2024-01-08,S001,P0017,28,35.060074
2024-01-08,S003,P0004,90,82.496086
2024-01-08,S004,P0008,6,29.838213
2024-01-08,S001,P0006,26,33.48885
2024-01-08,S001,P0009,139,124.909874
2024-01-08,S004,P0006,149,108.79914
2024-01-08,S001,P0001,28,59.75018
2024-01-08,S005,P0010,59,64.50139
2024-01-08,S003,P0008,191,168.88306
2024-01-08,S002,P0020,42,46.182102
2024-01-08,S002,P0015,100,101.98747
2024-01-08,S002,P0004,45,109.12502
2024-01-08,S003,P0003,79,59.463737
2024-01-08,S001,P0012,43,63.02729
2024-01-08,S005,P0004,133,94.78727
2024-01-08,S002,P0008,73,79.045456
2024-01-08,S005,P0015,55,65.10142
2024-01-08,S002,P0001,94,104.1717
2024-01-08,S004,P0014,32,32.36199
2024-01-08,S005,P0006,80,98.26655
2024-01-08,S003,P0011,53,47.70795
2024-01-08,S004,P0004,100,106.68022
2024-01-08,S002,P0002,20,24.907211
2024-01-08,S003,P0016,76,62.254223
2024-01-08,S005,P0013,85,83.60166
2024-01-08,S005,P0012,54,39.32685
2024-01-08,S003,P0001,23,30.01627
2024-01-08,S004,P0007,39,79.433304
2024-01-08,S005,P0001,90,86.7168
2024-01-08,S001,P0004,79,65.54366
2024-01-08,S003,P0020,119,122.269485
2024-01-08,S003,P0002,96,77.86648
2024-01-08,S005,P0011,40,44.707027
2024-01-08,S003,P0014,25,57.75982
2024-01-08,S004,P0015,46,37.7979
2024-01-08,S003,P0005,35,24.768888
2024-01-08,S003,P0019,82,63.92061
2024-01-08,S003,P0009,47,60.63357
2024-01-08,S001,P0015,16,22.733286
2024-01-08,S001,P0020,37,42.73063
2024-01-08,S003,P0006,10,32.0389
2024-01-08,S003,P0007,67,65.12241
2024-01-08,S002,P0014,37,42.904964
2024-01-08,S005,P0007,56,71.64067
2024-01-08,S002,P0016,184,170.4286
2024-01-08,S002,P0012,58,43.47338
2024-01-08,S005,P0017,7,43.670876
2024-01-08,S004,P0003,50,51.768463
2024-01-08,S004,P0005,127,122.07514
2024-01-08,S005,P0020,14,27.61082
2024-01-08,S001,P0007,90,75.85558
2024-01-08,S003,P0018,23,27.47778
2024-01-08,S004,P0019,168,147.8156
2024-01-08,S002,P0010,134,127.68538
2024-01-08,S005,P0008,55,68.687744
2024-01-08,S003,P0013,69,68.43118
2024-01-08,S001,P0013,25,30.16903
2024-01-08,S005,P0019,52,48.693016
2024-01-08,S004,P0017,234,224.13979
2024-01-08,S002,P0017,66,35.65394
2024-01-08,S002,P0006,195,195.9786
2024-01-08,S001,P0018,76,72.00758
2024-01-08,S001,P0002,172,154.9851
2024-01-08,S003,P0015,46,63.548557
2024-01-08,S004,P0020,39,45.507996
2024-01-08,S005,P0016,18,31.918081
2024-01-08,S002,P0013,34,66.723755
2024-01-08,S005,P0002,65,53.31974
2024-01-08,S001,P0008,48,45.76875
2024-01-08,S005,P0009,71,69.339165
2024-01-08,S004,P0012,36,54.415306
2024-01-08,S002,P0009,91,82.82041
2024-01-08,S003,P0017,18,30.566824
2024-01-08,S001,P0003,108,125.97296
2024-01-08,S001,P0019,33,36.55105
2024-01-08,S001,P0011,72,49.363884
2024-01-08,S004,P0018,16,35.663296
2024-01-08,S004,P0011,161,143.7389
2024-01-08,S002,P0011,79,80.98742
2024-01-08,S001,P0016,76,80.41771
2024-01-08,S001,P0014,98,87.7115
2024-01-08,S005,P0003,31,36.574165
2024-01-08,S005,P0018,79,74.249084
2024-01-08,S004,P0010,127,95.11042
2024-01-08,S004,P0013,87,75.82473
2024-01-08,S004,P0009,132,163.25667
2024-01-08,S004,P0002,63,74.41635
2024-01-08,S005,P0014,36,31.412914
2024-01-08,S002,P0018,107,116.356995
2024-01-08,S001,P0005,74,67.53522
2024-01-08,S004,P0001,106,95.460915
2024-01-08,S002,P0007,30,29.619284
2024-01-08,S004,P0016,73,52.64114
2024-01-08,S003,P0010,56,75.88396
2024-01-08,S003,P0012,22,30.067223
2024-01-08,S002,P0005,93,71.85751
2024-01-08,S001,P0010,24,29.4322
2024-01-08,S002,P0003,66,95.04736
2024-01-09,S004,P0018,48,61.073265
2024-01-09,S005,P0016,106,112.54924
2024-01-09,S002,P0016,237,202.50632
2024-01-09,S005,P0020,125,96.162094
2024-01-09,S001,P0008,134,112.56491
2024-01-09,S005,P0003,97,90.6043
2024-01-09,S004,P0007,116,109.55442
2024-01-09,S001,P0010,63,68.63079
2024-01-09,S005,P0008,129,126.265045
2024-01-09,S003,P0018,53,59.584023
2024-01-09,S001,P0020,59,58.596996
2024-01-09,S005,P0010,114,95.80531
2024-01-09,S004,P0019,116,118.011826
2024-01-09,S001,P0007,75,87.147316
2024-01-09,S003,P0008,93,133.0528
2024-01-09,S002,P0002,69,88.17142
2024-01-09,S002,P0014,81,105.4849
2024-01-09,S005,P0018,61,71.50372
2024-01-09,S002,P0018,86,104.94701
2024-01-09,S004,P0016,54,70.554184
2024-01-09,S004,P0005,53,80.82988
2024-01-09,S003,P0012,139,105.63091
2024-01-09,S001,P0001,75,88.09413
2024-01-09,S003,P0020,71,94.75964
2024-01-09,S001,P0011,84,83.555214
2024-01-09,S004,P0013,111,118.15766
2024-01-09,S003,P0001,109,96.58408
2024-01-09,S001,P0009,140,131.26436
2024-01-09,S003,P0011,56,78.78902
2024-01-09,S003,P0009,138,130.8598
2024-01-09,S001,P0019,51,61.722836
2024-01-09,S002,P0009,150,134.8374
2024-01-09,S003,P0002,90,90.87803
2024-01-09,S002,P0017,50,77.77181
2024-01-09,S003,P0010,161,101.11229
2024-01-09,S005,P0011,95,90.88245
2024-01-09,S005,P0017,75,99.65996
2024-01-09,S002,P0015,135,133.3869
2024-01-09,S005,P0006,93,92.67457
2024-01-09,S002,P0001,93,103.157845
2024-01-09,S004,P0015,78,76.32474
2024-01-09,S004,P0017,111,114.6087
2024-01-09,S001,P0012,185,148.75342
2024-01-09,S001,P0004,105,98.94366
2024-01-09,S004,P0006,150,111.013435
2024-01-09,S004,P0008,49,59.044956
2024-01-09,S003,P0007,105,93.2207
2024-01-09,S002,P0008,145,134.7824
2024-01-09,S004,P0014,74,73.797966
2024-01-09,S001,P0003,54,90.49886
2024-01-09,S003,P0013,162,142.30623
2024-01-09,S003,P0019,140,117.50552
2024-01-09,S004,P0011,99,99.81686
2024-01-09,S003,P0015,150,144.7272
2024-01-09,S001,P0016,96,117.40106
2024-01-09,S005,P0002,149,84.50871
2024-01-09,S004,P0002,80,88.21261
2024-01-09,S002,P0011,165,142.72604
2024-01-09,S005,P0007,111,106.00275
2024-01-09,S003,P0005,12,60.246506
2024-01-09,S005,P0013,59,108.11985
2024-01-09,S003,P0003,94,90.96103
2024-01-09,S001,P0017,99,85.61206
2024-01-09,S002,P0004,142,98.535355
2024-01-09,S002,P0012,93,104.871025
2024-01-09,S002,P0003,50,88.004
2024-01-09,S005,P0005,130,105.624466
2024-01-09,S002,P0019,110,121.98226
2024-01-09,S003,P0004,63,86.445885
2024-01-09,S002,P0006,138,122.23846
2024-01-09,S003,P0017,50,56.12345
2024-01-09,S002,P0013,151,139.2919
2024-01-09,S005,P0012,91,85.73563
2024-01-09,S001,P0005,143,112.582184
2024-01-09,S005,P0009,75,105.85051
2024-01-09,S003,P0016,73,101.48438
2024-01-09,S004,P0010,101,103.13109
2024-01-09,S005,P0014,65,74.68462
2024-01-09,S004,P0001,128,99.00813
2024-01-09,S001,P0013,129,115.02444
2024-01-09,S001,P0002,73,89.3181
2024-01-09,S002,P0007,67,85.52681
2024-01-09,S004,P0004,94,95.29272
2024-01-09,S002,P0005,115,102.0922
2024-01-09,S001,P0006,83,99.06872
2024-01-09,S002,P0020,90,90.51437
2024-01-09,S005,P0004,38,63.769062
2024-01-09,S005,P0015,101,122.30555
2024-01-09,S004,P0003,60,63.43823
2024-01-09,S001,P0014,108,105.5373
2024-01-09,S003,P0014,127,109.78592
2024-01-09,S004,P0009,82,112.336426
2024-01-09,S002,P0010,147,140.7944
2024-01-09,S003,P0006,91,93.09852
2024-01-09,S005,P0019,129,111.411835
2024-01-09,S001,P0018,103,93.89361
2024-01-09,S004,P0012,147,136.58228
2024-01-09,S004,P0020,48,59.654858
2024-01-09,S005,P0001,169,116.82413
2024-01-09,S001,P0015,122,97.45728
2024-01-10,S002,P0007,137,115.20734
2024-01-10,S003,P0017,69,75.77677
2024-01-10,S002,P0009,106,98.17217
2024-01-10,S004,P0014,69,66.58464
2024-01-10,S004,P0017,168,166.64648
2024-01-10,S001,P0007,131,124.46256
2024-01-10,S004,P0012,121,116.96137
2024-01-10,S001,P0016,112,114.99906
2024-01-10,S001,P0019,34,49.861168
2024-01-10,S004,P0020,73,71.440605
2024-01-10,S003,P0001,88,93.39666
2024-01-10,S002,P0019,121,104.20327
2024-01-10,S003,P0003,131,122.94134
2024-01-10,S003,P0012,67,63.903355
2024-01-10,S005,P0014,95,89.52884
2024-01-10,S003,P0013,117,137.52925
2024-01-10,S001,P0010,59,73.95214
2024-01-10,S004,P0011,130,121.05343
2024-01-10,S001,P0005,135,103.59878
2024-01-10,S003,P0015,100,104.36008
2024-01-10,S002,P0006,113,108.40951
2024-01-10,S005,P0001,53,71.2948
2024-01-10,S003,P0010,186,135.88138
2024-01-10,S002,P0013,63,103.26937
2024-01-10,S005,P0006,116,106.79532
2024-01-10,S004,P0015,32,47.531525
2024-01-10,S005,P0004,68,77.12876
2024-01-10,S003,P0006,100,121.010544
2024-01-10,S001,P0018,70,82.01495
2024-01-10,S003,P0018,61,67.27454
2024-01-10,S001,P0004,100,104.1592
2024-01-10,S005,P0003,115,116.90873
2024-01-10,S003,P0007,166,134.6411
2024-01-10,S001,P0013,163,139.6717
2024-01-10,S004,P0001,128,117.30656
2024-01-10,S004,P0013,161,136.17682
2024-01-10,S003,P0014,119,107.54279
2024-01-10,S005,P0019,39,57.0589
2024-01-10,S005,P0008,78,89.94935
2024-01-10,S004,P0005,85,94.72546
2024-01-10,S003,P0004,68,93.28329
2024-01-10,S004,P0019,82,96.866066
2024-01-10,S002,P0002,134,103.88764
2024-01-10,S002,P0010,74,120.438
2024-01-10,S002,P0014,51,66.708374
2024-01-10,S003,P0020,109,102.23925
2024-01-10,S005,P0012,96,86.8153
2024-01-10,S004,P0009,125,130.72466
2024-01-10,S005,P0002,67,81.55759
2024-01-10,S002,P0003,148,132.5647
2024-01-10,S005,P0016,154,136.10657
2024-01-10,S005,P0018,83,85.21164
2024-01-10,S003,P0009,88,88.148895
2024-01-10,S002,P0004,150,93.33143
2024-01-10,S001,P0017,66,99.649895
2024-01-10,S004,P0006,154,122.093056
2024-01-10,S001,P0009,103,102.54569
2024-01-10,S005,P0011,45,83.11115
2024-01-10,S002,P0001,78,98.771164
2024-01-10,S002,P0008,73,94.5902
2024-01-10,S003,P0016,139,124.010315
2024-01-10,S002,P0015,96,91.733025
2024-01-10,S003,P0005,130,100.67476
2024-01-10,S001,P0001,98,88.98832
2024-01-10,S004,P0002,132,109.70084
2024-01-10,S002,P0011,123,120.88487
2024-01-10,S002,P0020,49,58.547028
2024-01-10,S005,P0010,84,112.46049
2024-01-10,S004,P0004,164,129.08543
2024-01-10,S001,P0012,58,88.39814
2024-01-10,S005,P0005,163,133.58662
2024-01-10,S001,P0006,53,70.59049
2024-01-10,S005,P0015,43,87.6067
2024-01-10,S003,P0011,46,81.433586
2024-01-10,S002,P0012,118,84.56864
2024-01-10,S001,P0008,87,85.05706
2024-01-10,S005,P0013,121,132.56845
2024-01-10,S003,P0019,104,99.45964
2024-01-10,S003,P0008,118,133.0432
2024-01-10,S005,P0020,83,89.705956
2024-01-10,S001,P0014,134,108.85103
2024-01-10,S004,P0008,79,76.57773
2024-01-10,S005,P0017,82,112.74798
2024-01-10,S002,P0017,43,79.94248
2024-01-10,S004,P0003,96,103.15005
2024-01-10,S002,P0016,102,116.86279
2024-01-10,S004,P0007,125,139.68787
2024-01-10,S001,P0020,65,57.55937
2024-01-10,S004,P0010,215,152.33533
2024-01-10,S001,P0015,89,88.01232
2024-01-10,S005,P0007,154,146.95253
2024-01-10,S002,P0005,74,83.663826
2024-01-10,S005,P0009,105,105.288345
2024-01-10,S001,P0002,147,130.4817
2024-01-10,S003,P0002,92,100.5035
2024-01-10,S002,P0018,82,91.53783
2024-01-10,S004,P0016,111,97.24674
2024-01-10,S001,P0011,43,57.59408
2024-01-10,S001,P0003,124,103.84501
2024-01-10,S004,P0018,62,66.93713
2024-01-11,S004,P0004,188,172.18095
2024-01-11,S001,P0019,56,53.717663
2024-01-11,S002,P0006,90,94.693535
2024-01-11,S002,P0001,143,130.44452
2024-01-11,S002,P0010,118,103.77021
2024-01-11,S002,P0011,201,193.37091
2024-01-11,S001,P0018,125,126.14039
2024-01-11,S005,P0007,126,116.09535
2024-01-11,S004,P0010,159,126.55442
2024-01-11,S001,P0002,111,109.69809
2024-01-11,S003,P0008,107,162.42
2024-01-11,S004,P0009,142,157.54884
2024-01-11,S005,P0017,92,106.61257
2024-01-11,S004,P0012,190,175.12886
2024-01-11,S001,P0001,141,120.90699
2024-01-11,S004,P0018,75,91.79589
2024-01-11,S004,P0015,67,69.53684
2024-01-11,S005,P0001,141,122.830444
2024-01-11,S001,P0012,133,133.23149
2024-01-11,S005,P0015,109,96.21346
2024-01-11,S002,P0003,193,145.43083
2024-01-11,S003,P0020,181,120.60831
2024-01-11,S004,P0007,98,124.77919
2024-01-11,S004,P0002,83,97.34525
2024-01-11,S004,P0003,87,103.03004
2024-01-11,S001,P0006,85,108.11296
2024-01-11,S001,P0003,168,126.89517
2024-01-11,S004,P0006,105,113.38626
2024-01-11,S004,P0001,199,166.02882
2024-01-11,S003,P0018,69,82.12548
2024-01-11,S003,P0017,120,109.08803
2024-01-11,S005,P0016,97,93.71136
2024-01-11,S003,P0002,130,120.40712
2024-01-11,S005,P0011,111,110.72961
2024-01-11,S001,P0020,109,88.02815
2024-01-11,S003,P0016,59,95.41481
2024-01-11,S005,P0010,122,101.84284
2024-01-11,S002,P0007,50,78.07748
2024-01-11,S001,P0017,56,75.62164
2024-01-11,S002,P0002,110,96.83469
2024-01-11,S002,P0005,81,88.09044
2024-01-11,S002,P0004,111,130.81673
2024-01-11,S004,P0005,91,99.32783
2024-01-11,S004,P0008,103,101.84738
2024-01-11,S003,P0019,185,146.2314
2024-01-11,S002,P0009,109,120.66442
2024-01-11,S005,P0004,152,132.8644
2024-01-11,S005,P0020,80,86.495514
2024-01-11,S003,P0014,66,77.39776
2024-01-11,S002,P0008,189,135.87125
2024-01-11,S001,P0008,165,104.32817
2024-01-11,S001,P0014,55,61.21009
2024-01-11,S001,P0007,81,91.27905
2024-01-11,S004,P0020,73,76.823006
2024-01-11,S005,P0006,96,90.405655
2024-01-11,S001,P0004,149,134.02728
2024-01-11,S001,P0013,74,91.69787
2024-01-11,S003,P0003,136,135.81256
2024-01-11,S005,P0019,84,74.40394
2024-01-11,S001,P0009,201,164.94997
2024-01-11,S002,P0013,4,47.174534
2024-01-11,S005,P0018,78,96.075966
2024-01-11,S005,P0003,4,94.49335
2024-01-11,S004,P0017,95,121.43117
2024-01-11,S005,P0002,83,80.76758
2024-01-11,S002,P0016,132,124.688156
2024-01-11,S005,P0008,236,145.25645
2024-01-11,S001,P0016,88,95.59354
2024-01-11,S005,P0013,121,110.34415
2024-01-11,S003,P0005,141,107.83665
2024-01-11,S003,P0015,111,114.472115
2024-01-11,S001,P0010,43,56.7388
2024-01-11,S001,P0005,90,93.1306
2024-01-11,S003,P0010,124,121.367714
2024-01-11,S005,P0014,46,53.214306
2024-01-11,S002,P0015,90,92.35638
2024-01-11,S003,P0013,83,112.937706
2024-01-11,S002,P0020,90,76.8955
2024-01-11,S002,P0017,79,79.05481
2024-01-11,S002,P0018,98,110.66222
2024-01-11,S001,P0015,64,71.985725
2024-01-11,S004,P0016,94,88.76444
2024-01-11,S001,P0011,128,105.85918
2024-01-11,S005,P0005,85,84.96631
2024-01-11,S004,P0011,262,199.9551
2024-01-11,S002,P0012,65,96.721176
2024-01-11,S003,P0011,157,155.76944
2024-01-11,S003,P0009,175,166.45572
2024-01-11,S005,P0009,115,118.795555
2024-01-11,S002,P0014,117,116.46652
2024-01-11,S004,P0019,102,108.9699
2024-01-11,S003,P0006,140,128.13039
2024-01-11,S004,P0013,144,129.83545
2024-01-11,S003,P0007,76,95.65539
2024-01-11,S004,P0014,101,109.54617
2024-01-11,S003,P0001,164,147.33736
2024-01-11,S002,P0019,88,92.90835
2024-01-11,S003,P0012,87,83.57236
2024-01-11,S003,P0004,224,159.45969
2024-01-11,S005,P0012,73,75.91257
2024-01-12,S004,P0010,106,110.69465
2024-01-12,S002,P0008,106,116.95779
2024-01-12,S001,P0007,181,116.15727
2024-01-12,S005,P0016,111,96.07049
2024-01-12,S003,P0011,72,99.176094
2024-01-12,S005,P0002,83,87.69674
2024-01-12,S003,P0007,152,118.04947
2024-01-12,S001,P0020,73,67.64978
2024-01-12,S002,P0016,113,108.681206
2024-01-12,S004,P0013,76,87.008736
2024-01-12,S004,P0016,40,48.90736
2024-01-12,S001,P0011,58,64.31316
2024-01-12,S003,P0004,173,154.87097
2024-01-12,S004,P0017,74,93.48081
2024-01-12,S003,P0013,88,120.2269
2024-01-12,S003,P0018,77,92.36699
2024-01-12,S001,P0002,131,125.604164
2024-01-12,S003,P0003,102,105.30402
2024-01-12,S004,P0004,147,140.58992
2024-01-12,S005,P0013,87,105.881874
2024-01-12,S002,P0006,117,122.61839
2024-01-12,S005,P0011,103,96.45702
2024-01-12,S004,P0002,61,83.74904
2024-01-12,S004,P0006,100,112.49311
2024-01-12,S004,P0019,46,52.787857
2024-01-12,S005,P0003,83,92.820854
2024-01-12,S001,P0016,66,98.824615
2024-01-12,S001,P0014,171,138.19437
2024-01-12,S001,P0010,76,78.382645
2024-01-12,S005,P0005,123,108.95621
2024-01-12,S005,P0007,105,110.68434
2024-01-12,S002,P0003,47,91.967384
2024-01-12,S004,P0020,70,66.484825
2024-01-12,S005,P0004,204,144.95486
2024-01-12,S002,P0012,122,114.70122
2024-01-12,S002,P0015,130,125.69781
2024-01-12,S003,P0017,94,89.55238
2024-01-12,S004,P0011,8,70.525
2024-01-12,S002,P0004,98,126.99346
2024-01-12,S004,P0008,47,54.753143
2024-01-12,S002,P0019,182,123.353004
2024-01-12,S003,P0010,116,120.26419
2024-01-12,S001,P0017,113,93.04593
2024-01-12,S001,P0004,140,145.7018
2024-01-12,S002,P0011,61,80.08282
2024-01-12,S003,P0015,142,156.30971
2024-01-12,S002,P0013,152,116.88127
2024-01-12,S003,P0005,140,115.9739
2024-01-12,S002,P0005,103,98.99767
2024-01-12,S004,P0007,107,109.76978
2024-01-12,S002,P0007,43,81.038826
2024-01-12,S005,P0017,60,95.847595
2024-01-12,S001,P0012,169,180.12158
2024-01-12,S002,P0020,77,77.94274
2024-01-12,S004,P0005,93,95.1337
2024-01-12,S001,P0013,36,87.7006
2024-01-12,S002,P0009,116,110.02395
2024-01-12,S003,P0014,112,101.94434
2024-01-12,S004,P0001,85,81.665474
2024-01-12,S005,P0009,219,179.39806
2024-01-12,S003,P0019,150,136.58237
2024-01-12,S003,P0001,161,118.6782
2024-01-12,S005,P0019,82,88.08616
2024-01-12,S004,P0003,39,53.629025
2024-01-12,S001,P0001,83,93.28361
2024-01-12,S003,P0016,167,146.07799
2024-01-12,S004,P0018,71,80.39308
2024-01-12,S004,P0014,86,86.14587
2024-01-12,S005,P0014,124,115.43011
2024-01-12,S004,P0012,98,115.56889
2024-01-12,S005,P0020,79,85.01415
2024-01-12,S005,P0008,134,117.895096
2024-01-12,S001,P0005,91,98.673706
2024-01-12,S003,P0012,102,93.28191
2024-01-12,S005,P0001,142,123.716415
2024-01-12,S001,P0008,143,83.58153
2024-01-12,S001,P0003,105,109.53171
2024-01-12,S005,P0006,120,120.550385
2024-01-12,S002,P0018,175,137.0852
2024-01-12,S005,P0010,152,118.35018
2024-01-12,S001,P0006,110,133.98418
2024-01-12,S002,P0017,132,99.454796
2024-01-12,S002,P0010,174,159.84138
2024-01-12,S003,P0006,85,125.87163
2024-01-12,S003,P0002,140,121.25278
2024-01-12,S001,P0019,123,85.80009
2024-01-12,S004,P0015,21,36.156914
2024-01-12,S002,P0002,117,102.307236
2024-01-12,S005,P0018,72,89.54949
2024-01-12,S001,P0018,100,127.71708
2024-01-12,S002,P0014,98,94.046
2024-01-12,S004,P0009,101,111.31395
2024-01-12,S002,P0001,63,101.96769
2024-01-12,S001,P0009,112,117.54937
2024-01-12,S005,P0015,180,142.80261
2024-01-12,S001,P0015,138,122.37373
2024-01-12,S003,P0008,75,123.49417
2024-01-12,S003,P0009,106,95.64189
2024-01-12,S003,P0020,127,112.9582
2024-01-12,S005,P0012,83,80.35737
2024-01-13,S002,P0005,30,83.3878
2024-01-13,S005,P0017,146,140.30594
2024-01-13,S004,P0010,114,118.32423
2024-01-13,S005,P0013,49,92.05757
2024-01-13,S004,P0005,189,116.06542
2024-01-13,S002,P0007,56,99.920525
2024-01-13,S002,P0017,99,108.73448
2024-01-13,S002,P0012,162,125.374504
2024-01-13,S004,P0016,132,115.030846
2024-01-13,S002,P0004,72,107.52938
2024-01-13,S002,P0015,162,145.1498
2024-01-13,S003,P0010,107,108.92994
2024-01-13,S003,P0005,107,95.99583
2024-01-13,S004,P0007,210,154.31435
2024-01-13,S004,P0011,215,185.87627
2024-01-13,S001,P0017,167,131.19923
2024-01-13,S001,P0004,151,138.78062
2024-01-13,S001,P0002,103,128.38882
2024-01-13,S005,P0008,132,129.29176
2024-01-13,S002,P0020,88,81.11028
2024-01-13,S001,P0010,96,89.27357
2024-01-13,S004,P0015,131,95.790115
2024-01-13,S002,P0018,84,98.663185
2024-01-13,S005,P0012,102,109.041725
2024-01-13,S003,P0014,92,93.65002
2024-01-13,S004,P0018,84,80.088524
2024-01-13,S005,P0007,196,186.95192
2024-01-13,S001,P0009,145,146.48845
2024-01-13,S001,P0015,156,141.64114
2024-01-13,S002,P0001,211,179.77292
2024-01-13,S002,P0011,155,169.45172
2024-01-13,S001,P0003,125,122.93584
2024-01-13,S003,P0015,226,205.07555
2024-01-13,S005,P0020,116,107.089554
2024-01-13,S002,P0006,85,96.20481
2024-01-13,S004,P0006,65,96.779526
2024-01-13,S005,P0001,149,166.45264
2024-01-13,S003,P0011,64,113.753815
2024-01-13,S001,P0013,138,121.17669
2024-01-13,S003,P0018,58,65.3485
2024-01-13,S005,P0003,95,101.662025
2024-01-13,S005,P0002,43,85.66699
2024-01-13,S002,P0008,85,101.034096
2024-01-13,S003,P0009,102,101.08441
2024-01-13,S001,P0020,47,59.208626
2024-01-13,S002,P0014,122,119.569305
2024-01-13,S003,P0006,90,94.59346
2024-01-13,S002,P0016,173,157.38739
2024-01-13,S001,P0016,166,156.41548
2024-01-13,S004,P0017,126,139.04724
2024-01-13,S003,P0002,108,106.679924
2024-01-13,S001,P0018,87,103.37338
2024-01-13,S005,P0005,95,106.4454
2024-01-13,S004,P0014,117,106.17827
2024-01-13,S002,P0010,124,127.419075
2024-01-13,S003,P0003,25,91.31264
2024-01-13,S001,P0005,128,126.573746
2024-01-13,S004,P0019,141,135.60968
2024-01-13,S001,P0007,60,134.31169
2024-01-13,S003,P0004,217,125.37738
2024-01-13,S004,P0001,112,126.68587
2024-01-13,S004,P0008,66,72.47915
2024-01-13,S001,P0008,80,100.58592
2024-01-13,S003,P0017,109,105.59261
2024-01-13,S005,P0018,123,107.65116
2024-01-13,S003,P0001,151,137.3545
2024-01-13,S005,P0014,37,49.12374
2024-01-13,S002,P0002,115,103.407166
2024-01-13,S002,P0013,146,117.52328
2024-01-13,S002,P0019,172,150.48398
2024-01-13,S005,P0016,164,141.55879
2024-01-13,S003,P0020,125,101.22151
2024-01-13,S005,P0019,113,117.45912
2024-01-13,S004,P0004,144,128.43977
2024-01-13,S003,P0013,124,118.57652
2024-01-13,S004,P0020,66,68.9723
2024-01-13,S004,P0013,85,94.137794
2024-01-13,S005,P0004,141,126.12568
2024-01-13,S005,P0009,170,167.00902
2024-01-13,S003,P0016,119,125.1326
2024-01-13,S003,P0019,117,131.47853
2024-01-13,S004,P0003,59,72.94431
2024-01-13,S001,P0012,117,142.93143
2024-01-13,S001,P0011,183,145.11632
2024-01-13,S005,P0011,177,150.3737
2024-01-13,S004,P0002,102,99.14409
2024-01-13,S001,P0001,111,125.86088
2024-01-13,S003,P0007,158,134.29117
2024-01-13,S001,P0006,81,105.32918
2024-01-13,S005,P0015,111,144.80487
2024-01-13,S002,P0009,138,122.03462
2024-01-13,S005,P0010,94,108.664925
2024-01-13,S004,P0009,118,118.91767
2024-01-13,S003,P0008,168,161.06583
2024-01-13,S005,P0006,87,105.19049
2024-01-13,S001,P0019,120,108.73631
2024-01-13,S003,P0012,69,81.459724
2024-01-13,S002,P0003,72,94.91669
2024-01-13,S004,P0012,189,168.88527
2024-01-13,S001,P0014,91,105.11271
2024-01-14,S002,P0012,79,83.61663
2024-01-14,S001,P0018,69,87.81555
2024-01-14,S003,P0007,128,107.60382
2024-01-14,S002,P0005,99,97.28028
2024-01-14,S005,P0005,149,112.90763
2024-01-14,S005,P0001,123,101.42074
2024-01-14,S002,P0020,89,96.06428
2024-01-14,S002,P0010,152,146.91562
2024-01-14,S005,P0004,122,95.935486
2024-01-14,S005,P0007,143,129.54553
2024-01-14,S002,P0017,90,87.45076
2024-01-14,S002,P0004,111,136.551
2024-01-14,S004,P0020,72,83.31451
2024-01-14,S003,P0013,151,121.04197
2024-01-14,S001,P0017,33,74.08022
2024-01-14,S003,P0005,122,100.941124
2024-01-14,S003,P0004,187,169.5833
2024-01-14,S005,P0003,78,87.19255
2024-01-14,S002,P0001,78,112.54714
2024-01-14,S003,P0003,23,85.38847
2024-01-14,S002,P0019,110,116.7917
2024-01-14,S004,P0011,120,117.84726
2024-01-14,S005,P0009,136,122.685486
2024-01-14,S005,P0015,109,95.63437
2024-01-14,S003,P0016,123,131.69565
2024-01-14,S001,P0012,117,105.80174
2024-01-14,S004,P0004,143,145.59167
2024-01-14,S001,P0016,172,143.51395
2024-01-14,S002,P0011,97,92.51353
2024-01-14,S004,P0009,89,98.3587
2024-01-14,S004,P0001,4,59.02208
2024-01-14,S004,P0002,211,158.44553
2024-01-14,S003,P0017,65,66.486176
2024-01-14,S004,P0010,51,60.442677
2024-01-14,S005,P0019,71,78.54012
2024-01-14,S001,P0014,119,107.323166
2024-01-14,S005,P0002,72,82.546814
2024-01-14,S003,P0015,115,119.716675
2024-01-14,S001,P0005,118,101.53113
2024-01-14,S003,P0014,183,146.5018
2024-01-14,S003,P0006,46,77.20863
2024-01-14,S004,P0012,128,123.47879
2024-01-14,S002,P0003,76,97.88798
2024-01-14,S001,P0006,72,79.033424
2024-01-14,S005,P0020,116,111.40873
2024-01-14,S004,P0003,72,72.24746
2024-01-14,S001,P0015,108,97.304085
2024-01-14,S005,P0006,63,82.81705
2024-01-14,S003,P0019,85,93.68509
2024-01-14,S005,P0013,112,106.70581
2024-01-14,S002,P0009,111,107.7283
2024-01-14,S003,P0008,111,115.203865
2024-01-14,S001,P0019,60,55.70707
2024-01-14,S001,P0001,74,83.21557
2024-01-14,S001,P0003,66,82.60861
2024-01-14,S003,P0010,114,108.89083
2024-01-14,S001,P0004,128,142.16814
2024-01-14,S004,P0013,101,97.832405
2024-01-14,S003,P0011,116,118.25783
2024-01-14,S002,P0008,142,117.72717
2024-01-14,S001,P0011,81,80.85006
2024-01-14,S003,P0001,126,107.52009
2024-01-14,S002,P0016,155,152.56073
2024-01-14,S004,P0008,96,84.682816
2024-01-14,S004,P0017,80,99.65172
2024-01-14,S002,P0013,146,118.041245
2024-01-14,S001,P0002,119,110.17472
2024-01-14,S004,P0016,48,71.77109
2024-01-14,S001,P0007,185,109.08211
2024-01-14,S002,P0006,113,114.0807
2024-01-14,S001,P0010,46,57.29922
2024-01-14,S004,P0006,73,96.002464
2024-01-14,S005,P0016,106,106.65841
2024-01-14,S001,P0020,77,75.78531
2024-01-14,S005,P0010,121,99.28064
2024-01-14,S003,P0002,153,128.4575
2024-01-14,S002,P0014,72,83.73379
2024-01-14,S005,P0012,57,60.24067
2024-01-14,S003,P0020,214,141.45134
2024-01-14,S005,P0008,101,101.90139
2024-01-14,S004,P0019,10,46.21529
2024-01-14,S005,P0014,66,65.69075
2024-01-14,S004,P0005,67,91.83525
2024-01-14,S003,P0009,81,91.264435
2024-01-14,S002,P0007,120,100.58671
2024-01-14,S002,P0002,145,114.25875
2024-01-14,S004,P0007,146,126.075966
2024-01-14,S002,P0015,137,114.52116
2024-01-14,S005,P0011,44,69.466644
2024-01-14,S005,P0017,87,96.841354
2024-01-14,S001,P0009,99,104.64371
2024-01-14,S003,P0012,58,61.754555
2024-01-14,S004,P0014,104,102.889084
2024-01-14,S001,P0013,63,82.288475
2024-01-14,S003,P0018,67,70.72837
2024-01-14,S001,P0008,100,86.43584
2024-01-14,S004,P0018,59,69.70052
2024-01-14,S005,P0018,83,75.65591
2024-01-14,S002,P0018,113,102.72836
2024-01-14,S004,P0015,144,107.88186
2024-01-15,S002,P0007,115,103.30025
2024-01-15,S004,P0007,157,126.89041
2024-01-15,S004,P0011,158,156.56584
2024-01-15,S002,P0004,139,112.39253
2024-01-15,S005,P0004,156,148.59023
2024-01-15,S002,P0005,63,87.30187
2024-01-15,S004,P0019,121,101.66602
2024-01-15,S001,P0019,35,47.070698
2024-01-15,S003,P0003,75,98.960434
2024-01-15,S003,P0002,75,153.07555
2024-01-15,S004,P0003,53,65.8633
2024-01-15,S004,P0005,105,98.8012
2024-01-15,S002,P0020,59,65.289925
2024-01-15,S002,P0012,124,93.318695
2024-01-15,S002,P0017,100,87.94775
2024-01-15,S005,P0008,131,118.93236
2024-01-15,S005,P0012,132,102.90986
2024-01-15,S003,P0004,168,134.0199
2024-01-15,S005,P0009,103,108.075584
2024-01-15,S003,P0016,100,123.97121
2024-01-15,S003,P0019,128,120.66036
2024-01-15,S004,P0020,64,68.64645
2024-01-15,S005,P0011,194,146.72046
2024-01-15,S004,P0008,71,65.54331
2024-01-15,S004,P0004,168,143.92421
2024-01-15,S003,P0017,68,70.241516
2024-01-15,S001,P0012,54,83.56569
2024-01-15,S003,P0013,87,117.58941
2024-01-15,S002,P0010,140,138.80522
2024-01-15,S002,P0003,62,94.1044
2024-01-15,S004,P0009,88,99.287964
2024-01-15,S005,P0003,80,90.472916
2024-01-15,S005,P0020,73,87.690765
2024-01-15,S005,P0005,104,105.79725
2024-01-15,S004,P0012,90,102.59586
2024-01-15,S002,P0009,71,91.77135
2024-01-15,S001,P0014,105,110.21056
2024-01-15,S001,P0018,80,96.0603
2024-01-15,S003,P0008,129,132.69162
2024-01-15,S005,P0014,114,101.7869
2024-01-15,S005,P0016,103,120.90189
2024-01-15,S002,P0002,98,121.75969
2024-01-15,S003,P0020,126,119.17318
2024-01-15,S002,P0013,111,116.74457
2024-01-15,S001,P0007,78,103.49427
2024-01-15,S003,P0012,98,85.41542
2024-01-15,S004,P0013,59,81.025085
2024-01-15,S005,P0010,108,104.95594
2024-01-15,S002,P0019,98,102.756645
2024-01-15,S005,P0006,118,109.43396
2024-01-15,S002,P0015,170,121.25205
2024-01-15,S001,P0002,123,130.09645
2024-01-15,S002,P0014,72,80.382
2024-01-15,S001,P0013,77,93.38633
2024-01-15,S003,P0018,92,89.284836
2024-01-15,S002,P0001,120,118.868996
2024-01-15,S001,P0008,96,95.44511
2024-01-15,S001,P0001,114,98.44203
2024-01-15,S005,P0019,25,45.759342
2024-01-15,S003,P0006,80,92.27625
2024-01-15,S005,P0001,103,108.7975
2024-01-15,S001,P0003,107,96.91378
2024-01-15,S002,P0018,67,93.716484
2024-01-15,S005,P0015,94,104.32727
2024-01-15,S004,P0018,54,67.21498
2024-01-15,S001,P0015,112,108.00442
2024-01-15,S002,P0006,103,111.142006
2024-01-15,S001,P0009,97,105.76647
2024-01-15,S005,P0017,101,98.51197
2024-01-15,S005,P0018,96,90.80851
2024-01-15,S003,P0014,154,143.9891
2024-01-15,S003,P0005,140,115.53386
2024-01-15,S003,P0010,119,121.48419
2024-01-15,S003,P0009,131,123.335335
2024-01-15,S004,P0014,54,59.67636
2024-01-15,S003,P0001,101,109.18573
2024-01-15,S004,P0001,192,145.36284
2024-01-15,S001,P0017,100,89.43416
2024-01-15,S001,P0004,89,103.93799
2024-01-15,S001,P0005,51,85.87148
2024-01-15,S004,P0006,92,98.68452
2024-01-15,S003,P0015,101,123.258415
2024-01-15,S003,P0011,87,126.4467
2024-01-15,S005,P0002,187,127.19847
2024-01-15,S002,P0011,225,201.50214
2024-01-15,S001,P0020,64,64.24985
2024-01-15,S004,P0002,197,161.7697
2024-01-15,S002,P0008,72,90.42644
2024-01-15,S002,P0016,88,134.4747
2024-01-15,S004,P0015,127,108.95099
2024-01-15,S001,P0016,236,150.71432
2024-01-15,S004,P0017,108,107.20658
2024-01-15,S005,P0013,97,107.76656
2024-01-15,S004,P0016,51,68.53101
2024-01-15,S004,P0010,155,124.9482
2024-01-15,S001,P0010,77,79.076546
2024-01-15,S001,P0006,75,84.33019
2024-01-15,S003,P0007,143,117.3199
2024-01-15,S001,P0011,76,93.28753
2024-01-15,S005,P0007,95,112.459045
2024-01-16,S001,P0008,122,107.55829
2024-01-16,S003,P0014,144,154.2342
2024-01-16,S003,P0015,88,109.44442
2024-01-16,S001,P0019,54,57.713932
2024-01-16,S005,P0018,115,97.319664
2024-01-16,S005,P0015,111,100.27307
2024-01-16,S002,P0006,91,91.902756
2024-01-16,S003,P0008,120,145.54367
2024-01-16,S003,P0017,70,72.02754
2024-01-16,S005,P0002,95,91.3504
2024-01-16,S003,P0011,66,92.09955
2024-01-16,S003,P0002,151,145.11534
2024-01-16,S004,P0009,169,157.8265
2024-01-16,S003,P0006,66,71.92494
2024-01-16,S003,P0018,49,61.380566
2024-01-16,S003,P0001,91,94.325905
2024-01-16,S005,P0004,176,159.91443
2024-01-16,S002,P0016,159,140.06772
2024-01-16,S004,P0018,77,65.88097
2024-01-16,S003,P0012,106,72.301956
2024-01-16,S001,P0018,103,98.340965
2024-01-16,S001,P0005,132,128.441
2024-01-16,S001,P0013,152,121.1636
2024-01-16,S004,P0006,55,75.18774
2024-01-16,S001,P0016,110,126.910645
2024-01-16,S003,P0007,131,122.90007
2024-01-16,S005,P0013,104,120.014435
2024-01-16,S004,P0017,116,96.59655
2024-01-16,S004,P0014,108,96.767815
2024-01-16,S001,P0011,50,60.05725
2024-01-16,S003,P0009,110,124.95611
2024-01-16,S001,P0020,69,59.940453
2024-01-16,S005,P0010,126,121.939705
2024-01-16,S004,P0002,11,87.330605
2024-01-16,S002,P0014,90,93.76937
2024-01-16,S004,P0001,117,107.07355
2024-01-16,S003,P0004,96,132.60086
2024-01-16,S001,P0002,153,138.01476
2024-01-16,S002,P0019,82,96.216385
2024-01-16,S002,P0010,103,133.8137
2024-01-16,S005,P0007,195,172.62358
2024-01-16,S004,P0004,121,132.92546
2024-01-16,S002,P0018,23,56.99135
2024-01-16,S002,P0011,105,109.993256
2024-01-16,S005,P0016,148,122.77986
2024-01-16,S005,P0019,64,69.745445
2024-01-16,S005,P0003,74,98.28394
2024-01-16,S005,P0006,63,85.794
2024-01-16,S001,P0004,64,94.2209
2024-01-16,S001,P0017,81,81.215996
2024-01-16,S004,P0013,122,118.32342
2024-01-16,S002,P0017,100,81.93847
2024-01-16,S004,P0015,69,65.12081
2024-01-16,S001,P0009,248,185.57329
2024-01-16,S005,P0014,86,90.564026
2024-01-16,S003,P0005,124,135.26459
2024-01-16,S005,P0017,59,90.461784
2024-01-16,S001,P0001,31,75.78099
2024-01-16,S002,P0009,123,120.61199
2024-01-16,S001,P0003,145,118.46706
2024-01-16,S004,P0016,82,80.25434
2024-01-16,S005,P0001,104,104.73373
2024-01-16,S004,P0005,117,113.605156
2024-01-16,S004,P0010,64,110.613815
2024-01-16,S004,P0008,140,111.351105
2024-01-16,S001,P0015,97,91.821266
2024-01-16,S002,P0008,110,125.857056
2024-01-16,S004,P0020,49,55.84324
2024-01-16,S004,P0012,90,95.44467
2024-01-16,S001,P0006,60,77.21927
2024-01-16,S004,P0003,51,73.82276
2024-01-16,S005,P0020,89,88.58663
2024-01-16,S001,P0010,66,78.19498
2024-01-16,S003,P0020,104,111.440544
2024-01-16,S003,P0016,124,129.23502
2024-01-16,S002,P0020,66,65.35692
2024-01-16,S002,P0013,128,115.95173
2024-01-16,S004,P0019,83,83.78108
2024-01-16,S005,P0011,89,90.72534
2024-01-16,S002,P0001,129,106.734695
2024-01-16,S001,P0007,184,141.91612
2024-01-16,S003,P0019,114,104.314285
2024-01-16,S001,P0012,87,96.92797
2024-01-16,S002,P0015,92,90.8526
2024-01-16,S005,P0005,149,136.70786
2024-01-16,S003,P0010,142,146.34076
2024-01-16,S001,P0014,76,85.1078
2024-01-16,S003,P0013,148,143.8065
2024-01-16,S005,P0009,70,126.73062
2024-01-16,S002,P0004,208,129.12253
2024-01-16,S002,P0005,115,113.10963
2024-01-16,S002,P0002,127,120.040535
2024-01-16,S005,P0012,72,66.952225
2024-01-16,S004,P0007,158,153.4504
2024-01-16,S004,P0011,80,77.08539
2024-01-16,S002,P0012,89,79.91875
2024-01-16,S005,P0008,145,137.63527
2024-01-16,S002,P0007,134,123.13232
2024-01-16,S002,P0003,95,113.84278
2024-01-16,S003,P0003,127,124.79461
2024-01-17,S004,P0001,78,75.6252
2024-01-17,S004,P0018,82,74.327156
2024-01-17,S005,P0010,175,149.1167
2024-01-17,S003,P0005,84,90.90584
2024-01-17,S001,P0003,88,98.52958
2024-01-17,S002,P0018,95,98.48178
2024-01-17,S005,P0020,108,94.66975
2024-01-17,S003,P0014,75,74.935326
2024-01-17,S003,P0001,94,85.91751
2024-01-17,S001,P0013,135,135.90643
2024-01-17,S005,P0007,90,127.10168
2024-01-17,S002,P0014,77,80.728065
2024-01-17,S002,P0010,182,188.39662
2024-01-17,S004,P0014,70,62.82019
2024-01-17,S001,P0002,115,119.627144
2024-01-17,S003,P0006,84,79.0873
2024-01-17,S001,P0004,84,94.64988
2024-01-17,S003,P0020,77,98.35773
2024-01-17,S004,P0009,99,109.55734
2024-01-17,S005,P0019,69,76.424164
2024-01-17,S002,P0001,154,135.64088
2024-01-17,S003,P0018,40,51.00688
2024-01-17,S001,P0019,100,82.33523
2024-01-17,S005,P0009,128,153.59238
2024-01-17,S004,P0015,65,61.09444
2024-01-17,S001,P0012,127,146.6404
2024-01-17,S001,P0001,88,90.520096
2024-01-17,S005,P0005,114,111.01821
2024-01-17,S005,P0014,36,54.04236
2024-01-17,S003,P0019,128,107.02752
2024-01-17,S001,P0014,52,61.535076
2024-01-17,S002,P0006,21,78.860405
2024-01-17,S005,P0015,76,104.6412
2024-01-17,S002,P0017,108,93.77892
2024-01-17,S002,P0012,72,101.17222
2024-01-17,S004,P0005,103,94.626205
2024-01-17,S002,P0019,89,102.35627
2024-01-17,S003,P0008,155,155.12569
2024-01-17,S002,P0005,113,101.78866
2024-01-17,S005,P0012,112,110.15017
2024-01-17,S002,P0002,52,87.29605
2024-01-17,S002,P0003,77,96.457794
2024-01-17,S005,P0008,133,144.69081
2024-01-17,S003,P0004,85,99.0086
2024-01-17,S005,P0011,171,136.12718
2024-01-17,S004,P0019,101,96.68419
2024-01-17,S003,P0003,44,85.271805
2024-01-17,S005,P0018,184,111.32157
2024-01-17,S002,P0009,184,152.44965
2024-01-17,S001,P0009,184,177.37286
2024-01-17,S003,P0016,105,98.26008
2024-01-17,S001,P0017,123,97.31301
2024-01-17,S002,P0016,88,101.26603
2024-01-17,S005,P0004,125,128.1377
2024-01-17,S002,P0013,118,131.7849
2024-01-17,S001,P0020,71,66.94362
2024-01-17,S003,P0015,79,104.14663
2024-01-17,S003,P0017,95,85.21556
2024-01-17,S004,P0008,120,108.88267
2024-01-17,S004,P0006,30,85.30312
2024-01-17,S004,P0017,140,102.74481
2024-01-17,S002,P0007,99,124.55046
2024-01-17,S002,P0020,63,70.74356
2024-01-17,S004,P0012,109,132.47481
2024-01-17,S001,P0005,159,128.27626
2024-01-17,S004,P0010,89,108.9135
2024-01-17,S005,P0013,229,189.11458
2024-01-17,S004,P0016,69,59.755695
2024-01-17,S004,P0011,104,92.84217
2024-01-17,S003,P0013,144,141.12738
2024-01-17,S004,P0007,81,132.93895
2024-01-17,S005,P0002,47,78.5116
2024-01-17,S005,P0001,31,73.61434
2024-01-17,S003,P0007,75,102.4648
2024-01-17,S003,P0010,98,129.60287
2024-01-17,S003,P0002,63,95.77416
2024-01-17,S005,P0003,73,90.55869
2024-01-17,S004,P0004,136,117.47102
2024-01-17,S001,P0015,99,94.085655
2024-01-17,S001,P0008,88,117.23159
2024-01-17,S005,P0017,83,98.95543
2024-01-17,S004,P0003,51,60.593853
2024-01-17,S003,P0012,66,62.708427
2024-01-17,S001,P0006,58,81.42794
2024-01-17,S001,P0018,148,120.02055
2024-01-17,S005,P0006,108,108.711266
2024-01-17,S002,P0004,87,105.76445
2024-01-17,S004,P0013,173,135.188
2024-01-17,S003,P0009,161,142.02805
2024-01-17,S001,P0011,94,93.22763
2024-01-17,S003,P0011,194,170.88339
2024-01-17,S001,P0010,94,95.68504
2024-01-17,S002,P0011,96,112.07303
2024-01-17,S002,P0015,99,105.06637
2024-01-17,S001,P0016,110,109.352615
2024-01-17,S004,P0020,71,66.30136
2024-01-17,S002,P0008,92,117.22864
2024-01-17,S001,P0007,122,143.49695
2024-01-17,S005,P0016,101,104.23488
2024-01-17,S004,P0002,107,91.10517
2024-01-18,S001,P0003,110,106.59973
2024-01-18,S003,P0018,73,70.67755
2024-01-18,S002,P0015,125,119.00695
2024-01-18,S004,P0007,38,92.81728
2024-01-18,S001,P0019,96,98.27661
2024-01-18,S003,P0012,91,85.95036
2024-01-18,S002,P0009,150,132.31746
2024-01-18,S005,P0012,123,117.802536
2024-01-18,S002,P0011,130,135.08965
2024-01-18,S003,P0015,142,134.29243
2024-01-18,S005,P0004,108,127.06238
2024-01-18,S002,P0008,127,124.99001
2024-01-18,S005,P0020,169,149.2551
2024-01-18,S001,P0015,74,78.50097
2024-01-18,S003,P0016,205,195.81404
2024-01-18,S004,P0014,82,85.052704
2024-01-18,S004,P0013,107,94.60735
2024-01-18,S002,P0013,107,114.45318
2024-01-18,S004,P0008,46,55.351063
2024-01-18,S005,P0003,43,75.71851
2024-01-18,S002,P0012,105,112.28803
2024-01-18,S004,P0011,181,133.20811
2024-01-18,S005,P0018,146,125.87216
2024-01-18,S001,P0001,86,101.39083
2024-01-18,S005,P0005,115,120.30102
2024-01-18,S002,P0014,184,187.84085
2024-01-18,S005,P0011,93,96.38774
2024-01-18,S003,P0013,111,118.45376
2024-01-18,S004,P0015,71,72.89027
2024-01-18,S004,P0012,144,140.56276
2024-01-18,S001,P0013,61,99.49863
2024-01-18,S001,P0018,151,132.40193
2024-01-18,S001,P0014,169,170.97372
2024-01-18,S005,P0017,149,118.05187
2024-01-18,S002,P0010,164,159.85275
2024-01-18,S001,P0016,171,152.69096
2024-01-18,S003,P0011,108,114.30978
2024-01-18,S001,P0017,147,106.0023
2024-01-18,S003,P0005,113,106.49654
2024-01-18,S004,P0009,110,104.01317
2024-01-18,S001,P0012,75,131.99352
2024-01-18,S004,P0016,110,92.758224
2024-01-18,S004,P0010,161,116.76129
2024-01-18,S003,P0004,185,157.1991
2024-01-18,S005,P0015,109,108.275154
2024-01-18,S001,P0011,86,85.49393
2024-01-18,S001,P0004,157,165.61372
2024-01-18,S003,P0017,87,78.607086
2024-01-18,S005,P0009,159,147.72083
2024-01-18,S003,P0014,172,162.96396
2024-01-18,S002,P0001,139,131.1891
2024-01-18,S004,P0006,101,89.742134
2024-01-18,S002,P0002,73,97.48486
2024-01-18,S005,P0008,132,127.92949
2024-01-18,S002,P0020,85,97.95548
2024-01-18,S004,P0017,79,87.561806
2024-01-18,S002,P0018,65,97.33417
2024-01-18,S004,P0019,152,127.63857
2024-01-18,S003,P0007,99,98.796394
2024-01-18,S003,P0008,50,101.37863
2024-01-18,S002,P0019,137,131.11903
2024-01-18,S003,P0003,68,91.517296
2024-01-18,S005,P0007,138,140.00238
2024-01-18,S001,P0008,181,91.952286
2024-01-18,S005,P0016,138,141.32051
2024-01-18,S005,P0019,143,152.48659
2024-01-18,S002,P0006,72,86.34411
2024-01-18,S004,P0018,51,63.326794
2024-01-18,S005,P0002,106,109.0743
2024-01-18,S005,P0006,83,105.55431
2024-01-18,S003,P0002,80,92.99509
2024-01-18,S003,P0006,85,86.36147
2024-01-18,S004,P0002,113,97.58139
2024-01-18,S002,P0003,101,107.932076
2024-01-18,S002,P0005,37,89.16068
2024-01-18,S001,P0005,163,136.87865
2024-01-18,S003,P0019,156,167.04411
2024-01-18,S001,P0007,62,99.07896
2024-01-18,S003,P0009,24,74.88021
2024-01-18,S002,P0016,173,166.8091
2024-01-18,S005,P0010,106,115.5864
2024-01-18,S004,P0004,178,143.23976
2024-01-18,S005,P0013,155,141.00778
2024-01-18,S001,P0020,119,108.8435
2024-01-18,S001,P0002,134,135.32832
2024-01-18,S003,P0001,66,74.02487
2024-01-18,S004,P0005,101,101.74625
2024-01-18,S002,P0017,96,91.4355
2024-01-18,S004,P0001,95,90.940834
2024-01-18,S004,P0020,87,83.06752
2024-01-18,S001,P0010,71,80.46355
2024-01-18,S003,P0010,122,112.364876
2024-01-18,S003,P0020,139,131.28818
2024-01-18,S002,P0007,49,88.1644
2024-01-18,S002,P0004,188,157.99602
2024-01-18,S005,P0014,107,109.863205
2024-01-18,S001,P0006,51,74.316734
2024-01-18,S004,P0003,52,62.365486
2024-01-18,S005,P0001,132,131.15852
2024-01-18,S001,P0009,141,133.48766
2024-01-19,S002,P0013,168,123.64275
2024-01-19,S002,P0002,26,71.88651
2024-01-19,S005,P0012,63,64.8558
2024-01-19,S005,P0016,33,82.742004
2024-01-19,S002,P0005,115,113.5899
2024-01-19,S004,P0008,76,70.23302
2024-01-19,S001,P0007,21,83.23336
2024-01-19,S004,P0013,55,71.10622
2024-01-19,S004,P0019,91,88.747345
2024-01-19,S003,P0016,57,95.66984
2024-01-19,S005,P0001,105,106.40684
2024-01-19,S003,P0002,61,109.94557
2024-01-19,S005,P0014,78,79.7407
2024-01-19,S003,P0020,75,107.79307
2024-01-19,S004,P0003,80,87.59119
2024-01-19,S001,P0015,78,76.05344
2024-01-19,S001,P0006,44,59.699757
2024-01-19,S005,P0010,78,88.24069
2024-01-19,S003,P0012,87,75.11992
2024-01-19,S001,P0019,58,56.805283
2024-01-19,S003,P0008,106,123.41658
2024-01-19,S002,P0012,68,74.38655
2024-01-19,S005,P0005,141,132.92433
2024-01-19,S001,P0011,69,73.40607
2024-01-19,S005,P0004,86,62.64881
2024-01-19,S002,P0008,105,101.11574
2024-01-19,S001,P0020,65,60.343597
2024-01-19,S002,P0007,61,75.812355
2024-01-19,S005,P0008,168,117.36635
2024-01-19,S004,P0017,127,104.197945
2024-01-19,S005,P0002,37,70.0099
2024-01-19,S004,P0016,44,53.192886
2024-01-19,S002,P0015,123,107.82886
2024-01-19,S001,P0016,115,108.025696
2024-01-19,S004,P0006,80,90.78655
2024-01-19,S003,P0015,93,122.84741
2024-01-19,S004,P0002,41,70.986275
2024-01-19,S001,P0005,98,112.98796
2024-01-19,S004,P0005,148,124.76721
2024-01-19,S005,P0003,34,88.581406
2024-01-19,S004,P0015,29,40.219368
2024-01-19,S005,P0020,68,87.23084
2024-01-19,S005,P0011,111,97.98222
2024-01-19,S002,P0016,32,83.97084
2024-01-19,S002,P0011,103,94.14713
2024-01-19,S001,P0010,31,49.839252
2024-01-19,S003,P0011,133,136.0045
2024-01-19,S005,P0013,92,107.15555
2024-01-19,S003,P0010,116,121.312164
2024-01-19,S004,P0001,116,107.183624
2024-01-19,S001,P0001,90,107.55791
2024-01-19,S003,P0014,160,172.57607
2024-01-19,S002,P0017,76,71.83814
2024-01-19,S001,P0003,136,112.37392
2024-01-19,S003,P0001,115,141.32964
2024-01-19,S002,P0018,112,110.931984
2024-01-19,S002,P0020,44,56.18701
2024-01-19,S003,P0019,151,146.47379
2024-01-19,S003,P0003,71,121.07643
2024-01-19,S002,P0006,87,84.81413
2024-01-19,S002,P0004,152,98.25974
2024-01-19,S001,P0008,83,90.182
2024-01-19,S002,P0001,232,196.32144
2024-01-19,S004,P0010,119,110.29272
2024-01-19,S005,P0009,90,97.47
2024-01-19,S004,P0011,101,97.20721
2024-01-19,S003,P0009,128,120.80227
2024-01-19,S002,P0014,108,106.81866
2024-01-19,S001,P0012,100,102.896706
2024-01-19,S001,P0004,101,93.81099
2024-01-19,S003,P0018,92,100.60814
2024-01-19,S004,P0018,48,69.14296
2024-01-19,S004,P0014,78,84.51409
2024-01-19,S005,P0017,99,98.03866
2024-01-19,S001,P0017,80,80.68645
2024-01-19,S001,P0013,105,93.9436
2024-01-19,S001,P0002,39,81.6273
2024-01-19,S004,P0007,103,116.59839
2024-01-19,S005,P0015,126,98.580605
2024-01-19,S005,P0007,51,90.018776
2024-01-19,S005,P0006,73,86.55094
2024-01-19,S004,P0009,60,74.90617
2024-01-19,S005,P0019,88,84.24755
2024-01-19,S002,P0019,57,88.53147
2024-01-19,S002,P0010,86,96.423836
2024-01-19,S004,P0020,61,60.88211
2024-01-19,S001,P0014,109,111.68132
2024-01-19,S002,P0003,100,108.7015
2024-01-19,S003,P0005,145,143.41733
2024-01-19,S003,P0013,137,128.1385
2024-01-19,S004,P0012,66,81.58944
2024-01-19,S004,P0004,95,98.30855
2024-01-19,S001,P0009,100,107.49118
2024-01-19,S003,P0006,72,87.69874
2024-01-19,S003,P0017,79,76.23404
2024-01-19,S003,P0004,91,112.23143
2024-01-19,S003,P0007,81,100.10616
2024-01-19,S005,P0018,151,127.34337
2024-01-19,S002,P0009,80,89.1905
2024-01-19,S001,P0018,120,125.23825
2024-01-20,S001,P0014,186,175.8853
2024-01-20,S002,P0017,156,133.38158
2024-01-20,S002,P0004,235,161.01746
2024-01-20,S001,P0009,174,182.00055
2024-01-20,S004,P0014,110,115.29552
2024-01-20,S002,P0014,161,164.36208
2024-01-20,S002,P0019,158,126.78936
2024-01-20,S002,P0003,38,85.73639
2024-01-20,S004,P0020,83,85.989784
2024-01-20,S001,P0005,174,166.43684
2024-01-20,S005,P0009,225,226.77962
2024-01-20,S001,P0018,167,145.07913
2024-01-20,S003,P0001,45,65.71121
2024-01-20,S004,P0005,198,170.23618
2024-01-20,S004,P0011,101,125.726906
2024-01-20,S005,P0020,117,106.662704
2024-01-20,S005,P0011,172,151.36964
2024-01-20,S005,P0006,84,94.78961
2024-01-20,S001,P0015,181,141.54382
2024-01-20,S001,P0016,191,140.77103
2024-01-20,S005,P0019,72,86.65233
2024-01-20,S004,P0006,89,102.76598
2024-01-20,S003,P0011,166,164.2921
2024-01-20,S005,P0007,81,143.05403
2024-01-20,S005,P0013,205,192.59361
2024-01-20,S001,P0008,126,91.119156
2024-01-20,S002,P0010,86,115.560646
2024-01-20,S004,P0015,55,82.60629
2024-01-20,S003,P0013,206,165.50972
2024-01-20,S003,P0002,118,141.74583
2024-01-20,S002,P0001,155,157.04056
2024-01-20,S002,P0016,224,181.25842
2024-01-20,S003,P0006,79,86.01366
2024-01-20,S004,P0012,159,146.32127
2024-01-20,S001,P0012,139,137.41716
2024-01-20,S001,P0017,209,139.39986
2024-01-20,S004,P0010,119,122.9265
2024-01-20,S003,P0019,147,137.25114
2024-01-20,S001,P0020,66,71.69895
2024-01-20,S004,P0016,142,117.73014
2024-01-20,S003,P0017,101,102.40235
2024-01-20,S005,P0008,127,129.5011
2024-01-20,S005,P0017,156,156.23357
2024-01-20,S004,P0009,192,179.25763
2024-01-20,S003,P0009,106,124.646385
2024-01-20,S003,P0005,111,124.95077
2024-01-20,S001,P0004,135,154.68329
2024-01-20,S004,P0004,201,181.31712
2024-01-20,S001,P0013,120,114.14337
2024-01-20,S003,P0018,111,99.08237
2024-01-20,S003,P0007,162,135.09946
2024-01-20,S003,P0010,58,119.320816
2024-01-20,S001,P0011,114,117.79498
2024-01-20,S002,P0005,199,179.77884
2024-01-20,S004,P0001,115,114.65848
2024-01-20,S002,P0020,92,88.46763
2024-01-20,S002,P0018,73,93.87164
2024-01-20,S002,P0011,136,139.45506
2024-01-20,S005,P0016,122,122.09313
2024-01-20,S001,P0003,109,103.19163
2024-01-20,S002,P0006,96,97.84177
2024-01-20,S002,P0015,202,161.35915
2024-01-20,S004,P0017,206,180.86365
2024-01-20,S001,P0001,141,108.83734
2024-01-20,S003,P0003,60,93.333534
2024-01-20,S005,P0012,105,94.04902
2024-01-20,S004,P0008,81,77.305214
2024-01-20,S005,P0015,140,138.78911
2024-01-20,S004,P0007,116,160.61967
2024-01-20,S005,P0003,104,104.781555
2024-01-20,S001,P0007,29,119.97822
2024-01-20,S003,P0004,174,168.36427
2024-01-20,S001,P0002,120,131.05528
2024-01-20,S003,P0014,151,157.3851
2024-01-20,S003,P0020,98,114.12641
2024-01-20,S004,P0019,117,108.13283
2024-01-20,S004,P0003,70,76.07238
2024-01-20,S004,P0013,143,127.87333
2024-01-20,S003,P0016,99,114.11129
2024-01-20,S005,P0018,135,133.1164
2024-01-20,S005,P0004,158,159.73436
2024-01-20,S002,P0002,60,110.50136
2024-01-20,S002,P0012,115,92.274055
2024-01-20,S001,P0006,103,111.45627
2024-01-20,S002,P0009,139,143.79413
2024-01-20,S002,P0013,131,137.71773
2024-01-20,S003,P0008,116,126.79388
2024-01-20,S003,P0015,237,235.9007
2024-01-20,S001,P0010,92,90.743126
2024-01-20,S005,P0001,95,111.885956
2024-01-20,S001,P0019,72,69.890816
2024-01-20,S005,P0005,192,162.29547
2024-01-20,S005,P0002,78,94.32529
2024-01-20,S003,P0012,133,96.27864
2024-01-20,S005,P0010,162,126.692276
2024-01-20,S004,P0002,68,106.41931
2024-01-20,S005,P0014,112,114.21569
2024-01-20,S002,P0007,101,131.37907
2024-01-20,S004,P0018,38,64.96843
2024-01-20,S002,P0008,118,119.65778
2024-01-21,S005,P0009,148,172.96442
2024-01-21,S001,P0008,141,85.512314
2024-01-21,S004,P0015,67,65.97549
2024-01-21,S002,P0001,99,132.04703
2024-01-21,S003,P0018,68,67.970474
2024-01-21,S004,P0005,106,122.16629
2024-01-21,S005,P0011,81,93.70892
2024-01-21,S004,P0010,165,140.2831
2024-01-21,S004,P0011,116,102.53308
2024-01-21,S005,P0020,68,113.3345
2024-01-21,S003,P0019,107,96.10221
2024-01-21,S001,P0001,109,119.7006
2024-01-21,S002,P0006,84,100.16025
2024-01-21,S002,P0020,20,56.93006
2024-01-21,S002,P0018,99,91.4142
2024-01-21,S004,P0017,173,150.0576
2024-01-21,S001,P0015,152,117.168564
2024-01-21,S004,P0007,52,96.196785
2024-01-21,S001,P0002,121,120.960205
2024-01-21,S001,P0016,130,116.833084
2024-01-21,S004,P0014,110,103.42852
2024-01-21,S001,P0012,154,140.24236
2024-01-21,S001,P0003,96,92.60376
2024-01-21,S005,P0008,162,124.59727
2024-01-21,S005,P0017,118,139.23749
2024-01-21,S001,P0009,169,159.27
2024-01-21,S005,P0006,148,131.90208
2024-01-21,S004,P0018,61,62.5314
2024-01-21,S003,P0008,107,102.11721
2024-01-21,S003,P0012,92,75.73546
2024-01-21,S005,P0018,121,114.44467
2024-01-21,S002,P0012,45,71.46581
2024-01-21,S003,P0010,77,129.09088
2024-01-21,S002,P0007,47,76.25842
2024-01-21,S001,P0006,75,99.44471
2024-01-21,S002,P0016,103,103.0712
2024-01-21,S002,P0004,181,141.81883
2024-01-21,S002,P0011,118,113.19298
2024-01-21,S001,P0013,132,111.05443
2024-01-21,S003,P0009,133,126.61524
2024-01-21,S003,P0001,52,88.08088
2024-01-21,S001,P0017,103,123.09658
2024-01-21,S002,P0017,148,113.03232
2024-01-21,S005,P0013,107,123.82471
2024-01-21,S002,P0014,135,122.292885
2024-01-21,S003,P0004,88,121.265
2024-01-21,S001,P0004,162,167.63745
2024-01-21,S002,P0015,139,108.46375
2024-01-21,S005,P0015,159,118.21715
2024-01-21,S001,P0019,64,62.81142
2024-01-21,S005,P0002,64,79.05824
2024-01-21,S003,P0006,63,94.458855
2024-01-21,S004,P0004,122,137.05038
2024-01-21,S001,P0020,104,102.91615
2024-01-21,S003,P0007,87,85.76621
2024-01-21,S003,P0017,61,68.838036
2024-01-21,S005,P0004,139,142.44409
2024-01-21,S003,P0016,135,122.62413
2024-01-21,S001,P0005,197,160.29254
2024-01-21,S005,P0001,148,146.13019
2024-01-21,S002,P0013,82,83.10867
2024-01-21,S005,P0007,142,133.31194
2024-01-21,S004,P0006,87,100.31799
2024-01-21,S002,P0003,82,91.338684
2024-01-21,S005,P0014,98,100.11894
2024-01-21,S002,P0019,57,83.082756
2024-01-21,S004,P0009,84,102.80535
2024-01-21,S002,P0008,132,108.13088
2024-01-21,S002,P0009,157,135.12708
2024-01-21,S003,P0020,97,114.03708
2024-01-21,S005,P0005,196,161.377
2024-01-21,S004,P0016,76,69.166046
2024-01-21,S005,P0012,96,89.17197
2024-01-21,S004,P0019,82,85.88877
2024-01-21,S003,P0014,218,213.73846
2024-01-21,S002,P0010,156,159.59784
2024-01-21,S004,P0012,79,85.64831
2024-01-21,S001,P0011,68,76.870155
2024-01-21,S004,P0013,51,74.47813
2024-01-21,S003,P0005,42,95.52789
2024-01-21,S005,P0019,114,112.93115
2024-01-21,S004,P0020,89,84.04825
2024-01-21,S004,P0002,42,72.39074
2024-01-21,S002,P0002,47,76.556915
2024-01-21,S004,P0003,33,52.09564
2024-01-21,S001,P0014,128,134.47307
2024-01-21,S003,P0015,68,93.45997
2024-01-21,S001,P0007,93,105.40228
2024-01-21,S001,P0010,69,75.713135
2024-01-21,S005,P0010,108,126.33664
2024-01-21,S005,P0003,68,87.661125
2024-01-21,S003,P0003,30,83.77901
2024-01-21,S004,P0001,63,100.61932
2024-01-21,S005,P0016,112,100.44564
2024-01-21,S002,P0005,88,104.75471
2024-01-21,S003,P0002,62,94.74635
2024-01-21,S003,P0011,75,94.88386
2024-01-21,S004,P0008,101,82.126076
2024-01-21,S001,P0018,132,122.50465
2024-01-21,S003,P0013,112,109.70446
2024-01-22,S001,P0013,91,110.410194
2024-01-22,S005,P0010,160,129.01791
2024-01-22,S001,P0001,218,145.93188
2024-01-22,S004,P0003,75,87.728065
2024-01-22,S004,P0008,44,45.73804
2024-01-22,S005,P0004,144,125.26276
2024-01-22,S003,P0010,94,119.23055
2024-01-22,S002,P0005,79,84.18375
2024-01-22,S002,P0013,114,99.356346
2024-01-22,S001,P0011,100,96.38767
2024-01-22,S001,P0003,182,140.66725
2024-01-22,S005,P0009,137,144.86328
2024-01-22,S005,P0016,126,114.597946
2024-01-22,S004,P0001,152,123.03751
2024-01-22,S002,P0020,106,109.50797
2024-01-22,S002,P0018,16,59.624416
2024-01-22,S001,P0005,68,101.46955
2024-01-22,S001,P0019,71,85.046326
2024-01-22,S004,P0015,71,72.10969
2024-01-22,S004,P0018,159,133.62244
2024-01-22,S003,P0003,105,124.21224
2024-01-22,S002,P0006,88,85.733986
2024-01-22,S002,P0002,56,76.36054
2024-01-22,S003,P0019,184,172.74289
2024-01-22,S002,P0012,94,93.78161
2024-01-22,S005,P0003,183,143.86595
2024-01-22,S001,P0008,97,108.354294
2024-01-22,S003,P0016,156,138.19194
2024-01-22,S004,P0007,69,108.27731
2024-01-22,S003,P0008,122,117.59932
2024-01-22,S004,P0019,157,138.65451
2024-01-22,S004,P0013,158,119.66852
2024-01-22,S004,P0002,84,92.863815
2024-01-22,S002,P0015,111,101.54451
2024-01-22,S001,P0002,147,135.3367
2024-01-22,S002,P0009,116,103.77942
2024-01-22,S001,P0007,106,108.3787
2024-01-22,S004,P0017,177,165.74197
2024-01-22,S003,P0007,65,89.562454
2024-01-22,S001,P0016,159,130.08841
2024-01-22,S005,P0020,112,134.02306
2024-01-22,S005,P0018,260,191.06961
2024-01-22,S001,P0020,54,79.211205
2024-01-22,S002,P0010,180,156.0268
2024-01-22,S005,P0006,123,124.47899
2024-01-22,S003,P0014,86,125.999054
2024-01-22,S003,P0017,129,130.2414
2024-01-22,S004,P0004,120,116.26773
2024-01-22,S002,P0014,80,102.77008
2024-01-22,S005,P0001,177,178.31018
2024-01-22,S003,P0009,106,111.227554
2024-01-22,S001,P0018,132,151.93411
2024-01-22,S001,P0017,226,147.10301
2024-01-22,S003,P0002,100,105.393845
2024-01-22,S004,P0012,107,136.84593
2024-01-22,S004,P0011,168,138.58313
2024-01-22,S002,P0001,51,121.2732
2024-01-22,S002,P0016,49,85.390785
2024-01-22,S004,P0014,103,94.05183
2024-01-22,S002,P0008,66,78.68012
2024-01-22,S003,P0013,174,147.0379
2024-01-22,S005,P0014,63,79.988884
2024-01-22,S003,P0011,141,145.2829
2024-01-22,S003,P0006,114,112.27218
2024-01-22,S001,P0010,89,90.42337
2024-01-22,S003,P0015,188,169.73793
2024-01-22,S003,P0012,94,109.802124
2024-01-22,S001,P0014,193,194.02615
2024-01-22,S003,P0001,119,126.3406
2024-01-22,S005,P0013,143,134.52014
2024-01-22,S002,P0017,136,111.269646
2024-01-22,S001,P0015,83,97.803185
2024-01-22,S003,P0004,162,130.26286
2024-01-22,S003,P0005,128,114.594025
2024-01-22,S005,P0019,149,136.62416
2024-01-22,S004,P0005,31,76.90689
2024-01-22,S004,P0016,81,72.99409
2024-01-22,S005,P0017,124,143.17905
2024-01-22,S004,P0020,157,132.66692
2024-01-22,S005,P0005,133,123.58485
2024-01-22,S001,P0004,91,103.8228
2024-01-22,S004,P0006,157,117.88326
2024-01-22,S001,P0009,183,159.03413
2024-01-22,S002,P0019,173,137.7755
2024-01-22,S005,P0008,193,132.8361
2024-01-22,S002,P0004,108,111.41559
2024-01-22,S002,P0007,68,80.7725
2024-01-22,S001,P0012,69,120.147896
2024-01-22,S003,P0020,119,135.70905
2024-01-22,S003,P0018,102,112.14808
2024-01-22,S005,P0012,123,127.56783
2024-01-22,S002,P0003,168,138.09631
2024-01-22,S005,P0011,81,99.154816
2024-01-22,S005,P0002,109,106.40937
2024-01-22,S004,P0010,86,102.685585
2024-01-22,S001,P0006,116,114.48913
2024-01-22,S005,P0015,86,103.00311
2024-01-22,S002,P0011,146,125.85593
2024-01-22,S004,P0009,97,104.53733
2024-01-22,S005,P0007,80,116.02803
2024-01-23,S002,P0016,106,116.3919
2024-01-23,S005,P0008,139,134.22325
2024-01-23,S003,P0001,89,96.78942
2024-01-23,S004,P0005,80,93.581276
2024-01-23,S004,P0015,61,62.965096
2024-01-23,S004,P0017,28,99.60963
2024-01-23,S003,P0002,94,102.98299
2024-01-23,S002,P0009,61,78.42509
2024-01-23,S003,P0010,96,110.90404
2024-01-23,S002,P0015,108,98.97051
2024-01-23,S002,P0017,68,65.623375
2024-01-23,S002,P0008,157,136.2348
2024-01-23,S001,P0010,74,73.67264
2024-01-23,S001,P0011,145,109.13235
2024-01-23,S001,P0020,83,65.029976
2024-01-23,S004,P0006,119,131.43428
2024-01-23,S003,P0011,102,104.47879
2024-01-23,S001,P0009,95,102.26827
2024-01-23,S005,P0017,30,85.63661
2024-01-23,S002,P0014,95,95.83944
2024-01-23,S005,P0012,110,101.50364
2024-01-23,S002,P0007,104,87.78747
2024-01-23,S005,P0011,104,93.16203
2024-01-23,S001,P0018,123,114.49012
2024-01-23,S001,P0012,121,136.19006
2024-01-23,S002,P0013,138,125.70663
2024-01-23,S001,P0007,11,80.662735
2024-01-23,S001,P0013,99,118.980865
2024-01-23,S005,P0007,65,94.391106
2024-01-23,S004,P0019,90,91.709854
2024-01-23,S003,P0013,57,123.693184
2024-01-23,S004,P0012,99,129.96098
2024-01-23,S002,P0003,110,109.68383
2024-01-23,S005,P0010,102,97.356224
2024-01-23,S005,P0016,149,117.5434
2024-01-23,S003,P0018,100,89.4449
2024-01-23,S003,P0007,65,92.718216
2024-01-23,S002,P0019,125,110.62772
2024-01-23,S001,P0014,86,96.30262
2024-01-23,S002,P0002,57,74.72779
2024-01-23,S003,P0005,74,84.324
2024-01-23,S004,P0020,59,68.856285
2024-01-23,S004,P0004,162,137.3465
2024-01-23,S002,P0011,69,77.15553
2024-01-23,S004,P0013,153,142.93501
2024-01-23,S005,P0003,59,76.49032
2024-01-23,S001,P0004,35,68.24508
2024-01-23,S003,P0017,101,88.18526
2024-01-23,S005,P0014,51,56.328266
2024-01-23,S004,P0008,72,76.46049
2024-01-23,S005,P0005,108,101.09681
2024-01-23,S004,P0001,65,84.542244
2024-01-23,S005,P0019,51,59.55087
2024-01-23,S001,P0016,115,136.82948
2024-01-23,S003,P0014,115,115.20982
2024-01-23,S004,P0002,79,94.65226
2024-01-23,S003,P0006,179,158.87358
2024-01-23,S002,P0020,39,54.29837
2024-01-23,S002,P0012,91,98.18157
2024-01-23,S005,P0013,101,132.28532
2024-01-23,S005,P0001,49,70.75639
2024-01-23,S002,P0005,95,91.479195
2024-01-23,S002,P0010,98,97.586494
2024-01-23,S001,P0015,118,99.9106
2024-01-23,S003,P0003,150,114.0966
2024-01-23,S005,P0006,134,126.53766
2024-01-23,S005,P0009,59,74.11022
2024-01-23,S002,P0004,123,105.306915
2024-01-23,S003,P0016,111,116.39335
2024-01-23,S004,P0003,77,76.11455
2024-01-23,S005,P0015,104,89.29482
2024-01-23,S004,P0010,138,122.88844
2024-01-23,S003,P0020,142,97.465225
2024-01-23,S004,P0011,131,119.278595
2024-01-23,S001,P0005,81,88.03081
2024-01-23,S005,P0002,100,89.34177
2024-01-23,S005,P0020,97,89.589554
2024-01-23,S003,P0004,93,104.22954
2024-01-23,S004,P0018,39,62.93884
2024-01-23,S003,P0012,109,104.07458
2024-01-23,S001,P0019,53,55.877
2024-01-23,S003,P0008,88,139.82047
2024-01-23,S005,P0004,146,105.67564
2024-01-23,S005,P0018,144,123.30736
2024-01-23,S002,P0018,67,83.76384
2024-01-23,S001,P0003,101,98.13086
2024-01-23,S002,P0006,80,98.79495
2024-01-23,S001,P0002,71,88.06386
2024-01-23,S001,P0008,83,105.108864
2024-01-23,S001,P0001,68,84.31748
2024-01-23,S003,P0019,103,101.47865
2024-01-23,S002,P0001,87,101.71262
2024-01-23,S004,P0014,90,90.58068
2024-01-23,S003,P0009,121,105.251144
2024-01-23,S004,P0009,99,104.95787
2024-01-23,S004,P0016,84,80.336685
2024-01-23,S001,P0006,125,118.10554
2024-01-23,S003,P0015,112,129.27962
2024-01-23,S004,P0007,86,109.0927
2024-01-23,S001,P0017,100,96.08631
2024-01-24,S005,P0005,64,100.8578
2024-01-24,S003,P0003,167,133.17876
2024-01-24,S003,P0020,115,118.30786
2024-01-24,S004,P0016,65,65.421326
2024-01-24,S003,P0016,82,92.08681
2024-01-24,S002,P0013,134,121.918625
2024-01-24,S004,P0003,116,108.98047
2024-01-24,S001,P0001,98,119.11825
2024-01-24,S005,P0014,111,103.07058
2024-01-24,S001,P0013,84,95.847946
2024-01-24,S004,P0008,78,69.49747
2024-01-24,S003,P0012,111,76.62875
2024-01-24,S004,P0018,52,61.29839
2024-01-24,S002,P0002,80,116.21037
2024-01-24,S005,P0010,153,140.34659
2024-01-24,S001,P0015,90,94.618996
2024-01-24,S002,P0012,119,94.848625
2024-01-24,S003,P0008,187,162.92775
2024-01-24,S001,P0019,153,110.75011
2024-01-24,S004,P0013,94,86.3655
2024-01-24,S005,P0004,145,130.4099
2024-01-24,S002,P0014,87,96.988884
2024-01-24,S005,P0002,70,102.82197
2024-01-24,S001,P0002,150,148.69388
2024-01-24,S002,P0009,284,187.89442
2024-01-24,S005,P0006,167,156.83672
2024-01-24,S001,P0017,100,120.05329
2024-01-24,S003,P0009,193,151.3055
2024-01-24,S002,P0005,77,121.234985
2024-01-24,S001,P0008,106,120.04847
2024-01-24,S002,P0003,60,121.025856
2024-01-24,S002,P0018,103,103.71316
2024-01-24,S004,P0001,115,117.77705
2024-01-24,S005,P0009,140,149.54482
2024-01-24,S005,P0001,236,178.58357
2024-01-24,S003,P0017,79,82.39829
2024-01-24,S004,P0011,82,81.88065
2024-01-24,S002,P0006,165,152.36763
2024-01-24,S004,P0014,65,64.8622
2024-01-24,S005,P0016,83,95.42818
2024-01-24,S005,P0018,139,126.31177
2024-01-24,S005,P0007,56,94.72928
2024-01-24,S003,P0014,104,102.304596
2024-01-24,S002,P0020,49,83.26896
2024-01-24,S003,P0019,128,123.68275
2024-01-24,S002,P0001,89,140.07057
2024-01-24,S004,P0007,76,100.714615
2024-01-24,S001,P0003,238,153.64742
2024-01-24,S001,P0006,28,93.0955
2024-01-24,S004,P0004,140,116.81766
2024-01-24,S002,P0008,130,153.27036
2024-01-24,S005,P0003,150,124.432106
2024-01-24,S004,P0015,69,70.25123
2024-01-24,S001,P0007,86,99.29699
2024-01-24,S004,P0017,169,146.92122
2024-01-24,S004,P0010,129,137.03085
2024-01-24,S003,P0007,56,76.82941
2024-01-24,S001,P0009,153,146.25174
2024-01-24,S002,P0010,169,175.37708
2024-01-24,S001,P0004,126,122.78792
2024-01-24,S001,P0012,126,120.956566
2024-01-24,S002,P0017,99,111.05193
2024-01-24,S004,P0019,69,83.41497
2024-01-24,S003,P0018,59,58.23151
2024-01-24,S005,P0011,74,89.93745
2024-01-24,S003,P0013,70,91.79508
2024-01-24,S005,P0012,60,70.83438
2024-01-24,S003,P0005,85,101.737404
2024-01-24,S003,P0002,126,122.764145
2024-01-24,S004,P0005,101,113.276375
2024-01-24,S003,P0001,64,88.38924
2024-01-24,S005,P0008,146,150.69254
2024-01-24,S004,P0012,87,92.860634
2024-01-24,S002,P0011,119,123.921265
2024-01-24,S003,P0015,154,140.97232
2024-01-24,S002,P0004,128,125.0192
2024-01-24,S003,P0011,81,93.88637
2024-01-24,S005,P0015,136,110.13769
2024-01-24,S001,P0014,172,153.83441
2024-01-24,S001,P0016,146,115.35082
2024-01-24,S003,P0004,92,100.75241
2024-01-24,S005,P0017,93,123.09925
2024-01-24,S003,P0006,105,96.763084
2024-01-24,S003,P0010,228,124.51594
2024-01-24,S002,P0016,72,100.34057
2024-01-24,S002,P0015,79,105.70883
2024-01-24,S004,P0020,73,75.97971
2024-01-24,S002,P0007,99,106.13772
2024-01-24,S005,P0019,89,99.35713
2024-01-24,S001,P0010,149,127.77972
2024-01-24,S005,P0020,121,122.981865
2024-01-24,S004,P0009,176,158.02852
2024-01-24,S004,P0006,121,124.08815
2024-01-24,S002,P0019,176,165.66135
2024-01-24,S001,P0011,40,62.837044
2024-01-24,S005,P0013,163,135.75563
2024-01-24,S004,P0002,110,115.33789
2024-01-24,S001,P0020,82,86.67509
2024-01-24,S001,P0018,145,127.3184
2024-01-24,S001,P0005,127,133.42914
2024-01-25,S004,P0003,68,72.74588
2024-01-25,S002,P0017,98,94.13879
2024-01-25,S005,P0012,4,55.470947
2024-01-25,S003,P0007,145,144.12549
2024-01-25,S001,P0006,147,158.1589
2024-01-25,S003,P0013,220,209.9672
2024-01-25,S001,P0017,100,109.74353
2024-01-25,S005,P0015,103,109.29933
2024-01-25,S001,P0020,48,63.035995
2024-01-25,S002,P0004,109,121.96384
2024-01-25,S001,P0005,169,147.02414
2024-01-25,S003,P0005,147,113.6924
2024-01-25,S004,P0012,120,130.44492
2024-01-25,S001,P0014,67,74.8314
2024-01-25,S005,P0010,76,103.88109
2024-01-25,S001,P0015,170,130.4906
2024-01-25,S002,P0002,54,121.36591
2024-01-25,S002,P0001,49,110.95994
2024-01-25,S005,P0009,112,130.1083
2024-01-25,S004,P0006,191,152.36848
2024-01-25,S004,P0013,212,151.86111
2024-01-25,S005,P0017,117,120.34933
2024-01-25,S004,P0004,95,105.91153
2024-01-25,S005,P0014,66,66.750046
2024-01-25,S004,P0007,152,149.85028
2024-01-25,S005,P0013,151,170.20981
2024-01-25,S001,P0009,210,180.1936
2024-01-25,S005,P0008,148,135.78014
2024-01-25,S003,P0006,103,124.766365
2024-01-25,S002,P0013,114,138.64272
2024-01-25,S002,P0019,131,142.58475
2024-01-25,S002,P0020,56,70.22883
2024-01-25,S005,P0001,209,159.31735
2024-01-25,S003,P0012,85,104.41375
2024-01-25,S001,P0008,110,93.87904
2024-01-25,S005,P0019,97,114.93357
2024-01-25,S002,P0015,121,120.205215
2024-01-25,S004,P0018,96,87.28582
2024-01-25,S004,P0020,44,61.83184
2024-01-25,S003,P0010,90,119.781075
2024-01-25,S003,P0001,73,74.61864
2024-01-25,S004,P0019,112,116.578384
2024-01-25,S003,P0009,180,146.74443
2024-01-25,S001,P0007,105,136.40169
2024-01-25,S002,P0018,120,105.55239
2024-01-25,S002,P0016,132,117.71888
2024-01-25,S003,P0011,106,121.69683
2024-01-25,S003,P0008,109,114.68539
2024-01-25,S002,P0014,87,101.386475
2024-01-25,S003,P0002,73,145.58209
2024-01-25,S002,P0005,133,116.43081
2024-01-25,S001,P0016,156,142.32085
2024-01-25,S003,P0019,154,167.80852
2024-01-25,S002,P0006,226,169.88438
2024-01-25,S003,P0020,158,107.91369
2024-01-25,S004,P0014,57,63.768826
2024-01-25,S005,P0016,98,104.36855
2024-01-25,S004,P0001,135,127.97471
2024-01-25,S005,P0018,175,149.29982
2024-01-25,S002,P0003,78,101.97102
2024-01-25,S004,P0005,105,100.690994
2024-01-25,S005,P0020,63,96.47091
2024-01-25,S005,P0007,37,121.711685
2024-01-25,S001,P0003,215,156.67168
2024-01-25,S005,P0004,143,128.47844
2024-01-25,S005,P0003,62,90.87388
2024-01-25,S001,P0002,91,115.95521
2024-01-25,S001,P0001,137,111.9462
2024-01-25,S005,P0005,145,136.61867
2024-01-25,S003,P0003,100,105.53787
2024-01-25,S001,P0004,89,105.05145
2024-01-25,S005,P0006,141,148.15253
2024-01-25,S005,P0002,101,121.884125
2024-01-25,S002,P0007,155,150.42654
2024-01-25,S001,P0012,112,148.1239
2024-01-25,S004,P0011,153,134.4351
2024-01-25,S002,P0008,120,128.21715
2024-01-25,S004,P0015,73,68.9715
2024-01-25,S001,P0019,115,100.25826
2024-01-25,S004,P0008,96,86.860344
2024-01-25,S003,P0004,162,126.494995
2024-01-25,S001,P0018,189,145.71658
2024-01-25,S004,P0009,189,171.05537
2024-01-25,S004,P0010,140,119.85923
2024-01-25,S004,P0002,105,119.76514
2024-01-25,S003,P0014,115,117.2684
2024-01-25,S003,P0018,102,94.08901
2024-01-25,S002,P0012,86,112.08912
2024-01-25,S001,P0013,174,160.05368
2024-01-25,S001,P0010,79,83.93159
2024-01-25,S003,P0015,188,180.73834
2024-01-25,S002,P0011,80,97.50155
2024-01-25,S005,P0011,85,100.74039
2024-01-25,S003,P0016,151,148.93275
2024-01-25,S004,P0016,85,80.63612
2024-01-25,S001,P0011,92,97.57787
2024-01-25,S002,P0010,115,121.47583
2024-01-25,S003,P0017,64,73.02063
2024-01-25,S002,P0009,135,133.7654
2024-01-25,S004,P0017,134,131.20827
2024-01-26,S003,P0020,69,86.18079
2024-01-26,S002,P0009,135,132.05086
2024-01-26,S001,P0005,166,154.24231
2024-01-26,S004,P0012,81,97.87052
2024-01-26,S005,P0001,152,128.13028
2024-01-26,S001,P0006,67,85.77924
2024-01-26,S001,P0009,119,115.16409
2024-01-26,S005,P0012,65,68.556
2024-01-26,S001,P0008,112,94.48878
2024-01-26,S005,P0013,127,124.96293
2024-01-26,S003,P0001,81,71.0634
2024-01-26,S003,P0019,114,107.79946
2024-01-26,S002,P0006,121,112.83883
2024-01-26,S001,P0002,144,151.09973
2024-01-26,S003,P0011,91,98.28669
2024-01-26,S005,P0016,69,82.94093
2024-01-26,S002,P0008,104,118.61016
2024-01-26,S002,P0016,101,98.62827
2024-01-26,S004,P0001,86,103.55118
2024-01-26,S002,P0005,175,168.00693
2024-01-26,S001,P0016,113,114.06924
2024-01-26,S002,P0015,206,161.00694
2024-01-26,S005,P0018,135,132.24309
2024-01-26,S001,P0013,104,103.92559
2024-01-26,S005,P0009,62,86.638596
2024-01-26,S003,P0013,52,82.00079
2024-01-26,S005,P0008,122,123.70323
2024-01-26,S004,P0015,89,89.24089
2024-01-26,S001,P0004,67,106.11162
2024-01-26,S001,P0010,91,93.24083
2024-01-26,S001,P0011,106,97.2208
2024-01-26,S004,P0017,135,150.4095
2024-01-26,S004,P0016,91,86.26664
2024-01-26,S004,P0010,103,126.44649
2024-01-26,S003,P0004,189,142.6115
2024-01-26,S001,P0014,116,117.64695
2024-01-26,S001,P0012,125,114.99207
2024-01-26,S001,P0007,99,100.9361
2024-01-26,S004,P0019,258,153.86269
2024-01-26,S001,P0015,148,126.730125
2024-01-26,S004,P0011,88,89.667656
2024-01-26,S005,P0003,80,95.4414
2024-01-26,S004,P0018,69,95.39233
2024-01-26,S004,P0013,146,126.043625
2024-01-26,S005,P0002,84,98.35609
2024-01-26,S005,P0019,89,105.41521
2024-01-26,S004,P0020,74,77.11396
2024-01-26,S004,P0014,85,95.56017
2024-01-26,S003,P0010,18,107.8062
2024-01-26,S002,P0004,122,162.8731
2024-01-26,S003,P0002,57,128.6399
2024-01-26,S001,P0019,153,115.548
2024-01-26,S004,P0006,140,126.92446
2024-01-26,S002,P0019,146,153.12495
2024-01-26,S003,P0006,120,95.298294
2024-01-26,S005,P0014,65,64.8862
2024-01-26,S001,P0020,69,67.63145
2024-01-26,S004,P0005,151,140.66922
2024-01-26,S003,P0008,135,126.19416
2024-01-26,S001,P0003,95,98.802246
2024-01-26,S001,P0018,116,141.18584
2024-01-26,S005,P0020,134,101.57715
2024-01-26,S002,P0001,102,116.31169
2024-01-26,S005,P0004,167,152.22063
2024-01-26,S004,P0004,216,182.45558
2024-01-26,S002,P0017,81,84.66757
2024-01-26,S004,P0009,168,167.3918
2024-01-26,S003,P0009,94,84.2884
2024-01-26,S005,P0006,76,91.164474
2024-01-26,S005,P0007,99,108.88896
2024-01-26,S005,P0010,29,96.082184
2024-01-26,S002,P0020,119,110.43403
2024-01-26,S002,P0007,75,95.41464
2024-01-26,S002,P0002,111,126.064735
2024-01-26,S005,P0017,75,102.562744
2024-01-26,S004,P0008,109,92.580696
2024-01-26,S002,P0018,179,144.57753
2024-01-26,S004,P0007,94,119.45623
2024-01-26,S002,P0003,159,144.00317
2024-01-26,S005,P0005,248,180.58313
2024-01-26,S005,P0015,151,141.61147
2024-01-26,S003,P0014,128,116.65028
2024-01-26,S002,P0012,49,78.69713
2024-01-26,S002,P0013,120,120.829605
2024-01-26,S003,P0005,86,107.171196
2024-01-26,S003,P0015,146,173.68802
2024-01-26,S002,P0011,78,103.4657
2024-01-26,S003,P0016,157,135.54778
2024-01-26,S002,P0014,121,118.39559
2024-01-26,S003,P0003,110,101.651306
2024-01-26,S005,P0011,118,103.553505
2024-01-26,S004,P0002,108,129.7386
2024-01-26,S004,P0003,106,104.003784
2024-01-26,S003,P0018,114,102.939865
2024-01-26,S001,P0017,77,87.976204
2024-01-26,S003,P0007,83,92.508
2024-01-26,S003,P0012,93,79.75457
2024-01-26,S001,P0001,72,90.566345
2024-01-26,S002,P0010,120,141.15074
2024-01-26,S003,P0017,118,98.66894
2024-01-27,S001,P0018,156,148.01918
2024-01-27,S004,P0007,218,149.1615
2024-01-27,S003,P0003,84,87.69586
2024-01-27,S005,P0006,142,121.74941
2024-01-27,S001,P0005,183,149.30907
2024-01-27,S002,P0010,159,163.64374
2024-01-27,S002,P0020,72,77.401245
2024-01-27,S002,P0009,148,160.43333
2024-01-27,S004,P0009,175,184.05377
2024-01-27,S004,P0010,131,142.17091
2024-01-27,S003,P0006,122,107.418205
2024-01-27,S001,P0006,80,85.831024
2024-01-27,S002,P0019,79,105.32231
2024-01-27,S004,P0008,83,81.4961
2024-01-27,S005,P0001,68,82.73059
2024-01-27,S003,P0007,162,127.73984
2024-01-27,S001,P0016,62,79.38555
2024-01-27,S001,P0019,77,66.86578
2024-01-27,S003,P0017,117,102.44418
2024-01-27,S003,P0016,88,88.62962
2024-01-27,S005,P0014,67,78.43555
2024-01-27,S003,P0004,134,104.22622
2024-01-27,S001,P0011,79,75.96233
2024-01-27,S004,P0020,68,69.54046
2024-01-27,S001,P0003,69,84.57838
2024-01-27,S005,P0015,120,120.15046
2024-01-27,S004,P0006,87,88.50808
2024-01-27,S003,P0019,66,74.49976
2024-01-27,S003,P0009,164,140.20465
2024-01-27,S005,P0009,92,110.898125
2024-01-27,S005,P0003,92,90.97921
2024-01-27,S005,P0019,63,65.64655
2024-01-27,S005,P0017,111,120.176285
2024-01-27,S002,P0011,66,78.20695
2024-01-27,S002,P0017,99,100.94289
2024-01-27,S001,P0020,79,71.42462
2024-01-27,S005,P0010,108,118.91082
2024-01-27,S002,P0018,218,143.21019
2024-01-27,S003,P0018,16,67.523674
2024-01-27,S004,P0005,222,161.81203
2024-01-27,S003,P0010,137,128.4116
2024-01-27,S003,P0015,183,182.43434
2024-01-27,S002,P0001,150,134.27783
2024-01-27,S004,P0019,59,75.55681
2024-01-27,S001,P0015,144,122.09321
2024-01-27,S002,P0002,196,165.32411
2024-01-27,S003,P0001,125,100.16073
2024-01-27,S001,P0010,68,81.72109
2024-01-27,S004,P0015,131,102.387955
2024-01-27,S003,P0002,112,118.90165
2024-01-27,S003,P0011,101,102.96555
2024-01-27,S003,P0008,149,150.33257
2024-01-27,S001,P0002,125,118.02313
2024-01-27,S005,P0008,119,132.05446
2024-01-27,S002,P0006,167,147.10318
2024-01-27,S003,P0013,152,141.79462
2024-01-27,S001,P0012,159,137.0495
2024-01-27,S002,P0004,111,123.49687
2024-01-27,S001,P0017,131,118.8812
2024-01-27,S004,P0016,77,75.59878
2024-01-27,S004,P0017,68,132.8282
2024-01-27,S002,P0014,148,156.88019
2024-01-27,S004,P0004,158,139.0672
2024-01-27,S004,P0012,51,82.93597
2024-01-27,S002,P0015,179,159.08351
2024-01-27,S002,P0003,143,139.36958
2024-01-27,S005,P0013,175,153.77165
2024-01-27,S005,P0007,92,113.57225
2024-01-27,S002,P0012,81,86.0618
2024-01-27,S005,P0012,66,67.457306
2024-01-27,S005,P0004,69,77.441605
2024-01-27,S004,P0003,73,77.27395
2024-01-27,S004,P0011,55,62.939735
2024-01-27,S002,P0013,117,124.32314
2024-01-27,S005,P0020,38,79.56957
2024-01-27,S005,P0011,89,87.49216
2024-01-27,S003,P0020,114,97.01272
2024-01-27,S005,P0002,83,98.53391
2024-01-27,S004,P0014,112,108.3901
2024-01-27,S001,P0007,157,131.95163
2024-01-27,S002,P0016,110,103.01905
2024-01-27,S001,P0014,178,165.33199
2024-01-27,S005,P0005,111,116.66238
2024-01-27,S004,P0018,84,93.488434
2024-01-27,S004,P0002,170,146.1428
2024-01-27,S004,P0013,151,143.25229
2024-01-27,S001,P0008,102,102.07464
2024-01-27,S002,P0005,132,141.141
2024-01-27,S002,P0008,173,163.70453
2024-01-27,S003,P0005,109,109.80709
2024-01-27,S001,P0004,114,111.73505
2024-01-27,S001,P0001,99,92.09417
2024-01-27,S003,P0014,65,83.17071
2024-01-27,S004,P0001,120,119.104546
2024-01-27,S005,P0018,136,136.75665
2024-01-27,S005,P0016,48,76.945885
2024-01-27,S001,P0013,69,122.48352
2024-01-27,S002,P0007,174,154.03725
2024-01-27,S003,P0012,107,89.13827
2024-01-27,S001,P0009,198,160.68655
2024-01-28,S004,P0006,223,177.35915
2024-01-28,S004,P0003,126,127.693825
2024-01-28,S005,P0009,98,107.7876
2024-01-28,S002,P0003,170,152.56161
2024-01-28,S005,P0004,147,145.34447
2024-01-28,S005,P0007,96,105.40811
2024-01-28,S004,P0005,153,120.29881
2024-01-28,S001,P0015,80,98.62599
2024-01-28,S001,P0013,57,93.0169
2024-01-28,S001,P0020,103,85.32187
2024-01-28,S002,P0004,124,142.1842
2024-01-28,S003,P0020,161,135.20702
2024-01-28,S005,P0017,106,130.41031
2024-01-28,S004,P0002,97,107.740456
2024-01-28,S004,P0013,146,133.32442
2024-01-28,S002,P0005,101,107.42766
2024-01-28,S004,P0001,175,152.00911
2024-01-28,S004,P0007,156,134.41646
2024-01-28,S005,P0016,65,82.29225
2024-01-28,S005,P0018,115,129.12341
2024-01-28,S004,P0011,55,66.24751
2024-01-28,S003,P0019,188,148.48758
2024-01-28,S005,P0003,113,116.21275
2024-01-28,S004,P0004,136,163.81395
2024-01-28,S002,P0007,60,84.2674
2024-01-28,S005,P0010,87,99.33794
2024-01-28,S001,P0003,192,157.02402
2024-01-28,S001,P0012,65,94.22758
2024-01-28,S004,P0008,73,70.65771
2024-01-28,S001,P0018,245,203.63374
2024-01-28,S001,P0004,108,126.89891
2024-01-28,S002,P0008,124,120.52485
2024-01-28,S005,P0011,112,99.035515
2024-01-28,S001,P0016,140,117.77968
2024-01-28,S004,P0010,122,128.76404
2024-01-28,S003,P0018,97,98.652664
2024-01-28,S002,P0001,151,131.11153
2024-01-28,S004,P0015,88,87.96591
2024-01-28,S003,P0004,175,153.8905
2024-01-28,S003,P0017,131,136.54321
2024-01-28,S001,P0017,144,137.7366
2024-01-28,S001,P0011,95,93.13503
2024-01-28,S002,P0010,112,116.874725
2024-01-28,S003,P0002,111,102.06395
2024-01-28,S002,P0002,104,89.66085
2024-01-28,S001,P0019,80,75.225464
2024-01-28,S002,P0006,167,154.89717
2024-01-28,S001,P0014,59,72.5122
2024-01-28,S004,P0009,82,125.3025
2024-01-28,S001,P0002,114,120.32219
2024-01-28,S005,P0006,112,134.82376
2024-01-28,S004,P0012,146,136.38774
2024-01-28,S003,P0006,111,126.43926
2024-01-28,S002,P0019,117,112.213005
2024-01-28,S003,P0007,123,106.122604
2024-01-28,S001,P0006,127,131.09392
2024-01-28,S005,P0014,85,89.63223
2024-01-28,S004,P0020,75,93.33135
2024-01-28,S003,P0008,74,104.72061
2024-01-28,S002,P0018,147,136.18185
2024-01-28,S005,P0019,77,80.11619
2024-01-28,S002,P0017,124,117.71521
2024-01-28,S003,P0013,121,115.289566
2024-01-28,S001,P0007,92,100.510124
2024-01-28,S004,P0016,87,76.76159
2024-01-28,S002,P0011,121,130.85085
2024-01-28,S005,P0015,193,150.24808
2024-01-28,S003,P0014,138,131.30452
2024-01-28,S003,P0015,126,166.20842
2024-01-28,S002,P0012,87,82.185524
2024-01-28,S001,P0010,82,79.89423
2024-01-28,S004,P0017,116,138.55034
2024-01-28,S003,P0003,164,145.55191
2024-01-28,S005,P0001,128,122.51578
2024-01-28,S001,P0005,83,96.26673
2024-01-28,S003,P0009,103,101.11325
2024-01-28,S005,P0005,98,104.83151
2024-01-28,S002,P0020,134,120.454765
2024-01-28,S002,P0009,131,115.23314
2024-01-28,S003,P0016,65,86.68656
2024-01-28,S003,P0010,104,111.109
2024-01-28,S003,P0001,103,98.7885
2024-01-28,S003,P0011,106,108.34009
2024-01-28,S005,P0002,115,94.30528
2024-01-28,S002,P0015,58,104.773895
2024-01-28,S005,P0012,96,91.244644
2024-01-28,S004,P0018,89,107.29898
2024-01-28,S002,P0014,37,59.673622
2024-01-28,S004,P0014,126,118.696106
2024-01-28,S003,P0005,29,72.59442
2024-01-28,S005,P0013,116,119.25261
2024-01-28,S004,P0019,58,78.97751
2024-01-28,S002,P0016,61,82.14238
2024-01-28,S001,P0009,164,145.44783
2024-01-28,S002,P0013,130,115.97279
2024-01-28,S005,P0008,133,120.71085
2024-01-28,S005,P0020,130,118.30164
2024-01-28,S001,P0001,139,97.42214
2024-01-28,S001,P0008,118,82.941864
2024-01-28,S003,P0012,112,77.24574
2024-01-29,S003,P0017,77,74.33512
2024-01-29,S005,P0010,90,101.221886
2024-01-29,S001,P0014,77,79.7673
2024-01-29,S001,P0008,109,89.99932
2024-01-29,S005,P0018,202,146.79073
2024-01-29,S002,P0016,137,107.42231
2024-01-29,S003,P0001,55,71.03831
2024-01-29,S003,P0020,109,99.982735
2024-01-29,S003,P0003,87,92.817184
2024-01-29,S004,P0016,71,72.42309
2024-01-29,S003,P0015,81,103.575134
2024-01-29,S002,P0009,85,99.23292
2024-01-29,S001,P0011,65,70.566025
2024-01-29,S004,P0015,66,67.32267
2024-01-29,S002,P0011,152,137.76782
2024-01-29,S003,P0018,79,71.56588
2024-01-29,S005,P0011,51,79.38961
2024-01-29,S001,P0004,76,90.27129
2024-01-29,S002,P0008,111,105.69819
2024-01-29,S002,P0012,77,76.97881
2024-01-29,S004,P0004,132,132.7523
2024-01-29,S001,P0010,68,72.94425
2024-01-29,S003,P0014,96,97.34513
2024-01-29,S005,P0006,78,98.862595
2024-01-29,S005,P0007,133,123.50509
2024-01-29,S002,P0007,129,98.84534
2024-01-29,S003,P0012,43,57.5882
2024-01-29,S005,P0016,109,98.0898
2024-01-29,S001,P0001,112,97.19869
2024-01-29,S004,P0001,171,140.71492
2024-01-29,S002,P0005,68,79.90447
2024-01-29,S004,P0013,120,112.94817
2024-01-29,S003,P0005,66,76.189354
2024-01-29,S005,P0013,142,124.79747
2024-01-29,S004,P0002,137,128.76105
2024-01-29,S003,P0011,114,104.610435
2024-01-29,S002,P0004,139,100.02169
2024-01-29,S002,P0014,90,95.375824
2024-01-29,S004,P0018,97,93.599
2024-01-29,S004,P0003,74,83.88058
2024-01-29,S002,P0003,102,102.64035
2024-01-29,S005,P0012,71,77.23517
2024-01-29,S001,P0007,173,115.23544
2024-01-29,S004,P0012,166,151.47444
2024-01-29,S005,P0002,118,99.62992
2024-01-29,S003,P0016,111,99.06073
2024-01-29,S002,P0015,122,105.54957
2024-01-29,S001,P0013,109,100.24439
2024-01-29,S004,P0017,132,115.92927
2024-01-29,S005,P0004,87,96.20559
2024-01-29,S005,P0008,169,127.23485
2024-01-29,S002,P0019,118,107.517204
2024-01-29,S003,P0008,166,153.61545
2024-01-29,S004,P0008,83,82.6608
2024-01-29,S003,P0009,138,113.547516
2024-01-29,S002,P0017,79,82.6997
2024-01-29,S005,P0009,67,97.14934
2024-01-29,S001,P0005,123,114.52413
2024-01-29,S003,P0002,116,105.57658
2024-01-29,S003,P0007,113,101.20605
2024-01-29,S005,P0015,94,98.83375
2024-01-29,S002,P0018,85,97.92575
2024-01-29,S005,P0020,105,96.75001
2024-01-29,S001,P0006,113,107.9207
2024-01-29,S001,P0017,108,100.88904
2024-01-29,S001,P0015,86,98.011635
2024-01-29,S002,P0020,43,52.738556
2024-01-29,S004,P0005,56,98.88993
2024-01-29,S003,P0004,100,101.19689
2024-01-29,S005,P0005,164,125.48953
2024-01-29,S004,P0019,120,115.58379
2024-01-29,S001,P0020,72,67.87782
2024-01-29,S004,P0009,42,93.64414
2024-01-29,S003,P0010,94,102.24841
2024-01-29,S004,P0011,97,98.41718
2024-01-29,S001,P0003,198,141.87521
2024-01-29,S003,P0006,88,94.62587
2024-01-29,S005,P0003,100,99.94802
2024-01-29,S003,P0019,81,77.19282
2024-01-29,S003,P0013,109,107.38686
2024-01-29,S002,P0006,100,99.11489
2024-01-29,S001,P0012,174,147.80359
2024-01-29,S004,P0014,83,80.27504
2024-01-29,S001,P0009,133,121.5454
2024-01-29,S002,P0013,80,82.594734
2024-01-29,S002,P0002,69,74.16605
2024-01-29,S002,P0010,120,118.75969
2024-01-29,S004,P0020,63,74.666985
2024-01-29,S001,P0002,64,89.46929
2024-01-29,S005,P0001,118,116.831894
2024-01-29,S004,P0007,89,122.48973
2024-01-29,S005,P0017,132,114.42393
2024-01-29,S005,P0019,63,64.23874
2024-01-29,S002,P0001,57,97.03415
2024-01-29,S005,P0014,90,94.476456
2024-01-29,S001,P0018,103,108.78504
2024-01-29,S001,P0019,105,92.4131
2024-01-29,S004,P0006,118,126.09273
2024-01-29,S001,P0016,99,107.38647
2024-01-29,S004,P0010,115,125.18371
2024-01-30,S005,P0009,94,106.452576
2024-01-30,S005,P0017,137,106.27134
2024-01-30,S005,P0016,64,74.064896
2024-01-30,S005,P0015,122,91.90033
2024-01-30,S005,P0014,120,108.513374
2024-01-30,S005,P0013,97,106.01937
2024-01-30,S005,P0012,54,54.390736
2024-01-30,S005,P0011,74,77.01567
2024-01-30,S005,P0010,78,85.99274
2024-01-30,S005,P0008,81,94.71469
2024-01-30,S003,P0011,134,139.81248
2024-01-30,S005,P0006,163,136.76071
2024-01-30,S005,P0005,113,105.02636
2024-01-30,S005,P0004,115,101.52925
2024-01-30,S005,P0003,121,100.227936
2024-01-30,S005,P0002,136,81.51099
2024-01-30,S005,P0001,99,103.57965
2024-01-30,S004,P0020,93,81.84598
2024-01-30,S004,P0019,126,108.82873
2024-01-30,S004,P0018,66,67.54793
2024-01-30,S004,P0017,121,102.816345
2024-01-30,S005,P0007,56,91.44541
2024-01-30,S004,P0016,43,51.304096
2024-01-30,S004,P0012,91,92.34766
2024-01-30,S004,P0015,40,47.870853
2024-01-30,S003,P0008,114,132.06982
2024-01-30,S004,P0011,96,80.68828
2024-01-30,S004,P0010,117,116.848175
2024-01-30,S004,P0009,127,120.88476
2024-01-30,S004,P0008,69,55.548683
2024-01-30,S004,P0007,154,120.43371
2024-01-30,S004,P0006,98,108.43225
2024-01-30,S004,P0005,98,103.22581
2024-01-30,S004,P0004,132,111.69785
2024-01-30,S004,P0003,59,64.6344
2024-01-30,S003,P0009,151,133.6172
2024-01-30,S004,P0002,57,76.97335
2024-01-30,S003,P0020,96,115.77725
2024-01-30,S003,P0019,132,141.40924
2024-01-30,S003,P0018,90,88.436226
2024-01-30,S003,P0017,118,113.82308
2024-01-30,S003,P0016,124,115.715454
2024-01-30,S003,P0015,134,145.13301
2024-01-30,S003,P0014,157,141.88245
2024-01-30,S003,P0013,121,124.96008
2024-01-30,S003,P0012,49,67.819954
2024-01-30,S004,P0013,34,59.910873
2024-01-30,S004,P0001,123,105.546
2024-01-30,S005,P0019,84,83.58606
2024-01-30,S003,P0007,114,108.31251
2024-01-30,S002,P0001,87,98.61912
2024-01-30,S003,P0003,103,108.37292
2024-01-30,S003,P0002,112,114.3104
2024-01-30,S003,P0001,58,68.79656
2024-01-30,S002,P0020,82,77.162315
2024-01-30,S002,P0019,118,108.04683
2024-01-30,S002,P0018,149,110.5826
2024-01-30,S002,P0017,72,76.296005
2024-01-30,S002,P0016,105,85.55854
2024-01-30,S002,P0015,67,84.14197
2024-01-30,S002,P0014,101,96.54242
2024-01-30,S002,P0013,129,112.76764
2024-01-30,S002,P0012,96,77.16779
2024-01-30,S002,P0011,62,75.88801
2024-01-30,S002,P0010,107,101.45444
2024-01-30,S002,P0009,108,100.783875
2024-01-30,S002,P0008,96,106.53177
2024-01-30,S002,P0007,109,95.15023
2024-01-30,S002,P0006,118,107.13177
2024-01-30,S005,P0018,68,77.45647
2024-01-30,S003,P0010,132,124.57101
2024-01-30,S004,P0014,39,47.878654
2024-01-30,S003,P0004,84,108.49607
2024-01-30,S003,P0005,130,108.36021
2024-01-30,S003,P0006,147,137.72394
2024-01-30,S002,P0005,138,109.39859
2024-01-30,S001,P0020,73,61.089756
2024-01-30,S001,P0019,61,62.92127
2024-01-30,S001,P0018,70,94.33692
2024-01-30,S001,P0017,80,84.86666
2024-01-30,S001,P0016,90,100.723236
2024-01-30,S001,P0015,83,71.6949
2024-01-30,S001,P0014,86,95.817665
2024-01-30,S001,P0013,116,96.19126
2024-01-30,S001,P0012,86,98.624695
2024-01-30,S001,P0011,44,56.377354
2024-01-30,S002,P0003,79,90.16307
2024-01-30,S001,P0010,69,74.3064
2024-01-30,S001,P0008,53,69.35221
2024-01-30,S001,P0007,80,93.20289
2024-01-30,S001,P0006,96,89.06766
2024-01-30,S001,P0005,29,87.28386
2024-01-30,S001,P0004,84,83.19946
2024-01-30,S001,P0003,137,108.45987
2024-01-30,S001,P0002,119,112.26901
2024-01-30,S001,P0001,111,94.68838
2024-01-30,S002,P0002,78,76.37156
2024-01-30,S002,P0004,73,100.99701
2024-01-30,S001,P0009,84,100.30169
2024-01-30,S005,P0020,73,81.60403
