Date,Product ID,Store ID,Location_ID,SKU_ID,Predicted_Demand,Inventory_Level,Supplier_Lead_Time_Days,Reorder_Point,Order_Quantity,Unit_Cost,Unit_Price,Promotion_Flag,Stockout_Flag,Warehouse_ID,Holding_Cost,Ordering_Cost,Safety_Stock,Warehouse_Capacity,Source,Recommended_Order_Quantity,Reorder_Decision,Expected_Inventory,Stock_Status,Potential_Stockout,Estimated_Inventory_Cost
2024-01-01,P0002,S002,WH_2,SKU_10,32.97942,520.0,10.0,310.0,0.0,13.83,22.36,0.0,0.0,WH_2,0.8,49.56,40,6844,SYNTHETIC / ASSUMED PARAMETERS,0,False,487.02,STABLE,False,389.62
2024-01-01,P0006,S005,WH_5,SKU_14,74.59894,980.0,6.0,259.0,0.0,11.19,14.98,0.0,0.0,WH_5,0.92,37.97,55,10175,SYNTHETIC / ASSUMED PARAMETERS,0,False,905.4,STABLE,False,832.97
2024-01-01,P0016,S002,WH_2,SKU_23,119.16337,701.0,12.0,312.0,0.0,6.68,11.81,0.0,0.0,WH_2,0.8,35.45,73,10338,SYNTHETIC / ASSUMED PARAMETERS,0,False,581.84,STABLE,False,465.47
2024-01-01,P0010,S001,WH_1,SKU_18,45.693356,548.0,2.0,346.0,0.0,8.62,10.49,0.0,0.0,WH_1,0.92,38.21,43,7798,SYNTHETIC / ASSUMED PARAMETERS,0,False,502.31,STABLE,False,462.12
2024-01-01,P0019,S003,WH_3,SKU_26,82.39297,829.0,14.0,222.0,0.0,7.66,9.43,0.0,0.0,WH_3,0.81,30.44,28,5399,SYNTHETIC / ASSUMED PARAMETERS,0,False,746.61,STABLE,False,604.75
2024-01-01,P0011,S003,WH_3,SKU_19,64.4964,806.0,4.0,295.0,0.0,14.17,23.01,1.0,0.0,WH_3,1.45,87.37,62,9399,SYNTHETIC / ASSUMED PARAMETERS,0,False,741.5,STABLE,False,1075.18
2024-01-01,P0019,S002,WH_2,SKU_26,129.10497,856.0,5.0,273.0,0.0,8.5,11.16,0.0,0.0,WH_2,0.55,33.37,47,8606,SYNTHETIC / ASSUMED PARAMETERS,0,False,726.9,STABLE,False,399.79
2024-01-01,P0019,S004,WH_4,SKU_26,138.52043,661.0,14.0,331.0,0.0,8.71,13.65,0.0,0.0,WH_4,0.81,35.89,53,6838,SYNTHETIC / ASSUMED PARAMETERS,0,False,522.48,STABLE,False,423.21
2024-01-01,P0005,S004,WH_4,SKU_13,134.99397,902.0,10.0,251.0,0.0,14.29,19.75,0.0,0.0,WH_4,0.97,79.01,68,10644,SYNTHETIC / ASSUMED PARAMETERS,0,False,767.01,STABLE,False,744.0
2024-01-01,P0007,S001,WH_1,SKU_15,91.50884,792.0,13.0,327.0,0.0,16.7,28.78,1.0,0.0,WH_1,2.21,100.17,53,6976,SYNTHETIC / ASSUMED PARAMETERS,0,False,700.49,STABLE,False,1548.09
2024-01-01,P0014,S005,WH_5,SKU_21,60.619633,751.0,8.0,309.0,0.0,13.11,23.25,0.0,0.0,WH_5,1.81,58.89,87,5672,SYNTHETIC / ASSUMED PARAMETERS,0,False,690.38,STABLE,False,1249.59
2024-01-01,P0003,S001,WH_1,SKU_11,105.81511,922.0,4.0,286.0,0.0,19.54,34.79,0.0,0.0,WH_1,2.75,93.77,81,6423,SYNTHETIC / ASSUMED PARAMETERS,0,False,816.18,STABLE,False,2244.51
2024-01-01,P0014,S004,WH_4,SKU_21,49.006016,619.0,8.0,379.0,0.0,12.65,20.04,0.0,0.0,WH_4,0.78,76.01,44,11017,SYNTHETIC / ASSUMED PARAMETERS,0,False,569.99,STABLE,False,444.6
2024-01-01,P0001,S001,WH_1,SKU_1,53.56248,592.0,14.0,379.0,0.0,13.95,20.48,0.0,0.0,WH_1,1.88,67.42,94,6673,SYNTHETIC / ASSUMED PARAMETERS,0,False,538.44,STABLE,False,1012.26
2024-01-01,P0011,S001,WH_1,SKU_19,34.192513,509.0,8.0,287.0,0.0,12.4,18.41,0.0,0.0,WH_1,1.18,43.0,33,9186,SYNTHETIC / ASSUMED PARAMETERS,0,False,474.81,STABLE,False,560.27
2024-01-01,P0016,S005,WH_5,SKU_23,20.02412,759.0,3.0,383.0,0.0,19.43,28.74,0.0,0.0,WH_5,2.51,93.33,52,7979,SYNTHETIC / ASSUMED PARAMETERS,0,False,738.98,STABLE,False,1854.83
2024-01-01,P0016,S004,WH_4,SKU_23,30.569283,888.0,14.0,236.0,0.0,15.4,18.69,0.0,0.0,WH_4,1.44,47.04,57,10538,SYNTHETIC / ASSUMED PARAMETERS,0,False,857.43,STABLE,False,1234.7
2024-01-01,P0006,S004,WH_4,SKU_14,90.79642,498.0,10.0,343.0,0.0,5.76,8.49,0.0,0.0,WH_4,0.78,37.66,58,8907,SYNTHETIC / ASSUMED PARAMETERS,0,False,407.2,STABLE,False,317.62
2024-01-01,P0010,S003,WH_3,SKU_18,110.76642,840.0,9.0,213.0,0.0,15.53,20.4,0.0,0.0,WH_3,2.28,65.06,40,7890,SYNTHETIC / ASSUMED PARAMETERS,0,False,729.23,STABLE,False,1662.65
2024-01-01,P0006,S002,WH_2,SKU_14,82.42797,841.0,14.0,268.0,0.0,18.83,23.34,1.0,0.0,WH_2,2.51,66.61,39,5701,SYNTHETIC / ASSUMED PARAMETERS,0,False,758.57,STABLE,False,1904.02
2024-01-01,P0017,S004,WH_4,SKU_24,125.77206,536.0,13.0,301.0,0.0,7.11,12.19,0.0,0.0,WH_4,1.05,31.77,79,5355,SYNTHETIC / ASSUMED PARAMETERS,0,False,410.23,STABLE,False,430.74
2024-01-01,P0007,S002,WH_2,SKU_15,33.2959,928.0,8.0,386.0,0.0,11.37,14.92,0.0,0.0,WH_2,1.19,43.87,61,9277,SYNTHETIC / ASSUMED PARAMETERS,0,False,894.7,STABLE,False,1064.7
2024-01-01,P0008,S005,WH_5,SKU_16,76.52537,482.0,2.0,394.0,0.0,13.23,20.46,0.0,0.0,WH_5,1.66,59.45,101,8221,SYNTHETIC / ASSUMED PARAMETERS,0,False,405.47,STABLE,False,673.09
2024-01-01,P0017,S002,WH_2,SKU_24,21.424051,807.0,5.0,365.0,0.0,19.69,29.64,0.0,0.0,WH_2,2.19,76.95,92,10380,SYNTHETIC / ASSUMED PARAMETERS,0,False,785.58,STABLE,False,1720.41
2024-01-01,P0008,S003,WH_3,SKU_16,89.90812,560.0,6.0,336.0,0.0,12.08,18.52,0.0,0.0,WH_3,1.03,67.38,41,10278,SYNTHETIC / ASSUMED PARAMETERS,0,False,470.09,STABLE,False,484.19
2024-01-01,P0010,S005,WH_5,SKU_18,88.62295,523.0,13.0,394.0,0.0,13.35,21.48,0.0,0.0,WH_5,1.44,69.56,77,8261,SYNTHETIC / ASSUMED PARAMETERS,0,False,434.38,STABLE,False,625.5
2024-01-01,P0008,S001,WH_1,SKU_16,44.399254,890.0,14.0,328.0,0.0,11.96,17.38,0.0,0.0,WH_1,1.64,39.73,88,10604,SYNTHETIC / ASSUMED PARAMETERS,0,False,845.6,STABLE,False,1386.79
2024-01-01,P0020,S001,WH_1,SKU_27,30.350443,724.0,2.0,389.0,0.0,5.89,7.48,0.0,0.0,WH_1,0.77,21.54,103,8847,SYNTHETIC / ASSUMED PARAMETERS,0,False,693.65,STABLE,False,534.11
2024-01-01,P0012,S005,WH_5,SKU_2,23.578505,844.0,14.0,267.0,0.0,15.0,26.38,0.0,0.0,WH_5,1.72,57.23,63,7517,SYNTHETIC / ASSUMED PARAMETERS,0,False,820.42,STABLE,False,1411.12
2024-01-01,P0004,S003,WH_3,SKU_12,63.245255,755.0,6.0,234.0,0.0,10.01,13.38,0.0,0.0,WH_3,1.57,45.39,57,10301,SYNTHETIC / ASSUMED PARAMETERS,0,False,691.75,STABLE,False,1086.05
2024-01-01,P0020,S003,WH_3,SKU_27,85.05883,762.0,3.0,296.0,0.0,9.18,15.91,0.0,0.0,WH_3,1.13,62.45,32,6179,SYNTHETIC / ASSUMED PARAMETERS,0,False,676.94,STABLE,False,764.94
2024-01-01,P0001,S004,WH_4,SKU_1,58.381554,522.0,9.0,333.0,0.0,6.93,10.7,0.0,0.0,WH_4,1.02,32.51,60,7800,SYNTHETIC / ASSUMED PARAMETERS,0,False,463.62,STABLE,False,472.89
2024-01-01,P0008,S002,WH_2,SKU_16,59.330273,492.0,11.0,327.0,0.0,19.0,26.16,0.0,0.0,WH_2,2.13,82.7,65,6031,SYNTHETIC / ASSUMED PARAMETERS,0,False,432.67,STABLE,False,921.59
2024-01-01,P0001,S002,WH_2,SKU_1,79.561615,843.0,8.0,322.0,0.0,11.46,19.92,0.0,0.0,WH_2,0.9,70.92,62,9416,SYNTHETIC / ASSUMED PARAMETERS,0,False,763.44,STABLE,False,687.09
2024-01-01,P0014,S002,WH_2,SKU_21,65.72755,617.0,7.0,349.0,0.0,8.18,12.0,0.0,0.0,WH_2,1.13,36.82,79,8567,SYNTHETIC / ASSUMED PARAMETERS,0,False,551.27,STABLE,False,622.94
2024-01-01,P0015,S004,WH_4,SKU_22,42.589066,638.0,11.0,374.0,0.0,19.16,23.34,0.0,0.0,WH_4,2.12,46.36,63,10964,SYNTHETIC / ASSUMED PARAMETERS,0,False,595.41,STABLE,False,1262.27
2024-01-01,P0013,S001,WH_1,SKU_20,29.678972,523.0,9.0,295.0,0.0,9.55,16.05,1.0,0.0,WH_1,1.19,44.04,33,5191,SYNTHETIC / ASSUMED PARAMETERS,0,False,493.32,STABLE,False,587.05
2024-01-01,P0007,S003,WH_3,SKU_15,78.18953,794.0,7.0,265.0,0.0,6.24,9.99,0.0,0.0,WH_3,0.69,40.25,72,9290,SYNTHETIC / ASSUMED PARAMETERS,0,False,715.81,STABLE,False,493.91
2024-01-01,P0004,S004,WH_4,SKU_12,90.11659,849.0,12.0,227.0,0.0,14.2,19.73,0.0,0.0,WH_4,1.6,43.96,33,7746,SYNTHETIC / ASSUMED PARAMETERS,0,False,758.88,STABLE,False,1214.21
2024-01-01,P0009,S001,WH_1,SKU_17,97.112816,945.0,10.0,268.0,0.0,14.9,26.61,0.0,0.0,WH_1,1.04,53.46,53,5188,SYNTHETIC / ASSUMED PARAMETERS,0,False,847.89,STABLE,False,881.8
2024-01-01,P0018,S005,WH_5,SKU_25,176.99072,578.0,7.0,311.0,0.0,8.45,14.29,0.0,0.0,WH_5,0.63,58.32,37,5926,SYNTHETIC / ASSUMED PARAMETERS,0,False,401.01,STABLE,False,252.64
2024-01-01,P0020,S004,WH_4,SKU_27,44.77584,966.0,14.0,289.0,0.0,13.84,20.65,0.0,0.0,WH_4,2.11,78.58,52,8263,SYNTHETIC / ASSUMED PARAMETERS,0,False,921.22,STABLE,False,1943.78
2024-01-01,P0007,S004,WH_4,SKU_15,94.58434,681.0,5.0,224.0,0.0,13.52,23.32,0.0,0.0,WH_4,1.16,58.22,61,7785,SYNTHETIC / ASSUMED PARAMETERS,0,False,586.42,STABLE,False,680.24
2024-01-01,P0009,S003,WH_3,SKU_17,71.54274,703.0,3.0,339.0,0.0,16.8,28.54,0.0,0.0,WH_3,1.1,80.9,84,7273,SYNTHETIC / ASSUMED PARAMETERS,0,False,631.46,STABLE,False,694.6
2024-01-01,P0018,S002,WH_2,SKU_25,133.85632,495.0,3.0,352.0,0.0,5.07,6.95,1.0,0.0,WH_2,0.51,29.96,39,8258,SYNTHETIC / ASSUMED PARAMETERS,0,False,361.14,STABLE,False,184.18
2024-01-01,P0020,S005,WH_5,SKU_27,24.981546,514.0,2.0,353.0,0.0,17.89,25.71,0.0,0.0,WH_5,1.71,74.7,103,6290,SYNTHETIC / ASSUMED PARAMETERS,0,False,489.02,STABLE,False,836.22
2024-01-01,P0011,S005,WH_5,SKU_19,53.537766,638.0,7.0,281.0,0.0,15.87,25.1,0.0,0.0,WH_5,2.0,76.39,84,8102,SYNTHETIC / ASSUMED PARAMETERS,0,False,584.46,STABLE,False,1168.92
2024-01-01,P0003,S002,WH_2,SKU_11,72.92393,954.0,4.0,230.0,0.0,17.93,29.29,0.0,0.0,WH_2,2.41,85.34,31,10194,SYNTHETIC / ASSUMED PARAMETERS,0,False,881.08,STABLE,False,2123.39
2024-01-01,P0015,S002,WH_2,SKU_22,115.07215,725.0,7.0,261.0,0.0,9.82,14.68,1.0,0.0,WH_2,1.21,42.78,60,5653,SYNTHETIC / ASSUMED PARAMETERS,0,False,609.93,STABLE,False,738.01
2024-01-01,P0012,S003,WH_3,SKU_2,30.43893,892.0,10.0,319.0,0.0,5.02,7.82,0.0,0.0,WH_3,0.45,23.6,74,9396,SYNTHETIC / ASSUMED PARAMETERS,0,False,861.56,STABLE,False,387.7
2024-01-01,P0012,S001,WH_1,SKU_2,52.841595,971.0,13.0,228.0,0.0,19.76,35.1,0.0,0.0,WH_1,2.92,120.54,61,5736,SYNTHETIC / ASSUMED PARAMETERS,0,False,918.16,STABLE,False,2681.02
2024-01-01,P0012,S002,WH_2,SKU_2,39.004826,925.0,8.0,377.0,0.0,16.77,22.06,0.0,0.0,WH_2,1.73,61.48,56,5161,SYNTHETIC / ASSUMED PARAMETERS,0,False,886.0,STABLE,False,1532.77
2024-01-01,P0009,S005,WH_5,SKU_17,85.99048,549.0,8.0,321.0,0.0,7.73,13.36,0.0,0.0,WH_5,0.58,50.99,60,7894,SYNTHETIC / ASSUMED PARAMETERS,0,False,463.01,STABLE,False,268.55
2024-01-01,P0009,S004,WH_4,SKU_17,137.87007,512.0,5.0,341.0,0.0,8.62,10.66,0.0,0.0,WH_4,1.16,28.26,74,6506,SYNTHETIC / ASSUMED PARAMETERS,0,False,374.13,STABLE,False,433.99
2024-01-01,P0018,S001,WH_1,SKU_25,96.929184,606.0,5.0,314.0,0.0,14.23,20.28,0.0,0.0,WH_1,0.9,46.65,78,5160,SYNTHETIC / ASSUMED PARAMETERS,0,False,509.07,STABLE,False,458.16
2024-01-01,P0019,S001,WH_1,SKU_26,27.365013,860.0,2.0,335.0,0.0,18.22,23.67,1.0,0.0,WH_1,2.52,50.97,34,5684,SYNTHETIC / ASSUMED PARAMETERS,0,False,832.63,STABLE,False,2098.24
2024-01-01,P0017,S003,WH_3,SKU_24,27.333662,808.0,10.0,209.0,0.0,10.59,15.15,0.0,0.0,WH_3,1.43,56.19,52,9960,SYNTHETIC / ASSUMED PARAMETERS,0,False,780.67,STABLE,False,1116.35
2024-01-01,P0009,S002,WH_2,SKU_17,80.98397,546.0,13.0,372.0,0.0,16.68,21.24,0.0,0.0,WH_2,1.17,53.18,81,8112,SYNTHETIC / ASSUMED PARAMETERS,0,False,465.02,STABLE,False,544.07
2024-01-01,P0016,S003,WH_3,SKU_23,54.38735,763.0,5.0,293.0,0.0,18.08,23.36,0.0,0.0,WH_3,2.55,64.6,72,10369,SYNTHETIC / ASSUMED PARAMETERS,0,False,708.61,STABLE,False,1806.96
2024-01-01,P0010,S004,WH_4,SKU_18,117.79005,581.0,6.0,250.0,0.0,5.35,9.51,0.0,0.0,WH_4,0.78,43.27,45,6602,SYNTHETIC / ASSUMED PARAMETERS,0,False,463.21,STABLE,False,361.3
2024-01-01,P0013,S002,WH_2,SKU_20,73.60357,687.0,9.0,336.0,0.0,12.31,20.86,0.0,0.0,WH_2,1.41,50.99,90,10971,SYNTHETIC / ASSUMED PARAMETERS,0,False,613.4,STABLE,False,864.89
2024-01-01,P0005,S005,WH_5,SKU_13,74.5314,811.0,7.0,305.0,0.0,15.13,23.34,0.0,0.0,WH_5,0.88,49.29,48,10583,SYNTHETIC / ASSUMED PARAMETERS,0,False,736.47,STABLE,False,648.09
2024-01-01,P0006,S003,WH_3,SKU_14,36.62568,671.0,3.0,283.0,0.0,5.88,9.37,0.0,0.0,WH_3,0.82,33.85,73,7722,SYNTHETIC / ASSUMED PARAMETERS,0,False,634.37,STABLE,False,520.19
2024-01-01,P0017,S001,WH_1,SKU_24,26.06425,575.0,2.0,288.0,0.0,6.14,10.22,0.0,0.0,WH_1,0.75,31.15,47,6037,SYNTHETIC / ASSUMED PARAMETERS,0,False,548.94,STABLE,False,411.7
2024-01-01,P0013,S005,WH_5,SKU_20,59.595432,826.0,2.0,246.0,0.0,10.07,18.03,0.0,0.0,WH_5,0.8,71.16,65,5639,SYNTHETIC / ASSUMED PARAMETERS,0,False,766.4,STABLE,False,613.12
2024-01-01,P0018,S003,WH_3,SKU_25,44.514675,826.0,7.0,232.0,0.0,6.51,8.04,0.0,0.0,WH_3,0.89,32.85,39,9598,SYNTHETIC / ASSUMED PARAMETERS,0,False,781.49,STABLE,False,695.52
2024-01-01,P0001,S003,WH_3,SKU_1,31.77387,505.0,6.0,314.0,0.0,6.06,8.41,1.0,0.0,WH_3,0.95,32.98,61,6038,SYNTHETIC / ASSUMED PARAMETERS,0,False,473.23,STABLE,False,449.56
2024-01-01,P0002,S005,WH_5,SKU_10,63.881653,510.0,9.0,246.0,0.0,9.67,15.35,0.0,0.0,WH_5,1.52,60.17,40,6308,SYNTHETIC / ASSUMED PARAMETERS,0,False,446.12,STABLE,False,678.1
2024-01-01,P0017,S005,WH_5,SKU_24,34.097393,786.0,7.0,313.0,0.0,7.27,12.17,0.0,0.0,WH_5,0.56,44.06,66,10704,SYNTHETIC / ASSUMED PARAMETERS,0,False,751.9,STABLE,False,421.07
2024-01-01,P0013,S003,WH_3,SKU_20,66.20618,832.0,3.0,319.0,0.0,14.9,25.16,0.0,0.0,WH_3,1.3,53.63,94,9643,SYNTHETIC / ASSUMED PARAMETERS,0,False,765.79,STABLE,False,995.53
2024-01-01,P0004,S005,WH_5,SKU_12,69.13653,749.0,6.0,349.0,0.0,10.21,15.8,0.0,0.0,WH_5,0.76,39.17,96,5993,SYNTHETIC / ASSUMED PARAMETERS,0,False,679.86,STABLE,False,516.7
2024-01-01,P0002,S001,WH_1,SKU_10,120.25365,835.0,13.0,361.0,0.0,12.67,18.73,0.0,0.0,WH_1,1.29,70.59,100,6990,SYNTHETIC / ASSUMED PARAMETERS,0,False,714.75,STABLE,False,922.02
2024-01-01,P0004,S001,WH_1,SKU_12,42.1093,964.0,5.0,299.0,0.0,5.36,7.17,0.0,0.0,WH_1,0.74,24.31,60,7801,SYNTHETIC / ASSUMED PARAMETERS,0,False,921.89,STABLE,False,682.2
2024-01-01,P0011,S002,WH_2,SKU_19,96.098724,605.0,8.0,316.0,0.0,12.67,18.56,1.0,0.0,WH_2,1.58,55.58,37,4994,SYNTHETIC / ASSUMED PARAMETERS,0,False,508.9,STABLE,False,804.06
2024-01-01,P0015,S001,WH_1,SKU_22,42.306652,947.0,4.0,282.0,0.0,8.88,12.51,0.0,0.0,WH_1,0.94,51.81,47,10427,SYNTHETIC / ASSUMED PARAMETERS,0,False,904.69,STABLE,False,850.41
2024-01-01,P0013,S004,WH_4,SKU_20,84.1761,925.0,2.0,327.0,0.0,16.89,23.51,0.0,0.0,WH_4,1.33,49.52,45,10402,SYNTHETIC / ASSUMED PARAMETERS,0,False,840.82,STABLE,False,1118.3
2024-01-01,P0006,S001,WH_1,SKU_14,19.218458,504.0,11.0,265.0,0.0,8.21,11.1,0.0,0.0,WH_1,1.31,43.21,69,6246,SYNTHETIC / ASSUMED PARAMETERS,0,False,484.78,STABLE,False,635.06
2024-01-01,P0005,S002,WH_2,SKU_13,53.613728,484.0,11.0,350.0,0.0,17.04,21.69,0.0,0.0,WH_2,2.15,79.74,38,5796,SYNTHETIC / ASSUMED PARAMETERS,0,False,430.39,STABLE,False,925.33
2024-01-01,P0003,S005,WH_5,SKU_11,25.406347,977.0,3.0,349.0,0.0,18.92,31.99,0.0,0.0,WH_5,1.99,103.38,46,6507,SYNTHETIC / ASSUMED PARAMETERS,0,False,951.59,STABLE,False,1893.67
2024-01-01,P0003,S003,WH_3,SKU_11,58.847668,813.0,13.0,342.0,0.0,13.85,18.39,0.0,0.0,WH_3,1.16,58.36,96,10164,SYNTHETIC / ASSUMED PARAMETERS,0,False,754.15,STABLE,False,874.82
2024-01-01,P0018,S004,WH_4,SKU_25,50.53135,583.0,9.0,273.0,0.0,12.02,19.24,0.0,0.0,WH_4,1.67,68.75,82,5738,SYNTHETIC / ASSUMED PARAMETERS,0,False,532.47,STABLE,False,889.22
2024-01-01,P0003,S004,WH_4,SKU_11,35.811123,953.0,2.0,382.0,0.0,6.2,7.82,0.0,0.0,WH_4,0.5,33.95,90,5402,SYNTHETIC / ASSUMED PARAMETERS,0,False,917.19,STABLE,False,458.59
2024-01-01,P0008,S004,WH_4,SKU_16,37.21264,771.0,4.0,367.0,0.0,6.61,9.52,1.0,0.0,WH_4,0.87,40.21,59,5735,SYNTHETIC / ASSUMED PARAMETERS,0,False,733.79,STABLE,False,638.4
2024-01-01,P0007,S005,WH_5,SKU_15,105.09098,628.0,14.0,279.0,0.0,15.48,21.47,0.0,0.0,WH_5,1.08,84.29,72,9525,SYNTHETIC / ASSUMED PARAMETERS,0,False,522.91,STABLE,False,564.74
2024-01-01,P0014,S001,WH_1,SKU_21,61.56587,739.0,11.0,245.0,0.0,19.68,23.66,0.0,0.0,WH_1,2.7,52.3,38,5664,SYNTHETIC / ASSUMED PARAMETERS,0,False,677.43,STABLE,False,1829.07
2024-01-01,P0002,S003,WH_3,SKU_10,98.02026,769.0,5.0,218.0,0.0,13.68,17.87,0.0,0.0,WH_3,1.74,42.93,55,5968,SYNTHETIC / ASSUMED PARAMETERS,0,False,670.98,STABLE,False,1167.5
2024-01-01,P0004,S002,WH_2,SKU_12,75.14252,680.0,6.0,370.0,0.0,19.03,23.02,0.0,0.0,WH_2,2.32,68.2,104,8597,SYNTHETIC / ASSUMED PARAMETERS,0,False,604.86,STABLE,False,1403.27
2024-01-01,P0016,S001,WH_1,SKU_23,74.00082,638.0,8.0,239.0,0.0,9.05,14.03,0.0,0.0,WH_1,0.76,35.69,32,4845,SYNTHETIC / ASSUMED PARAMETERS,0,False,564.0,STABLE,False,428.64
2024-01-01,P0011,S004,WH_4,SKU_19,90.91031,639.0,4.0,352.0,0.0,5.41,7.4,0.0,0.0,WH_4,0.43,30.95,55,9647,SYNTHETIC / ASSUMED PARAMETERS,0,False,548.09,STABLE,False,235.68
2024-01-01,P0012,S004,WH_4,SKU_2,60.835075,544.0,6.0,290.0,0.0,7.06,10.96,0.0,0.0,WH_4,1.1,40.69,80,10160,SYNTHETIC / ASSUMED PARAMETERS,0,False,483.16,STABLE,False,531.48
2024-01-01,P0020,S002,WH_2,SKU_27,40.87369,909.0,4.0,223.0,0.0,16.3,21.54,0.0,0.0,WH_2,1.63,83.19,46,6479,SYNTHETIC / ASSUMED PARAMETERS,0,False,868.13,STABLE,False,1415.05
2024-01-01,P0015,S003,WH_3,SKU_22,104.62551,705.0,4.0,211.0,0.0,18.38,32.58,0.0,0.0,WH_3,1.34,101.74,33,5385,SYNTHETIC / ASSUMED PARAMETERS,0,False,600.37,STABLE,False,804.5
2024-01-01,P0019,S005,WH_5,SKU_26,36.090694,791.0,4.0,393.0,0.0,17.15,27.81,0.0,0.0,WH_5,2.55,59.97,91,8473,SYNTHETIC / ASSUMED PARAMETERS,0,False,754.91,STABLE,False,1925.02
2024-01-01,P0002,S004,WH_4,SKU_10,92.54741,781.0,14.0,328.0,0.0,19.02,24.9,1.0,0.0,WH_4,2.76,93.09,92,6565,SYNTHETIC / ASSUMED PARAMETERS,0,False,688.45,STABLE,False,1900.13
2024-01-01,P0001,S005,WH_5,SKU_1,76.92236,640.0,4.0,366.0,0.0,19.41,23.81,0.0,0.0,WH_5,2.58,47.73,54,8279,SYNTHETIC / ASSUMED PARAMETERS,0,False,563.08,STABLE,False,1452.74
2024-01-01,P0015,S005,WH_5,SKU_22,115.93684,500.0,4.0,326.0,0.0,16.45,25.06,0.0,0.0,WH_5,2.1,76.56,84,10655,SYNTHETIC / ASSUMED PARAMETERS,0,False,384.06,STABLE,False,806.53
2024-01-01,P0010,S002,WH_2,SKU_18,102.21746,895.0,10.0,270.0,0.0,17.51,24.82,0.0,0.0,WH_2,1.18,54.17,54,10850,SYNTHETIC / ASSUMED PARAMETERS,0,False,792.78,STABLE,False,935.48
2024-01-01,P0005,S003,WH_3,SKU_13,23.720736,540.0,14.0,382.0,0.0,6.01,8.52,0.0,0.0,WH_3,0.87,30.72,112,6380,SYNTHETIC / ASSUMED PARAMETERS,0,False,516.28,STABLE,False,449.16
2024-01-01,P0005,S001,WH_1,SKU_13,59.068275,870.0,9.0,246.0,0.0,19.52,24.09,0.0,0.0,WH_1,1.26,57.54,50,8981,SYNTHETIC / ASSUMED PARAMETERS,0,False,810.93,STABLE,False,1021.77
2024-01-01,P0014,S003,WH_3,SKU_21,99.60381,981.0,10.0,283.0,0.0,5.75,8.47,0.0,0.0,WH_3,0.72,24.19,84,8334,SYNTHETIC / ASSUMED PARAMETERS,0,False,881.4,STABLE,False,634.61
2024-01-02,P0002,S001,WH_1,SKU_10,174.07298,812.0,13.0,361.0,0.0,12.67,18.73,0.0,0.0,WH_1,1.29,70.59,100,6990,SYNTHETIC / ASSUMED PARAMETERS,0,False,637.93,STABLE,False,822.93
2024-01-02,P0014,S005,WH_5,SKU_21,28.527557,723.0,8.0,309.0,0.0,13.11,23.25,1.0,0.0,WH_5,1.81,58.89,87,5672,SYNTHETIC / ASSUMED PARAMETERS,0,False,694.47,STABLE,False,1257.0
2024-01-02,P0002,S004,WH_4,SKU_10,77.01705,768.0,14.0,328.0,0.0,19.02,24.9,0.0,0.0,WH_4,2.76,93.09,92,6565,SYNTHETIC / ASSUMED PARAMETERS,0,False,690.98,STABLE,False,1907.11
2024-01-02,P0016,S005,WH_5,SKU_23,14.997979,738.0,3.0,383.0,0.0,19.43,28.74,0.0,0.0,WH_5,2.51,93.33,52,7979,SYNTHETIC / ASSUMED PARAMETERS,0,False,723.0,STABLE,False,1814.74
2024-01-02,P0008,S003,WH_3,SKU_16,125.30857,548.0,6.0,336.0,0.0,12.08,18.52,0.0,0.0,WH_3,1.03,67.38,41,10278,SYNTHETIC / ASSUMED PARAMETERS,0,False,422.69,STABLE,False,435.37
2024-01-02,P0019,S002,WH_2,SKU_26,131.5478,833.0,5.0,273.0,0.0,8.5,11.16,0.0,0.0,WH_2,0.55,33.37,47,8606,SYNTHETIC / ASSUMED PARAMETERS,0,False,701.45,STABLE,False,385.8
2024-01-02,P0006,S005,WH_5,SKU_14,93.31817,975.0,6.0,259.0,0.0,11.19,14.98,0.0,0.0,WH_5,0.92,37.97,55,10175,SYNTHETIC / ASSUMED PARAMETERS,0,False,881.68,STABLE,False,811.15
2024-01-02,P0007,S003,WH_3,SKU_15,65.32678,776.0,7.0,265.0,0.0,6.24,9.99,0.0,0.0,WH_3,0.69,40.25,72,9290,SYNTHETIC / ASSUMED PARAMETERS,0,False,710.67,STABLE,False,490.36
2024-01-02,P0005,S002,WH_2,SKU_13,67.74436,466.0,11.0,350.0,0.0,17.04,21.69,0.0,0.0,WH_2,2.15,79.74,38,5796,SYNTHETIC / ASSUMED PARAMETERS,0,False,398.26,STABLE,False,856.25
2024-01-02,P0015,S002,WH_2,SKU_22,134.70747,695.0,7.0,261.0,0.0,9.82,14.68,0.0,0.0,WH_2,1.21,42.78,60,5653,SYNTHETIC / ASSUMED PARAMETERS,0,False,560.29,STABLE,False,677.95
2024-01-02,P0003,S002,WH_2,SKU_11,100.594376,933.0,4.0,230.0,0.0,17.93,29.29,0.0,0.0,WH_2,2.41,85.34,31,10194,SYNTHETIC / ASSUMED PARAMETERS,0,False,832.41,STABLE,False,2006.1
2024-01-02,P0020,S003,WH_3,SKU_27,132.39896,743.0,3.0,296.0,0.0,9.18,15.91,0.0,0.0,WH_3,1.13,62.45,32,6179,SYNTHETIC / ASSUMED PARAMETERS,0,False,610.6,STABLE,False,689.98
2024-01-02,P0012,S002,WH_2,SKU_2,46.564022,897.0,8.0,377.0,0.0,16.77,22.06,0.0,0.0,WH_2,1.73,61.48,56,5161,SYNTHETIC / ASSUMED PARAMETERS,0,False,850.44,STABLE,False,1471.25
2024-01-02,P0015,S005,WH_5,SKU_22,79.07502,480.0,4.0,326.0,0.0,16.45,25.06,0.0,0.0,WH_5,2.1,76.56,84,10655,SYNTHETIC / ASSUMED PARAMETERS,0,False,400.92,STABLE,False,841.94
2024-01-02,P0013,S002,WH_2,SKU_20,83.89786,668.0,9.0,336.0,0.0,12.31,20.86,0.0,0.0,WH_2,1.41,50.99,90,10971,SYNTHETIC / ASSUMED PARAMETERS,0,False,584.1,STABLE,False,823.58
2024-01-02,P0018,S003,WH_3,SKU_25,26.37492,806.0,7.0,232.0,0.0,6.51,8.04,0.0,0.0,WH_3,0.89,32.85,39,9598,SYNTHETIC / ASSUMED PARAMETERS,0,False,779.63,STABLE,False,693.87
2024-01-02,P0018,S002,WH_2,SKU_25,115.13984,479.0,3.0,352.0,0.0,5.07,6.95,0.0,0.0,WH_2,0.51,29.96,39,8258,SYNTHETIC / ASSUMED PARAMETERS,0,False,363.86,STABLE,False,185.57
2024-01-02,P0009,S003,WH_3,SKU_17,69.19354,679.0,3.0,339.0,0.0,16.8,28.54,1.0,0.0,WH_3,1.1,80.9,84,7273,SYNTHETIC / ASSUMED PARAMETERS,0,False,609.81,STABLE,False,670.79
2024-01-02,P0006,S002,WH_2,SKU_14,190.32544,818.0,14.0,268.0,0.0,18.83,23.34,1.0,0.0,WH_2,2.51,66.61,39,5701,SYNTHETIC / ASSUMED PARAMETERS,0,False,627.67,STABLE,False,1575.46
2024-01-02,P0010,S002,WH_2,SKU_18,89.11516,877.0,10.0,270.0,0.0,17.51,24.82,0.0,0.0,WH_2,1.18,54.17,54,10850,SYNTHETIC / ASSUMED PARAMETERS,0,False,787.88,STABLE,False,929.7
2024-01-02,P0005,S005,WH_5,SKU_13,80.14292,791.0,7.0,305.0,0.0,15.13,23.34,0.0,0.0,WH_5,0.88,49.29,48,10583,SYNTHETIC / ASSUMED PARAMETERS,0,False,710.86,STABLE,False,625.55
2024-01-02,P0005,S003,WH_3,SKU_13,26.60136,526.0,14.0,382.0,0.0,6.01,8.52,0.0,0.0,WH_3,0.87,30.72,112,6380,SYNTHETIC / ASSUMED PARAMETERS,0,False,499.4,STABLE,False,434.48
2024-01-02,P0012,S005,WH_5,SKU_2,26.661072,813.0,14.0,267.0,0.0,15.0,26.38,1.0,0.0,WH_5,1.72,57.23,63,7517,SYNTHETIC / ASSUMED PARAMETERS,0,False,786.34,STABLE,False,1352.5
2024-01-02,P0011,S005,WH_5,SKU_19,48.20431,613.0,7.0,281.0,0.0,15.87,25.1,0.0,0.0,WH_5,2.0,76.39,84,8102,SYNTHETIC / ASSUMED PARAMETERS,0,False,564.8,STABLE,False,1129.59
2024-01-02,P0009,S002,WH_2,SKU_17,108.37944,526.0,13.0,372.0,0.0,16.68,21.24,0.0,0.0,WH_2,1.17,53.18,81,8112,SYNTHETIC / ASSUMED PARAMETERS,0,False,417.62,STABLE,False,488.62
2024-01-02,P0006,S001,WH_1,SKU_14,48.776012,483.0,11.0,265.0,0.0,8.21,11.1,0.0,0.0,WH_1,1.31,43.21,69,6246,SYNTHETIC / ASSUMED PARAMETERS,0,False,434.22,STABLE,False,568.83
2024-01-02,P0011,S003,WH_3,SKU_19,54.005714,786.0,4.0,295.0,0.0,14.17,23.01,0.0,0.0,WH_3,1.45,87.37,62,9399,SYNTHETIC / ASSUMED PARAMETERS,0,False,731.99,STABLE,False,1061.39
2024-01-02,P0011,S002,WH_2,SKU_19,78.9676,583.0,8.0,316.0,0.0,12.67,18.56,0.0,0.0,WH_2,1.58,55.58,37,4994,SYNTHETIC / ASSUMED PARAMETERS,0,False,504.03,STABLE,False,796.37
2024-01-02,P0016,S002,WH_2,SKU_23,126.11902,679.0,12.0,312.0,0.0,6.68,11.81,0.0,0.0,WH_2,0.8,35.45,73,10338,SYNTHETIC / ASSUMED PARAMETERS,0,False,552.88,STABLE,False,442.3
2024-01-02,P0020,S002,WH_2,SKU_27,46.070736,880.0,4.0,223.0,0.0,16.3,21.54,0.0,0.0,WH_2,1.63,83.19,46,6479,SYNTHETIC / ASSUMED PARAMETERS,0,False,833.93,STABLE,False,1359.3
2024-01-02,P0016,S003,WH_3,SKU_23,48.901398,731.0,5.0,293.0,0.0,18.08,23.36,1.0,0.0,WH_3,2.55,64.6,72,10369,SYNTHETIC / ASSUMED PARAMETERS,0,False,682.1,STABLE,False,1739.35
2024-01-02,P0001,S003,WH_3,SKU_1,30.828363,494.0,6.0,314.0,0.0,6.06,8.41,0.0,0.0,WH_3,0.95,32.98,61,6038,SYNTHETIC / ASSUMED PARAMETERS,0,False,463.17,STABLE,False,440.01
2024-01-02,P0014,S003,WH_3,SKU_21,113.15635,957.0,10.0,283.0,0.0,5.75,8.47,0.0,0.0,WH_3,0.72,24.19,84,8334,SYNTHETIC / ASSUMED PARAMETERS,0,False,843.84,STABLE,False,607.57
2024-01-02,P0006,S003,WH_3,SKU_14,28.685246,658.0,3.0,283.0,0.0,5.88,9.37,0.0,0.0,WH_3,0.82,33.85,73,7722,SYNTHETIC / ASSUMED PARAMETERS,0,False,629.31,STABLE,False,516.04
2024-01-02,P0015,S003,WH_3,SKU_22,63.08979,681.0,4.0,211.0,0.0,18.38,32.58,1.0,0.0,WH_3,1.34,101.74,33,5385,SYNTHETIC / ASSUMED PARAMETERS,0,False,617.91,STABLE,False,828.0
2024-01-02,P0013,S005,WH_5,SKU_20,86.59505,803.0,2.0,246.0,0.0,10.07,18.03,0.0,0.0,WH_5,0.8,71.16,65,5639,SYNTHETIC / ASSUMED PARAMETERS,0,False,716.4,STABLE,False,573.12
2024-01-02,P0010,S003,WH_3,SKU_18,72.21444,812.0,9.0,213.0,0.0,15.53,20.4,0.0,0.0,WH_3,2.28,65.06,40,7890,SYNTHETIC / ASSUMED PARAMETERS,0,False,739.79,STABLE,False,1686.71
2024-01-02,P0017,S002,WH_2,SKU_24,20.900614,784.0,5.0,365.0,0.0,19.69,29.64,0.0,0.0,WH_2,2.19,76.95,92,10380,SYNTHETIC / ASSUMED PARAMETERS,0,False,763.1,STABLE,False,1671.19
2024-01-02,P0020,S005,WH_5,SKU_27,34.72268,490.0,2.0,353.0,0.0,17.89,25.71,0.0,0.0,WH_5,1.71,74.7,103,6290,SYNTHETIC / ASSUMED PARAMETERS,0,False,455.28,STABLE,False,778.52
2024-01-02,P0019,S003,WH_3,SKU_26,50.1538,805.0,14.0,222.0,0.0,7.66,9.43,0.0,0.0,WH_3,0.81,30.44,28,5399,SYNTHETIC / ASSUMED PARAMETERS,0,False,754.85,STABLE,False,611.43
2024-01-02,P0007,S002,WH_2,SKU_15,29.350544,906.0,8.0,386.0,0.0,11.37,14.92,0.0,0.0,WH_2,1.19,43.87,61,9277,SYNTHETIC / ASSUMED PARAMETERS,0,False,876.65,STABLE,False,1043.21
2024-01-02,P0008,S002,WH_2,SKU_16,74.57081,469.0,11.0,327.0,0.0,19.0,26.16,0.0,0.0,WH_2,2.13,82.7,65,6031,SYNTHETIC / ASSUMED PARAMETERS,0,False,394.43,STABLE,False,840.13
2024-01-02,P0013,S003,WH_3,SKU_20,80.84974,814.0,3.0,319.0,0.0,14.9,25.16,0.0,0.0,WH_3,1.3,53.63,94,9643,SYNTHETIC / ASSUMED PARAMETERS,0,False,733.15,STABLE,False,953.1
2024-01-02,P0001,S001,WH_1,SKU_1,48.11683,575.0,14.0,379.0,0.0,13.95,20.48,0.0,0.0,WH_1,1.88,67.42,94,6673,SYNTHETIC / ASSUMED PARAMETERS,0,False,526.88,STABLE,False,990.54
2024-01-02,P0001,S004,WH_4,SKU_1,87.158066,501.0,9.0,333.0,0.0,6.93,10.7,0.0,0.0,WH_4,1.02,32.51,60,7800,SYNTHETIC / ASSUMED PARAMETERS,0,False,413.84,STABLE,False,422.12
2024-01-02,P0012,S003,WH_3,SKU_2,25.994856,876.0,10.0,319.0,0.0,5.02,7.82,0.0,0.0,WH_3,0.45,23.6,74,9396,SYNTHETIC / ASSUMED PARAMETERS,0,False,850.01,STABLE,False,382.5
2024-01-02,P0014,S002,WH_2,SKU_21,45.722965,600.0,7.0,349.0,0.0,8.18,12.0,0.0,0.0,WH_2,1.13,36.82,79,8567,SYNTHETIC / ASSUMED PARAMETERS,0,False,554.28,STABLE,False,626.33
2024-01-02,P0007,S005,WH_5,SKU_15,75.08651,610.0,14.0,279.0,0.0,15.48,21.47,0.0,0.0,WH_5,1.08,84.29,72,9525,SYNTHETIC / ASSUMED PARAMETERS,0,False,534.91,STABLE,False,577.71
2024-01-02,P0016,S004,WH_4,SKU_23,36.39557,864.0,14.0,236.0,0.0,15.4,18.69,0.0,0.0,WH_4,1.44,47.04,57,10538,SYNTHETIC / ASSUMED PARAMETERS,0,False,827.6,STABLE,False,1191.75
2024-01-02,P0017,S003,WH_3,SKU_24,22.947033,796.0,10.0,209.0,0.0,10.59,15.15,0.0,0.0,WH_3,1.43,56.19,52,9960,SYNTHETIC / ASSUMED PARAMETERS,0,False,773.05,STABLE,False,1105.47
2024-01-02,P0003,S004,WH_4,SKU_11,42.204624,936.0,2.0,382.0,0.0,6.2,7.82,0.0,0.0,WH_4,0.5,33.95,90,5402,SYNTHETIC / ASSUMED PARAMETERS,0,False,893.8,STABLE,False,446.9
2024-01-02,P0019,S005,WH_5,SKU_26,32.86207,765.0,4.0,393.0,0.0,17.15,27.81,0.0,0.0,WH_5,2.55,59.97,91,8473,SYNTHETIC / ASSUMED PARAMETERS,0,False,732.14,STABLE,False,1866.95
2024-01-02,P0007,S004,WH_4,SKU_15,80.54157,666.0,5.0,224.0,0.0,13.52,23.32,1.0,0.0,WH_4,1.16,58.22,61,7785,SYNTHETIC / ASSUMED PARAMETERS,0,False,585.46,STABLE,False,679.13
2024-01-02,P0004,S001,WH_1,SKU_12,41.340923,942.0,5.0,299.0,0.0,5.36,7.17,0.0,0.0,WH_1,0.74,24.31,60,7801,SYNTHETIC / ASSUMED PARAMETERS,0,False,900.66,STABLE,False,666.49
2024-01-02,P0010,S001,WH_1,SKU_18,32.36065,518.0,2.0,346.0,0.0,8.62,10.49,0.0,0.0,WH_1,0.92,38.21,43,7798,SYNTHETIC / ASSUMED PARAMETERS,0,False,485.64,STABLE,False,446.79
2024-01-02,P0014,S004,WH_4,SKU_21,33.21963,604.0,8.0,379.0,0.0,12.65,20.04,0.0,0.0,WH_4,0.78,76.01,44,11017,SYNTHETIC / ASSUMED PARAMETERS,0,False,570.78,STABLE,False,445.21
2024-01-02,P0005,S001,WH_1,SKU_13,97.97744,843.0,9.0,246.0,0.0,19.52,24.09,0.0,0.0,WH_1,1.26,57.54,50,8981,SYNTHETIC / ASSUMED PARAMETERS,0,False,745.02,STABLE,False,938.73
2024-01-02,P0010,S004,WH_4,SKU_18,80.32041,564.0,6.0,250.0,0.0,5.35,9.51,0.0,0.0,WH_4,0.78,43.27,45,6602,SYNTHETIC / ASSUMED PARAMETERS,0,False,483.68,STABLE,False,377.27
2024-01-02,P0016,S001,WH_1,SKU_23,61.859486,622.0,8.0,239.0,0.0,9.05,14.03,0.0,0.0,WH_1,0.76,35.69,32,4845,SYNTHETIC / ASSUMED PARAMETERS,0,False,560.14,STABLE,False,425.71
2024-01-02,P0003,S005,WH_5,SKU_11,25.847574,955.0,3.0,349.0,0.0,18.92,31.99,0.0,0.0,WH_5,1.99,103.38,46,6507,SYNTHETIC / ASSUMED PARAMETERS,0,False,929.15,STABLE,False,1849.01
2024-01-02,P0004,S002,WH_2,SKU_12,80.577995,659.0,6.0,370.0,0.0,19.03,23.02,0.0,0.0,WH_2,2.32,68.2,104,8597,SYNTHETIC / ASSUMED PARAMETERS,0,False,578.42,STABLE,False,1341.94
2024-01-02,P0020,S004,WH_4,SKU_27,46.64787,946.0,14.0,289.0,0.0,13.84,20.65,0.0,0.0,WH_4,2.11,78.58,52,8263,SYNTHETIC / ASSUMED PARAMETERS,0,False,899.35,STABLE,False,1897.63
2024-01-02,P0009,S001,WH_1,SKU_17,192.58438,928.0,10.0,268.0,0.0,14.9,26.61,0.0,0.0,WH_1,1.04,53.46,53,5188,SYNTHETIC / ASSUMED PARAMETERS,0,False,735.42,STABLE,False,764.83
2024-01-02,P0011,S004,WH_4,SKU_19,101.96296,623.0,4.0,352.0,0.0,5.41,7.4,0.0,0.0,WH_4,0.43,30.95,55,9647,SYNTHETIC / ASSUMED PARAMETERS,0,False,521.04,STABLE,False,224.05
2024-01-02,P0008,S001,WH_1,SKU_16,45.14311,868.0,14.0,328.0,0.0,11.96,17.38,1.0,0.0,WH_1,1.64,39.73,88,10604,SYNTHETIC / ASSUMED PARAMETERS,0,False,822.86,STABLE,False,1349.49
2024-01-02,P0010,S005,WH_5,SKU_18,68.16303,494.0,13.0,394.0,0.0,13.35,21.48,1.0,0.0,WH_5,1.44,69.56,77,8261,SYNTHETIC / ASSUMED PARAMETERS,0,False,425.84,STABLE,False,613.21
2024-01-02,P0002,S002,WH_2,SKU_10,33.625217,495.0,10.0,310.0,0.0,13.83,22.36,0.0,0.0,WH_2,0.8,49.56,40,6844,SYNTHETIC / ASSUMED PARAMETERS,0,False,461.37,STABLE,False,369.1
2024-01-02,P0004,S005,WH_5,SKU_12,78.01055,729.0,6.0,349.0,0.0,10.21,15.8,0.0,0.0,WH_5,0.76,39.17,96,5993,SYNTHETIC / ASSUMED PARAMETERS,0,False,650.99,STABLE,False,494.75
2024-01-02,P0005,S004,WH_4,SKU_13,179.92058,889.0,10.0,251.0,0.0,14.29,19.75,0.0,0.0,WH_4,0.97,79.01,68,10644,SYNTHETIC / ASSUMED PARAMETERS,0,False,709.08,STABLE,False,687.81
2024-01-02,P0001,S002,WH_2,SKU_1,80.94594,824.0,8.0,322.0,0.0,11.46,19.92,0.0,0.0,WH_2,0.9,70.92,62,9416,SYNTHETIC / ASSUMED PARAMETERS,0,False,743.05,STABLE,False,668.75
2024-01-02,P0008,S005,WH_5,SKU_16,78.43747,465.0,2.0,394.0,0.0,13.23,20.46,0.0,0.0,WH_5,1.66,59.45,101,8221,SYNTHETIC / ASSUMED PARAMETERS,0,False,386.56,STABLE,False,641.69
2024-01-02,P0002,S005,WH_5,SKU_10,56.131035,481.0,9.0,246.0,0.0,9.67,15.35,0.0,0.0,WH_5,1.52,60.17,40,6308,SYNTHETIC / ASSUMED PARAMETERS,0,False,424.87,STABLE,False,645.8
2024-01-02,P0018,S004,WH_4,SKU_25,33.406673,571.0,9.0,273.0,0.0,12.02,19.24,0.0,0.0,WH_4,1.67,68.75,82,5738,SYNTHETIC / ASSUMED PARAMETERS,0,False,537.59,STABLE,False,897.78
2024-01-02,P0017,S001,WH_1,SKU_24,26.094234,547.0,2.0,288.0,0.0,6.14,10.22,0.0,0.0,WH_1,0.75,31.15,47,6037,SYNTHETIC / ASSUMED PARAMETERS,0,False,520.91,STABLE,False,390.68
2024-01-02,P0003,S003,WH_3,SKU_11,49.1524,782.0,13.0,342.0,0.0,13.85,18.39,0.0,0.0,WH_3,1.16,58.36,96,10164,SYNTHETIC / ASSUMED PARAMETERS,0,False,732.85,STABLE,False,850.1
2024-01-02,P0002,S003,WH_3,SKU_10,67.01062,747.0,5.0,218.0,0.0,13.68,17.87,0.0,0.0,WH_3,1.74,42.93,55,5968,SYNTHETIC / ASSUMED PARAMETERS,0,False,679.99,STABLE,False,1183.18
2024-01-02,P0018,S005,WH_5,SKU_25,120.62258,555.0,7.0,311.0,0.0,8.45,14.29,0.0,0.0,WH_5,0.63,58.32,37,5926,SYNTHETIC / ASSUMED PARAMETERS,0,False,434.38,STABLE,False,273.66
2024-01-02,P0012,S004,WH_4,SKU_2,69.07441,520.0,6.0,290.0,0.0,7.06,10.96,0.0,0.0,WH_4,1.1,40.69,80,10160,SYNTHETIC / ASSUMED PARAMETERS,0,False,450.93,STABLE,False,496.02
2024-01-02,P0003,S001,WH_1,SKU_11,109.9963,917.0,4.0,286.0,0.0,19.54,34.79,0.0,0.0,WH_1,2.75,93.77,81,6423,SYNTHETIC / ASSUMED PARAMETERS,0,False,807.0,STABLE,False,2219.26
2024-01-02,P0006,S004,WH_4,SKU_14,99.3039,472.0,10.0,343.0,0.0,5.76,8.49,0.0,0.0,WH_4,0.78,37.66,58,8907,SYNTHETIC / ASSUMED PARAMETERS,0,False,372.7,STABLE,False,290.7
2024-01-02,P0001,S005,WH_5,SKU_1,65.3832,629.0,4.0,366.0,0.0,19.41,23.81,0.0,0.0,WH_5,2.58,47.73,54,8279,SYNTHETIC / ASSUMED PARAMETERS,0,False,563.62,STABLE,False,1454.13
2024-01-02,P0011,S001,WH_1,SKU_19,36.471256,488.0,8.0,287.0,0.0,12.4,18.41,0.0,0.0,WH_1,1.18,43.0,33,9186,SYNTHETIC / ASSUMED PARAMETERS,0,False,451.53,STABLE,False,532.8
2024-01-02,P0009,S005,WH_5,SKU_17,85.81066,543.0,8.0,321.0,0.0,7.73,13.36,1.0,0.0,WH_5,0.58,50.99,60,7894,SYNTHETIC / ASSUMED PARAMETERS,0,False,457.19,STABLE,False,265.17
2024-01-02,P0017,S005,WH_5,SKU_24,32.92363,773.0,7.0,313.0,0.0,7.27,12.17,0.0,0.0,WH_5,0.56,44.06,66,10704,SYNTHETIC / ASSUMED PARAMETERS,0,False,740.08,STABLE,False,414.44
2024-01-02,P0019,S004,WH_4,SKU_26,79.71247,638.0,14.0,331.0,0.0,8.71,13.65,0.0,0.0,WH_4,0.81,35.89,53,6838,SYNTHETIC / ASSUMED PARAMETERS,0,False,558.29,STABLE,False,452.21
2024-01-02,P0015,S001,WH_1,SKU_22,21.37281,921.0,4.0,282.0,0.0,8.88,12.51,0.0,0.0,WH_1,0.94,51.81,47,10427,SYNTHETIC / ASSUMED PARAMETERS,0,False,899.63,STABLE,False,845.65
2024-01-02,P0009,S004,WH_4,SKU_17,164.07695,485.0,5.0,341.0,0.0,8.62,10.66,0.0,0.0,WH_4,1.16,28.26,74,6506,SYNTHETIC / ASSUMED PARAMETERS,0,False,320.92,STABLE,False,372.27
2024-01-02,P0018,S001,WH_1,SKU_25,79.987465,586.0,5.0,314.0,0.0,14.23,20.28,0.0,0.0,WH_1,0.9,46.65,78,5160,SYNTHETIC / ASSUMED PARAMETERS,0,False,506.01,STABLE,False,455.41
2024-01-02,P0007,S001,WH_1,SKU_15,70.49532,774.0,13.0,327.0,0.0,16.7,28.78,0.0,0.0,WH_1,2.21,100.17,53,6976,SYNTHETIC / ASSUMED PARAMETERS,0,False,703.5,STABLE,False,1554.75
2024-01-02,P0014,S001,WH_1,SKU_21,86.22955,720.0,11.0,245.0,0.0,19.68,23.66,1.0,0.0,WH_1,2.7,52.3,38,5664,SYNTHETIC / ASSUMED PARAMETERS,0,False,633.77,STABLE,False,1711.18
2024-01-02,P0012,S001,WH_1,SKU_2,59.852955,946.0,13.0,228.0,0.0,19.76,35.1,0.0,0.0,WH_1,2.92,120.54,61,5736,SYNTHETIC / ASSUMED PARAMETERS,0,False,886.15,STABLE,False,2587.55
2024-01-02,P0015,S004,WH_4,SKU_22,29.237503,621.0,11.0,374.0,0.0,19.16,23.34,0.0,0.0,WH_4,2.12,46.36,63,10964,SYNTHETIC / ASSUMED PARAMETERS,0,False,591.76,STABLE,False,1254.54
2024-01-02,P0019,S001,WH_1,SKU_26,32.85606,850.0,2.0,335.0,0.0,18.22,23.67,0.0,0.0,WH_1,2.52,50.97,34,5684,SYNTHETIC / ASSUMED PARAMETERS,0,False,817.14,STABLE,False,2059.2
2024-01-02,P0008,S004,WH_4,SKU_16,29.59445,748.0,4.0,367.0,0.0,6.61,9.52,0.0,0.0,WH_4,0.87,40.21,59,5735,SYNTHETIC / ASSUMED PARAMETERS,0,False,718.41,STABLE,False,625.01
2024-01-02,P0020,S001,WH_1,SKU_27,33.183956,703.0,2.0,389.0,0.0,5.89,7.48,0.0,0.0,WH_1,0.77,21.54,103,8847,SYNTHETIC / ASSUMED PARAMETERS,0,False,669.82,STABLE,False,515.76
2024-01-02,P0004,S003,WH_3,SKU_12,76.28042,734.0,6.0,234.0,0.0,10.01,13.38,0.0,0.0,WH_3,1.57,45.39,57,10301,SYNTHETIC / ASSUMED PARAMETERS,0,False,657.72,STABLE,False,1032.62
2024-01-02,P0004,S004,WH_4,SKU_12,86.26829,833.0,12.0,227.0,0.0,14.2,19.73,0.0,0.0,WH_4,1.6,43.96,33,7746,SYNTHETIC / ASSUMED PARAMETERS,0,False,746.73,STABLE,False,1194.77
2024-01-02,P0013,S001,WH_1,SKU_20,30.678432,508.0,9.0,295.0,0.0,9.55,16.05,1.0,0.0,WH_1,1.19,44.04,33,5191,SYNTHETIC / ASSUMED PARAMETERS,0,False,477.32,STABLE,False,568.01
2024-01-02,P0013,S004,WH_4,SKU_20,96.83188,902.0,2.0,327.0,0.0,16.89,23.51,0.0,0.0,WH_4,1.33,49.52,45,10402,SYNTHETIC / ASSUMED PARAMETERS,0,False,805.17,STABLE,False,1070.87
2024-01-02,P0017,S004,WH_4,SKU_24,137.28967,517.0,13.0,301.0,0.0,7.11,12.19,0.0,0.0,WH_4,1.05,31.77,79,5355,SYNTHETIC / ASSUMED PARAMETERS,0,False,379.71,STABLE,False,398.7
2024-01-03,P0015,S002,WH_2,SKU_22,148.13475,680.0,7.0,261.0,0.0,9.82,14.68,0.0,0.0,WH_2,1.21,42.78,60,5653,SYNTHETIC / ASSUMED PARAMETERS,0,False,531.87,STABLE,False,643.56
2024-01-03,P0020,S003,WH_3,SKU_27,79.74951,723.0,3.0,296.0,0.0,9.18,15.91,0.0,0.0,WH_3,1.13,62.45,32,6179,SYNTHETIC / ASSUMED PARAMETERS,0,False,643.25,STABLE,False,726.87
2024-01-03,P0007,S004,WH_4,SKU_15,91.88056,643.0,5.0,224.0,0.0,13.52,23.32,0.0,0.0,WH_4,1.16,58.22,61,7785,SYNTHETIC / ASSUMED PARAMETERS,0,False,551.12,STABLE,False,639.3
2024-01-03,P0018,S004,WH_4,SKU_25,32.969837,547.0,9.0,273.0,0.0,12.02,19.24,0.0,0.0,WH_4,1.67,68.75,82,5738,SYNTHETIC / ASSUMED PARAMETERS,0,False,514.03,STABLE,False,858.43
2024-01-03,P0003,S003,WH_3,SKU_11,53.93068,756.0,13.0,342.0,0.0,13.85,18.39,0.0,0.0,WH_3,1.16,58.36,96,10164,SYNTHETIC / ASSUMED PARAMETERS,0,False,702.07,STABLE,False,814.4
2024-01-03,P0013,S001,WH_1,SKU_20,33.254715,487.0,9.0,295.0,0.0,9.55,16.05,0.0,0.0,WH_1,1.19,44.04,33,5191,SYNTHETIC / ASSUMED PARAMETERS,0,False,453.75,STABLE,False,539.96
2024-01-03,P0019,S002,WH_2,SKU_26,114.49945,811.0,5.0,273.0,0.0,8.5,11.16,1.0,0.0,WH_2,0.55,33.37,47,8606,SYNTHETIC / ASSUMED PARAMETERS,0,False,696.5,STABLE,False,383.08
2024-01-03,P0019,S001,WH_1,SKU_26,34.824333,830.0,2.0,335.0,0.0,18.22,23.67,0.0,0.0,WH_1,2.52,50.97,34,5684,SYNTHETIC / ASSUMED PARAMETERS,0,False,795.18,STABLE,False,2003.84
2024-01-03,P0016,S004,WH_4,SKU_23,25.530243,853.0,14.0,236.0,0.0,15.4,18.69,0.0,0.0,WH_4,1.44,47.04,57,10538,SYNTHETIC / ASSUMED PARAMETERS,0,False,827.47,STABLE,False,1191.56
2024-01-03,P0010,S005,WH_5,SKU_18,63.59095,469.0,13.0,394.0,0.0,13.35,21.48,0.0,0.0,WH_5,1.44,69.56,77,8261,SYNTHETIC / ASSUMED PARAMETERS,0,False,405.41,STABLE,False,583.79
2024-01-03,P0014,S002,WH_2,SKU_21,43.877056,585.0,7.0,349.0,0.0,8.18,12.0,0.0,0.0,WH_2,1.13,36.82,79,8567,SYNTHETIC / ASSUMED PARAMETERS,0,False,541.12,STABLE,False,611.47
2024-01-03,P0002,S001,WH_1,SKU_10,175.24095,787.0,13.0,361.0,0.0,12.67,18.73,0.0,0.0,WH_1,1.29,70.59,100,6990,SYNTHETIC / ASSUMED PARAMETERS,0,False,611.76,STABLE,False,789.17
2024-01-03,P0008,S001,WH_1,SKU_16,58.11224,845.0,14.0,328.0,0.0,11.96,17.38,0.0,0.0,WH_1,1.64,39.73,88,10604,SYNTHETIC / ASSUMED PARAMETERS,0,False,786.89,STABLE,False,1290.5
2024-01-03,P0017,S005,WH_5,SKU_24,35.715622,747.0,7.0,313.0,0.0,7.27,12.17,0.0,0.0,WH_5,0.56,44.06,66,10704,SYNTHETIC / ASSUMED PARAMETERS,0,False,711.28,STABLE,False,398.32
2024-01-03,P0015,S004,WH_4,SKU_22,36.954887,592.0,11.0,374.0,0.0,19.16,23.34,0.0,0.0,WH_4,2.12,46.36,63,10964,SYNTHETIC / ASSUMED PARAMETERS,0,False,555.05,STABLE,False,1176.7
2024-01-03,P0008,S003,WH_3,SKU_16,123.584854,525.0,6.0,336.0,0.0,12.08,18.52,0.0,0.0,WH_3,1.03,67.38,41,10278,SYNTHETIC / ASSUMED PARAMETERS,0,False,401.42,STABLE,False,413.46
2024-01-03,P0005,S003,WH_3,SKU_13,36.56123,508.0,14.0,382.0,0.0,6.01,8.52,0.0,0.0,WH_3,0.87,30.72,112,6380,SYNTHETIC / ASSUMED PARAMETERS,0,False,471.44,STABLE,False,410.15
2024-01-03,P0012,S005,WH_5,SKU_2,25.826216,787.0,14.0,267.0,0.0,15.0,26.38,0.0,0.0,WH_5,1.72,57.23,63,7517,SYNTHETIC / ASSUMED PARAMETERS,0,False,761.17,STABLE,False,1309.22
2024-01-03,P0006,S005,WH_5,SKU_14,98.62786,944.0,6.0,259.0,0.0,11.19,14.98,0.0,0.0,WH_5,0.92,37.97,55,10175,SYNTHETIC / ASSUMED PARAMETERS,0,False,845.37,STABLE,False,777.74
2024-01-03,P0016,S005,WH_5,SKU_23,24.24879,718.0,3.0,383.0,0.0,19.43,28.74,0.0,0.0,WH_5,2.51,93.33,52,7979,SYNTHETIC / ASSUMED PARAMETERS,0,False,693.75,STABLE,False,1741.32
2024-01-03,P0002,S002,WH_2,SKU_10,32.198563,474.0,10.0,310.0,0.0,13.83,22.36,0.0,0.0,WH_2,0.8,49.56,40,6844,SYNTHETIC / ASSUMED PARAMETERS,0,False,441.8,STABLE,False,353.44
2024-01-03,P0004,S005,WH_5,SKU_12,76.69624,714.0,6.0,349.0,0.0,10.21,15.8,0.0,0.0,WH_5,0.76,39.17,96,5993,SYNTHETIC / ASSUMED PARAMETERS,0,False,637.3,STABLE,False,484.35
2024-01-03,P0012,S001,WH_1,SKU_2,83.248276,931.0,13.0,228.0,0.0,19.76,35.1,0.0,0.0,WH_1,2.92,120.54,61,5736,SYNTHETIC / ASSUMED PARAMETERS,0,False,847.75,STABLE,False,2475.44
2024-01-03,P0006,S003,WH_3,SKU_14,32.895866,633.0,3.0,283.0,0.0,5.88,9.37,0.0,0.0,WH_3,0.82,33.85,73,7722,SYNTHETIC / ASSUMED PARAMETERS,0,False,600.1,STABLE,False,492.09
2024-01-03,P0013,S005,WH_5,SKU_20,84.645424,783.0,2.0,246.0,0.0,10.07,18.03,0.0,0.0,WH_5,0.8,71.16,65,5639,SYNTHETIC / ASSUMED PARAMETERS,0,False,698.35,STABLE,False,558.68
2024-01-03,P0011,S002,WH_2,SKU_19,126.755135,574.0,8.0,316.0,0.0,12.67,18.56,0.0,0.0,WH_2,1.58,55.58,37,4994,SYNTHETIC / ASSUMED PARAMETERS,0,False,447.24,STABLE,False,706.65
2024-01-03,P0019,S004,WH_4,SKU_26,123.32763,610.0,14.0,331.0,0.0,8.71,13.65,0.0,0.0,WH_4,0.81,35.89,53,6838,SYNTHETIC / ASSUMED PARAMETERS,0,False,486.67,STABLE,False,394.2
2024-01-03,P0011,S004,WH_4,SKU_19,115.83012,600.0,4.0,352.0,0.0,5.41,7.4,0.0,0.0,WH_4,0.43,30.95,55,9647,SYNTHETIC / ASSUMED PARAMETERS,0,False,484.17,STABLE,False,208.19
2024-01-03,P0016,S001,WH_1,SKU_23,74.7054,600.0,8.0,239.0,0.0,9.05,14.03,0.0,0.0,WH_1,0.76,35.69,32,4845,SYNTHETIC / ASSUMED PARAMETERS,0,False,525.29,STABLE,False,399.22
2024-01-03,P0005,S005,WH_5,SKU_13,74.69857,774.0,7.0,305.0,0.0,15.13,23.34,0.0,0.0,WH_5,0.88,49.29,48,10583,SYNTHETIC / ASSUMED PARAMETERS,0,False,699.3,STABLE,False,615.39
2024-01-03,P0003,S004,WH_4,SKU_11,27.430506,917.0,2.0,382.0,0.0,6.2,7.82,0.0,0.0,WH_4,0.5,33.95,90,5402,SYNTHETIC / ASSUMED PARAMETERS,0,False,889.57,STABLE,False,444.78
2024-01-03,P0006,S001,WH_1,SKU_14,38.202923,454.0,11.0,265.0,0.0,8.21,11.1,0.0,0.0,WH_1,1.31,43.21,69,6246,SYNTHETIC / ASSUMED PARAMETERS,0,False,415.8,STABLE,False,544.69
2024-01-03,P0015,S001,WH_1,SKU_22,33.929768,897.0,4.0,282.0,0.0,8.88,12.51,0.0,0.0,WH_1,0.94,51.81,47,10427,SYNTHETIC / ASSUMED PARAMETERS,0,False,863.07,STABLE,False,811.29
2024-01-03,P0010,S004,WH_4,SKU_18,69.418144,538.0,6.0,250.0,0.0,5.35,9.51,1.0,0.0,WH_4,0.78,43.27,45,6602,SYNTHETIC / ASSUMED PARAMETERS,0,False,468.58,STABLE,False,365.49
2024-01-03,P0009,S005,WH_5,SKU_17,54.031776,520.0,8.0,321.0,0.0,7.73,13.36,0.0,0.0,WH_5,0.58,50.99,60,7894,SYNTHETIC / ASSUMED PARAMETERS,0,False,465.97,STABLE,False,270.26
2024-01-03,P0002,S005,WH_5,SKU_10,60.15743,461.0,9.0,246.0,0.0,9.67,15.35,0.0,0.0,WH_5,1.52,60.17,40,6308,SYNTHETIC / ASSUMED PARAMETERS,0,False,400.84,STABLE,False,609.28
2024-01-03,P0015,S005,WH_5,SKU_22,96.03735,460.0,4.0,326.0,0.0,16.45,25.06,1.0,0.0,WH_5,2.1,76.56,84,10655,SYNTHETIC / ASSUMED PARAMETERS,0,False,363.96,STABLE,False,764.32
2024-01-03,P0017,S001,WH_1,SKU_24,29.384388,526.0,2.0,288.0,0.0,6.14,10.22,0.0,0.0,WH_1,0.75,31.15,47,6037,SYNTHETIC / ASSUMED PARAMETERS,0,False,496.62,STABLE,False,372.46
2024-01-03,P0012,S004,WH_4,SKU_2,53.935154,502.0,6.0,290.0,0.0,7.06,10.96,0.0,0.0,WH_4,1.1,40.69,80,10160,SYNTHETIC / ASSUMED PARAMETERS,0,False,448.06,STABLE,False,492.87
2024-01-03,P0004,S002,WH_2,SKU_12,75.769875,644.0,6.0,370.0,0.0,19.03,23.02,0.0,0.0,WH_2,2.32,68.2,104,8597,SYNTHETIC / ASSUMED PARAMETERS,0,False,568.23,STABLE,False,1318.29
2024-01-03,P0005,S001,WH_1,SKU_13,90.098015,816.0,9.0,246.0,0.0,19.52,24.09,0.0,0.0,WH_1,1.26,57.54,50,8981,SYNTHETIC / ASSUMED PARAMETERS,0,False,725.9,STABLE,False,914.64
2024-01-03,P0001,S005,WH_5,SKU_1,79.58817,609.0,4.0,366.0,0.0,19.41,23.81,0.0,0.0,WH_5,2.58,47.73,54,8279,SYNTHETIC / ASSUMED PARAMETERS,0,False,529.41,STABLE,False,1365.88
2024-01-03,P0002,S004,WH_4,SKU_10,83.14237,751.0,14.0,328.0,0.0,19.02,24.9,0.0,0.0,WH_4,2.76,93.09,92,6565,SYNTHETIC / ASSUMED PARAMETERS,0,False,667.86,STABLE,False,1843.29
2024-01-03,P0005,S002,WH_2,SKU_13,69.64705,442.0,11.0,350.0,0.0,17.04,21.69,0.0,0.0,WH_2,2.15,79.74,38,5796,SYNTHETIC / ASSUMED PARAMETERS,0,False,372.35,STABLE,False,800.56
2024-01-03,P0015,S003,WH_3,SKU_22,92.38257,663.0,4.0,211.0,0.0,18.38,32.58,0.0,0.0,WH_3,1.34,101.74,33,5385,SYNTHETIC / ASSUMED PARAMETERS,0,False,570.62,STABLE,False,764.63
2024-01-03,P0010,S002,WH_2,SKU_18,72.122765,845.0,10.0,270.0,0.0,17.51,24.82,0.0,0.0,WH_2,1.18,54.17,54,10850,SYNTHETIC / ASSUMED PARAMETERS,0,False,772.88,STABLE,False,912.0
2024-01-03,P0020,S002,WH_2,SKU_27,38.00665,867.0,4.0,223.0,0.0,16.3,21.54,0.0,0.0,WH_2,1.63,83.19,46,6479,SYNTHETIC / ASSUMED PARAMETERS,0,False,828.99,STABLE,False,1351.26
2024-01-03,P0016,S003,WH_3,SKU_23,46.9257,711.0,5.0,293.0,0.0,18.08,23.36,0.0,0.0,WH_3,2.55,64.6,72,10369,SYNTHETIC / ASSUMED PARAMETERS,0,False,664.07,STABLE,False,1693.39
2024-01-03,P0012,S002,WH_2,SKU_2,38.937954,867.0,8.0,377.0,0.0,16.77,22.06,0.0,0.0,WH_2,1.73,61.48,56,5161,SYNTHETIC / ASSUMED PARAMETERS,0,False,828.06,STABLE,False,1432.55
2024-01-03,P0007,S005,WH_5,SKU_15,88.64173,588.0,14.0,279.0,0.0,15.48,21.47,1.0,0.0,WH_5,1.08,84.29,72,9525,SYNTHETIC / ASSUMED PARAMETERS,0,False,499.36,STABLE,False,539.31
2024-01-03,P0020,S005,WH_5,SKU_27,28.682045,484.0,2.0,353.0,0.0,17.89,25.71,0.0,0.0,WH_5,1.71,74.7,103,6290,SYNTHETIC / ASSUMED PARAMETERS,0,False,455.32,STABLE,False,778.59
2024-01-03,P0005,S004,WH_4,SKU_13,141.49254,867.0,10.0,251.0,0.0,14.29,19.75,0.0,0.0,WH_4,0.97,79.01,68,10644,SYNTHETIC / ASSUMED PARAMETERS,0,False,725.51,STABLE,False,703.74
2024-01-03,P0002,S003,WH_3,SKU_10,93.580666,721.0,5.0,218.0,0.0,13.68,17.87,0.0,0.0,WH_3,1.74,42.93,55,5968,SYNTHETIC / ASSUMED PARAMETERS,0,False,627.42,STABLE,False,1091.71
2024-01-03,P0004,S004,WH_4,SKU_12,73.707664,817.0,12.0,227.0,0.0,14.2,19.73,0.0,0.0,WH_4,1.6,43.96,33,7746,SYNTHETIC / ASSUMED PARAMETERS,0,False,743.29,STABLE,False,1189.27
2024-01-03,P0003,S002,WH_2,SKU_11,100.26322,909.0,4.0,230.0,0.0,17.93,29.29,0.0,0.0,WH_2,2.41,85.34,31,10194,SYNTHETIC / ASSUMED PARAMETERS,0,False,808.74,STABLE,False,1949.06
2024-01-03,P0013,S004,WH_4,SKU_20,67.8314,887.0,2.0,327.0,0.0,16.89,23.51,0.0,0.0,WH_4,1.33,49.52,45,10402,SYNTHETIC / ASSUMED PARAMETERS,0,False,819.17,STABLE,False,1089.49
2024-01-03,P0007,S003,WH_3,SKU_15,72.01065,755.0,7.0,265.0,0.0,6.24,9.99,0.0,0.0,WH_3,0.69,40.25,72,9290,SYNTHETIC / ASSUMED PARAMETERS,0,False,682.99,STABLE,False,471.26
2024-01-03,P0004,S001,WH_1,SKU_12,39.68013,923.0,5.0,299.0,0.0,5.36,7.17,1.0,0.0,WH_1,0.74,24.31,60,7801,SYNTHETIC / ASSUMED PARAMETERS,0,False,883.32,STABLE,False,653.66
2024-01-03,P0001,S004,WH_4,SKU_1,83.08779,475.0,9.0,333.0,0.0,6.93,10.7,0.0,0.0,WH_4,1.02,32.51,60,7800,SYNTHETIC / ASSUMED PARAMETERS,0,False,391.91,STABLE,False,399.75
2024-01-03,P0014,S004,WH_4,SKU_21,41.2631,584.0,8.0,379.0,0.0,12.65,20.04,0.0,0.0,WH_4,0.78,76.01,44,11017,SYNTHETIC / ASSUMED PARAMETERS,0,False,542.74,STABLE,False,423.33
2024-01-03,P0004,S003,WH_3,SKU_12,70.30038,711.0,6.0,234.0,0.0,10.01,13.38,0.0,0.0,WH_3,1.57,45.39,57,10301,SYNTHETIC / ASSUMED PARAMETERS,0,False,640.7,STABLE,False,1005.9
2024-01-03,P0014,S001,WH_1,SKU_21,75.159775,690.0,11.0,245.0,0.0,19.68,23.66,0.0,0.0,WH_1,2.7,52.3,38,5664,SYNTHETIC / ASSUMED PARAMETERS,0,False,614.84,STABLE,False,1660.07
2024-01-03,P0009,S004,WH_4,SKU_17,104.574196,460.0,5.0,341.0,0.0,8.62,10.66,0.0,0.0,WH_4,1.16,28.26,74,6506,SYNTHETIC / ASSUMED PARAMETERS,0,False,355.43,STABLE,False,412.29
2024-01-03,P0001,S003,WH_3,SKU_1,32.86382,471.0,6.0,314.0,0.0,6.06,8.41,0.0,0.0,WH_3,0.95,32.98,61,6038,SYNTHETIC / ASSUMED PARAMETERS,0,False,438.14,STABLE,False,416.23
2024-01-03,P0014,S005,WH_5,SKU_21,34.6398,708.0,8.0,309.0,0.0,13.11,23.25,0.0,0.0,WH_5,1.81,58.89,87,5672,SYNTHETIC / ASSUMED PARAMETERS,0,False,673.36,STABLE,False,1218.78
2024-01-03,P0017,S003,WH_3,SKU_24,25.98403,777.0,10.0,209.0,0.0,10.59,15.15,0.0,0.0,WH_3,1.43,56.19,52,9960,SYNTHETIC / ASSUMED PARAMETERS,0,False,751.02,STABLE,False,1073.95
2024-01-03,P0019,S005,WH_5,SKU_26,28.207281,746.0,4.0,393.0,0.0,17.15,27.81,0.0,0.0,WH_5,2.55,59.97,91,8473,SYNTHETIC / ASSUMED PARAMETERS,0,False,717.79,STABLE,False,1830.37
2024-01-03,P0018,S001,WH_1,SKU_25,74.706635,572.0,5.0,314.0,0.0,14.23,20.28,0.0,0.0,WH_1,0.9,46.65,78,5160,SYNTHETIC / ASSUMED PARAMETERS,0,False,497.29,STABLE,False,447.56
2024-01-03,P0008,S004,WH_4,SKU_16,32.46033,728.0,4.0,367.0,0.0,6.61,9.52,0.0,0.0,WH_4,0.87,40.21,59,5735,SYNTHETIC / ASSUMED PARAMETERS,0,False,695.54,STABLE,False,605.12
2024-01-03,P0007,S001,WH_1,SKU_15,87.90388,752.0,13.0,327.0,0.0,16.7,28.78,0.0,0.0,WH_1,2.21,100.17,53,6976,SYNTHETIC / ASSUMED PARAMETERS,0,False,664.1,STABLE,False,1467.65
2024-01-03,P0018,S005,WH_5,SKU_25,78.89381,530.0,7.0,311.0,0.0,8.45,14.29,0.0,0.0,WH_5,0.63,58.32,37,5926,SYNTHETIC / ASSUMED PARAMETERS,0,False,451.11,STABLE,False,284.2
2024-01-03,P0009,S002,WH_2,SKU_17,73.07254,502.0,13.0,372.0,0.0,16.68,21.24,1.0,0.0,WH_2,1.17,53.18,81,8112,SYNTHETIC / ASSUMED PARAMETERS,0,False,428.93,STABLE,False,501.85
2024-01-03,P0018,S002,WH_2,SKU_25,120.16068,467.0,3.0,352.0,0.0,5.07,6.95,0.0,0.0,WH_2,0.51,29.96,39,8258,SYNTHETIC / ASSUMED PARAMETERS,0,False,346.84,STABLE,False,176.89
2024-01-03,P0013,S002,WH_2,SKU_20,68.00922,654.0,9.0,336.0,0.0,12.31,20.86,0.0,0.0,WH_2,1.41,50.99,90,10971,SYNTHETIC / ASSUMED PARAMETERS,0,False,585.99,STABLE,False,826.25
2024-01-03,P0013,S003,WH_3,SKU_20,54.988674,796.0,3.0,319.0,0.0,14.9,25.16,0.0,0.0,WH_3,1.3,53.63,94,9643,SYNTHETIC / ASSUMED PARAMETERS,0,False,741.01,STABLE,False,963.31
2024-01-03,P0020,S004,WH_4,SKU_27,30.293602,922.0,14.0,289.0,0.0,13.84,20.65,1.0,0.0,WH_4,2.11,78.58,52,8263,SYNTHETIC / ASSUMED PARAMETERS,0,False,891.71,STABLE,False,1881.5
2024-01-03,P0014,S003,WH_3,SKU_21,66.41834,932.0,10.0,283.0,0.0,5.75,8.47,0.0,0.0,WH_3,0.72,24.19,84,8334,SYNTHETIC / ASSUMED PARAMETERS,0,False,865.58,STABLE,False,623.22
2024-01-03,P0019,S003,WH_3,SKU_26,73.697075,786.0,14.0,222.0,0.0,7.66,9.43,0.0,0.0,WH_3,0.81,30.44,28,5399,SYNTHETIC / ASSUMED PARAMETERS,0,False,712.3,STABLE,False,576.97
2024-01-03,P0006,S002,WH_2,SKU_14,118.905685,802.0,14.0,268.0,0.0,18.83,23.34,0.0,0.0,WH_2,2.51,66.61,39,5701,SYNTHETIC / ASSUMED PARAMETERS,0,False,683.09,STABLE,False,1714.57
2024-01-03,P0003,S005,WH_5,SKU_11,28.171268,932.0,3.0,349.0,0.0,18.92,31.99,0.0,0.0,WH_5,1.99,103.38,46,6507,SYNTHETIC / ASSUMED PARAMETERS,0,False,903.83,STABLE,False,1798.62
2024-01-03,P0010,S001,WH_1,SKU_18,33.786526,497.0,2.0,346.0,0.0,8.62,10.49,0.0,0.0,WH_1,0.92,38.21,43,7798,SYNTHETIC / ASSUMED PARAMETERS,0,False,463.21,STABLE,False,426.16
2024-01-03,P0010,S003,WH_3,SKU_18,77.82815,796.0,9.0,213.0,0.0,15.53,20.4,0.0,0.0,WH_3,2.28,65.06,40,7890,SYNTHETIC / ASSUMED PARAMETERS,0,False,718.17,STABLE,False,1637.43
2024-01-03,P0017,S002,WH_2,SKU_24,23.73468,761.0,5.0,365.0,0.0,19.69,29.64,0.0,0.0,WH_2,2.19,76.95,92,10380,SYNTHETIC / ASSUMED PARAMETERS,0,False,737.27,STABLE,False,1614.61
2024-01-03,P0006,S004,WH_4,SKU_14,85.0592,450.0,10.0,343.0,0.0,5.76,8.49,0.0,0.0,WH_4,0.78,37.66,58,8907,SYNTHETIC / ASSUMED PARAMETERS,0,False,364.94,STABLE,False,284.65
2024-01-03,P0017,S004,WH_4,SKU_24,115.27373,498.0,13.0,301.0,0.0,7.11,12.19,0.0,0.0,WH_4,1.05,31.77,79,5355,SYNTHETIC / ASSUMED PARAMETERS,0,False,382.73,STABLE,False,401.86
2024-01-03,P0007,S002,WH_2,SKU_15,37.41488,882.0,8.0,386.0,0.0,11.37,14.92,1.0,0.0,WH_2,1.19,43.87,61,9277,SYNTHETIC / ASSUMED PARAMETERS,0,False,844.59,STABLE,False,1005.06
2024-01-03,P0011,S005,WH_5,SKU_19,56.305626,586.0,7.0,281.0,0.0,15.87,25.1,0.0,0.0,WH_5,2.0,76.39,84,8102,SYNTHETIC / ASSUMED PARAMETERS,0,False,529.69,STABLE,False,1059.39
2024-01-03,P0009,S003,WH_3,SKU_17,59.950203,655.0,3.0,339.0,0.0,16.8,28.54,1.0,0.0,WH_3,1.1,80.9,84,7273,SYNTHETIC / ASSUMED PARAMETERS,0,False,595.05,STABLE,False,654.55
2024-01-03,P0003,S001,WH_1,SKU_11,150.50703,896.0,4.0,286.0,0.0,19.54,34.79,0.0,0.0,WH_1,2.75,93.77,81,6423,SYNTHETIC / ASSUMED PARAMETERS,0,False,745.49,STABLE,False,2050.11
2024-01-03,P0020,S001,WH_1,SKU_27,31.878931,676.0,2.0,389.0,0.0,5.89,7.48,1.0,0.0,WH_1,0.77,21.54,103,8847,SYNTHETIC / ASSUMED PARAMETERS,0,False,644.12,STABLE,False,495.97
2024-01-03,P0001,S002,WH_2,SKU_1,100.03844,802.0,8.0,322.0,0.0,11.46,19.92,0.0,0.0,WH_2,0.9,70.92,62,9416,SYNTHETIC / ASSUMED PARAMETERS,0,False,701.96,STABLE,False,631.77
2024-01-03,P0008,S002,WH_2,SKU_16,79.5623,444.0,11.0,327.0,0.0,19.0,26.16,0.0,0.0,WH_2,2.13,82.7,65,6031,SYNTHETIC / ASSUMED PARAMETERS,0,False,364.44,STABLE,False,776.25
2024-01-03,P0016,S002,WH_2,SKU_23,97.93691,665.0,12.0,312.0,0.0,6.68,11.81,0.0,0.0,WH_2,0.8,35.45,73,10338,SYNTHETIC / ASSUMED PARAMETERS,0,False,567.06,STABLE,False,453.65
2024-01-03,P0011,S003,WH_3,SKU_19,59.059944,767.0,4.0,295.0,0.0,14.17,23.01,0.0,0.0,WH_3,1.45,87.37,62,9399,SYNTHETIC / ASSUMED PARAMETERS,0,False,707.94,STABLE,False,1026.51
2024-01-03,P0009,S001,WH_1,SKU_17,107.93169,899.0,10.0,268.0,0.0,14.9,26.61,0.0,0.0,WH_1,1.04,53.46,53,5188,SYNTHETIC / ASSUMED PARAMETERS,0,False,791.07,STABLE,False,822.71
2024-01-03,P0001,S001,WH_1,SKU_1,66.67012,540.0,14.0,379.0,0.0,13.95,20.48,1.0,0.0,WH_1,1.88,67.42,94,6673,SYNTHETIC / ASSUMED PARAMETERS,0,False,473.33,STABLE,False,889.86
2024-01-03,P0011,S001,WH_1,SKU_19,32.736168,462.0,8.0,287.0,0.0,12.4,18.41,0.0,0.0,WH_1,1.18,43.0,33,9186,SYNTHETIC / ASSUMED PARAMETERS,0,False,429.26,STABLE,False,506.53
2024-01-03,P0012,S003,WH_3,SKU_2,31.468664,862.0,10.0,319.0,0.0,5.02,7.82,0.0,0.0,WH_3,0.45,23.6,74,9396,SYNTHETIC / ASSUMED PARAMETERS,0,False,830.53,STABLE,False,373.74
2024-01-03,P0008,S005,WH_5,SKU_16,107.04034,444.0,2.0,394.0,0.0,13.23,20.46,0.0,0.0,WH_5,1.66,59.45,101,8221,SYNTHETIC / ASSUMED PARAMETERS,0,False,336.96,STABLE,False,559.35
2024-01-03,P0018,S003,WH_3,SKU_25,34.267246,792.0,7.0,232.0,0.0,6.51,8.04,0.0,0.0,WH_3,0.89,32.85,39,9598,SYNTHETIC / ASSUMED PARAMETERS,0,False,757.73,STABLE,False,674.38
2024-01-04,P0013,S003,WH_3,SKU_20,74.046135,781.0,3.0,319.0,0.0,14.9,25.16,0.0,0.0,WH_3,1.3,53.63,94,9643,SYNTHETIC / ASSUMED PARAMETERS,0,False,706.95,STABLE,False,919.04
2024-01-04,P0001,S003,WH_3,SKU_1,34.482105,454.0,6.0,314.0,0.0,6.06,8.41,0.0,0.0,WH_3,0.95,32.98,61,6038,SYNTHETIC / ASSUMED PARAMETERS,0,False,419.52,STABLE,False,398.54
2024-01-04,P0007,S003,WH_3,SKU_15,76.089645,737.0,7.0,265.0,0.0,6.24,9.99,0.0,0.0,WH_3,0.69,40.25,72,9290,SYNTHETIC / ASSUMED PARAMETERS,0,False,660.91,STABLE,False,456.03
2024-01-04,P0009,S002,WH_2,SKU_17,66.52875,483.0,13.0,372.0,0.0,16.68,21.24,0.0,0.0,WH_2,1.17,53.18,81,8112,SYNTHETIC / ASSUMED PARAMETERS,0,False,416.47,STABLE,False,487.27
2024-01-04,P0013,S004,WH_4,SKU_20,57.851315,865.0,2.0,327.0,0.0,16.89,23.51,0.0,0.0,WH_4,1.33,49.52,45,10402,SYNTHETIC / ASSUMED PARAMETERS,0,False,807.15,STABLE,False,1073.51
2024-01-04,P0020,S002,WH_2,SKU_27,39.05415,841.0,4.0,223.0,0.0,16.3,21.54,1.0,0.0,WH_2,1.63,83.19,46,6479,SYNTHETIC / ASSUMED PARAMETERS,0,False,801.95,STABLE,False,1307.17
2024-01-04,P0012,S004,WH_4,SKU_2,51.663307,483.0,6.0,290.0,0.0,7.06,10.96,0.0,0.0,WH_4,1.1,40.69,80,10160,SYNTHETIC / ASSUMED PARAMETERS,0,False,431.34,STABLE,False,474.47
2024-01-04,P0001,S004,WH_4,SKU_1,87.99269,454.0,9.0,333.0,0.0,6.93,10.7,0.0,0.0,WH_4,1.02,32.51,60,7800,SYNTHETIC / ASSUMED PARAMETERS,0,False,366.01,STABLE,False,373.33
2024-01-04,P0019,S002,WH_2,SKU_26,138.72487,787.0,5.0,273.0,0.0,8.5,11.16,0.0,0.0,WH_2,0.55,33.37,47,8606,SYNTHETIC / ASSUMED PARAMETERS,0,False,648.28,STABLE,False,356.55
2024-01-04,P0014,S003,WH_3,SKU_21,83.89277,893.0,10.0,283.0,0.0,5.75,8.47,1.0,0.0,WH_3,0.72,24.19,84,8334,SYNTHETIC / ASSUMED PARAMETERS,0,False,809.11,STABLE,False,582.56
2024-01-04,P0012,S003,WH_3,SKU_2,29.745893,843.0,10.0,319.0,0.0,5.02,7.82,1.0,0.0,WH_3,0.45,23.6,74,9396,SYNTHETIC / ASSUMED PARAMETERS,0,False,813.25,STABLE,False,365.96
2024-01-04,P0018,S002,WH_2,SKU_25,77.96417,442.0,3.0,352.0,0.0,5.07,6.95,0.0,0.0,WH_2,0.51,29.96,39,8258,SYNTHETIC / ASSUMED PARAMETERS,0,False,364.04,STABLE,False,185.66
2024-01-04,P0011,S002,WH_2,SKU_19,76.27412,555.0,8.0,316.0,0.0,12.67,18.56,1.0,0.0,WH_2,1.58,55.58,37,4994,SYNTHETIC / ASSUMED PARAMETERS,0,False,478.73,STABLE,False,756.39
2024-01-04,P0009,S001,WH_1,SKU_17,134.90845,879.0,10.0,268.0,0.0,14.9,26.61,1.0,0.0,WH_1,1.04,53.46,53,5188,SYNTHETIC / ASSUMED PARAMETERS,0,False,744.09,STABLE,False,773.86
2024-01-04,P0016,S003,WH_3,SKU_23,60.471703,693.0,5.0,293.0,0.0,18.08,23.36,0.0,0.0,WH_3,2.55,64.6,72,10369,SYNTHETIC / ASSUMED PARAMETERS,0,False,632.53,STABLE,False,1612.95
2024-01-04,P0011,S003,WH_3,SKU_19,63.681076,736.0,4.0,295.0,0.0,14.17,23.01,0.0,0.0,WH_3,1.45,87.37,62,9399,SYNTHETIC / ASSUMED PARAMETERS,0,False,672.32,STABLE,False,974.86
2024-01-04,P0009,S003,WH_3,SKU_17,61.420082,638.0,3.0,339.0,0.0,16.8,28.54,0.0,0.0,WH_3,1.1,80.9,84,7273,SYNTHETIC / ASSUMED PARAMETERS,0,False,576.58,STABLE,False,634.24
2024-01-04,P0013,S005,WH_5,SKU_20,68.6733,767.0,2.0,246.0,0.0,10.07,18.03,0.0,0.0,WH_5,0.8,71.16,65,5639,SYNTHETIC / ASSUMED PARAMETERS,0,False,698.33,STABLE,False,558.66
2024-01-04,P0011,S001,WH_1,SKU_19,34.959103,444.0,8.0,287.0,0.0,12.4,18.41,0.0,0.0,WH_1,1.18,43.0,33,9186,SYNTHETIC / ASSUMED PARAMETERS,0,False,409.04,STABLE,False,482.67
2024-01-04,P0017,S001,WH_1,SKU_24,23.393671,505.0,2.0,288.0,0.0,6.14,10.22,0.0,0.0,WH_1,0.75,31.15,47,6037,SYNTHETIC / ASSUMED PARAMETERS,0,False,481.61,STABLE,False,361.2
2024-01-04,P0020,S003,WH_3,SKU_27,105.95074,695.0,3.0,296.0,0.0,9.18,15.91,0.0,0.0,WH_3,1.13,62.45,32,6179,SYNTHETIC / ASSUMED PARAMETERS,0,False,589.05,STABLE,False,665.63
2024-01-04,P0014,S004,WH_4,SKU_21,42.165703,566.0,8.0,379.0,0.0,12.65,20.04,1.0,0.0,WH_4,0.78,76.01,44,11017,SYNTHETIC / ASSUMED PARAMETERS,0,False,523.83,STABLE,False,408.59
2024-01-04,P0005,S004,WH_4,SKU_13,103.34364,841.0,10.0,251.0,0.0,14.29,19.75,0.0,0.0,WH_4,0.97,79.01,68,10644,SYNTHETIC / ASSUMED PARAMETERS,0,False,737.66,STABLE,False,715.53
2024-01-04,P0020,S004,WH_4,SKU_27,29.997253,899.0,14.0,289.0,0.0,13.84,20.65,0.0,0.0,WH_4,2.11,78.58,52,8263,SYNTHETIC / ASSUMED PARAMETERS,0,False,869.0,STABLE,False,1833.6
2024-01-04,P0003,S003,WH_3,SKU_11,53.164333,731.0,13.0,342.0,0.0,13.85,18.39,0.0,0.0,WH_3,1.16,58.36,96,10164,SYNTHETIC / ASSUMED PARAMETERS,0,False,677.84,STABLE,False,786.29
2024-01-04,P0014,S001,WH_1,SKU_21,42.419968,671.0,11.0,245.0,0.0,19.68,23.66,0.0,0.0,WH_1,2.7,52.3,38,5664,SYNTHETIC / ASSUMED PARAMETERS,0,False,628.58,STABLE,False,1697.17
2024-01-04,P0016,S004,WH_4,SKU_23,32.71586,827.0,14.0,236.0,0.0,15.4,18.69,1.0,0.0,WH_4,1.44,47.04,57,10538,SYNTHETIC / ASSUMED PARAMETERS,0,False,794.28,STABLE,False,1143.77
2024-01-04,P0006,S002,WH_2,SKU_14,191.7499,783.0,14.0,268.0,0.0,18.83,23.34,0.0,0.0,WH_2,2.51,66.61,39,5701,SYNTHETIC / ASSUMED PARAMETERS,0,False,591.25,STABLE,False,1484.04
2024-01-04,P0004,S004,WH_4,SKU_12,73.351715,799.0,12.0,227.0,0.0,14.2,19.73,0.0,0.0,WH_4,1.6,43.96,33,7746,SYNTHETIC / ASSUMED PARAMETERS,0,False,725.65,STABLE,False,1161.04
2024-01-04,P0019,S005,WH_5,SKU_26,24.728453,727.0,4.0,393.0,0.0,17.15,27.81,1.0,0.0,WH_5,2.55,59.97,91,8473,SYNTHETIC / ASSUMED PARAMETERS,0,False,702.27,STABLE,False,1790.79
2024-01-04,P0005,S003,WH_3,SKU_13,30.65271,492.0,14.0,382.0,0.0,6.01,8.52,0.0,0.0,WH_3,0.87,30.72,112,6380,SYNTHETIC / ASSUMED PARAMETERS,0,False,461.35,STABLE,False,401.37
2024-01-04,P0014,S005,WH_5,SKU_21,30.590582,690.0,8.0,309.0,0.0,13.11,23.25,0.0,0.0,WH_5,1.81,58.89,87,5672,SYNTHETIC / ASSUMED PARAMETERS,0,False,659.41,STABLE,False,1193.53
2024-01-04,P0013,S002,WH_2,SKU_20,83.81893,629.0,9.0,336.0,0.0,12.31,20.86,0.0,0.0,WH_2,1.41,50.99,90,10971,SYNTHETIC / ASSUMED PARAMETERS,0,False,545.18,STABLE,False,768.71
2024-01-04,P0010,S002,WH_2,SKU_18,99.809074,819.0,10.0,270.0,0.0,17.51,24.82,0.0,0.0,WH_2,1.18,54.17,54,10850,SYNTHETIC / ASSUMED PARAMETERS,0,False,719.19,STABLE,False,848.65
2024-01-04,P0002,S003,WH_3,SKU_10,71.074005,704.0,5.0,218.0,0.0,13.68,17.87,0.0,0.0,WH_3,1.74,42.93,55,5968,SYNTHETIC / ASSUMED PARAMETERS,0,False,632.93,STABLE,False,1101.29
2024-01-04,P0004,S003,WH_3,SKU_12,60.5548,692.0,6.0,234.0,0.0,10.01,13.38,0.0,0.0,WH_3,1.57,45.39,57,10301,SYNTHETIC / ASSUMED PARAMETERS,0,False,631.45,STABLE,False,991.37
2024-01-04,P0006,S003,WH_3,SKU_14,36.983486,613.0,3.0,283.0,0.0,5.88,9.37,0.0,0.0,WH_3,0.82,33.85,73,7722,SYNTHETIC / ASSUMED PARAMETERS,0,False,576.02,STABLE,False,472.33
2024-01-04,P0018,S001,WH_1,SKU_25,82.877396,551.0,5.0,314.0,0.0,14.23,20.28,0.0,0.0,WH_1,0.9,46.65,78,5160,SYNTHETIC / ASSUMED PARAMETERS,0,False,468.12,STABLE,False,421.31
2024-01-04,P0001,S005,WH_5,SKU_1,79.72779,587.0,4.0,366.0,0.0,19.41,23.81,0.0,0.0,WH_5,2.58,47.73,54,8279,SYNTHETIC / ASSUMED PARAMETERS,0,False,507.27,STABLE,False,1308.76
2024-01-04,P0005,S005,WH_5,SKU_13,71.768524,753.0,7.0,305.0,0.0,15.13,23.34,0.0,0.0,WH_5,0.88,49.29,48,10583,SYNTHETIC / ASSUMED PARAMETERS,0,False,681.23,STABLE,False,599.48
2024-01-04,P0009,S004,WH_4,SKU_17,115.09773,436.0,5.0,341.0,0.0,8.62,10.66,0.0,0.0,WH_4,1.16,28.26,74,6506,SYNTHETIC / ASSUMED PARAMETERS,0,False,320.9,STABLE,False,372.25
2024-01-04,P0019,S001,WH_1,SKU_26,34.35729,806.0,2.0,335.0,0.0,18.22,23.67,0.0,0.0,WH_1,2.52,50.97,34,5684,SYNTHETIC / ASSUMED PARAMETERS,0,False,771.64,STABLE,False,1944.54
2024-01-04,P0003,S005,WH_5,SKU_11,23.95139,914.0,3.0,349.0,0.0,18.92,31.99,1.0,0.0,WH_5,1.99,103.38,46,6507,SYNTHETIC / ASSUMED PARAMETERS,0,False,890.05,STABLE,False,1771.2
2024-01-04,P0003,S002,WH_2,SKU_11,88.24125,890.0,4.0,230.0,0.0,17.93,29.29,0.0,0.0,WH_2,2.41,85.34,31,10194,SYNTHETIC / ASSUMED PARAMETERS,0,False,801.76,STABLE,False,1932.24
2024-01-04,P0020,S005,WH_5,SKU_27,24.396227,464.0,2.0,353.0,0.0,17.89,25.71,0.0,0.0,WH_5,1.71,74.7,103,6290,SYNTHETIC / ASSUMED PARAMETERS,0,False,439.6,STABLE,False,751.72
2024-01-04,P0004,S005,WH_5,SKU_12,58.47773,690.0,6.0,349.0,0.0,10.21,15.8,0.0,0.0,WH_5,0.76,39.17,96,5993,SYNTHETIC / ASSUMED PARAMETERS,0,False,631.52,STABLE,False,479.96
2024-01-04,P0017,S003,WH_3,SKU_24,23.90839,754.0,10.0,209.0,0.0,10.59,15.15,0.0,0.0,WH_3,1.43,56.19,52,9960,SYNTHETIC / ASSUMED PARAMETERS,0,False,730.09,STABLE,False,1044.03
2024-01-04,P0004,S001,WH_1,SKU_12,32.443398,902.0,5.0,299.0,0.0,5.36,7.17,0.0,0.0,WH_1,0.74,24.31,60,7801,SYNTHETIC / ASSUMED PARAMETERS,0,False,869.56,STABLE,False,643.47
2024-01-04,P0015,S005,WH_5,SKU_22,63.198273,428.0,4.0,326.0,0.0,16.45,25.06,1.0,0.0,WH_5,2.1,76.56,84,10655,SYNTHETIC / ASSUMED PARAMETERS,0,False,364.8,STABLE,False,766.08
2024-01-04,P0018,S004,WH_4,SKU_25,39.288258,519.0,9.0,273.0,0.0,12.02,19.24,0.0,0.0,WH_4,1.67,68.75,82,5738,SYNTHETIC / ASSUMED PARAMETERS,0,False,479.71,STABLE,False,801.12
2024-01-04,P0006,S004,WH_4,SKU_14,97.68181,420.0,10.0,343.0,0.0,5.76,8.49,0.0,0.0,WH_4,0.78,37.66,58,8907,SYNTHETIC / ASSUMED PARAMETERS,0,False,322.32,STABLE,False,251.41
2024-01-04,P0018,S005,WH_5,SKU_25,153.7298,509.0,7.0,311.0,0.0,8.45,14.29,0.0,0.0,WH_5,0.63,58.32,37,5926,SYNTHETIC / ASSUMED PARAMETERS,0,False,355.27,STABLE,False,223.82
2024-01-04,P0014,S002,WH_2,SKU_21,50.607246,562.0,7.0,349.0,0.0,8.18,12.0,1.0,0.0,WH_2,1.13,36.82,79,8567,SYNTHETIC / ASSUMED PARAMETERS,0,False,511.39,STABLE,False,577.87
2024-01-04,P0010,S004,WH_4,SKU_18,97.10153,510.0,6.0,250.0,0.0,5.35,9.51,0.0,0.0,WH_4,0.78,43.27,45,6602,SYNTHETIC / ASSUMED PARAMETERS,0,False,412.9,STABLE,False,322.06
2024-01-04,P0006,S005,WH_5,SKU_14,90.80298,922.0,6.0,259.0,0.0,11.19,14.98,0.0,0.0,WH_5,0.92,37.97,55,10175,SYNTHETIC / ASSUMED PARAMETERS,0,False,831.2,STABLE,False,764.7
2024-01-04,P0019,S004,WH_4,SKU_26,94.98544,595.0,14.0,331.0,0.0,8.71,13.65,0.0,0.0,WH_4,0.81,35.89,53,6838,SYNTHETIC / ASSUMED PARAMETERS,0,False,500.01,STABLE,False,405.01
2024-01-04,P0006,S001,WH_1,SKU_14,32.403835,433.0,11.0,265.0,0.0,8.21,11.1,0.0,0.0,WH_1,1.31,43.21,69,6246,SYNTHETIC / ASSUMED PARAMETERS,0,False,400.6,STABLE,False,524.78
2024-01-04,P0009,S005,WH_5,SKU_17,77.32317,504.0,8.0,321.0,0.0,7.73,13.36,0.0,0.0,WH_5,0.58,50.99,60,7894,SYNTHETIC / ASSUMED PARAMETERS,0,False,426.68,STABLE,False,247.47
2024-01-04,P0012,S005,WH_5,SKU_2,33.768272,765.0,14.0,267.0,0.0,15.0,26.38,0.0,0.0,WH_5,1.72,57.23,63,7517,SYNTHETIC / ASSUMED PARAMETERS,0,False,731.23,STABLE,False,1257.72
2024-01-04,P0013,S001,WH_1,SKU_20,29.773968,476.0,9.0,295.0,0.0,9.55,16.05,0.0,0.0,WH_1,1.19,44.04,33,5191,SYNTHETIC / ASSUMED PARAMETERS,0,False,446.23,STABLE,False,531.01
2024-01-04,P0005,S002,WH_2,SKU_13,55.25836,420.0,11.0,350.0,0.0,17.04,21.69,0.0,0.0,WH_2,2.15,79.74,38,5796,SYNTHETIC / ASSUMED PARAMETERS,0,False,364.74,STABLE,False,784.19
2024-01-04,P0018,S003,WH_3,SKU_25,38.97071,766.0,7.0,232.0,0.0,6.51,8.04,0.0,0.0,WH_3,0.89,32.85,39,9598,SYNTHETIC / ASSUMED PARAMETERS,0,False,727.03,STABLE,False,647.06
2024-01-04,P0002,S002,WH_2,SKU_10,26.375555,453.0,10.0,310.0,0.0,13.83,22.36,0.0,0.0,WH_2,0.8,49.56,40,6844,SYNTHETIC / ASSUMED PARAMETERS,0,False,426.62,STABLE,False,341.3
2024-01-04,P0003,S004,WH_4,SKU_11,35.164185,898.0,2.0,382.0,0.0,6.2,7.82,0.0,0.0,WH_4,0.5,33.95,90,5402,SYNTHETIC / ASSUMED PARAMETERS,0,False,862.84,STABLE,False,431.42
2024-01-04,P0015,S001,WH_1,SKU_22,25.35033,871.0,4.0,282.0,0.0,8.88,12.51,0.0,0.0,WH_1,0.94,51.81,47,10427,SYNTHETIC / ASSUMED PARAMETERS,0,False,845.65,STABLE,False,794.91
2024-01-04,P0002,S004,WH_4,SKU_10,68.02882,736.0,14.0,328.0,0.0,19.02,24.9,0.0,0.0,WH_4,2.76,93.09,92,6565,SYNTHETIC / ASSUMED PARAMETERS,0,False,667.97,STABLE,False,1843.6
2024-01-04,P0015,S004,WH_4,SKU_22,32.166637,562.0,11.0,374.0,0.0,19.16,23.34,0.0,0.0,WH_4,2.12,46.36,63,10964,SYNTHETIC / ASSUMED PARAMETERS,0,False,529.83,STABLE,False,1123.25
2024-01-04,P0007,S001,WH_1,SKU_15,85.84858,728.0,13.0,327.0,0.0,16.7,28.78,0.0,0.0,WH_1,2.21,100.17,53,6976,SYNTHETIC / ASSUMED PARAMETERS,0,False,642.15,STABLE,False,1419.15
2024-01-04,P0004,S002,WH_2,SKU_12,83.18444,629.0,6.0,370.0,0.0,19.03,23.02,0.0,0.0,WH_2,2.32,68.2,104,8597,SYNTHETIC / ASSUMED PARAMETERS,0,False,545.82,STABLE,False,1266.29
2024-01-04,P0012,S001,WH_1,SKU_2,57.146793,911.0,13.0,228.0,0.0,19.76,35.1,0.0,0.0,WH_1,2.92,120.54,61,5736,SYNTHETIC / ASSUMED PARAMETERS,0,False,853.85,STABLE,False,2493.25
2024-01-04,P0008,S004,WH_4,SKU_16,34.681034,710.0,4.0,367.0,0.0,6.61,9.52,0.0,0.0,WH_4,0.87,40.21,59,5735,SYNTHETIC / ASSUMED PARAMETERS,0,False,675.32,STABLE,False,587.53
2024-01-04,P0002,S001,WH_1,SKU_10,120.85845,767.0,13.0,361.0,0.0,12.67,18.73,0.0,0.0,WH_1,1.29,70.59,100,6990,SYNTHETIC / ASSUMED PARAMETERS,0,False,646.14,STABLE,False,833.52
2024-01-04,P0008,S001,WH_1,SKU_16,65.15485,818.0,14.0,328.0,0.0,11.96,17.38,0.0,0.0,WH_1,1.64,39.73,88,10604,SYNTHETIC / ASSUMED PARAMETERS,0,False,752.85,STABLE,False,1234.67
2024-01-04,P0005,S001,WH_1,SKU_13,57.555153,802.0,9.0,246.0,0.0,19.52,24.09,0.0,0.0,WH_1,1.26,57.54,50,8981,SYNTHETIC / ASSUMED PARAMETERS,0,False,744.44,STABLE,False,938.0
2024-01-04,P0016,S005,WH_5,SKU_23,22.056938,696.0,3.0,383.0,0.0,19.43,28.74,1.0,0.0,WH_5,2.51,93.33,52,7979,SYNTHETIC / ASSUMED PARAMETERS,0,False,673.94,STABLE,False,1691.6
2024-01-04,P0008,S003,WH_3,SKU_16,135.42067,512.0,6.0,336.0,0.0,12.08,18.52,0.0,0.0,WH_3,1.03,67.38,41,10278,SYNTHETIC / ASSUMED PARAMETERS,0,False,376.58,STABLE,False,387.88
2024-01-04,P0017,S005,WH_5,SKU_24,29.53867,727.0,7.0,313.0,0.0,7.27,12.17,0.0,0.0,WH_5,0.56,44.06,66,10704,SYNTHETIC / ASSUMED PARAMETERS,0,False,697.46,STABLE,False,390.58
2024-01-04,P0001,S001,WH_1,SKU_1,61.289574,516.0,14.0,379.0,0.0,13.95,20.48,0.0,0.0,WH_1,1.88,67.42,94,6673,SYNTHETIC / ASSUMED PARAMETERS,0,False,454.71,STABLE,False,854.86
2024-01-04,P0010,S005,WH_5,SKU_18,80.56312,456.0,13.0,394.0,0.0,13.35,21.48,0.0,0.0,WH_5,1.44,69.56,77,8261,SYNTHETIC / ASSUMED PARAMETERS,0,False,375.44,STABLE,False,540.63
2024-01-04,P0015,S002,WH_2,SKU_22,136.82925,669.0,7.0,261.0,0.0,9.82,14.68,0.0,0.0,WH_2,1.21,42.78,60,5653,SYNTHETIC / ASSUMED PARAMETERS,0,False,532.17,STABLE,False,643.93
2024-01-04,P0016,S002,WH_2,SKU_23,113.26041,641.0,12.0,312.0,0.0,6.68,11.81,0.0,0.0,WH_2,0.8,35.45,73,10338,SYNTHETIC / ASSUMED PARAMETERS,0,False,527.74,STABLE,False,422.19
2024-01-04,P0008,S002,WH_2,SKU_16,81.63984,426.0,11.0,327.0,0.0,19.0,26.16,0.0,0.0,WH_2,2.13,82.7,65,6031,SYNTHETIC / ASSUMED PARAMETERS,0,False,344.36,STABLE,False,733.49
2024-01-04,P0001,S002,WH_2,SKU_1,97.10613,781.0,8.0,322.0,0.0,11.46,19.92,0.0,0.0,WH_2,0.9,70.92,62,9416,SYNTHETIC / ASSUMED PARAMETERS,0,False,683.89,STABLE,False,615.5
2024-01-04,P0008,S005,WH_5,SKU_16,90.16707,428.0,2.0,394.0,0.0,13.23,20.46,0.0,0.0,WH_5,1.66,59.45,101,8221,SYNTHETIC / ASSUMED PARAMETERS,0,False,337.83,STABLE,False,560.8
2024-01-04,P0007,S005,WH_5,SKU_15,98.288635,572.0,14.0,279.0,0.0,15.48,21.47,0.0,0.0,WH_5,1.08,84.29,72,9525,SYNTHETIC / ASSUMED PARAMETERS,0,False,473.71,STABLE,False,511.61
2024-01-04,P0007,S004,WH_4,SKU_15,92.343956,620.0,5.0,224.0,0.0,13.52,23.32,0.0,0.0,WH_4,1.16,58.22,61,7785,SYNTHETIC / ASSUMED PARAMETERS,0,False,527.66,STABLE,False,612.08
2024-01-04,P0010,S003,WH_3,SKU_18,87.626366,781.0,9.0,213.0,0.0,15.53,20.4,0.0,0.0,WH_3,2.28,65.06,40,7890,SYNTHETIC / ASSUMED PARAMETERS,0,False,693.37,STABLE,False,1580.89
2024-01-04,P0011,S004,WH_4,SKU_19,112.09152,586.0,4.0,352.0,0.0,5.41,7.4,0.0,0.0,WH_4,0.43,30.95,55,9647,SYNTHETIC / ASSUMED PARAMETERS,0,False,473.91,STABLE,False,203.78
2024-01-04,P0017,S002,WH_2,SKU_24,24.631388,750.0,5.0,365.0,0.0,19.69,29.64,0.0,0.0,WH_2,2.19,76.95,92,10380,SYNTHETIC / ASSUMED PARAMETERS,0,False,725.37,STABLE,False,1588.56
2024-01-04,P0010,S001,WH_1,SKU_18,36.59959,473.0,2.0,346.0,0.0,8.62,10.49,1.0,0.0,WH_1,0.92,38.21,43,7798,SYNTHETIC / ASSUMED PARAMETERS,0,False,436.4,STABLE,False,401.49
2024-01-04,P0003,S001,WH_1,SKU_11,86.28079,873.0,4.0,286.0,0.0,19.54,34.79,0.0,0.0,WH_1,2.75,93.77,81,6423,SYNTHETIC / ASSUMED PARAMETERS,0,False,786.72,STABLE,False,2163.48
2024-01-04,P0017,S004,WH_4,SKU_24,139.47795,471.0,13.0,301.0,0.0,7.11,12.19,1.0,0.0,WH_4,1.05,31.77,79,5355,SYNTHETIC / ASSUMED PARAMETERS,0,False,331.52,STABLE,False,348.1
2024-01-04,P0016,S001,WH_1,SKU_23,58.78431,583.0,8.0,239.0,0.0,9.05,14.03,0.0,0.0,WH_1,0.76,35.69,32,4845,SYNTHETIC / ASSUMED PARAMETERS,0,False,524.22,STABLE,False,398.4
2024-01-04,P0007,S002,WH_2,SKU_15,45.60136,864.0,8.0,386.0,0.0,11.37,14.92,0.0,0.0,WH_2,1.19,43.87,61,9277,SYNTHETIC / ASSUMED PARAMETERS,0,False,818.4,STABLE,False,973.89
2024-01-04,P0015,S003,WH_3,SKU_22,73.513504,643.0,4.0,211.0,0.0,18.38,32.58,0.0,0.0,WH_3,1.34,101.74,33,5385,SYNTHETIC / ASSUMED PARAMETERS,0,False,569.49,STABLE,False,763.11
2024-01-04,P0019,S003,WH_3,SKU_26,53.222122,767.0,14.0,222.0,0.0,7.66,9.43,0.0,0.0,WH_3,0.81,30.44,28,5399,SYNTHETIC / ASSUMED PARAMETERS,0,False,713.78,STABLE,False,578.16
2024-01-04,P0020,S001,WH_1,SKU_27,28.592447,653.0,2.0,389.0,0.0,5.89,7.48,0.0,0.0,WH_1,0.77,21.54,103,8847,SYNTHETIC / ASSUMED PARAMETERS,0,False,624.41,STABLE,False,480.79
2024-01-04,P0002,S005,WH_5,SKU_10,43.96684,447.0,9.0,246.0,0.0,9.67,15.35,0.0,0.0,WH_5,1.52,60.17,40,6308,SYNTHETIC / ASSUMED PARAMETERS,0,False,403.03,STABLE,False,612.61
2024-01-04,P0011,S005,WH_5,SKU_19,54.79908,569.0,7.0,281.0,0.0,15.87,25.1,0.0,0.0,WH_5,2.0,76.39,84,8102,SYNTHETIC / ASSUMED PARAMETERS,0,False,514.2,STABLE,False,1028.4
2024-01-04,P0012,S002,WH_2,SKU_2,42.609608,847.0,8.0,377.0,0.0,16.77,22.06,0.0,0.0,WH_2,1.73,61.48,56,5161,SYNTHETIC / ASSUMED PARAMETERS,0,False,804.39,STABLE,False,1391.6
2024-01-05,P0004,S001,WH_1,SKU_12,47.411922,877.0,5.0,299.0,0.0,5.36,7.17,0.0,0.0,WH_1,0.74,24.31,60,7801,SYNTHETIC / ASSUMED PARAMETERS,0,False,829.59,STABLE,False,613.9
2024-01-05,P0013,S001,WH_1,SKU_20,33.455536,453.0,9.0,295.0,0.0,9.55,16.05,0.0,0.0,WH_1,1.19,44.04,33,5191,SYNTHETIC / ASSUMED PARAMETERS,0,False,419.54,STABLE,False,499.26
2024-01-05,P0015,S001,WH_1,SKU_22,38.61526,846.0,4.0,282.0,0.0,8.88,12.51,0.0,0.0,WH_1,0.94,51.81,47,10427,SYNTHETIC / ASSUMED PARAMETERS,0,False,807.38,STABLE,False,758.94
2024-01-05,P0004,S003,WH_3,SKU_12,80.917786,674.0,6.0,234.0,0.0,10.01,13.38,0.0,0.0,WH_3,1.57,45.39,57,10301,SYNTHETIC / ASSUMED PARAMETERS,0,False,593.08,STABLE,False,931.14
2024-01-05,P0006,S001,WH_1,SKU_14,25.524965,413.0,11.0,265.0,0.0,8.21,11.1,0.0,0.0,WH_1,1.31,43.21,69,6246,SYNTHETIC / ASSUMED PARAMETERS,0,False,387.48,STABLE,False,507.59
2024-01-05,P0002,S003,WH_3,SKU_10,74.74064,683.0,5.0,218.0,0.0,13.68,17.87,0.0,0.0,WH_3,1.74,42.93,55,5968,SYNTHETIC / ASSUMED PARAMETERS,0,False,608.26,STABLE,False,1058.37
2024-01-05,P0014,S004,WH_4,SKU_21,48.216576,546.0,8.0,379.0,0.0,12.65,20.04,0.0,0.0,WH_4,0.78,76.01,44,11017,SYNTHETIC / ASSUMED PARAMETERS,0,False,497.78,STABLE,False,388.27
2024-01-05,P0010,S004,WH_4,SKU_18,115.1015,492.0,6.0,250.0,0.0,5.35,9.51,0.0,0.0,WH_4,0.78,43.27,45,6602,SYNTHETIC / ASSUMED PARAMETERS,0,False,376.9,STABLE,False,293.98
2024-01-05,P0019,S002,WH_2,SKU_26,142.59175,771.0,5.0,273.0,0.0,8.5,11.16,0.0,0.0,WH_2,0.55,33.37,47,8606,SYNTHETIC / ASSUMED PARAMETERS,0,False,628.41,STABLE,False,345.62
2024-01-05,P0003,S005,WH_5,SKU_11,31.40768,891.0,3.0,349.0,0.0,18.92,31.99,0.0,0.0,WH_5,1.99,103.38,46,6507,SYNTHETIC / ASSUMED PARAMETERS,0,False,859.59,STABLE,False,1710.59
2024-01-05,P0018,S003,WH_3,SKU_25,52.52138,748.0,7.0,232.0,0.0,6.51,8.04,0.0,0.0,WH_3,0.89,32.85,39,9598,SYNTHETIC / ASSUMED PARAMETERS,0,False,695.48,STABLE,False,618.98
2024-01-05,P0007,S003,WH_3,SKU_15,71.13933,711.0,7.0,265.0,0.0,6.24,9.99,0.0,0.0,WH_3,0.69,40.25,72,9290,SYNTHETIC / ASSUMED PARAMETERS,0,False,639.86,STABLE,False,441.5
2024-01-05,P0004,S005,WH_5,SKU_12,85.77753,668.0,6.0,349.0,0.0,10.21,15.8,0.0,0.0,WH_5,0.76,39.17,96,5993,SYNTHETIC / ASSUMED PARAMETERS,0,False,582.22,STABLE,False,442.49
2024-01-05,P0008,S003,WH_3,SKU_16,208.33235,489.0,6.0,336.0,0.0,12.08,18.52,0.0,0.0,WH_3,1.03,67.38,41,10278,SYNTHETIC / ASSUMED PARAMETERS,0,False,280.67,STABLE,False,289.09
2024-01-05,P0012,S005,WH_5,SKU_2,38.606377,746.0,14.0,267.0,0.0,15.0,26.38,1.0,0.0,WH_5,1.72,57.23,63,7517,SYNTHETIC / ASSUMED PARAMETERS,0,False,707.39,STABLE,False,1216.72
2024-01-05,P0019,S001,WH_1,SKU_26,45.046844,776.0,2.0,335.0,0.0,18.22,23.67,0.0,0.0,WH_1,2.52,50.97,34,5684,SYNTHETIC / ASSUMED PARAMETERS,0,False,730.95,STABLE,False,1842.0
2024-01-05,P0013,S004,WH_4,SKU_20,94.53858,841.0,2.0,327.0,0.0,16.89,23.51,0.0,0.0,WH_4,1.33,49.52,45,10402,SYNTHETIC / ASSUMED PARAMETERS,0,False,746.46,STABLE,False,992.79
2024-01-05,P0015,S004,WH_4,SKU_22,31.66418,534.0,11.0,374.0,0.0,19.16,23.34,0.0,0.0,WH_4,2.12,46.36,63,10964,SYNTHETIC / ASSUMED PARAMETERS,0,False,502.34,STABLE,False,1064.95
2024-01-05,P0016,S005,WH_5,SKU_23,20.903473,678.0,3.0,383.0,0.0,19.43,28.74,0.0,0.0,WH_5,2.51,93.33,52,7979,SYNTHETIC / ASSUMED PARAMETERS,0,False,657.1,STABLE,False,1649.31
2024-01-05,P0019,S004,WH_4,SKU_26,110.5509,576.0,14.0,331.0,0.0,8.71,13.65,0.0,0.0,WH_4,0.81,35.89,53,6838,SYNTHETIC / ASSUMED PARAMETERS,0,False,465.45,STABLE,False,377.01
2024-01-05,P0001,S001,WH_1,SKU_1,54.074883,495.0,14.0,379.0,0.0,13.95,20.48,0.0,0.0,WH_1,1.88,67.42,94,6673,SYNTHETIC / ASSUMED PARAMETERS,0,False,440.93,STABLE,False,828.94
2024-01-05,P0005,S002,WH_2,SKU_13,65.9816,394.0,11.0,350.0,0.0,17.04,21.69,0.0,0.0,WH_2,2.15,79.74,38,5796,SYNTHETIC / ASSUMED PARAMETERS,0,False,328.02,STABLE,False,705.24
2024-01-05,P0002,S002,WH_2,SKU_10,26.303772,430.0,10.0,310.0,0.0,13.83,22.36,0.0,0.0,WH_2,0.8,49.56,40,6844,SYNTHETIC / ASSUMED PARAMETERS,0,False,403.7,STABLE,False,322.96
2024-01-05,P0004,S002,WH_2,SKU_12,77.951385,604.0,6.0,370.0,0.0,19.03,23.02,0.0,0.0,WH_2,2.32,68.2,104,8597,SYNTHETIC / ASSUMED PARAMETERS,0,False,526.05,STABLE,False,1220.43
2024-01-05,P0009,S002,WH_2,SKU_17,70.3925,463.0,13.0,372.0,0.0,16.68,21.24,0.0,0.0,WH_2,1.17,53.18,81,8112,SYNTHETIC / ASSUMED PARAMETERS,0,False,392.61,STABLE,False,459.35
2024-01-05,P0015,S005,WH_5,SKU_22,81.430336,414.0,4.0,326.0,0.0,16.45,25.06,0.0,0.0,WH_5,2.1,76.56,84,10655,SYNTHETIC / ASSUMED PARAMETERS,0,False,332.57,STABLE,False,698.4
2024-01-05,P0018,S001,WH_1,SKU_25,102.414024,535.0,5.0,314.0,0.0,14.23,20.28,0.0,0.0,WH_1,0.9,46.65,78,5160,SYNTHETIC / ASSUMED PARAMETERS,0,False,432.59,STABLE,False,389.33
2024-01-05,P0005,S005,WH_5,SKU_13,84.75579,738.0,7.0,305.0,0.0,15.13,23.34,0.0,0.0,WH_5,0.88,49.29,48,10583,SYNTHETIC / ASSUMED PARAMETERS,0,False,653.24,STABLE,False,574.85
2024-01-05,P0005,S003,WH_3,SKU_13,35.015373,477.0,14.0,382.0,0.0,6.01,8.52,0.0,0.0,WH_3,0.87,30.72,112,6380,SYNTHETIC / ASSUMED PARAMETERS,0,False,441.98,STABLE,False,384.53
2024-01-05,P0015,S002,WH_2,SKU_22,122.36484,648.0,7.0,261.0,0.0,9.82,14.68,0.0,0.0,WH_2,1.21,42.78,60,5653,SYNTHETIC / ASSUMED PARAMETERS,0,False,525.64,STABLE,False,636.02
2024-01-05,P0009,S005,WH_5,SKU_17,75.00545,487.0,8.0,321.0,0.0,7.73,13.36,0.0,0.0,WH_5,0.58,50.99,60,7894,SYNTHETIC / ASSUMED PARAMETERS,0,False,411.99,STABLE,False,238.96
2024-01-05,P0008,S004,WH_4,SKU_16,42.785072,688.0,4.0,367.0,0.0,6.61,9.52,0.0,0.0,WH_4,0.87,40.21,59,5735,SYNTHETIC / ASSUMED PARAMETERS,0,False,645.21,STABLE,False,561.34
2024-01-05,P0020,S003,WH_3,SKU_27,167.1151,673.0,3.0,296.0,0.0,9.18,15.91,0.0,0.0,WH_3,1.13,62.45,32,6179,SYNTHETIC / ASSUMED PARAMETERS,0,False,505.88,STABLE,False,571.65
2024-01-05,P0008,S001,WH_1,SKU_16,69.551674,796.0,14.0,328.0,0.0,11.96,17.38,0.0,0.0,WH_1,1.64,39.73,88,10604,SYNTHETIC / ASSUMED PARAMETERS,0,False,726.45,STABLE,False,1191.38
2024-01-05,P0012,S001,WH_1,SKU_2,64.59421,892.0,13.0,228.0,0.0,19.76,35.1,0.0,0.0,WH_1,2.92,120.54,61,5736,SYNTHETIC / ASSUMED PARAMETERS,0,False,827.41,STABLE,False,2416.02
2024-01-05,P0003,S003,WH_3,SKU_11,72.29172,708.0,13.0,342.0,0.0,13.85,18.39,0.0,0.0,WH_3,1.16,58.36,96,10164,SYNTHETIC / ASSUMED PARAMETERS,0,False,635.71,STABLE,False,737.42
2024-01-05,P0007,S001,WH_1,SKU_15,81.39442,714.0,13.0,327.0,0.0,16.7,28.78,0.0,0.0,WH_1,2.21,100.17,53,6976,SYNTHETIC / ASSUMED PARAMETERS,0,False,632.61,STABLE,False,1398.06
2024-01-05,P0002,S001,WH_1,SKU_10,95.55752,745.0,13.0,361.0,0.0,12.67,18.73,0.0,0.0,WH_1,1.29,70.59,100,6990,SYNTHETIC / ASSUMED PARAMETERS,0,False,649.44,STABLE,False,837.78
2024-01-05,P0010,S005,WH_5,SKU_18,103.7626,422.0,13.0,394.0,0.0,13.35,21.48,0.0,0.0,WH_5,1.44,69.56,77,8261,SYNTHETIC / ASSUMED PARAMETERS,0,False,318.24,STABLE,False,458.26
2024-01-05,P0018,S005,WH_5,SKU_25,198.44894,488.0,7.0,311.0,0.0,8.45,14.29,0.0,0.0,WH_5,0.63,58.32,37,5926,SYNTHETIC / ASSUMED PARAMETERS,0,False,289.55,STABLE,False,182.42
2024-01-05,P0002,S004,WH_4,SKU_10,74.53615,712.0,14.0,328.0,0.0,19.02,24.9,1.0,0.0,WH_4,2.76,93.09,92,6565,SYNTHETIC / ASSUMED PARAMETERS,0,False,637.46,STABLE,False,1759.4
2024-01-05,P0004,S004,WH_4,SKU_12,80.218155,777.0,12.0,227.0,0.0,14.2,19.73,0.0,0.0,WH_4,1.6,43.96,33,7746,SYNTHETIC / ASSUMED PARAMETERS,0,False,696.78,STABLE,False,1114.85
2024-01-05,P0012,S002,WH_2,SKU_2,39.27357,820.0,8.0,377.0,0.0,16.77,22.06,0.0,0.0,WH_2,1.73,61.48,56,5161,SYNTHETIC / ASSUMED PARAMETERS,0,False,780.73,STABLE,False,1350.66
2024-01-05,P0006,S005,WH_5,SKU_14,80.451904,898.0,6.0,259.0,0.0,11.19,14.98,0.0,0.0,WH_5,0.92,37.97,55,10175,SYNTHETIC / ASSUMED PARAMETERS,0,False,817.55,STABLE,False,752.14
2024-01-05,P0017,S005,WH_5,SKU_24,40.54713,714.0,7.0,313.0,0.0,7.27,12.17,1.0,0.0,WH_5,0.56,44.06,66,10704,SYNTHETIC / ASSUMED PARAMETERS,0,False,673.45,STABLE,False,377.13
2024-01-05,P0003,S004,WH_4,SKU_11,58.71605,885.0,2.0,382.0,0.0,6.2,7.82,0.0,0.0,WH_4,0.5,33.95,90,5402,SYNTHETIC / ASSUMED PARAMETERS,0,False,826.28,STABLE,False,413.14
2024-01-05,P0014,S002,WH_2,SKU_21,47.502853,536.0,7.0,349.0,0.0,8.18,12.0,1.0,0.0,WH_2,1.13,36.82,79,8567,SYNTHETIC / ASSUMED PARAMETERS,0,False,488.5,STABLE,False,552.0
2024-01-05,P0013,S002,WH_2,SKU_20,75.007034,614.0,9.0,336.0,0.0,12.31,20.86,0.0,0.0,WH_2,1.41,50.99,90,10971,SYNTHETIC / ASSUMED PARAMETERS,0,False,538.99,STABLE,False,759.98
2024-01-05,P0011,S002,WH_2,SKU_19,110.08546,537.0,8.0,316.0,0.0,12.67,18.56,0.0,0.0,WH_2,1.58,55.58,37,4994,SYNTHETIC / ASSUMED PARAMETERS,0,False,426.91,STABLE,False,674.52
2024-01-05,P0014,S005,WH_5,SKU_21,47.785103,668.0,8.0,309.0,0.0,13.11,23.25,0.0,0.0,WH_5,1.81,58.89,87,5672,SYNTHETIC / ASSUMED PARAMETERS,0,False,620.21,STABLE,False,1122.59
2024-01-05,P0008,S002,WH_2,SKU_16,94.298706,408.0,11.0,327.0,0.0,19.0,26.16,0.0,0.0,WH_2,2.13,82.7,65,6031,SYNTHETIC / ASSUMED PARAMETERS,0,False,313.7,STABLE,False,668.18
2024-01-05,P0007,S005,WH_5,SKU_15,80.91036,559.0,14.0,279.0,0.0,15.48,21.47,0.0,0.0,WH_5,1.08,84.29,72,9525,SYNTHETIC / ASSUMED PARAMETERS,0,False,478.09,STABLE,False,516.34
2024-01-05,P0009,S004,WH_4,SKU_17,176.7807,414.0,5.0,341.0,0.0,8.62,10.66,0.0,0.0,WH_4,1.16,28.26,74,6506,SYNTHETIC / ASSUMED PARAMETERS,0,False,237.22,STABLE,False,275.17
2024-01-05,P0001,S002,WH_2,SKU_1,72.75476,764.0,8.0,322.0,0.0,11.46,19.92,0.0,0.0,WH_2,0.9,70.92,62,9416,SYNTHETIC / ASSUMED PARAMETERS,0,False,691.25,STABLE,False,622.12
2024-01-05,P0011,S001,WH_1,SKU_19,49.764824,413.0,8.0,287.0,0.0,12.4,18.41,0.0,0.0,WH_1,1.18,43.0,33,9186,SYNTHETIC / ASSUMED PARAMETERS,0,False,363.24,STABLE,False,428.62
2024-01-05,P0001,S005,WH_5,SKU_1,88.44618,565.0,4.0,366.0,0.0,19.41,23.81,0.0,0.0,WH_5,2.58,47.73,54,8279,SYNTHETIC / ASSUMED PARAMETERS,0,False,476.55,STABLE,False,1229.51
2024-01-05,P0006,S002,WH_2,SKU_14,149.6233,762.0,14.0,268.0,0.0,18.83,23.34,0.0,0.0,WH_2,2.51,66.61,39,5701,SYNTHETIC / ASSUMED PARAMETERS,0,False,612.38,STABLE,False,1537.07
2024-01-05,P0005,S001,WH_1,SKU_13,96.49548,783.0,9.0,246.0,0.0,19.52,24.09,0.0,0.0,WH_1,1.26,57.54,50,8981,SYNTHETIC / ASSUMED PARAMETERS,0,False,686.5,STABLE,False,865.0
2024-01-05,P0018,S002,WH_2,SKU_25,111.217255,421.0,3.0,352.0,0.0,5.07,6.95,0.0,0.0,WH_2,0.51,29.96,39,8258,SYNTHETIC / ASSUMED PARAMETERS,0,False,309.78,STABLE,False,157.99
2024-01-05,P0013,S003,WH_3,SKU_20,102.994,761.0,3.0,319.0,0.0,14.9,25.16,0.0,0.0,WH_3,1.3,53.63,94,9643,SYNTHETIC / ASSUMED PARAMETERS,0,False,658.01,STABLE,False,855.41
2024-01-05,P0018,S004,WH_4,SKU_25,47.67135,492.0,9.0,273.0,0.0,12.02,19.24,0.0,0.0,WH_4,1.67,68.75,82,5738,SYNTHETIC / ASSUMED PARAMETERS,0,False,444.33,STABLE,False,742.03
2024-01-05,P0010,S001,WH_1,SKU_18,49.349384,457.0,2.0,346.0,0.0,8.62,10.49,0.0,0.0,WH_1,0.92,38.21,43,7798,SYNTHETIC / ASSUMED PARAMETERS,0,False,407.65,STABLE,False,375.04
2024-01-05,P0017,S001,WH_1,SKU_24,38.661957,495.0,2.0,288.0,0.0,6.14,10.22,0.0,0.0,WH_1,0.75,31.15,47,6037,SYNTHETIC / ASSUMED PARAMETERS,0,False,456.34,STABLE,False,342.25
2024-01-05,P0001,S004,WH_4,SKU_1,68.23723,431.0,9.0,333.0,0.0,6.93,10.7,0.0,0.0,WH_4,1.02,32.51,60,7800,SYNTHETIC / ASSUMED PARAMETERS,0,False,362.76,STABLE,False,370.02
2024-01-05,P0017,S003,WH_3,SKU_24,28.053955,737.0,10.0,209.0,0.0,10.59,15.15,0.0,0.0,WH_3,1.43,56.19,52,9960,SYNTHETIC / ASSUMED PARAMETERS,0,False,708.95,STABLE,False,1013.79
2024-01-05,P0009,S003,WH_3,SKU_17,69.74399,611.0,3.0,339.0,0.0,16.8,28.54,0.0,0.0,WH_3,1.1,80.9,84,7273,SYNTHETIC / ASSUMED PARAMETERS,0,False,541.26,STABLE,False,595.38
2024-01-05,P0016,S004,WH_4,SKU_23,31.956879,803.0,14.0,236.0,0.0,15.4,18.69,0.0,0.0,WH_4,1.44,47.04,57,10538,SYNTHETIC / ASSUMED PARAMETERS,0,False,771.04,STABLE,False,1110.3
2024-01-05,P0013,S005,WH_5,SKU_20,106.243355,743.0,2.0,246.0,0.0,10.07,18.03,0.0,0.0,WH_5,0.8,71.16,65,5639,SYNTHETIC / ASSUMED PARAMETERS,0,False,636.76,STABLE,False,509.41
2024-01-05,P0009,S001,WH_1,SKU_17,104.205414,849.0,10.0,268.0,0.0,14.9,26.61,0.0,0.0,WH_1,1.04,53.46,53,5188,SYNTHETIC / ASSUMED PARAMETERS,0,False,744.79,STABLE,False,774.59
2024-01-05,P0016,S003,WH_3,SKU_23,61.814224,678.0,5.0,293.0,0.0,18.08,23.36,0.0,0.0,WH_3,2.55,64.6,72,10369,SYNTHETIC / ASSUMED PARAMETERS,0,False,616.19,STABLE,False,1571.27
2024-01-05,P0014,S003,WH_3,SKU_21,121.16539,865.0,10.0,283.0,0.0,5.75,8.47,1.0,0.0,WH_3,0.72,24.19,84,8334,SYNTHETIC / ASSUMED PARAMETERS,0,False,743.83,STABLE,False,535.56
2024-01-05,P0011,S003,WH_3,SKU_19,69.51174,712.0,4.0,295.0,0.0,14.17,23.01,0.0,0.0,WH_3,1.45,87.37,62,9399,SYNTHETIC / ASSUMED PARAMETERS,0,False,642.49,STABLE,False,931.61
2024-01-05,P0016,S002,WH_2,SKU_23,105.91812,628.0,12.0,312.0,0.0,6.68,11.81,0.0,0.0,WH_2,0.8,35.45,73,10338,SYNTHETIC / ASSUMED PARAMETERS,0,False,522.08,STABLE,False,417.67
2024-01-05,P0012,S003,WH_3,SKU_2,38.714165,823.0,10.0,319.0,0.0,5.02,7.82,0.0,0.0,WH_3,0.45,23.6,74,9396,SYNTHETIC / ASSUMED PARAMETERS,0,False,784.29,STABLE,False,352.93
2024-01-05,P0007,S002,WH_2,SKU_15,22.106653,838.0,8.0,386.0,0.0,11.37,14.92,1.0,0.0,WH_2,1.19,43.87,61,9277,SYNTHETIC / ASSUMED PARAMETERS,0,False,815.89,STABLE,False,970.91
2024-01-05,P0020,S002,WH_2,SKU_27,38.031403,815.0,4.0,223.0,0.0,16.3,21.54,0.0,0.0,WH_2,1.63,83.19,46,6479,SYNTHETIC / ASSUMED PARAMETERS,0,False,776.97,STABLE,False,1266.46
2024-01-05,P0010,S002,WH_2,SKU_18,108.3573,796.0,10.0,270.0,0.0,17.51,24.82,0.0,0.0,WH_2,1.18,54.17,54,10850,SYNTHETIC / ASSUMED PARAMETERS,0,False,687.64,STABLE,False,811.42
2024-01-05,P0010,S003,WH_3,SKU_18,104.247665,739.0,9.0,213.0,0.0,15.53,20.4,0.0,0.0,WH_3,2.28,65.06,40,7890,SYNTHETIC / ASSUMED PARAMETERS,0,False,634.75,STABLE,False,1447.24
2024-01-05,P0007,S004,WH_4,SKU_15,84.35755,605.0,5.0,224.0,0.0,13.52,23.32,0.0,0.0,WH_4,1.16,58.22,61,7785,SYNTHETIC / ASSUMED PARAMETERS,0,False,520.64,STABLE,False,603.95
2024-01-05,P0020,S004,WH_4,SKU_27,43.28347,879.0,14.0,289.0,0.0,13.84,20.65,0.0,0.0,WH_4,2.11,78.58,52,8263,SYNTHETIC / ASSUMED PARAMETERS,0,False,835.72,STABLE,False,1763.36
2024-01-05,P0014,S001,WH_1,SKU_21,100.74601,648.0,11.0,245.0,0.0,19.68,23.66,0.0,0.0,WH_1,2.7,52.3,38,5664,SYNTHETIC / ASSUMED PARAMETERS,0,False,547.25,STABLE,False,1477.59
2024-01-05,P0008,S005,WH_5,SKU_16,100.49417,405.0,2.0,394.0,0.0,13.23,20.46,0.0,0.0,WH_5,1.66,59.45,101,8221,SYNTHETIC / ASSUMED PARAMETERS,0,False,304.51,STABLE,False,505.48
2024-01-05,P0011,S005,WH_5,SKU_19,73.6619,544.0,7.0,281.0,0.0,15.87,25.1,0.0,0.0,WH_5,2.0,76.39,84,8102,SYNTHETIC / ASSUMED PARAMETERS,0,False,470.34,STABLE,False,940.68
2024-01-05,P0006,S003,WH_3,SKU_14,31.989166,596.0,3.0,283.0,0.0,5.88,9.37,0.0,0.0,WH_3,0.82,33.85,73,7722,SYNTHETIC / ASSUMED PARAMETERS,0,False,564.01,STABLE,False,462.49
2024-01-05,P0020,S001,WH_1,SKU_27,50.515385,631.0,2.0,389.0,0.0,5.89,7.48,0.0,0.0,WH_1,0.77,21.54,103,8847,SYNTHETIC / ASSUMED PARAMETERS,0,False,580.48,STABLE,False,446.97
2024-01-05,P0019,S003,WH_3,SKU_26,96.82453,751.0,14.0,222.0,0.0,7.66,9.43,0.0,0.0,WH_3,0.81,30.44,28,5399,SYNTHETIC / ASSUMED PARAMETERS,0,False,654.18,STABLE,False,529.88
2024-01-05,P0015,S003,WH_3,SKU_22,75.48822,622.0,4.0,211.0,0.0,18.38,32.58,0.0,0.0,WH_3,1.34,101.74,33,5385,SYNTHETIC / ASSUMED PARAMETERS,0,False,546.51,STABLE,False,732.33
2024-01-05,P0001,S003,WH_3,SKU_1,36.849304,435.0,6.0,314.0,0.0,6.06,8.41,0.0,0.0,WH_3,0.95,32.98,61,6038,SYNTHETIC / ASSUMED PARAMETERS,0,False,398.15,STABLE,False,378.24
2024-01-05,P0002,S005,WH_5,SKU_10,56.274715,437.0,9.0,246.0,0.0,9.67,15.35,0.0,0.0,WH_5,1.52,60.17,40,6308,SYNTHETIC / ASSUMED PARAMETERS,0,False,380.73,STABLE,False,578.7
2024-01-05,P0011,S004,WH_4,SKU_19,184.03896,567.0,4.0,352.0,0.0,5.41,7.4,1.0,0.0,WH_4,0.43,30.95,55,9647,SYNTHETIC / ASSUMED PARAMETERS,0,False,382.96,STABLE,False,164.67
2024-01-05,P0003,S002,WH_2,SKU_11,76.040215,876.0,4.0,230.0,0.0,17.93,29.29,0.0,0.0,WH_2,2.41,85.34,31,10194,SYNTHETIC / ASSUMED PARAMETERS,0,False,799.96,STABLE,False,1927.9
2024-01-05,P0019,S005,WH_5,SKU_26,42.586983,709.0,4.0,393.0,0.0,17.15,27.81,1.0,0.0,WH_5,2.55,59.97,91,8473,SYNTHETIC / ASSUMED PARAMETERS,0,False,666.41,STABLE,False,1699.35
2024-01-05,P0017,S002,WH_2,SKU_24,32.05526,739.0,5.0,365.0,0.0,19.69,29.64,0.0,0.0,WH_2,2.19,76.95,92,10380,SYNTHETIC / ASSUMED PARAMETERS,0,False,706.94,STABLE,False,1548.21
2024-01-05,P0006,S004,WH_4,SKU_14,80.03646,405.0,10.0,343.0,0.0,5.76,8.49,0.0,0.0,WH_4,0.78,37.66,58,8907,SYNTHETIC / ASSUMED PARAMETERS,0,False,324.96,STABLE,False,253.47
2024-01-05,P0016,S001,WH_1,SKU_23,71.166504,551.0,8.0,239.0,0.0,9.05,14.03,1.0,0.0,WH_1,0.76,35.69,32,4845,SYNTHETIC / ASSUMED PARAMETERS,0,False,479.83,STABLE,False,364.67
2024-01-05,P0020,S005,WH_5,SKU_27,34.438236,441.0,2.0,353.0,0.0,17.89,25.71,0.0,0.0,WH_5,1.71,74.7,103,6290,SYNTHETIC / ASSUMED PARAMETERS,0,False,406.56,STABLE,False,695.22
2024-01-05,P0017,S004,WH_4,SKU_24,184.36859,455.0,13.0,301.0,0.0,7.11,12.19,0.0,0.0,WH_4,1.05,31.77,79,5355,SYNTHETIC / ASSUMED PARAMETERS,0,False,270.63,STABLE,False,284.16
2024-01-05,P0005,S004,WH_4,SKU_13,147.39543,824.0,10.0,251.0,0.0,14.29,19.75,0.0,0.0,WH_4,0.97,79.01,68,10644,SYNTHETIC / ASSUMED PARAMETERS,0,False,676.6,STABLE,False,656.31
2024-01-05,P0012,S004,WH_4,SKU_2,56.838795,460.0,6.0,290.0,0.0,7.06,10.96,0.0,0.0,WH_4,1.1,40.69,80,10160,SYNTHETIC / ASSUMED PARAMETERS,0,False,403.16,STABLE,False,443.48
2024-01-05,P0003,S001,WH_1,SKU_11,123.15969,854.0,4.0,286.0,0.0,19.54,34.79,0.0,0.0,WH_1,2.75,93.77,81,6423,SYNTHETIC / ASSUMED PARAMETERS,0,False,730.84,STABLE,False,2009.81
2024-01-06,P0019,S004,WH_4,SKU_26,120.163536,547.0,14.0,331.0,0.0,8.71,13.65,0.0,0.0,WH_4,0.81,35.89,53,6838,SYNTHETIC / ASSUMED PARAMETERS,0,False,426.84,STABLE,False,345.74
2024-01-06,P0005,S002,WH_2,SKU_13,50.930542,379.0,11.0,350.0,0.0,17.04,21.69,0.0,0.0,WH_2,2.15,79.74,38,5796,SYNTHETIC / ASSUMED PARAMETERS,0,False,328.07,STABLE,False,705.35
2024-01-06,P0006,S003,WH_3,SKU_14,19.758387,575.0,3.0,283.0,0.0,5.88,9.37,0.0,0.0,WH_3,0.82,33.85,73,7722,SYNTHETIC / ASSUMED PARAMETERS,0,False,555.24,STABLE,False,455.3
2024-01-06,P0008,S003,WH_3,SKU_16,176.4838,469.0,6.0,336.0,0.0,12.08,18.52,0.0,0.0,WH_3,1.03,67.38,41,10278,SYNTHETIC / ASSUMED PARAMETERS,0,False,292.52,STABLE,False,301.29
2024-01-06,P0019,S002,WH_2,SKU_26,106.94037,758.0,5.0,273.0,0.0,8.5,11.16,0.0,0.0,WH_2,0.55,33.37,47,8606,SYNTHETIC / ASSUMED PARAMETERS,0,False,651.06,STABLE,False,358.08
2024-01-06,P0019,S003,WH_3,SKU_26,71.137924,725.0,14.0,222.0,0.0,7.66,9.43,1.0,0.0,WH_3,0.81,30.44,28,5399,SYNTHETIC / ASSUMED PARAMETERS,0,False,653.86,STABLE,False,529.63
2024-01-06,P0002,S002,WH_2,SKU_10,33.921124,414.0,10.0,310.0,0.0,13.83,22.36,0.0,0.0,WH_2,0.8,49.56,40,6844,SYNTHETIC / ASSUMED PARAMETERS,0,False,380.08,STABLE,False,304.06
2024-01-06,P0010,S005,WH_5,SKU_18,76.375534,408.0,13.0,394.0,0.0,13.35,21.48,0.0,0.0,WH_5,1.44,69.56,77,8261,SYNTHETIC / ASSUMED PARAMETERS,0,False,331.62,STABLE,False,477.54
2024-01-06,P0020,S003,WH_3,SKU_27,132.01825,647.0,3.0,296.0,0.0,9.18,15.91,0.0,0.0,WH_3,1.13,62.45,32,6179,SYNTHETIC / ASSUMED PARAMETERS,0,False,514.98,STABLE,False,581.93
2024-01-06,P0001,S005,WH_5,SKU_1,80.352036,542.0,4.0,366.0,0.0,19.41,23.81,0.0,0.0,WH_5,2.58,47.73,54,8279,SYNTHETIC / ASSUMED PARAMETERS,0,False,461.65,STABLE,False,1191.05
2024-01-06,P0012,S005,WH_5,SKU_2,34.480133,734.0,14.0,267.0,0.0,15.0,26.38,0.0,0.0,WH_5,1.72,57.23,63,7517,SYNTHETIC / ASSUMED PARAMETERS,0,False,699.52,STABLE,False,1203.17
2024-01-06,P0005,S004,WH_4,SKU_13,126.439445,801.0,10.0,251.0,0.0,14.29,19.75,0.0,0.0,WH_4,0.97,79.01,68,10644,SYNTHETIC / ASSUMED PARAMETERS,0,False,674.56,STABLE,False,654.32
2024-01-06,P0020,S005,WH_5,SKU_27,39.51368,423.0,2.0,353.0,0.0,17.89,25.71,0.0,0.0,WH_5,1.71,74.7,103,6290,SYNTHETIC / ASSUMED PARAMETERS,0,False,383.49,STABLE,False,655.76
2024-01-06,P0004,S002,WH_2,SKU_12,76.609856,583.0,6.0,370.0,0.0,19.03,23.02,0.0,0.0,WH_2,2.32,68.2,104,8597,SYNTHETIC / ASSUMED PARAMETERS,0,False,506.39,STABLE,False,1174.83
2024-01-06,P0002,S005,WH_5,SKU_10,49.77714,413.0,9.0,246.0,0.0,9.67,15.35,0.0,0.0,WH_5,1.52,60.17,40,6308,SYNTHETIC / ASSUMED PARAMETERS,0,False,363.22,STABLE,False,552.1
2024-01-06,P0006,S002,WH_2,SKU_14,95.005455,731.0,14.0,268.0,0.0,18.83,23.34,1.0,0.0,WH_2,2.51,66.61,39,5701,SYNTHETIC / ASSUMED PARAMETERS,0,False,635.99,STABLE,False,1596.35
2024-01-06,P0002,S004,WH_4,SKU_10,67.61427,686.0,14.0,328.0,0.0,19.02,24.9,0.0,0.0,WH_4,2.76,93.09,92,6565,SYNTHETIC / ASSUMED PARAMETERS,0,False,618.39,STABLE,False,1706.74
2024-01-06,P0007,S005,WH_5,SKU_15,76.891304,546.0,14.0,279.0,0.0,15.48,21.47,0.0,0.0,WH_5,1.08,84.29,72,9525,SYNTHETIC / ASSUMED PARAMETERS,0,False,469.11,STABLE,False,506.64
2024-01-06,P0012,S003,WH_3,SKU_2,34.83276,804.0,10.0,319.0,0.0,5.02,7.82,0.0,0.0,WH_3,0.45,23.6,74,9396,SYNTHETIC / ASSUMED PARAMETERS,0,False,769.17,STABLE,False,346.13
2024-01-06,P0015,S001,WH_1,SKU_22,25.011427,831.0,4.0,282.0,0.0,8.88,12.51,0.0,0.0,WH_1,0.94,51.81,47,10427,SYNTHETIC / ASSUMED PARAMETERS,0,False,805.99,STABLE,False,757.63
2024-01-06,P0008,S005,WH_5,SKU_16,78.83628,390.0,2.0,394.0,0.0,13.23,20.46,0.0,0.0,WH_5,1.66,59.45,101,8221,SYNTHETIC / ASSUMED PARAMETERS,4,True,315.16,STABLE,False,582.62
2024-01-06,P0009,S001,WH_1,SKU_17,139.90689,823.0,10.0,268.0,0.0,14.9,26.61,0.0,0.0,WH_1,1.04,53.46,53,5188,SYNTHETIC / ASSUMED PARAMETERS,0,False,683.09,STABLE,False,710.42
2024-01-06,P0005,S001,WH_1,SKU_13,86.26328,759.0,9.0,246.0,0.0,19.52,24.09,0.0,0.0,WH_1,1.26,57.54,50,8981,SYNTHETIC / ASSUMED PARAMETERS,0,False,672.74,STABLE,False,847.65
2024-01-06,P0007,S001,WH_1,SKU_15,68.23067,690.0,13.0,327.0,0.0,16.7,28.78,0.0,0.0,WH_1,2.21,100.17,53,6976,SYNTHETIC / ASSUMED PARAMETERS,0,False,621.77,STABLE,False,1374.11
2024-01-06,P0008,S001,WH_1,SKU_16,44.976315,774.0,14.0,328.0,0.0,11.96,17.38,0.0,0.0,WH_1,1.64,39.73,88,10604,SYNTHETIC / ASSUMED PARAMETERS,0,False,729.02,STABLE,False,1195.6
2024-01-06,P0013,S004,WH_4,SKU_20,75.76724,821.0,2.0,327.0,0.0,16.89,23.51,0.0,0.0,WH_4,1.33,49.52,45,10402,SYNTHETIC / ASSUMED PARAMETERS,0,False,745.23,STABLE,False,991.16
2024-01-06,P0017,S002,WH_2,SKU_24,25.157906,725.0,5.0,365.0,0.0,19.69,29.64,0.0,0.0,WH_2,2.19,76.95,92,10380,SYNTHETIC / ASSUMED PARAMETERS,0,False,699.84,STABLE,False,1532.65
2024-01-06,P0001,S003,WH_3,SKU_1,53.949894,415.0,6.0,314.0,0.0,6.06,8.41,0.0,0.0,WH_3,0.95,32.98,61,6038,SYNTHETIC / ASSUMED PARAMETERS,0,False,361.05,STABLE,False,343.0
2024-01-06,P0004,S004,WH_4,SKU_12,83.526985,741.0,12.0,227.0,0.0,14.2,19.73,1.0,0.0,WH_4,1.6,43.96,33,7746,SYNTHETIC / ASSUMED PARAMETERS,0,False,657.47,STABLE,False,1051.96
2024-01-06,P0003,S003,WH_3,SKU_11,64.519295,691.0,13.0,342.0,0.0,13.85,18.39,0.0,0.0,WH_3,1.16,58.36,96,10164,SYNTHETIC / ASSUMED PARAMETERS,0,False,626.48,STABLE,False,726.72
2024-01-06,P0018,S004,WH_4,SKU_25,30.821083,466.0,9.0,273.0,0.0,12.02,19.24,0.0,0.0,WH_4,1.67,68.75,82,5738,SYNTHETIC / ASSUMED PARAMETERS,0,False,435.18,STABLE,False,726.75
2024-01-06,P0020,S004,WH_4,SKU_27,46.092896,857.0,14.0,289.0,0.0,13.84,20.65,0.0,0.0,WH_4,2.11,78.58,52,8263,SYNTHETIC / ASSUMED PARAMETERS,0,False,810.91,STABLE,False,1711.01
2024-01-06,P0016,S005,WH_5,SKU_23,25.025633,652.0,3.0,383.0,0.0,19.43,28.74,0.0,0.0,WH_5,2.51,93.33,52,7979,SYNTHETIC / ASSUMED PARAMETERS,0,False,626.97,STABLE,False,1573.71
2024-01-06,P0009,S003,WH_3,SKU_17,72.10616,589.0,3.0,339.0,0.0,16.8,28.54,0.0,0.0,WH_3,1.1,80.9,84,7273,SYNTHETIC / ASSUMED PARAMETERS,0,False,516.89,STABLE,False,568.58
2024-01-06,P0014,S005,WH_5,SKU_21,31.557163,654.0,8.0,309.0,0.0,13.11,23.25,0.0,0.0,WH_5,1.81,58.89,87,5672,SYNTHETIC / ASSUMED PARAMETERS,0,False,622.44,STABLE,False,1126.62
2024-01-06,P0010,S003,WH_3,SKU_18,85.70865,721.0,9.0,213.0,0.0,15.53,20.4,1.0,0.0,WH_3,2.28,65.06,40,7890,SYNTHETIC / ASSUMED PARAMETERS,0,False,635.29,STABLE,False,1448.46
2024-01-06,P0007,S002,WH_2,SKU_15,34.612778,814.0,8.0,386.0,0.0,11.37,14.92,1.0,0.0,WH_2,1.19,43.87,61,9277,SYNTHETIC / ASSUMED PARAMETERS,0,False,779.39,STABLE,False,927.47
2024-01-06,P0018,S002,WH_2,SKU_25,119.091995,408.0,3.0,352.0,0.0,5.07,6.95,0.0,0.0,WH_2,0.51,29.96,39,8258,SYNTHETIC / ASSUMED PARAMETERS,0,False,288.91,STABLE,False,147.34
2024-01-06,P0003,S002,WH_2,SKU_11,80.5164,859.0,4.0,230.0,0.0,17.93,29.29,0.0,0.0,WH_2,2.41,85.34,31,10194,SYNTHETIC / ASSUMED PARAMETERS,0,False,778.48,STABLE,False,1876.15
2024-01-06,P0002,S003,WH_3,SKU_10,76.57688,657.0,5.0,218.0,0.0,13.68,17.87,0.0,0.0,WH_3,1.74,42.93,55,5968,SYNTHETIC / ASSUMED PARAMETERS,0,False,580.42,STABLE,False,1009.94
2024-01-06,P0007,S003,WH_3,SKU_15,65.50888,691.0,7.0,265.0,0.0,6.24,9.99,0.0,0.0,WH_3,0.69,40.25,72,9290,SYNTHETIC / ASSUMED PARAMETERS,0,False,625.49,STABLE,False,431.59
2024-01-06,P0006,S001,WH_1,SKU_14,27.75041,396.0,11.0,265.0,0.0,8.21,11.1,0.0,0.0,WH_1,1.31,43.21,69,6246,SYNTHETIC / ASSUMED PARAMETERS,0,False,368.25,STABLE,False,482.41
2024-01-06,P0019,S005,WH_5,SKU_26,36.883865,693.0,4.0,393.0,0.0,17.15,27.81,0.0,0.0,WH_5,2.55,59.97,91,8473,SYNTHETIC / ASSUMED PARAMETERS,0,False,656.12,STABLE,False,1673.1
2024-01-06,P0006,S005,WH_5,SKU_14,75.0802,875.0,6.0,259.0,0.0,11.19,14.98,0.0,0.0,WH_5,0.92,37.97,55,10175,SYNTHETIC / ASSUMED PARAMETERS,0,False,799.92,STABLE,False,735.93
2024-01-06,P0003,S004,WH_4,SKU_11,46.457085,872.0,2.0,382.0,0.0,6.2,7.82,0.0,0.0,WH_4,0.5,33.95,90,5402,SYNTHETIC / ASSUMED PARAMETERS,0,False,825.54,STABLE,False,412.77
2024-01-06,P0001,S002,WH_2,SKU_1,91.76541,744.0,8.0,322.0,0.0,11.46,19.92,0.0,0.0,WH_2,0.9,70.92,62,9416,SYNTHETIC / ASSUMED PARAMETERS,0,False,652.23,STABLE,False,587.01
2024-01-06,P0020,S002,WH_2,SKU_27,44.18002,787.0,4.0,223.0,0.0,16.3,21.54,1.0,0.0,WH_2,1.63,83.19,46,6479,SYNTHETIC / ASSUMED PARAMETERS,0,False,742.82,STABLE,False,1210.8
2024-01-06,P0013,S005,WH_5,SKU_20,76.95106,711.0,2.0,246.0,0.0,10.07,18.03,1.0,0.0,WH_5,0.8,71.16,65,5639,SYNTHETIC / ASSUMED PARAMETERS,0,False,634.05,STABLE,False,507.24
2024-01-06,P0001,S004,WH_4,SKU_1,94.41876,400.0,9.0,333.0,0.0,6.93,10.7,0.0,0.0,WH_4,1.02,32.51,60,7800,SYNTHETIC / ASSUMED PARAMETERS,0,False,305.58,STABLE,False,311.69
2024-01-06,P0006,S004,WH_4,SKU_14,84.3279,390.0,10.0,343.0,0.0,5.76,8.49,0.0,0.0,WH_4,0.78,37.66,58,8907,SYNTHETIC / ASSUMED PARAMETERS,0,False,305.67,STABLE,False,238.42
2024-01-06,P0011,S003,WH_3,SKU_19,74.18206,689.0,4.0,295.0,0.0,14.17,23.01,0.0,0.0,WH_3,1.45,87.37,62,9399,SYNTHETIC / ASSUMED PARAMETERS,0,False,614.82,STABLE,False,891.49
2024-01-06,P0008,S002,WH_2,SKU_16,64.8122,389.0,11.0,327.0,0.0,19.0,26.16,0.0,0.0,WH_2,2.13,82.7,65,6031,SYNTHETIC / ASSUMED PARAMETERS,0,False,324.19,STABLE,False,690.52
2024-01-06,P0017,S005,WH_5,SKU_24,27.913668,694.0,7.0,313.0,0.0,7.27,12.17,0.0,0.0,WH_5,0.56,44.06,66,10704,SYNTHETIC / ASSUMED PARAMETERS,0,False,666.09,STABLE,False,373.01
2024-01-06,P0020,S001,WH_1,SKU_27,35.238277,610.0,2.0,389.0,0.0,5.89,7.48,0.0,0.0,WH_1,0.77,21.54,103,8847,SYNTHETIC / ASSUMED PARAMETERS,0,False,574.76,STABLE,False,442.57
2024-01-06,P0011,S002,WH_2,SKU_19,101.81258,519.0,8.0,316.0,0.0,12.67,18.56,0.0,0.0,WH_2,1.58,55.58,37,4994,SYNTHETIC / ASSUMED PARAMETERS,0,False,417.19,STABLE,False,659.16
2024-01-06,P0015,S002,WH_2,SKU_22,56.60041,622.0,7.0,261.0,0.0,9.82,14.68,0.0,0.0,WH_2,1.21,42.78,60,5653,SYNTHETIC / ASSUMED PARAMETERS,0,False,565.4,STABLE,False,684.13
2024-01-06,P0013,S001,WH_1,SKU_20,29.303143,430.0,9.0,295.0,0.0,9.55,16.05,0.0,0.0,WH_1,1.19,44.04,33,5191,SYNTHETIC / ASSUMED PARAMETERS,0,False,400.7,STABLE,False,476.83
2024-01-06,P0019,S001,WH_1,SKU_26,29.992588,759.0,2.0,335.0,0.0,18.22,23.67,0.0,0.0,WH_1,2.52,50.97,34,5684,SYNTHETIC / ASSUMED PARAMETERS,0,False,729.01,STABLE,False,1837.1
2024-01-06,P0011,S004,WH_4,SKU_19,179.14532,546.0,4.0,352.0,0.0,5.41,7.4,0.0,0.0,WH_4,0.43,30.95,55,9647,SYNTHETIC / ASSUMED PARAMETERS,0,False,366.85,STABLE,False,157.75
2024-01-06,P0018,S001,WH_1,SKU_25,73.94751,517.0,5.0,314.0,0.0,14.23,20.28,0.0,0.0,WH_1,0.9,46.65,78,5160,SYNTHETIC / ASSUMED PARAMETERS,0,False,443.05,STABLE,False,398.75
2024-01-06,P0010,S002,WH_2,SKU_18,84.35752,782.0,10.0,270.0,0.0,17.51,24.82,0.0,0.0,WH_2,1.18,54.17,54,10850,SYNTHETIC / ASSUMED PARAMETERS,0,False,697.64,STABLE,False,823.22
2024-01-06,P0009,S004,WH_4,SKU_17,198.64432,404.0,5.0,341.0,0.0,8.62,10.66,0.0,0.0,WH_4,1.16,28.26,74,6506,SYNTHETIC / ASSUMED PARAMETERS,0,False,205.36,STABLE,False,238.21
2024-01-06,P0008,S004,WH_4,SKU_16,32.17112,680.0,4.0,367.0,0.0,6.61,9.52,0.0,0.0,WH_4,0.87,40.21,59,5735,SYNTHETIC / ASSUMED PARAMETERS,0,False,647.83,STABLE,False,563.61
2024-01-06,P0012,S004,WH_4,SKU_2,55.994278,444.0,6.0,290.0,0.0,7.06,10.96,0.0,0.0,WH_4,1.1,40.69,80,10160,SYNTHETIC / ASSUMED PARAMETERS,0,False,388.01,STABLE,False,426.81
2024-01-06,P0018,S003,WH_3,SKU_25,32.115513,726.0,7.0,232.0,0.0,6.51,8.04,0.0,0.0,WH_3,0.89,32.85,39,9598,SYNTHETIC / ASSUMED PARAMETERS,0,False,693.88,STABLE,False,617.56
2024-01-06,P0010,S001,WH_1,SKU_18,30.486296,431.0,2.0,346.0,0.0,8.62,10.49,0.0,0.0,WH_1,0.92,38.21,43,7798,SYNTHETIC / ASSUMED PARAMETERS,0,False,400.51,STABLE,False,368.47
2024-01-06,P0003,S001,WH_1,SKU_11,149.7993,836.0,4.0,286.0,0.0,19.54,34.79,0.0,0.0,WH_1,2.75,93.77,81,6423,SYNTHETIC / ASSUMED PARAMETERS,0,False,686.2,STABLE,False,1887.05
2024-01-06,P0005,S003,WH_3,SKU_13,27.643412,457.0,14.0,382.0,0.0,6.01,8.52,0.0,0.0,WH_3,0.87,30.72,112,6380,SYNTHETIC / ASSUMED PARAMETERS,0,False,429.36,STABLE,False,373.54
2024-01-06,P0017,S004,WH_4,SKU_24,117.054276,438.0,13.0,301.0,0.0,7.11,12.19,0.0,0.0,WH_4,1.05,31.77,79,5355,SYNTHETIC / ASSUMED PARAMETERS,0,False,320.95,STABLE,False,336.99
2024-01-06,P0018,S005,WH_5,SKU_25,140.33061,468.0,7.0,311.0,0.0,8.45,14.29,0.0,0.0,WH_5,0.63,58.32,37,5926,SYNTHETIC / ASSUMED PARAMETERS,0,False,327.67,STABLE,False,206.43
2024-01-06,P0005,S005,WH_5,SKU_13,64.257935,728.0,7.0,305.0,0.0,15.13,23.34,0.0,0.0,WH_5,0.88,49.29,48,10583,SYNTHETIC / ASSUMED PARAMETERS,0,False,663.74,STABLE,False,584.09
2024-01-06,P0003,S005,WH_5,SKU_11,39.345337,868.0,3.0,349.0,0.0,18.92,31.99,0.0,0.0,WH_5,1.99,103.38,46,6507,SYNTHETIC / ASSUMED PARAMETERS,0,False,828.65,STABLE,False,1649.02
2024-01-06,P0015,S003,WH_3,SKU_22,63.771084,600.0,4.0,211.0,0.0,18.38,32.58,0.0,0.0,WH_3,1.34,101.74,33,5385,SYNTHETIC / ASSUMED PARAMETERS,0,False,536.23,STABLE,False,718.55
2024-01-06,P0017,S003,WH_3,SKU_24,32.04423,725.0,10.0,209.0,0.0,10.59,15.15,0.0,0.0,WH_3,1.43,56.19,52,9960,SYNTHETIC / ASSUMED PARAMETERS,0,False,692.96,STABLE,False,990.93
2024-01-06,P0013,S003,WH_3,SKU_20,80.18376,740.0,3.0,319.0,0.0,14.9,25.16,0.0,0.0,WH_3,1.3,53.63,94,9643,SYNTHETIC / ASSUMED PARAMETERS,0,False,659.82,STABLE,False,857.76
2024-01-06,P0016,S001,WH_1,SKU_23,71.63601,522.0,8.0,239.0,0.0,9.05,14.03,0.0,0.0,WH_1,0.76,35.69,32,4845,SYNTHETIC / ASSUMED PARAMETERS,0,False,450.36,STABLE,False,342.28
2024-01-06,P0015,S005,WH_5,SKU_22,67.06262,398.0,4.0,326.0,0.0,16.45,25.06,0.0,0.0,WH_5,2.1,76.56,84,10655,SYNTHETIC / ASSUMED PARAMETERS,0,False,330.94,STABLE,False,694.97
2024-01-06,P0009,S005,WH_5,SKU_17,96.5529,461.0,8.0,321.0,0.0,7.73,13.36,0.0,0.0,WH_5,0.58,50.99,60,7894,SYNTHETIC / ASSUMED PARAMETERS,0,False,364.45,STABLE,False,211.38
2024-01-06,P0004,S001,WH_1,SKU_12,36.85278,849.0,5.0,299.0,0.0,5.36,7.17,0.0,0.0,WH_1,0.74,24.31,60,7801,SYNTHETIC / ASSUMED PARAMETERS,0,False,812.15,STABLE,False,600.99
2024-01-06,P0010,S004,WH_4,SKU_18,80.23802,464.0,6.0,250.0,0.0,5.35,9.51,0.0,0.0,WH_4,0.78,43.27,45,6602,SYNTHETIC / ASSUMED PARAMETERS,0,False,383.76,STABLE,False,299.33
2024-01-06,P0004,S003,WH_3,SKU_12,80.00558,656.0,6.0,234.0,0.0,10.01,13.38,0.0,0.0,WH_3,1.57,45.39,57,10301,SYNTHETIC / ASSUMED PARAMETERS,0,False,575.99,STABLE,False,904.31
2024-01-06,P0001,S001,WH_1,SKU_1,59.27099,477.0,14.0,379.0,0.0,13.95,20.48,0.0,0.0,WH_1,1.88,67.42,94,6673,SYNTHETIC / ASSUMED PARAMETERS,0,False,417.73,STABLE,False,785.33
2024-01-06,P0016,S002,WH_2,SKU_23,112.51843,612.0,12.0,312.0,0.0,6.68,11.81,0.0,0.0,WH_2,0.8,35.45,73,10338,SYNTHETIC / ASSUMED PARAMETERS,0,False,499.48,STABLE,False,399.59
2024-01-06,P0014,S004,WH_4,SKU_21,47.608692,522.0,8.0,379.0,0.0,12.65,20.04,0.0,0.0,WH_4,0.78,76.01,44,11017,SYNTHETIC / ASSUMED PARAMETERS,0,False,474.39,STABLE,False,370.03
2024-01-06,P0014,S001,WH_1,SKU_21,68.5206,624.0,11.0,245.0,0.0,19.68,23.66,0.0,0.0,WH_1,2.7,52.3,38,5664,SYNTHETIC / ASSUMED PARAMETERS,0,False,555.48,STABLE,False,1499.79
2024-01-06,P0014,S002,WH_2,SKU_21,44.649822,516.0,7.0,349.0,0.0,8.18,12.0,0.0,0.0,WH_2,1.13,36.82,79,8567,SYNTHETIC / ASSUMED PARAMETERS,0,False,471.35,STABLE,False,532.63
2024-01-06,P0009,S002,WH_2,SKU_17,86.216736,455.0,13.0,372.0,0.0,16.68,21.24,0.0,0.0,WH_2,1.17,53.18,81,8112,SYNTHETIC / ASSUMED PARAMETERS,0,False,368.78,STABLE,False,431.48
2024-01-06,P0004,S005,WH_5,SKU_12,77.31771,639.0,6.0,349.0,0.0,10.21,15.8,0.0,0.0,WH_5,0.76,39.17,96,5993,SYNTHETIC / ASSUMED PARAMETERS,0,False,561.68,STABLE,False,426.88
2024-01-06,P0011,S005,WH_5,SKU_19,50.885494,531.0,7.0,281.0,0.0,15.87,25.1,0.0,0.0,WH_5,2.0,76.39,84,8102,SYNTHETIC / ASSUMED PARAMETERS,0,False,480.11,STABLE,False,960.23
2024-01-06,P0011,S001,WH_1,SKU_19,41.587414,391.0,8.0,287.0,0.0,12.4,18.41,0.0,0.0,WH_1,1.18,43.0,33,9186,SYNTHETIC / ASSUMED PARAMETERS,0,False,349.41,STABLE,False,412.31
2024-01-06,P0015,S004,WH_4,SKU_22,36.306328,511.0,11.0,374.0,0.0,19.16,23.34,0.0,0.0,WH_4,2.12,46.36,63,10964,SYNTHETIC / ASSUMED PARAMETERS,0,False,474.69,STABLE,False,1006.35
2024-01-06,P0016,S003,WH_3,SKU_23,58.920425,654.0,5.0,293.0,0.0,18.08,23.36,0.0,0.0,WH_3,2.55,64.6,72,10369,SYNTHETIC / ASSUMED PARAMETERS,0,False,595.08,STABLE,False,1517.45
2024-01-06,P0013,S002,WH_2,SKU_20,72.48423,591.0,9.0,336.0,0.0,12.31,20.86,0.0,0.0,WH_2,1.41,50.99,90,10971,SYNTHETIC / ASSUMED PARAMETERS,0,False,518.52,STABLE,False,731.11
2024-01-06,P0012,S001,WH_1,SKU_2,84.062836,872.0,13.0,228.0,0.0,19.76,35.1,0.0,0.0,WH_1,2.92,120.54,61,5736,SYNTHETIC / ASSUMED PARAMETERS,0,False,787.94,STABLE,False,2300.78
2024-01-06,P0016,S004,WH_4,SKU_23,33.433697,782.0,14.0,236.0,0.0,15.4,18.69,0.0,0.0,WH_4,1.44,47.04,57,10538,SYNTHETIC / ASSUMED PARAMETERS,0,False,748.57,STABLE,False,1077.94
2024-01-06,P0017,S001,WH_1,SKU_24,24.891663,477.0,2.0,288.0,0.0,6.14,10.22,0.0,0.0,WH_1,0.75,31.15,47,6037,SYNTHETIC / ASSUMED PARAMETERS,0,False,452.11,STABLE,False,339.08
2024-01-06,P0012,S002,WH_2,SKU_2,46.725643,796.0,8.0,377.0,0.0,16.77,22.06,0.0,0.0,WH_2,1.73,61.48,56,5161,SYNTHETIC / ASSUMED PARAMETERS,0,False,749.27,STABLE,False,1296.24
2024-01-06,P0014,S003,WH_3,SKU_21,64.23047,849.0,10.0,283.0,0.0,5.75,8.47,0.0,0.0,WH_3,0.72,24.19,84,8334,SYNTHETIC / ASSUMED PARAMETERS,0,False,784.77,STABLE,False,565.03
2024-01-06,P0007,S004,WH_4,SKU_15,86.20962,588.0,5.0,224.0,0.0,13.52,23.32,0.0,0.0,WH_4,1.16,58.22,61,7785,SYNTHETIC / ASSUMED PARAMETERS,0,False,501.79,STABLE,False,582.08
2024-01-06,P0002,S001,WH_1,SKU_10,153.4991,725.0,13.0,361.0,0.0,12.67,18.73,0.0,0.0,WH_1,1.29,70.59,100,6990,SYNTHETIC / ASSUMED PARAMETERS,0,False,571.5,STABLE,False,737.24
2024-01-07,P0001,S002,WH_2,SKU_1,75.57272,726.0,8.0,322.0,0.0,11.46,19.92,0.0,0.0,WH_2,0.9,70.92,62,9416,SYNTHETIC / ASSUMED PARAMETERS,0,False,650.43,STABLE,False,585.38
2024-01-07,P0011,S002,WH_2,SKU_19,97.67762,490.0,8.0,316.0,0.0,12.67,18.56,0.0,0.0,WH_2,1.58,55.58,37,4994,SYNTHETIC / ASSUMED PARAMETERS,0,False,392.32,STABLE,False,619.87
2024-01-07,P0020,S001,WH_1,SKU_27,25.956682,586.0,2.0,389.0,0.0,5.89,7.48,0.0,0.0,WH_1,0.77,21.54,103,8847,SYNTHETIC / ASSUMED PARAMETERS,0,False,560.04,STABLE,False,431.23
2024-01-07,P0019,S003,WH_3,SKU_26,67.85034,704.0,14.0,222.0,0.0,7.66,9.43,0.0,0.0,WH_3,0.81,30.44,28,5399,SYNTHETIC / ASSUMED PARAMETERS,0,False,636.15,STABLE,False,515.28
2024-01-07,P0004,S004,WH_4,SKU_12,75.22836,716.0,12.0,227.0,0.0,14.2,19.73,0.0,0.0,WH_4,1.6,43.96,33,7746,SYNTHETIC / ASSUMED PARAMETERS,0,False,640.77,STABLE,False,1025.23
2024-01-07,P0002,S004,WH_4,SKU_10,84.03635,672.0,14.0,328.0,0.0,19.02,24.9,0.0,0.0,WH_4,2.76,93.09,92,6565,SYNTHETIC / ASSUMED PARAMETERS,0,False,587.96,STABLE,False,1622.78
2024-01-07,P0011,S005,WH_5,SKU_19,40.224743,516.0,7.0,281.0,0.0,15.87,25.1,0.0,0.0,WH_5,2.0,76.39,84,8102,SYNTHETIC / ASSUMED PARAMETERS,0,False,475.78,STABLE,False,951.55
2024-01-07,P0013,S005,WH_5,SKU_20,76.43759,685.0,2.0,246.0,0.0,10.07,18.03,0.0,0.0,WH_5,0.8,71.16,65,5639,SYNTHETIC / ASSUMED PARAMETERS,0,False,608.56,STABLE,False,486.85
2024-01-07,P0016,S002,WH_2,SKU_23,152.57295,596.0,12.0,312.0,0.0,6.68,11.81,0.0,0.0,WH_2,0.8,35.45,73,10338,SYNTHETIC / ASSUMED PARAMETERS,0,False,443.43,STABLE,False,354.74
2024-01-07,P0016,S003,WH_3,SKU_23,62.24084,624.0,5.0,293.0,0.0,18.08,23.36,0.0,0.0,WH_3,2.55,64.6,72,10369,SYNTHETIC / ASSUMED PARAMETERS,0,False,561.76,STABLE,False,1432.49
2024-01-07,P0008,S002,WH_2,SKU_16,85.396416,362.0,11.0,327.0,0.0,19.0,26.16,0.0,0.0,WH_2,2.13,82.7,65,6031,SYNTHETIC / ASSUMED PARAMETERS,0,False,276.6,STABLE,False,589.17
2024-01-07,P0006,S004,WH_4,SKU_14,73.31098,369.0,10.0,343.0,0.0,5.76,8.49,0.0,0.0,WH_4,0.78,37.66,58,8907,SYNTHETIC / ASSUMED PARAMETERS,0,False,295.69,STABLE,False,230.64
2024-01-07,P0017,S001,WH_1,SKU_24,25.695477,449.0,2.0,288.0,0.0,6.14,10.22,1.0,0.0,WH_1,0.75,31.15,47,6037,SYNTHETIC / ASSUMED PARAMETERS,0,False,423.3,STABLE,False,317.48
2024-01-07,P0009,S005,WH_5,SKU_17,60.037846,451.0,8.0,321.0,0.0,7.73,13.36,0.0,0.0,WH_5,0.58,50.99,60,7894,SYNTHETIC / ASSUMED PARAMETERS,0,False,390.96,STABLE,False,226.76
2024-01-07,P0002,S003,WH_3,SKU_10,93.03043,649.0,5.0,218.0,0.0,13.68,17.87,0.0,0.0,WH_3,1.74,42.93,55,5968,SYNTHETIC / ASSUMED PARAMETERS,0,False,555.97,STABLE,False,967.39
2024-01-07,P0012,S005,WH_5,SKU_2,43.07162,720.0,14.0,267.0,0.0,15.0,26.38,0.0,0.0,WH_5,1.72,57.23,63,7517,SYNTHETIC / ASSUMED PARAMETERS,0,False,676.93,STABLE,False,1164.32
2024-01-07,P0015,S005,WH_5,SKU_22,90.284966,378.0,4.0,326.0,0.0,16.45,25.06,0.0,0.0,WH_5,2.1,76.56,84,10655,SYNTHETIC / ASSUMED PARAMETERS,0,False,287.72,STABLE,False,604.2
2024-01-07,P0019,S005,WH_5,SKU_26,38.057846,669.0,4.0,393.0,0.0,17.15,27.81,0.0,0.0,WH_5,2.55,59.97,91,8473,SYNTHETIC / ASSUMED PARAMETERS,0,False,630.94,STABLE,False,1608.9
2024-01-07,P0013,S001,WH_1,SKU_20,37.302235,416.0,9.0,295.0,0.0,9.55,16.05,0.0,0.0,WH_1,1.19,44.04,33,5191,SYNTHETIC / ASSUMED PARAMETERS,0,False,378.7,STABLE,False,450.65
2024-01-07,P0010,S002,WH_2,SKU_18,167.8936,765.0,10.0,270.0,0.0,17.51,24.82,0.0,0.0,WH_2,1.18,54.17,54,10850,SYNTHETIC / ASSUMED PARAMETERS,0,False,597.11,STABLE,False,704.59
2024-01-07,P0019,S004,WH_4,SKU_26,150.9447,521.0,14.0,331.0,0.0,8.71,13.65,1.0,0.0,WH_4,0.81,35.89,53,6838,SYNTHETIC / ASSUMED PARAMETERS,0,False,370.06,STABLE,False,299.74
2024-01-07,P0013,S003,WH_3,SKU_20,99.290215,726.0,3.0,319.0,0.0,14.9,25.16,0.0,0.0,WH_3,1.3,53.63,94,9643,SYNTHETIC / ASSUMED PARAMETERS,0,False,626.71,STABLE,False,814.72
2024-01-07,P0003,S003,WH_3,SKU_11,52.458584,671.0,13.0,342.0,0.0,13.85,18.39,0.0,0.0,WH_3,1.16,58.36,96,10164,SYNTHETIC / ASSUMED PARAMETERS,0,False,618.54,STABLE,False,717.51
2024-01-07,P0009,S001,WH_1,SKU_17,132.1753,792.0,10.0,268.0,0.0,14.9,26.61,0.0,0.0,WH_1,1.04,53.46,53,5188,SYNTHETIC / ASSUMED PARAMETERS,0,False,659.82,STABLE,False,686.22
2024-01-07,P0002,S002,WH_2,SKU_10,43.248898,395.0,10.0,310.0,0.0,13.83,22.36,0.0,0.0,WH_2,0.8,49.56,40,6844,SYNTHETIC / ASSUMED PARAMETERS,0,False,351.75,STABLE,False,281.4
2024-01-07,P0017,S004,WH_4,SKU_24,115.99925,425.0,13.0,301.0,0.0,7.11,12.19,0.0,0.0,WH_4,1.05,31.77,79,5355,SYNTHETIC / ASSUMED PARAMETERS,0,False,309.0,STABLE,False,324.45
2024-01-07,P0011,S001,WH_1,SKU_19,27.76381,366.0,8.0,287.0,0.0,12.4,18.41,0.0,0.0,WH_1,1.18,43.0,33,9186,SYNTHETIC / ASSUMED PARAMETERS,0,False,338.24,STABLE,False,399.12
2024-01-07,P0004,S002,WH_2,SKU_12,81.767365,558.0,6.0,370.0,0.0,19.03,23.02,0.0,0.0,WH_2,2.32,68.2,104,8597,SYNTHETIC / ASSUMED PARAMETERS,0,False,476.23,STABLE,False,1104.86
2024-01-07,P0009,S003,WH_3,SKU_17,52.84932,564.0,3.0,339.0,0.0,16.8,28.54,0.0,0.0,WH_3,1.1,80.9,84,7273,SYNTHETIC / ASSUMED PARAMETERS,0,False,511.15,STABLE,False,562.27
2024-01-07,P0011,S003,WH_3,SKU_19,55.931984,676.0,4.0,295.0,0.0,14.17,23.01,0.0,0.0,WH_3,1.45,87.37,62,9399,SYNTHETIC / ASSUMED PARAMETERS,0,False,620.07,STABLE,False,899.1
2024-01-07,P0018,S002,WH_2,SKU_25,115.60273,392.0,3.0,352.0,0.0,5.07,6.95,0.0,0.0,WH_2,0.51,29.96,39,8258,SYNTHETIC / ASSUMED PARAMETERS,0,False,276.4,STABLE,False,140.96
2024-01-07,P0012,S002,WH_2,SKU_2,65.63414,783.0,8.0,377.0,0.0,16.77,22.06,0.0,0.0,WH_2,1.73,61.48,56,5161,SYNTHETIC / ASSUMED PARAMETERS,0,False,717.37,STABLE,False,1241.04
2024-01-07,P0003,S001,WH_1,SKU_11,105.47816,821.0,4.0,286.0,0.0,19.54,34.79,0.0,0.0,WH_1,2.75,93.77,81,6423,SYNTHETIC / ASSUMED PARAMETERS,0,False,715.52,STABLE,False,1967.69
2024-01-07,P0008,S005,WH_5,SKU_16,71.0794,780.0,2.0,394.0,406.0,13.23,20.46,0.0,0.0,WH_5,1.66,59.45,101,8221,SYNTHETIC / ASSUMED PARAMETERS,0,False,708.92,STABLE,False,1176.81
2024-01-07,P0004,S001,WH_1,SKU_12,42.165085,820.0,5.0,299.0,0.0,5.36,7.17,0.0,0.0,WH_1,0.74,24.31,60,7801,SYNTHETIC / ASSUMED PARAMETERS,0,False,777.83,STABLE,False,575.6
2024-01-07,P0005,S004,WH_4,SKU_13,115.45267,783.0,10.0,251.0,0.0,14.29,19.75,0.0,0.0,WH_4,0.97,79.01,68,10644,SYNTHETIC / ASSUMED PARAMETERS,0,False,667.55,STABLE,False,647.52
2024-01-07,P0007,S003,WH_3,SKU_15,67.29198,662.0,7.0,265.0,0.0,6.24,9.99,1.0,0.0,WH_3,0.69,40.25,72,9290,SYNTHETIC / ASSUMED PARAMETERS,0,False,594.71,STABLE,False,410.35
2024-01-07,P0010,S003,WH_3,SKU_18,97.557014,703.0,9.0,213.0,0.0,15.53,20.4,0.0,0.0,WH_3,2.28,65.06,40,7890,SYNTHETIC / ASSUMED PARAMETERS,0,False,605.44,STABLE,False,1380.41
2024-01-07,P0007,S002,WH_2,SKU_15,35.105747,792.0,8.0,386.0,0.0,11.37,14.92,0.0,0.0,WH_2,1.19,43.87,61,9277,SYNTHETIC / ASSUMED PARAMETERS,0,False,756.89,STABLE,False,900.7
2024-01-07,P0010,S001,WH_1,SKU_18,35.325718,406.0,2.0,346.0,0.0,8.62,10.49,0.0,0.0,WH_1,0.92,38.21,43,7798,SYNTHETIC / ASSUMED PARAMETERS,0,False,370.67,STABLE,False,341.02
2024-01-07,P0013,S004,WH_4,SKU_20,81.94482,794.0,2.0,327.0,0.0,16.89,23.51,0.0,0.0,WH_4,1.33,49.52,45,10402,SYNTHETIC / ASSUMED PARAMETERS,0,False,712.06,STABLE,False,947.03
2024-01-07,P0003,S005,WH_5,SKU_11,22.637161,850.0,3.0,349.0,0.0,18.92,31.99,0.0,0.0,WH_5,1.99,103.38,46,6507,SYNTHETIC / ASSUMED PARAMETERS,0,False,827.36,STABLE,False,1646.45
2024-01-07,P0017,S002,WH_2,SKU_24,28.225527,701.0,5.0,365.0,0.0,19.69,29.64,1.0,0.0,WH_2,2.19,76.95,92,10380,SYNTHETIC / ASSUMED PARAMETERS,0,False,672.77,STABLE,False,1473.38
2024-01-07,P0016,S001,WH_1,SKU_23,80.940704,507.0,8.0,239.0,0.0,9.05,14.03,0.0,0.0,WH_1,0.76,35.69,32,4845,SYNTHETIC / ASSUMED PARAMETERS,0,False,426.06,STABLE,False,323.81
2024-01-07,P0005,S001,WH_1,SKU_13,59.631275,740.0,9.0,246.0,0.0,19.52,24.09,0.0,0.0,WH_1,1.26,57.54,50,8981,SYNTHETIC / ASSUMED PARAMETERS,0,False,680.37,STABLE,False,857.26
2024-01-07,P0015,S003,WH_3,SKU_22,96.91336,577.0,4.0,211.0,0.0,18.38,32.58,0.0,0.0,WH_3,1.34,101.74,33,5385,SYNTHETIC / ASSUMED PARAMETERS,0,False,480.09,STABLE,False,643.32
2024-01-07,P0002,S005,WH_5,SKU_10,63.8574,392.0,9.0,246.0,0.0,9.67,15.35,0.0,0.0,WH_5,1.52,60.17,40,6308,SYNTHETIC / ASSUMED PARAMETERS,0,False,328.14,STABLE,False,498.78
2024-01-07,P0013,S002,WH_2,SKU_20,100.809715,572.0,9.0,336.0,0.0,12.31,20.86,0.0,0.0,WH_2,1.41,50.99,90,10971,SYNTHETIC / ASSUMED PARAMETERS,0,False,471.19,STABLE,False,664.38
2024-01-07,P0011,S004,WH_4,SKU_19,110.97666,516.0,4.0,352.0,0.0,5.41,7.4,0.0,0.0,WH_4,0.43,30.95,55,9647,SYNTHETIC / ASSUMED PARAMETERS,0,False,405.02,STABLE,False,174.16
2024-01-07,P0014,S002,WH_2,SKU_21,46.372963,500.0,7.0,349.0,0.0,8.18,12.0,0.0,0.0,WH_2,1.13,36.82,79,8567,SYNTHETIC / ASSUMED PARAMETERS,0,False,453.63,STABLE,False,512.6
2024-01-07,P0016,S005,WH_5,SKU_23,30.63155,625.0,3.0,383.0,0.0,19.43,28.74,0.0,0.0,WH_5,2.51,93.33,52,7979,SYNTHETIC / ASSUMED PARAMETERS,0,False,594.37,STABLE,False,1491.86
2024-01-07,P0006,S003,WH_3,SKU_14,29.157166,555.0,3.0,283.0,0.0,5.88,9.37,0.0,0.0,WH_3,0.82,33.85,73,7722,SYNTHETIC / ASSUMED PARAMETERS,0,False,525.84,STABLE,False,431.19
2024-01-07,P0015,S002,WH_2,SKU_22,166.47801,591.0,7.0,261.0,0.0,9.82,14.68,0.0,0.0,WH_2,1.21,42.78,60,5653,SYNTHETIC / ASSUMED PARAMETERS,0,False,424.52,STABLE,False,513.67
2024-01-07,P0020,S003,WH_3,SKU_27,99.96058,614.0,3.0,296.0,0.0,9.18,15.91,0.0,0.0,WH_3,1.13,62.45,32,6179,SYNTHETIC / ASSUMED PARAMETERS,0,False,514.04,STABLE,False,580.86
2024-01-07,P0001,S001,WH_1,SKU_1,46.22549,458.0,14.0,379.0,0.0,13.95,20.48,0.0,0.0,WH_1,1.88,67.42,94,6673,SYNTHETIC / ASSUMED PARAMETERS,0,False,411.77,STABLE,False,774.14
2024-01-07,P0005,S005,WH_5,SKU_13,71.75465,712.0,7.0,305.0,0.0,15.13,23.34,0.0,0.0,WH_5,0.88,49.29,48,10583,SYNTHETIC / ASSUMED PARAMETERS,0,False,640.25,STABLE,False,563.42
2024-01-07,P0002,S001,WH_1,SKU_10,137.84543,701.0,13.0,361.0,0.0,12.67,18.73,0.0,0.0,WH_1,1.29,70.59,100,6990,SYNTHETIC / ASSUMED PARAMETERS,0,False,563.15,STABLE,False,726.47
2024-01-07,P0006,S001,WH_1,SKU_14,29.971851,368.0,11.0,265.0,0.0,8.21,11.1,0.0,0.0,WH_1,1.31,43.21,69,6246,SYNTHETIC / ASSUMED PARAMETERS,0,False,338.03,STABLE,False,442.82
2024-01-07,P0010,S005,WH_5,SKU_18,90.69823,389.0,13.0,394.0,0.0,13.35,21.48,0.0,0.0,WH_5,1.44,69.56,77,8261,SYNTHETIC / ASSUMED PARAMETERS,5,True,303.3,STABLE,False,506.31
2024-01-07,P0018,S004,WH_4,SKU_25,28.317114,438.0,9.0,273.0,0.0,12.02,19.24,0.0,0.0,WH_4,1.67,68.75,82,5738,SYNTHETIC / ASSUMED PARAMETERS,0,False,409.68,STABLE,False,684.17
2024-01-07,P0010,S004,WH_4,SKU_18,93.26154,435.0,6.0,250.0,0.0,5.35,9.51,0.0,0.0,WH_4,0.78,43.27,45,6602,SYNTHETIC / ASSUMED PARAMETERS,0,False,341.74,STABLE,False,266.56
2024-01-07,P0005,S003,WH_3,SKU_13,18.864923,431.0,14.0,382.0,0.0,6.01,8.52,0.0,0.0,WH_3,0.87,30.72,112,6380,SYNTHETIC / ASSUMED PARAMETERS,0,False,412.14,STABLE,False,358.56
2024-01-07,P0006,S002,WH_2,SKU_14,125.7733,706.0,14.0,268.0,0.0,18.83,23.34,0.0,0.0,WH_2,2.51,66.61,39,5701,SYNTHETIC / ASSUMED PARAMETERS,0,False,580.23,STABLE,False,1456.37
2024-01-07,P0008,S001,WH_1,SKU_16,44.89142,761.0,14.0,328.0,0.0,11.96,17.38,0.0,0.0,WH_1,1.64,39.73,88,10604,SYNTHETIC / ASSUMED PARAMETERS,0,False,716.11,STABLE,False,1174.42
2024-01-07,P0015,S001,WH_1,SKU_22,33.08995,813.0,4.0,282.0,0.0,8.88,12.51,0.0,0.0,WH_1,0.94,51.81,47,10427,SYNTHETIC / ASSUMED PARAMETERS,0,False,779.91,STABLE,False,733.12
2024-01-07,P0007,S004,WH_4,SKU_15,77.08047,556.0,5.0,224.0,0.0,13.52,23.32,0.0,0.0,WH_4,1.16,58.22,61,7785,SYNTHETIC / ASSUMED PARAMETERS,0,False,478.92,STABLE,False,555.55
2024-01-07,P0016,S004,WH_4,SKU_23,47.835873,761.0,14.0,236.0,0.0,15.4,18.69,0.0,0.0,WH_4,1.44,47.04,57,10538,SYNTHETIC / ASSUMED PARAMETERS,0,False,713.16,STABLE,False,1026.96
2024-01-07,P0003,S004,WH_4,SKU_11,35.63382,849.0,2.0,382.0,0.0,6.2,7.82,0.0,0.0,WH_4,0.5,33.95,90,5402,SYNTHETIC / ASSUMED PARAMETERS,0,False,813.37,STABLE,False,406.68
2024-01-07,P0004,S003,WH_3,SKU_12,73.845184,629.0,6.0,234.0,0.0,10.01,13.38,0.0,0.0,WH_3,1.57,45.39,57,10301,SYNTHETIC / ASSUMED PARAMETERS,0,False,555.15,STABLE,False,871.59
2024-01-07,P0004,S005,WH_5,SKU_12,67.019714,610.0,6.0,349.0,0.0,10.21,15.8,0.0,0.0,WH_5,0.76,39.17,96,5993,SYNTHETIC / ASSUMED PARAMETERS,0,False,542.98,STABLE,False,412.67
2024-01-07,P0012,S001,WH_1,SKU_2,93.7394,849.0,13.0,228.0,0.0,19.76,35.1,0.0,0.0,WH_1,2.92,120.54,61,5736,SYNTHETIC / ASSUMED PARAMETERS,0,False,755.26,STABLE,False,2205.36
2024-01-07,P0005,S002,WH_2,SKU_13,55.219894,346.0,11.0,350.0,0.0,17.04,21.69,1.0,0.0,WH_2,2.15,79.74,38,5796,SYNTHETIC / ASSUMED PARAMETERS,4,True,294.78,STABLE,False,713.52
2024-01-07,P0006,S005,WH_5,SKU_14,83.78064,854.0,6.0,259.0,0.0,11.19,14.98,0.0,0.0,WH_5,0.92,37.97,55,10175,SYNTHETIC / ASSUMED PARAMETERS,0,False,770.22,STABLE,False,708.6
2024-01-07,P0014,S004,WH_4,SKU_21,32.5897,502.0,8.0,379.0,0.0,12.65,20.04,0.0,0.0,WH_4,0.78,76.01,44,11017,SYNTHETIC / ASSUMED PARAMETERS,0,False,469.41,STABLE,False,366.14
2024-01-07,P0001,S003,WH_3,SKU_1,22.554037,384.0,6.0,314.0,0.0,6.06,8.41,1.0,0.0,WH_3,0.95,32.98,61,6038,SYNTHETIC / ASSUMED PARAMETERS,0,False,361.45,STABLE,False,343.37
2024-01-07,P0012,S004,WH_4,SKU_2,70.8473,425.0,6.0,290.0,0.0,7.06,10.96,0.0,0.0,WH_4,1.1,40.69,80,10160,SYNTHETIC / ASSUMED PARAMETERS,0,False,354.15,STABLE,False,389.57
2024-01-07,P0020,S005,WH_5,SKU_27,26.66764,396.0,2.0,353.0,0.0,17.89,25.71,0.0,0.0,WH_5,1.71,74.7,103,6290,SYNTHETIC / ASSUMED PARAMETERS,0,False,369.33,STABLE,False,631.56
2024-01-07,P0008,S003,WH_3,SKU_16,105.02064,443.0,6.0,336.0,0.0,12.08,18.52,0.0,0.0,WH_3,1.03,67.38,41,10278,SYNTHETIC / ASSUMED PARAMETERS,0,False,337.98,STABLE,False,348.12
2024-01-07,P0019,S002,WH_2,SKU_26,131.16815,745.0,5.0,273.0,0.0,8.5,11.16,0.0,0.0,WH_2,0.55,33.37,47,8606,SYNTHETIC / ASSUMED PARAMETERS,0,False,613.83,STABLE,False,337.61
2024-01-07,P0001,S005,WH_5,SKU_1,65.02602,520.0,4.0,366.0,0.0,19.41,23.81,1.0,0.0,WH_5,2.58,47.73,54,8279,SYNTHETIC / ASSUMED PARAMETERS,0,False,454.97,STABLE,False,1173.83
2024-01-07,P0014,S003,WH_3,SKU_21,74.29519,828.0,10.0,283.0,0.0,5.75,8.47,0.0,0.0,WH_3,0.72,24.19,84,8334,SYNTHETIC / ASSUMED PARAMETERS,0,False,753.7,STABLE,False,542.67
2024-01-07,P0015,S004,WH_4,SKU_22,38.874836,480.0,11.0,374.0,0.0,19.16,23.34,1.0,0.0,WH_4,2.12,46.36,63,10964,SYNTHETIC / ASSUMED PARAMETERS,0,False,441.13,STABLE,False,935.19
2024-01-07,P0020,S002,WH_2,SKU_27,35.218033,766.0,4.0,223.0,0.0,16.3,21.54,0.0,0.0,WH_2,1.63,83.19,46,6479,SYNTHETIC / ASSUMED PARAMETERS,0,False,730.78,STABLE,False,1191.17
2024-01-07,P0017,S005,WH_5,SKU_24,29.416248,673.0,7.0,313.0,0.0,7.27,12.17,0.0,0.0,WH_5,0.56,44.06,66,10704,SYNTHETIC / ASSUMED PARAMETERS,0,False,643.58,STABLE,False,360.41
2024-01-07,P0018,S003,WH_3,SKU_25,25.371866,709.0,7.0,232.0,0.0,6.51,8.04,0.0,0.0,WH_3,0.89,32.85,39,9598,SYNTHETIC / ASSUMED PARAMETERS,0,False,683.63,STABLE,False,608.43
2024-01-07,P0009,S002,WH_2,SKU_17,89.169525,440.0,13.0,372.0,0.0,16.68,21.24,1.0,0.0,WH_2,1.17,53.18,81,8112,SYNTHETIC / ASSUMED PARAMETERS,0,False,350.83,STABLE,False,410.47
2024-01-07,P0009,S004,WH_4,SKU_17,132.0501,377.0,5.0,341.0,0.0,8.62,10.66,1.0,0.0,WH_4,1.16,28.26,74,6506,SYNTHETIC / ASSUMED PARAMETERS,0,False,244.95,STABLE,False,284.14
2024-01-07,P0019,S001,WH_1,SKU_26,35.74351,733.0,2.0,335.0,0.0,18.22,23.67,0.0,0.0,WH_1,2.52,50.97,34,5684,SYNTHETIC / ASSUMED PARAMETERS,0,False,697.26,STABLE,False,1757.09
2024-01-07,P0018,S001,WH_1,SKU_25,65.32956,500.0,5.0,314.0,0.0,14.23,20.28,0.0,0.0,WH_1,0.9,46.65,78,5160,SYNTHETIC / ASSUMED PARAMETERS,0,False,434.67,STABLE,False,391.2
2024-01-07,P0001,S004,WH_4,SKU_1,71.36636,381.0,9.0,333.0,0.0,6.93,10.7,0.0,0.0,WH_4,1.02,32.51,60,7800,SYNTHETIC / ASSUMED PARAMETERS,0,False,309.63,STABLE,False,315.83
2024-01-07,P0003,S002,WH_2,SKU_11,72.9535,828.0,4.0,230.0,0.0,17.93,29.29,1.0,0.0,WH_2,2.41,85.34,31,10194,SYNTHETIC / ASSUMED PARAMETERS,0,False,755.05,STABLE,False,1819.66
2024-01-07,P0012,S003,WH_3,SKU_2,40.225677,785.0,10.0,319.0,0.0,5.02,7.82,0.0,0.0,WH_3,0.45,23.6,74,9396,SYNTHETIC / ASSUMED PARAMETERS,0,False,744.77,STABLE,False,335.15
2024-01-07,P0007,S001,WH_1,SKU_15,62.818123,667.0,13.0,327.0,0.0,16.7,28.78,0.0,0.0,WH_1,2.21,100.17,53,6976,SYNTHETIC / ASSUMED PARAMETERS,0,False,604.18,STABLE,False,1335.24
2024-01-07,P0014,S005,WH_5,SKU_21,26.237911,636.0,8.0,309.0,0.0,13.11,23.25,0.0,0.0,WH_5,1.81,58.89,87,5672,SYNTHETIC / ASSUMED PARAMETERS,0,False,609.76,STABLE,False,1103.67
2024-01-07,P0018,S005,WH_5,SKU_25,85.76569,440.0,7.0,311.0,0.0,8.45,14.29,0.0,0.0,WH_5,0.63,58.32,37,5926,SYNTHETIC / ASSUMED PARAMETERS,0,False,354.23,STABLE,False,223.17
2024-01-07,P0007,S005,WH_5,SKU_15,69.4676,516.0,14.0,279.0,0.0,15.48,21.47,0.0,0.0,WH_5,1.08,84.29,72,9525,SYNTHETIC / ASSUMED PARAMETERS,0,False,446.53,STABLE,False,482.25
2024-01-07,P0020,S004,WH_4,SKU_27,28.23721,842.0,14.0,289.0,0.0,13.84,20.65,0.0,0.0,WH_4,2.11,78.58,52,8263,SYNTHETIC / ASSUMED PARAMETERS,0,False,813.76,STABLE,False,1717.04
2024-01-07,P0014,S001,WH_1,SKU_21,85.10047,596.0,11.0,245.0,0.0,19.68,23.66,0.0,0.0,WH_1,2.7,52.3,38,5664,SYNTHETIC / ASSUMED PARAMETERS,0,False,510.9,STABLE,False,1379.43
2024-01-07,P0008,S004,WH_4,SKU_16,32.58645,658.0,4.0,367.0,0.0,6.61,9.52,0.0,0.0,WH_4,0.87,40.21,59,5735,SYNTHETIC / ASSUMED PARAMETERS,0,False,625.41,STABLE,False,544.11
2024-01-07,P0017,S003,WH_3,SKU_24,25.416964,703.0,10.0,209.0,0.0,10.59,15.15,0.0,0.0,WH_3,1.43,56.19,52,9960,SYNTHETIC / ASSUMED PARAMETERS,0,False,677.58,STABLE,False,968.94
2024-01-08,P0019,S002,WH_2,SKU_26,132.83604,721.0,5.0,273.0,0.0,8.5,11.16,0.0,0.0,WH_2,0.55,33.37,47,8606,SYNTHETIC / ASSUMED PARAMETERS,0,False,588.16,STABLE,False,323.49
2024-01-08,P0005,S005,WH_5,SKU_13,81.96779,684.0,7.0,305.0,0.0,15.13,23.34,0.0,0.0,WH_5,0.88,49.29,48,10583,SYNTHETIC / ASSUMED PARAMETERS,0,False,602.03,STABLE,False,529.79
2024-01-08,P0017,S001,WH_1,SKU_24,35.060074,427.0,2.0,288.0,0.0,6.14,10.22,0.0,0.0,WH_1,0.75,31.15,47,6037,SYNTHETIC / ASSUMED PARAMETERS,0,False,391.94,STABLE,False,293.95
2024-01-08,P0004,S003,WH_3,SKU_12,82.496086,606.0,6.0,234.0,0.0,10.01,13.38,0.0,0.0,WH_3,1.57,45.39,57,10301,SYNTHETIC / ASSUMED PARAMETERS,0,False,523.5,STABLE,False,821.9
2024-01-08,P0008,S004,WH_4,SKU_16,29.838213,627.0,4.0,367.0,0.0,6.61,9.52,0.0,0.0,WH_4,0.87,40.21,59,5735,SYNTHETIC / ASSUMED PARAMETERS,0,False,597.16,STABLE,False,519.53
2024-01-08,P0006,S001,WH_1,SKU_14,33.48885,351.0,11.0,265.0,0.0,8.21,11.1,0.0,0.0,WH_1,1.31,43.21,69,6246,SYNTHETIC / ASSUMED PARAMETERS,0,False,317.51,STABLE,False,415.94
2024-01-08,P0009,S001,WH_1,SKU_17,124.909874,777.0,10.0,268.0,0.0,14.9,26.61,0.0,0.0,WH_1,1.04,53.46,53,5188,SYNTHETIC / ASSUMED PARAMETERS,0,False,652.09,STABLE,False,678.17
2024-01-08,P0006,S004,WH_4,SKU_14,108.79914,352.0,10.0,343.0,0.0,5.76,8.49,0.0,0.0,WH_4,0.78,37.66,58,8907,SYNTHETIC / ASSUMED PARAMETERS,0,False,243.2,STABLE,False,189.7
2024-01-08,P0001,S001,WH_1,SKU_1,59.75018,435.0,14.0,379.0,0.0,13.95,20.48,1.0,0.0,WH_1,1.88,67.42,94,6673,SYNTHETIC / ASSUMED PARAMETERS,0,False,375.25,STABLE,False,705.47
2024-01-08,P0010,S005,WH_5,SKU_18,64.50139,739.0,13.0,394.0,369.0,13.35,21.48,0.0,0.0,WH_5,1.44,69.56,77,8261,SYNTHETIC / ASSUMED PARAMETERS,0,False,674.5,STABLE,False,971.28
2024-01-08,P0008,S003,WH_3,SKU_16,168.88306,422.0,6.0,336.0,0.0,12.08,18.52,0.0,0.0,WH_3,1.03,67.38,41,10278,SYNTHETIC / ASSUMED PARAMETERS,0,False,253.12,STABLE,False,260.71
2024-01-08,P0020,S002,WH_2,SKU_27,46.182102,747.0,4.0,223.0,0.0,16.3,21.54,0.0,0.0,WH_2,1.63,83.19,46,6479,SYNTHETIC / ASSUMED PARAMETERS,0,False,700.82,STABLE,False,1142.33
2024-01-08,P0015,S002,WH_2,SKU_22,101.98747,575.0,7.0,261.0,0.0,9.82,14.68,0.0,0.0,WH_2,1.21,42.78,60,5653,SYNTHETIC / ASSUMED PARAMETERS,0,False,473.01,STABLE,False,572.35
2024-01-08,P0004,S002,WH_2,SKU_12,109.12502,540.0,6.0,370.0,0.0,19.03,23.02,0.0,0.0,WH_2,2.32,68.2,104,8597,SYNTHETIC / ASSUMED PARAMETERS,0,False,430.87,STABLE,False,999.63
2024-01-08,P0003,S003,WH_3,SKU_11,59.463737,649.0,13.0,342.0,0.0,13.85,18.39,0.0,0.0,WH_3,1.16,58.36,96,10164,SYNTHETIC / ASSUMED PARAMETERS,0,False,589.54,STABLE,False,683.86
2024-01-08,P0012,S001,WH_1,SKU_2,63.02729,814.0,13.0,228.0,0.0,19.76,35.1,1.0,0.0,WH_1,2.92,120.54,61,5736,SYNTHETIC / ASSUMED PARAMETERS,0,False,750.97,STABLE,False,2192.84
2024-01-08,P0004,S005,WH_5,SKU_12,94.78727,593.0,6.0,349.0,0.0,10.21,15.8,0.0,0.0,WH_5,0.76,39.17,96,5993,SYNTHETIC / ASSUMED PARAMETERS,0,False,498.21,STABLE,False,378.64
2024-01-08,P0008,S002,WH_2,SKU_16,79.045456,341.0,11.0,327.0,0.0,19.0,26.16,0.0,0.0,WH_2,2.13,82.7,65,6031,SYNTHETIC / ASSUMED PARAMETERS,0,False,261.95,STABLE,False,557.96
2024-01-08,P0015,S005,WH_5,SKU_22,65.10142,361.0,4.0,326.0,0.0,16.45,25.06,0.0,0.0,WH_5,2.1,76.56,84,10655,SYNTHETIC / ASSUMED PARAMETERS,0,False,295.9,STABLE,False,621.39
2024-01-08,P0001,S002,WH_2,SKU_1,104.1717,713.0,8.0,322.0,0.0,11.46,19.92,0.0,0.0,WH_2,0.9,70.92,62,9416,SYNTHETIC / ASSUMED PARAMETERS,0,False,608.83,STABLE,False,547.95
2024-01-08,P0014,S004,WH_4,SKU_21,32.36199,478.0,8.0,379.0,0.0,12.65,20.04,0.0,0.0,WH_4,0.78,76.01,44,11017,SYNTHETIC / ASSUMED PARAMETERS,0,False,445.64,STABLE,False,347.6
2024-01-08,P0006,S005,WH_5,SKU_14,98.26655,837.0,6.0,259.0,0.0,11.19,14.98,0.0,0.0,WH_5,0.92,37.97,55,10175,SYNTHETIC / ASSUMED PARAMETERS,0,False,738.73,STABLE,False,679.63
2024-01-08,P0011,S003,WH_3,SKU_19,47.70795,662.0,4.0,295.0,0.0,14.17,23.01,0.0,0.0,WH_3,1.45,87.37,62,9399,SYNTHETIC / ASSUMED PARAMETERS,0,False,614.29,STABLE,False,890.72
2024-01-08,P0004,S004,WH_4,SKU_12,106.68022,697.0,12.0,227.0,0.0,14.2,19.73,0.0,0.0,WH_4,1.6,43.96,33,7746,SYNTHETIC / ASSUMED PARAMETERS,0,False,590.32,STABLE,False,944.51
2024-01-08,P0002,S002,WH_2,SKU_10,24.907211,370.0,10.0,310.0,0.0,13.83,22.36,0.0,0.0,WH_2,0.8,49.56,40,6844,SYNTHETIC / ASSUMED PARAMETERS,0,False,345.09,STABLE,False,276.07
2024-01-08,P0016,S003,WH_3,SKU_23,62.254223,594.0,5.0,293.0,0.0,18.08,23.36,0.0,0.0,WH_3,2.55,64.6,72,10369,SYNTHETIC / ASSUMED PARAMETERS,0,False,531.75,STABLE,False,1355.95
2024-01-08,P0013,S005,WH_5,SKU_20,83.60166,659.0,2.0,246.0,0.0,10.07,18.03,0.0,0.0,WH_5,0.8,71.16,65,5639,SYNTHETIC / ASSUMED PARAMETERS,0,False,575.4,STABLE,False,460.32
2024-01-08,P0012,S005,WH_5,SKU_2,39.32685,700.0,14.0,267.0,0.0,15.0,26.38,0.0,0.0,WH_5,1.72,57.23,63,7517,SYNTHETIC / ASSUMED PARAMETERS,0,False,660.67,STABLE,False,1136.36
2024-01-08,P0001,S003,WH_3,SKU_1,30.01627,356.0,6.0,314.0,0.0,6.06,8.41,0.0,0.0,WH_3,0.95,32.98,61,6038,SYNTHETIC / ASSUMED PARAMETERS,0,False,325.98,STABLE,False,309.68
2024-01-08,P0007,S004,WH_4,SKU_15,79.433304,531.0,5.0,224.0,0.0,13.52,23.32,0.0,0.0,WH_4,1.16,58.22,61,7785,SYNTHETIC / ASSUMED PARAMETERS,0,False,451.57,STABLE,False,523.82
2024-01-08,P0001,S005,WH_5,SKU_1,86.7168,496.0,4.0,366.0,0.0,19.41,23.81,0.0,0.0,WH_5,2.58,47.73,54,8279,SYNTHETIC / ASSUMED PARAMETERS,0,False,409.28,STABLE,False,1055.95
2024-01-08,P0004,S001,WH_1,SKU_12,65.54366,794.0,5.0,299.0,0.0,5.36,7.17,0.0,0.0,WH_1,0.74,24.31,60,7801,SYNTHETIC / ASSUMED PARAMETERS,0,False,728.46,STABLE,False,539.06
2024-01-08,P0020,S003,WH_3,SKU_27,122.269485,592.0,3.0,296.0,0.0,9.18,15.91,0.0,0.0,WH_3,1.13,62.45,32,6179,SYNTHETIC / ASSUMED PARAMETERS,0,False,469.73,STABLE,False,530.8
2024-01-08,P0002,S003,WH_3,SKU_10,77.86648,630.0,5.0,218.0,0.0,13.68,17.87,0.0,0.0,WH_3,1.74,42.93,55,5968,SYNTHETIC / ASSUMED PARAMETERS,0,False,552.13,STABLE,False,960.71
2024-01-08,P0011,S005,WH_5,SKU_19,44.707027,492.0,7.0,281.0,0.0,15.87,25.1,0.0,0.0,WH_5,2.0,76.39,84,8102,SYNTHETIC / ASSUMED PARAMETERS,0,False,447.29,STABLE,False,894.59
2024-01-08,P0014,S003,WH_3,SKU_21,57.75982,806.0,10.0,283.0,0.0,5.75,8.47,0.0,0.0,WH_3,0.72,24.19,84,8334,SYNTHETIC / ASSUMED PARAMETERS,0,False,748.24,STABLE,False,538.73
2024-01-08,P0015,S004,WH_4,SKU_22,37.7979,459.0,11.0,374.0,0.0,19.16,23.34,0.0,0.0,WH_4,2.12,46.36,63,10964,SYNTHETIC / ASSUMED PARAMETERS,0,False,421.2,STABLE,False,892.95
2024-01-08,P0005,S003,WH_3,SKU_13,24.768888,408.0,14.0,382.0,0.0,6.01,8.52,0.0,0.0,WH_3,0.87,30.72,112,6380,SYNTHETIC / ASSUMED PARAMETERS,0,False,383.23,STABLE,False,333.41
2024-01-08,P0019,S003,WH_3,SKU_26,63.92061,687.0,14.0,222.0,0.0,7.66,9.43,0.0,0.0,WH_3,0.81,30.44,28,5399,SYNTHETIC / ASSUMED PARAMETERS,0,False,623.08,STABLE,False,504.69
2024-01-08,P0009,S003,WH_3,SKU_17,60.63357,545.0,3.0,339.0,0.0,16.8,28.54,0.0,0.0,WH_3,1.1,80.9,84,7273,SYNTHETIC / ASSUMED PARAMETERS,0,False,484.37,STABLE,False,532.8
2024-01-08,P0015,S001,WH_1,SKU_22,22.733286,789.0,4.0,282.0,0.0,8.88,12.51,1.0,0.0,WH_1,0.94,51.81,47,10427,SYNTHETIC / ASSUMED PARAMETERS,0,False,766.27,STABLE,False,720.29
2024-01-08,P0020,S001,WH_1,SKU_27,42.73063,566.0,2.0,389.0,0.0,5.89,7.48,0.0,0.0,WH_1,0.77,21.54,103,8847,SYNTHETIC / ASSUMED PARAMETERS,0,False,523.27,STABLE,False,402.92
2024-01-08,P0006,S003,WH_3,SKU_14,32.0389,527.0,3.0,283.0,0.0,5.88,9.37,0.0,0.0,WH_3,0.82,33.85,73,7722,SYNTHETIC / ASSUMED PARAMETERS,0,False,494.96,STABLE,False,405.87
2024-01-08,P0007,S003,WH_3,SKU_15,65.12241,643.0,7.0,265.0,0.0,6.24,9.99,0.0,0.0,WH_3,0.69,40.25,72,9290,SYNTHETIC / ASSUMED PARAMETERS,0,False,577.88,STABLE,False,398.74
2024-01-08,P0014,S002,WH_2,SKU_21,42.904964,479.0,7.0,349.0,0.0,8.18,12.0,0.0,0.0,WH_2,1.13,36.82,79,8567,SYNTHETIC / ASSUMED PARAMETERS,0,False,436.1,STABLE,False,492.79
2024-01-08,P0007,S005,WH_5,SKU_15,71.64067,489.0,14.0,279.0,0.0,15.48,21.47,0.0,0.0,WH_5,1.08,84.29,72,9525,SYNTHETIC / ASSUMED PARAMETERS,0,False,417.36,STABLE,False,450.75
2024-01-08,P0016,S002,WH_2,SKU_23,170.4286,564.0,12.0,312.0,0.0,6.68,11.81,1.0,0.0,WH_2,0.8,35.45,73,10338,SYNTHETIC / ASSUMED PARAMETERS,0,False,393.57,STABLE,False,314.86
2024-01-08,P0012,S002,WH_2,SKU_2,43.47338,770.0,8.0,377.0,0.0,16.77,22.06,0.0,0.0,WH_2,1.73,61.48,56,5161,SYNTHETIC / ASSUMED PARAMETERS,0,False,726.53,STABLE,False,1256.89
2024-01-08,P0017,S005,WH_5,SKU_24,43.670876,651.0,7.0,313.0,0.0,7.27,12.17,0.0,0.0,WH_5,0.56,44.06,66,10704,SYNTHETIC / ASSUMED PARAMETERS,0,False,607.33,STABLE,False,340.1
2024-01-08,P0003,S004,WH_4,SKU_11,51.768463,833.0,2.0,382.0,0.0,6.2,7.82,0.0,0.0,WH_4,0.5,33.95,90,5402,SYNTHETIC / ASSUMED PARAMETERS,0,False,781.23,STABLE,False,390.62
2024-01-08,P0005,S004,WH_4,SKU_13,122.07514,755.0,10.0,251.0,0.0,14.29,19.75,0.0,0.0,WH_4,0.97,79.01,68,10644,SYNTHETIC / ASSUMED PARAMETERS,0,False,632.92,STABLE,False,613.94
2024-01-08,P0020,S005,WH_5,SKU_27,27.61082,382.0,2.0,353.0,0.0,17.89,25.71,0.0,0.0,WH_5,1.71,74.7,103,6290,SYNTHETIC / ASSUMED PARAMETERS,0,False,354.39,STABLE,False,606.01
2024-01-08,P0007,S001,WH_1,SKU_15,75.85558,651.0,13.0,327.0,0.0,16.7,28.78,0.0,0.0,WH_1,2.21,100.17,53,6976,SYNTHETIC / ASSUMED PARAMETERS,0,False,575.14,STABLE,False,1271.07
2024-01-08,P0018,S003,WH_3,SKU_25,27.47778,688.0,7.0,232.0,0.0,6.51,8.04,0.0,0.0,WH_3,0.89,32.85,39,9598,SYNTHETIC / ASSUMED PARAMETERS,0,False,660.52,STABLE,False,587.86
2024-01-08,P0019,S004,WH_4,SKU_26,147.8156,513.0,14.0,331.0,0.0,8.71,13.65,0.0,0.0,WH_4,0.81,35.89,53,6838,SYNTHETIC / ASSUMED PARAMETERS,0,False,365.18,STABLE,False,295.8
2024-01-08,P0010,S002,WH_2,SKU_18,127.68538,745.0,10.0,270.0,0.0,17.51,24.82,0.0,0.0,WH_2,1.18,54.17,54,10850,SYNTHETIC / ASSUMED PARAMETERS,0,False,617.31,STABLE,False,728.43
2024-01-08,P0008,S005,WH_5,SKU_16,68.687744,761.0,2.0,394.0,0.0,13.23,20.46,0.0,0.0,WH_5,1.66,59.45,101,8221,SYNTHETIC / ASSUMED PARAMETERS,0,False,692.31,STABLE,False,1149.24
2024-01-08,P0013,S003,WH_3,SKU_20,68.43118,710.0,3.0,319.0,0.0,14.9,25.16,0.0,0.0,WH_3,1.3,53.63,94,9643,SYNTHETIC / ASSUMED PARAMETERS,0,False,641.57,STABLE,False,834.04
2024-01-08,P0013,S001,WH_1,SKU_20,30.16903,403.0,9.0,295.0,0.0,9.55,16.05,0.0,0.0,WH_1,1.19,44.04,33,5191,SYNTHETIC / ASSUMED PARAMETERS,0,False,372.83,STABLE,False,443.67
2024-01-08,P0019,S005,WH_5,SKU_26,48.693016,646.0,4.0,393.0,0.0,17.15,27.81,0.0,0.0,WH_5,2.55,59.97,91,8473,SYNTHETIC / ASSUMED PARAMETERS,0,False,597.31,STABLE,False,1523.13
2024-01-08,P0017,S004,WH_4,SKU_24,224.13979,405.0,13.0,301.0,0.0,7.11,12.19,1.0,0.0,WH_4,1.05,31.77,79,5355,SYNTHETIC / ASSUMED PARAMETERS,0,False,180.86,STABLE,False,189.9
2024-01-08,P0017,S002,WH_2,SKU_24,35.65394,679.0,5.0,365.0,0.0,19.69,29.64,0.0,0.0,WH_2,2.19,76.95,92,10380,SYNTHETIC / ASSUMED PARAMETERS,0,False,643.35,STABLE,False,1408.93
2024-01-08,P0006,S002,WH_2,SKU_14,195.9786,684.0,14.0,268.0,0.0,18.83,23.34,0.0,0.0,WH_2,2.51,66.61,39,5701,SYNTHETIC / ASSUMED PARAMETERS,0,False,488.02,STABLE,False,1224.93
2024-01-08,P0018,S001,WH_1,SKU_25,72.00758,478.0,5.0,314.0,0.0,14.23,20.28,0.0,0.0,WH_1,0.9,46.65,78,5160,SYNTHETIC / ASSUMED PARAMETERS,0,False,405.99,STABLE,False,365.39
2024-01-08,P0002,S001,WH_1,SKU_10,154.9851,678.0,13.0,361.0,0.0,12.67,18.73,0.0,0.0,WH_1,1.29,70.59,100,6990,SYNTHETIC / ASSUMED PARAMETERS,0,False,523.01,STABLE,False,674.69
2024-01-08,P0015,S003,WH_3,SKU_22,63.548557,550.0,4.0,211.0,0.0,18.38,32.58,1.0,0.0,WH_3,1.34,101.74,33,5385,SYNTHETIC / ASSUMED PARAMETERS,0,False,486.45,STABLE,False,651.84
2024-01-08,P0020,S004,WH_4,SKU_27,45.507996,816.0,14.0,289.0,0.0,13.84,20.65,0.0,0.0,WH_4,2.11,78.58,52,8263,SYNTHETIC / ASSUMED PARAMETERS,0,False,770.49,STABLE,False,1625.74
2024-01-08,P0016,S005,WH_5,SKU_23,31.918081,607.0,3.0,383.0,0.0,19.43,28.74,0.0,0.0,WH_5,2.51,93.33,52,7979,SYNTHETIC / ASSUMED PARAMETERS,0,False,575.08,STABLE,False,1443.46
2024-01-08,P0013,S002,WH_2,SKU_20,66.723755,549.0,9.0,336.0,0.0,12.31,20.86,0.0,0.0,WH_2,1.41,50.99,90,10971,SYNTHETIC / ASSUMED PARAMETERS,0,False,482.28,STABLE,False,680.01
2024-01-08,P0002,S005,WH_5,SKU_10,53.31974,369.0,9.0,246.0,0.0,9.67,15.35,0.0,0.0,WH_5,1.52,60.17,40,6308,SYNTHETIC / ASSUMED PARAMETERS,0,False,315.68,STABLE,False,479.83
2024-01-08,P0008,S001,WH_1,SKU_16,45.76875,734.0,14.0,328.0,0.0,11.96,17.38,0.0,0.0,WH_1,1.64,39.73,88,10604,SYNTHETIC / ASSUMED PARAMETERS,0,False,688.23,STABLE,False,1128.7
2024-01-08,P0009,S005,WH_5,SKU_17,69.339165,428.0,8.0,321.0,0.0,7.73,13.36,0.0,0.0,WH_5,0.58,50.99,60,7894,SYNTHETIC / ASSUMED PARAMETERS,0,False,358.66,STABLE,False,208.02
2024-01-08,P0012,S004,WH_4,SKU_2,54.415306,402.0,6.0,290.0,0.0,7.06,10.96,0.0,0.0,WH_4,1.1,40.69,80,10160,SYNTHETIC / ASSUMED PARAMETERS,0,False,347.58,STABLE,False,382.34
2024-01-08,P0009,S002,WH_2,SKU_17,82.82041,417.0,13.0,372.0,0.0,16.68,21.24,0.0,0.0,WH_2,1.17,53.18,81,8112,SYNTHETIC / ASSUMED PARAMETERS,0,False,334.18,STABLE,False,390.99
2024-01-08,P0017,S003,WH_3,SKU_24,30.566824,691.0,10.0,209.0,0.0,10.59,15.15,0.0,0.0,WH_3,1.43,56.19,52,9960,SYNTHETIC / ASSUMED PARAMETERS,0,False,660.43,STABLE,False,944.42
2024-01-08,P0003,S001,WH_1,SKU_11,125.97296,808.0,4.0,286.0,0.0,19.54,34.79,0.0,0.0,WH_1,2.75,93.77,81,6423,SYNTHETIC / ASSUMED PARAMETERS,0,False,682.03,STABLE,False,1875.57
2024-01-08,P0019,S001,WH_1,SKU_26,36.55105,708.0,2.0,335.0,0.0,18.22,23.67,0.0,0.0,WH_1,2.52,50.97,34,5684,SYNTHETIC / ASSUMED PARAMETERS,0,False,671.45,STABLE,False,1692.05
2024-01-08,P0011,S001,WH_1,SKU_19,49.363884,348.0,8.0,287.0,0.0,12.4,18.41,0.0,0.0,WH_1,1.18,43.0,33,9186,SYNTHETIC / ASSUMED PARAMETERS,0,False,298.64,STABLE,False,352.39
2024-01-08,P0018,S004,WH_4,SKU_25,35.663296,423.0,9.0,273.0,0.0,12.02,19.24,0.0,0.0,WH_4,1.67,68.75,82,5738,SYNTHETIC / ASSUMED PARAMETERS,0,False,387.34,STABLE,False,646.85
2024-01-08,P0011,S004,WH_4,SKU_19,143.7389,496.0,4.0,352.0,0.0,5.41,7.4,0.0,0.0,WH_4,0.43,30.95,55,9647,SYNTHETIC / ASSUMED PARAMETERS,0,False,352.26,STABLE,False,151.47
2024-01-08,P0011,S002,WH_2,SKU_19,80.98742,466.0,8.0,316.0,0.0,12.67,18.56,0.0,0.0,WH_2,1.58,55.58,37,4994,SYNTHETIC / ASSUMED PARAMETERS,0,False,385.01,STABLE,False,608.32
2024-01-08,P0016,S001,WH_1,SKU_23,80.41771,479.0,8.0,239.0,0.0,9.05,14.03,0.0,0.0,WH_1,0.76,35.69,32,4845,SYNTHETIC / ASSUMED PARAMETERS,0,False,398.58,STABLE,False,302.92
2024-01-08,P0014,S001,WH_1,SKU_21,87.7115,568.0,11.0,245.0,0.0,19.68,23.66,1.0,0.0,WH_1,2.7,52.3,38,5664,SYNTHETIC / ASSUMED PARAMETERS,0,False,480.29,STABLE,False,1296.78
2024-01-08,P0003,S005,WH_5,SKU_11,36.574165,833.0,3.0,349.0,0.0,18.92,31.99,0.0,0.0,WH_5,1.99,103.38,46,6507,SYNTHETIC / ASSUMED PARAMETERS,0,False,796.43,STABLE,False,1584.89
2024-01-08,P0018,S005,WH_5,SKU_25,74.249084,425.0,7.0,311.0,0.0,8.45,14.29,0.0,0.0,WH_5,0.63,58.32,37,5926,SYNTHETIC / ASSUMED PARAMETERS,0,False,350.75,STABLE,False,220.97
2024-01-08,P0010,S004,WH_4,SKU_18,95.11042,411.0,6.0,250.0,0.0,5.35,9.51,0.0,0.0,WH_4,0.78,43.27,45,6602,SYNTHETIC / ASSUMED PARAMETERS,0,False,315.89,STABLE,False,246.39
2024-01-08,P0013,S004,WH_4,SKU_20,75.82473,765.0,2.0,327.0,0.0,16.89,23.51,1.0,0.0,WH_4,1.33,49.52,45,10402,SYNTHETIC / ASSUMED PARAMETERS,0,False,689.18,STABLE,False,916.6
2024-01-08,P0009,S004,WH_4,SKU_17,163.25667,362.0,5.0,341.0,0.0,8.62,10.66,0.0,0.0,WH_4,1.16,28.26,74,6506,SYNTHETIC / ASSUMED PARAMETERS,0,False,198.74,STABLE,False,230.54
2024-01-08,P0002,S004,WH_4,SKU_10,74.41635,651.0,14.0,328.0,0.0,19.02,24.9,0.0,0.0,WH_4,2.76,93.09,92,6565,SYNTHETIC / ASSUMED PARAMETERS,0,False,576.58,STABLE,False,1591.37
2024-01-08,P0014,S005,WH_5,SKU_21,31.412914,607.0,8.0,309.0,0.0,13.11,23.25,0.0,0.0,WH_5,1.81,58.89,87,5672,SYNTHETIC / ASSUMED PARAMETERS,0,False,575.59,STABLE,False,1041.81
2024-01-08,P0018,S002,WH_2,SKU_25,116.356995,373.0,3.0,352.0,0.0,5.07,6.95,0.0,0.0,WH_2,0.51,29.96,39,8258,SYNTHETIC / ASSUMED PARAMETERS,0,False,256.64,STABLE,False,130.89
2024-01-08,P0005,S001,WH_1,SKU_13,67.53522,724.0,9.0,246.0,0.0,19.52,24.09,0.0,0.0,WH_1,1.26,57.54,50,8981,SYNTHETIC / ASSUMED PARAMETERS,0,False,656.46,STABLE,False,827.15
2024-01-08,P0001,S004,WH_4,SKU_1,95.460915,368.0,9.0,333.0,0.0,6.93,10.7,0.0,0.0,WH_4,1.02,32.51,60,7800,SYNTHETIC / ASSUMED PARAMETERS,0,False,272.54,STABLE,False,277.99
2024-01-08,P0007,S002,WH_2,SKU_15,29.619284,778.0,8.0,386.0,0.0,11.37,14.92,0.0,0.0,WH_2,1.19,43.87,61,9277,SYNTHETIC / ASSUMED PARAMETERS,0,False,748.38,STABLE,False,890.57
2024-01-08,P0016,S004,WH_4,SKU_23,52.64114,742.0,14.0,236.0,0.0,15.4,18.69,0.0,0.0,WH_4,1.44,47.04,57,10538,SYNTHETIC / ASSUMED PARAMETERS,0,False,689.36,STABLE,False,992.68
2024-01-08,P0010,S003,WH_3,SKU_18,75.88396,685.0,9.0,213.0,0.0,15.53,20.4,0.0,0.0,WH_3,2.28,65.06,40,7890,SYNTHETIC / ASSUMED PARAMETERS,0,False,609.12,STABLE,False,1388.78
2024-01-08,P0012,S003,WH_3,SKU_2,30.067223,771.0,10.0,319.0,0.0,5.02,7.82,0.0,0.0,WH_3,0.45,23.6,74,9396,SYNTHETIC / ASSUMED PARAMETERS,0,False,740.93,STABLE,False,333.42
2024-01-08,P0005,S002,WH_2,SKU_13,71.85751,548.0,11.0,350.0,214.0,17.04,21.69,0.0,0.0,WH_2,2.15,79.74,38,5796,SYNTHETIC / ASSUMED PARAMETERS,0,False,476.14,STABLE,False,1023.71
2024-01-08,P0010,S001,WH_1,SKU_18,29.4322,381.0,2.0,346.0,0.0,8.62,10.49,0.0,0.0,WH_1,0.92,38.21,43,7798,SYNTHETIC / ASSUMED PARAMETERS,0,False,351.57,STABLE,False,323.44
2024-01-08,P0003,S002,WH_2,SKU_11,95.04736,811.0,4.0,230.0,0.0,17.93,29.29,0.0,0.0,WH_2,2.41,85.34,31,10194,SYNTHETIC / ASSUMED PARAMETERS,0,False,715.95,STABLE,False,1725.45
2024-01-09,P0018,S004,WH_4,SKU_25,61.073265,405.0,9.0,273.0,0.0,12.02,19.24,0.0,0.0,WH_4,1.67,68.75,82,5738,SYNTHETIC / ASSUMED PARAMETERS,0,False,343.93,STABLE,False,574.36
2024-01-09,P0016,S005,WH_5,SKU_23,112.54924,586.0,3.0,383.0,0.0,19.43,28.74,0.0,0.0,WH_5,2.51,93.33,52,7979,SYNTHETIC / ASSUMED PARAMETERS,0,False,473.45,STABLE,False,1188.36
2024-01-09,P0016,S002,WH_2,SKU_23,202.50632,549.0,12.0,312.0,0.0,6.68,11.81,0.0,0.0,WH_2,0.8,35.45,73,10338,SYNTHETIC / ASSUMED PARAMETERS,0,False,346.49,STABLE,False,277.19
2024-01-09,P0020,S005,WH_5,SKU_27,96.162094,360.0,2.0,353.0,0.0,17.89,25.71,0.0,0.0,WH_5,1.71,74.7,103,6290,SYNTHETIC / ASSUMED PARAMETERS,0,False,263.84,STABLE,False,451.16
2024-01-09,P0008,S001,WH_1,SKU_16,112.56491,706.0,14.0,328.0,0.0,11.96,17.38,0.0,0.0,WH_1,1.64,39.73,88,10604,SYNTHETIC / ASSUMED PARAMETERS,0,False,593.44,STABLE,False,973.23
2024-01-09,P0003,S005,WH_5,SKU_11,90.6043,806.0,3.0,349.0,0.0,18.92,31.99,0.0,0.0,WH_5,1.99,103.38,46,6507,SYNTHETIC / ASSUMED PARAMETERS,0,False,715.4,STABLE,False,1423.64
2024-01-09,P0007,S004,WH_4,SKU_15,109.55442,508.0,5.0,224.0,0.0,13.52,23.32,0.0,0.0,WH_4,1.16,58.22,61,7785,SYNTHETIC / ASSUMED PARAMETERS,0,False,398.45,STABLE,False,462.2
2024-01-09,P0010,S001,WH_1,SKU_18,68.63079,358.0,2.0,346.0,0.0,8.62,10.49,1.0,0.0,WH_1,0.92,38.21,43,7798,SYNTHETIC / ASSUMED PARAMETERS,0,False,289.37,STABLE,False,266.22
2024-01-09,P0008,S005,WH_5,SKU_16,126.265045,739.0,2.0,394.0,0.0,13.23,20.46,0.0,0.0,WH_5,1.66,59.45,101,8221,SYNTHETIC / ASSUMED PARAMETERS,0,False,612.73,STABLE,False,1017.14
2024-01-09,P0018,S003,WH_3,SKU_25,59.584023,666.0,7.0,232.0,0.0,6.51,8.04,0.0,0.0,WH_3,0.89,32.85,39,9598,SYNTHETIC / ASSUMED PARAMETERS,0,False,606.42,STABLE,False,539.71
2024-01-09,P0020,S001,WH_1,SKU_27,58.596996,536.0,2.0,389.0,0.0,5.89,7.48,0.0,0.0,WH_1,0.77,21.54,103,8847,SYNTHETIC / ASSUMED PARAMETERS,0,False,477.4,STABLE,False,367.6
2024-01-09,P0010,S005,WH_5,SKU_18,95.80531,709.0,13.0,394.0,0.0,13.35,21.48,0.0,0.0,WH_5,1.44,69.56,77,8261,SYNTHETIC / ASSUMED PARAMETERS,0,False,613.19,STABLE,False,883.0
2024-01-09,P0019,S004,WH_4,SKU_26,118.011826,495.0,14.0,331.0,0.0,8.71,13.65,0.0,0.0,WH_4,0.81,35.89,53,6838,SYNTHETIC / ASSUMED PARAMETERS,0,False,376.99,STABLE,False,305.36
2024-01-09,P0007,S001,WH_1,SKU_15,87.147316,638.0,13.0,327.0,0.0,16.7,28.78,0.0,0.0,WH_1,2.21,100.17,53,6976,SYNTHETIC / ASSUMED PARAMETERS,0,False,550.85,STABLE,False,1217.38
2024-01-09,P0008,S003,WH_3,SKU_16,133.0528,399.0,6.0,336.0,0.0,12.08,18.52,0.0,0.0,WH_3,1.03,67.38,41,10278,SYNTHETIC / ASSUMED PARAMETERS,0,False,265.95,STABLE,False,273.93
2024-01-09,P0002,S002,WH_2,SKU_10,88.17142,343.0,10.0,310.0,0.0,13.83,22.36,0.0,0.0,WH_2,0.8,49.56,40,6844,SYNTHETIC / ASSUMED PARAMETERS,0,False,254.83,STABLE,False,203.86
2024-01-09,P0014,S002,WH_2,SKU_21,105.4849,453.0,7.0,349.0,0.0,8.18,12.0,0.0,0.0,WH_2,1.13,36.82,79,8567,SYNTHETIC / ASSUMED PARAMETERS,0,False,347.52,STABLE,False,392.69
2024-01-09,P0018,S005,WH_5,SKU_25,71.50372,390.0,7.0,311.0,0.0,8.45,14.29,1.0,0.0,WH_5,0.63,58.32,37,5926,SYNTHETIC / ASSUMED PARAMETERS,0,False,318.5,STABLE,False,200.65
2024-01-09,P0018,S002,WH_2,SKU_25,104.94701,344.0,3.0,352.0,0.0,5.07,6.95,0.0,0.0,WH_2,0.51,29.96,39,8258,SYNTHETIC / ASSUMED PARAMETERS,8,True,247.05,STABLE,False,155.96
2024-01-09,P0016,S004,WH_4,SKU_23,70.554184,722.0,14.0,236.0,0.0,15.4,18.69,0.0,0.0,WH_4,1.44,47.04,57,10538,SYNTHETIC / ASSUMED PARAMETERS,0,False,651.45,STABLE,False,938.08
2024-01-09,P0005,S004,WH_4,SKU_13,80.82988,743.0,10.0,251.0,0.0,14.29,19.75,0.0,0.0,WH_4,0.97,79.01,68,10644,SYNTHETIC / ASSUMED PARAMETERS,0,False,662.17,STABLE,False,642.31
2024-01-09,P0012,S003,WH_3,SKU_2,105.63091,754.0,10.0,319.0,0.0,5.02,7.82,0.0,0.0,WH_3,0.45,23.6,74,9396,SYNTHETIC / ASSUMED PARAMETERS,0,False,648.37,STABLE,False,291.77
2024-01-09,P0001,S001,WH_1,SKU_1,88.09413,410.0,14.0,379.0,0.0,13.95,20.48,0.0,0.0,WH_1,1.88,67.42,94,6673,SYNTHETIC / ASSUMED PARAMETERS,0,False,321.91,STABLE,False,605.18
2024-01-09,P0020,S003,WH_3,SKU_27,94.75964,570.0,3.0,296.0,0.0,9.18,15.91,0.0,0.0,WH_3,1.13,62.45,32,6179,SYNTHETIC / ASSUMED PARAMETERS,0,False,475.24,STABLE,False,537.02
2024-01-09,P0011,S001,WH_1,SKU_19,83.555214,335.0,8.0,287.0,0.0,12.4,18.41,0.0,0.0,WH_1,1.18,43.0,33,9186,SYNTHETIC / ASSUMED PARAMETERS,0,False,251.44,STABLE,False,296.7
2024-01-09,P0013,S004,WH_4,SKU_20,118.15766,734.0,2.0,327.0,0.0,16.89,23.51,0.0,0.0,WH_4,1.33,49.52,45,10402,SYNTHETIC / ASSUMED PARAMETERS,0,False,615.84,STABLE,False,819.07
2024-01-09,P0001,S003,WH_3,SKU_1,96.58408,327.0,6.0,314.0,0.0,6.06,8.41,1.0,0.0,WH_3,0.95,32.98,61,6038,SYNTHETIC / ASSUMED PARAMETERS,0,False,230.42,STABLE,False,218.9
2024-01-09,P0009,S001,WH_1,SKU_17,131.26436,754.0,10.0,268.0,0.0,14.9,26.61,0.0,0.0,WH_1,1.04,53.46,53,5188,SYNTHETIC / ASSUMED PARAMETERS,0,False,622.74,STABLE,False,647.65
2024-01-09,P0011,S003,WH_3,SKU_19,78.78902,650.0,4.0,295.0,0.0,14.17,23.01,0.0,0.0,WH_3,1.45,87.37,62,9399,SYNTHETIC / ASSUMED PARAMETERS,0,False,571.21,STABLE,False,828.26
2024-01-09,P0009,S003,WH_3,SKU_17,130.8598,519.0,3.0,339.0,0.0,16.8,28.54,0.0,0.0,WH_3,1.1,80.9,84,7273,SYNTHETIC / ASSUMED PARAMETERS,0,False,388.14,STABLE,False,426.95
2024-01-09,P0019,S001,WH_1,SKU_26,61.722836,689.0,2.0,335.0,0.0,18.22,23.67,0.0,0.0,WH_1,2.52,50.97,34,5684,SYNTHETIC / ASSUMED PARAMETERS,0,False,627.28,STABLE,False,1580.74
2024-01-09,P0009,S002,WH_2,SKU_17,134.8374,402.0,13.0,372.0,0.0,16.68,21.24,0.0,0.0,WH_2,1.17,53.18,81,8112,SYNTHETIC / ASSUMED PARAMETERS,0,False,267.16,STABLE,False,312.58
2024-01-09,P0002,S003,WH_3,SKU_10,90.87803,620.0,5.0,218.0,0.0,13.68,17.87,0.0,0.0,WH_3,1.74,42.93,55,5968,SYNTHETIC / ASSUMED PARAMETERS,0,False,529.12,STABLE,False,920.67
2024-01-09,P0017,S002,WH_2,SKU_24,77.77181,658.0,5.0,365.0,0.0,19.69,29.64,0.0,0.0,WH_2,2.19,76.95,92,10380,SYNTHETIC / ASSUMED PARAMETERS,0,False,580.23,STABLE,False,1270.7
2024-01-09,P0010,S003,WH_3,SKU_18,101.11229,668.0,9.0,213.0,0.0,15.53,20.4,0.0,0.0,WH_3,2.28,65.06,40,7890,SYNTHETIC / ASSUMED PARAMETERS,0,False,566.89,STABLE,False,1292.5
2024-01-09,P0011,S005,WH_5,SKU_19,90.88245,471.0,7.0,281.0,0.0,15.87,25.1,0.0,0.0,WH_5,2.0,76.39,84,8102,SYNTHETIC / ASSUMED PARAMETERS,0,False,380.12,STABLE,False,760.24
2024-01-09,P0017,S005,WH_5,SKU_24,99.65996,632.0,7.0,313.0,0.0,7.27,12.17,0.0,0.0,WH_5,0.56,44.06,66,10704,SYNTHETIC / ASSUMED PARAMETERS,0,False,532.34,STABLE,False,298.11
2024-01-09,P0015,S002,WH_2,SKU_22,133.3869,553.0,7.0,261.0,0.0,9.82,14.68,0.0,0.0,WH_2,1.21,42.78,60,5653,SYNTHETIC / ASSUMED PARAMETERS,0,False,419.61,STABLE,False,507.73
2024-01-09,P0006,S005,WH_5,SKU_14,92.67457,822.0,6.0,259.0,0.0,11.19,14.98,0.0,0.0,WH_5,0.92,37.97,55,10175,SYNTHETIC / ASSUMED PARAMETERS,0,False,729.33,STABLE,False,670.98
2024-01-09,P0001,S002,WH_2,SKU_1,103.157845,690.0,8.0,322.0,0.0,11.46,19.92,0.0,0.0,WH_2,0.9,70.92,62,9416,SYNTHETIC / ASSUMED PARAMETERS,0,False,586.84,STABLE,False,528.16
2024-01-09,P0015,S004,WH_4,SKU_22,76.32474,446.0,11.0,374.0,0.0,19.16,23.34,0.0,0.0,WH_4,2.12,46.36,63,10964,SYNTHETIC / ASSUMED PARAMETERS,0,False,369.68,STABLE,False,783.71
2024-01-09,P0017,S004,WH_4,SKU_24,114.6087,378.0,13.0,301.0,0.0,7.11,12.19,0.0,0.0,WH_4,1.05,31.77,79,5355,SYNTHETIC / ASSUMED PARAMETERS,0,False,263.39,STABLE,False,276.56
2024-01-09,P0012,S001,WH_1,SKU_2,148.75342,797.0,13.0,228.0,0.0,19.76,35.1,0.0,0.0,WH_1,2.92,120.54,61,5736,SYNTHETIC / ASSUMED PARAMETERS,0,False,648.25,STABLE,False,1892.88
2024-01-09,P0004,S001,WH_1,SKU_12,98.94366,779.0,5.0,299.0,0.0,5.36,7.17,0.0,0.0,WH_1,0.74,24.31,60,7801,SYNTHETIC / ASSUMED PARAMETERS,0,False,680.06,STABLE,False,503.24
2024-01-09,P0006,S004,WH_4,SKU_14,111.013435,325.0,10.0,343.0,0.0,5.76,8.49,1.0,0.0,WH_4,0.78,37.66,58,8907,SYNTHETIC / ASSUMED PARAMETERS,18,True,231.99,STABLE,False,218.61
2024-01-09,P0008,S004,WH_4,SKU_16,59.044956,590.0,4.0,367.0,0.0,6.61,9.52,1.0,0.0,WH_4,0.87,40.21,59,5735,SYNTHETIC / ASSUMED PARAMETERS,0,False,530.96,STABLE,False,461.93
2024-01-09,P0007,S003,WH_3,SKU_15,93.2207,618.0,7.0,265.0,0.0,6.24,9.99,0.0,0.0,WH_3,0.69,40.25,72,9290,SYNTHETIC / ASSUMED PARAMETERS,0,False,524.78,STABLE,False,362.1
2024-01-09,P0008,S002,WH_2,SKU_16,134.7824,323.0,11.0,327.0,0.0,19.0,26.16,0.0,0.0,WH_2,2.13,82.7,65,6031,SYNTHETIC / ASSUMED PARAMETERS,4,True,192.22,STABLE,False,492.12
2024-01-09,P0014,S004,WH_4,SKU_21,73.797966,456.0,8.0,379.0,0.0,12.65,20.04,0.0,0.0,WH_4,0.78,76.01,44,11017,SYNTHETIC / ASSUMED PARAMETERS,0,False,382.2,STABLE,False,298.12
2024-01-09,P0003,S001,WH_1,SKU_11,90.49886,791.0,4.0,286.0,0.0,19.54,34.79,0.0,0.0,WH_1,2.75,93.77,81,6423,SYNTHETIC / ASSUMED PARAMETERS,0,False,700.5,STABLE,False,1926.38
2024-01-09,P0013,S003,WH_3,SKU_20,142.30623,688.0,3.0,319.0,0.0,14.9,25.16,0.0,0.0,WH_3,1.3,53.63,94,9643,SYNTHETIC / ASSUMED PARAMETERS,0,False,545.69,STABLE,False,709.4
2024-01-09,P0019,S003,WH_3,SKU_26,117.50552,671.0,14.0,222.0,0.0,7.66,9.43,0.0,0.0,WH_3,0.81,30.44,28,5399,SYNTHETIC / ASSUMED PARAMETERS,0,False,553.49,STABLE,False,448.33
2024-01-09,P0011,S004,WH_4,SKU_19,99.81686,476.0,4.0,352.0,0.0,5.41,7.4,1.0,0.0,WH_4,0.43,30.95,55,9647,SYNTHETIC / ASSUMED PARAMETERS,0,False,376.18,STABLE,False,161.76
2024-01-09,P0015,S003,WH_3,SKU_22,144.7272,529.0,4.0,211.0,0.0,18.38,32.58,0.0,0.0,WH_3,1.34,101.74,33,5385,SYNTHETIC / ASSUMED PARAMETERS,0,False,384.27,STABLE,False,514.93
2024-01-09,P0016,S001,WH_1,SKU_23,117.40106,461.0,8.0,239.0,0.0,9.05,14.03,0.0,0.0,WH_1,0.76,35.69,32,4845,SYNTHETIC / ASSUMED PARAMETERS,0,False,343.6,STABLE,False,261.14
2024-01-09,P0002,S005,WH_5,SKU_10,84.50871,351.0,9.0,246.0,0.0,9.67,15.35,0.0,0.0,WH_5,1.52,60.17,40,6308,SYNTHETIC / ASSUMED PARAMETERS,0,False,266.49,STABLE,False,405.07
2024-01-09,P0002,S004,WH_4,SKU_10,88.21261,626.0,14.0,328.0,0.0,19.02,24.9,0.0,0.0,WH_4,2.76,93.09,92,6565,SYNTHETIC / ASSUMED PARAMETERS,0,False,537.79,STABLE,False,1484.29
2024-01-09,P0011,S002,WH_2,SKU_19,142.72604,445.0,8.0,316.0,0.0,12.67,18.56,0.0,0.0,WH_2,1.58,55.58,37,4994,SYNTHETIC / ASSUMED PARAMETERS,0,False,302.27,STABLE,False,477.59
2024-01-09,P0007,S005,WH_5,SKU_15,106.00275,469.0,14.0,279.0,0.0,15.48,21.47,0.0,0.0,WH_5,1.08,84.29,72,9525,SYNTHETIC / ASSUMED PARAMETERS,0,False,363.0,STABLE,False,392.04
2024-01-09,P0005,S003,WH_3,SKU_13,60.246506,392.0,14.0,382.0,0.0,6.01,8.52,0.0,0.0,WH_3,0.87,30.72,112,6380,SYNTHETIC / ASSUMED PARAMETERS,0,False,331.75,STABLE,False,288.63
2024-01-09,P0013,S005,WH_5,SKU_20,108.11985,641.0,2.0,246.0,0.0,10.07,18.03,0.0,0.0,WH_5,0.8,71.16,65,5639,SYNTHETIC / ASSUMED PARAMETERS,0,False,532.88,STABLE,False,426.3
2024-01-09,P0003,S003,WH_3,SKU_11,90.96103,625.0,13.0,342.0,0.0,13.85,18.39,0.0,0.0,WH_3,1.16,58.36,96,10164,SYNTHETIC / ASSUMED PARAMETERS,0,False,534.04,STABLE,False,619.49
2024-01-09,P0017,S001,WH_1,SKU_24,85.61206,401.0,2.0,288.0,0.0,6.14,10.22,0.0,0.0,WH_1,0.75,31.15,47,6037,SYNTHETIC / ASSUMED PARAMETERS,0,False,315.39,STABLE,False,236.54
2024-01-09,P0004,S002,WH_2,SKU_12,98.535355,523.0,6.0,370.0,0.0,19.03,23.02,0.0,0.0,WH_2,2.32,68.2,104,8597,SYNTHETIC / ASSUMED PARAMETERS,0,False,424.46,STABLE,False,984.76
2024-01-09,P0012,S002,WH_2,SKU_2,104.871025,739.0,8.0,377.0,0.0,16.77,22.06,0.0,0.0,WH_2,1.73,61.48,56,5161,SYNTHETIC / ASSUMED PARAMETERS,0,False,634.13,STABLE,False,1097.04
2024-01-09,P0003,S002,WH_2,SKU_11,88.004,795.0,4.0,230.0,0.0,17.93,29.29,0.0,0.0,WH_2,2.41,85.34,31,10194,SYNTHETIC / ASSUMED PARAMETERS,0,False,707.0,STABLE,False,1703.86
2024-01-09,P0005,S005,WH_5,SKU_13,105.624466,672.0,7.0,305.0,0.0,15.13,23.34,0.0,0.0,WH_5,0.88,49.29,48,10583,SYNTHETIC / ASSUMED PARAMETERS,0,False,566.38,STABLE,False,498.41
2024-01-09,P0019,S002,WH_2,SKU_26,121.98226,705.0,5.0,273.0,0.0,8.5,11.16,0.0,0.0,WH_2,0.55,33.37,47,8606,SYNTHETIC / ASSUMED PARAMETERS,0,False,583.02,STABLE,False,320.66
2024-01-09,P0004,S003,WH_3,SKU_12,86.445885,588.0,6.0,234.0,0.0,10.01,13.38,0.0,0.0,WH_3,1.57,45.39,57,10301,SYNTHETIC / ASSUMED PARAMETERS,0,False,501.55,STABLE,False,787.44
2024-01-09,P0006,S002,WH_2,SKU_14,122.23846,660.0,14.0,268.0,0.0,18.83,23.34,0.0,0.0,WH_2,2.51,66.61,39,5701,SYNTHETIC / ASSUMED PARAMETERS,0,False,537.76,STABLE,False,1349.78
2024-01-09,P0017,S003,WH_3,SKU_24,56.12345,672.0,10.0,209.0,0.0,10.59,15.15,0.0,0.0,WH_3,1.43,56.19,52,9960,SYNTHETIC / ASSUMED PARAMETERS,0,False,615.88,STABLE,False,880.7
2024-01-09,P0013,S002,WH_2,SKU_20,139.2919,518.0,9.0,336.0,0.0,12.31,20.86,0.0,0.0,WH_2,1.41,50.99,90,10971,SYNTHETIC / ASSUMED PARAMETERS,0,False,378.71,STABLE,False,533.98
2024-01-09,P0012,S005,WH_5,SKU_2,85.73563,680.0,14.0,267.0,0.0,15.0,26.38,0.0,0.0,WH_5,1.72,57.23,63,7517,SYNTHETIC / ASSUMED PARAMETERS,0,False,594.26,STABLE,False,1022.13
2024-01-09,P0005,S001,WH_1,SKU_13,112.582184,705.0,9.0,246.0,0.0,19.52,24.09,0.0,0.0,WH_1,1.26,57.54,50,8981,SYNTHETIC / ASSUMED PARAMETERS,0,False,592.42,STABLE,False,746.45
2024-01-09,P0009,S005,WH_5,SKU_17,105.85051,409.0,8.0,321.0,0.0,7.73,13.36,0.0,0.0,WH_5,0.58,50.99,60,7894,SYNTHETIC / ASSUMED PARAMETERS,0,False,303.15,STABLE,False,175.83
2024-01-09,P0016,S003,WH_3,SKU_23,101.48438,583.0,5.0,293.0,0.0,18.08,23.36,0.0,0.0,WH_3,2.55,64.6,72,10369,SYNTHETIC / ASSUMED PARAMETERS,0,False,481.52,STABLE,False,1227.86
2024-01-09,P0010,S004,WH_4,SKU_18,103.13109,384.0,6.0,250.0,0.0,5.35,9.51,0.0,0.0,WH_4,0.78,43.27,45,6602,SYNTHETIC / ASSUMED PARAMETERS,0,False,280.87,STABLE,False,219.08
2024-01-09,P0014,S005,WH_5,SKU_21,74.68462,576.0,8.0,309.0,0.0,13.11,23.25,0.0,0.0,WH_5,1.81,58.89,87,5672,SYNTHETIC / ASSUMED PARAMETERS,0,False,501.32,STABLE,False,907.38
2024-01-09,P0001,S004,WH_4,SKU_1,99.00813,341.0,9.0,333.0,0.0,6.93,10.7,0.0,0.0,WH_4,1.02,32.51,60,7800,SYNTHETIC / ASSUMED PARAMETERS,0,False,241.99,STABLE,False,246.83
2024-01-09,P0013,S001,WH_1,SKU_20,115.02444,385.0,9.0,295.0,0.0,9.55,16.05,0.0,0.0,WH_1,1.19,44.04,33,5191,SYNTHETIC / ASSUMED PARAMETERS,0,False,269.98,STABLE,False,321.27
2024-01-09,P0002,S001,WH_1,SKU_10,89.3181,659.0,13.0,361.0,0.0,12.67,18.73,0.0,0.0,WH_1,1.29,70.59,100,6990,SYNTHETIC / ASSUMED PARAMETERS,0,False,569.68,STABLE,False,734.89
2024-01-09,P0007,S002,WH_2,SKU_15,85.52681,769.0,8.0,386.0,0.0,11.37,14.92,0.0,0.0,WH_2,1.19,43.87,61,9277,SYNTHETIC / ASSUMED PARAMETERS,0,False,683.47,STABLE,False,813.33
2024-01-09,P0004,S004,WH_4,SKU_12,95.29272,681.0,12.0,227.0,0.0,14.2,19.73,0.0,0.0,WH_4,1.6,43.96,33,7746,SYNTHETIC / ASSUMED PARAMETERS,0,False,585.71,STABLE,False,937.13
2024-01-09,P0005,S002,WH_2,SKU_13,102.0922,522.0,11.0,350.0,0.0,17.04,21.69,0.0,0.0,WH_2,2.15,79.74,38,5796,SYNTHETIC / ASSUMED PARAMETERS,0,False,419.91,STABLE,False,902.8
2024-01-09,P0006,S001,WH_1,SKU_14,99.06872,340.0,11.0,265.0,0.0,8.21,11.1,0.0,0.0,WH_1,1.31,43.21,69,6246,SYNTHETIC / ASSUMED PARAMETERS,0,False,240.93,STABLE,False,315.62
2024-01-09,P0020,S002,WH_2,SKU_27,90.51437,728.0,4.0,223.0,0.0,16.3,21.54,0.0,0.0,WH_2,1.63,83.19,46,6479,SYNTHETIC / ASSUMED PARAMETERS,0,False,637.49,STABLE,False,1039.1
2024-01-09,P0004,S005,WH_5,SKU_12,63.769062,575.0,6.0,349.0,0.0,10.21,15.8,0.0,0.0,WH_5,0.76,39.17,96,5993,SYNTHETIC / ASSUMED PARAMETERS,0,False,511.23,STABLE,False,388.54
2024-01-09,P0015,S005,WH_5,SKU_22,122.30555,333.0,4.0,326.0,0.0,16.45,25.06,1.0,0.0,WH_5,2.1,76.56,84,10655,SYNTHETIC / ASSUMED PARAMETERS,0,False,210.69,STABLE,False,442.46
2024-01-09,P0003,S004,WH_4,SKU_11,63.43823,804.0,2.0,382.0,0.0,6.2,7.82,0.0,0.0,WH_4,0.5,33.95,90,5402,SYNTHETIC / ASSUMED PARAMETERS,0,False,740.56,STABLE,False,370.28
2024-01-09,P0014,S001,WH_1,SKU_21,105.5373,543.0,11.0,245.0,0.0,19.68,23.66,0.0,0.0,WH_1,2.7,52.3,38,5664,SYNTHETIC / ASSUMED PARAMETERS,0,False,437.46,STABLE,False,1181.15
2024-01-09,P0014,S003,WH_3,SKU_21,109.78592,783.0,10.0,283.0,0.0,5.75,8.47,0.0,0.0,WH_3,0.72,24.19,84,8334,SYNTHETIC / ASSUMED PARAMETERS,0,False,673.21,STABLE,False,484.71
2024-01-09,P0009,S004,WH_4,SKU_17,112.336426,343.0,5.0,341.0,0.0,8.62,10.66,0.0,0.0,WH_4,1.16,28.26,74,6506,SYNTHETIC / ASSUMED PARAMETERS,0,False,230.66,STABLE,False,267.57
2024-01-09,P0010,S002,WH_2,SKU_18,140.7944,727.0,10.0,270.0,0.0,17.51,24.82,0.0,0.0,WH_2,1.18,54.17,54,10850,SYNTHETIC / ASSUMED PARAMETERS,0,False,586.21,STABLE,False,691.72
2024-01-09,P0006,S003,WH_3,SKU_14,93.09852,513.0,3.0,283.0,0.0,5.88,9.37,0.0,0.0,WH_3,0.82,33.85,73,7722,SYNTHETIC / ASSUMED PARAMETERS,0,False,419.9,STABLE,False,344.32
2024-01-09,P0019,S005,WH_5,SKU_26,111.411835,623.0,4.0,393.0,0.0,17.15,27.81,0.0,0.0,WH_5,2.55,59.97,91,8473,SYNTHETIC / ASSUMED PARAMETERS,0,False,511.59,STABLE,False,1304.55
2024-01-09,P0018,S001,WH_1,SKU_25,93.89361,459.0,5.0,314.0,0.0,14.23,20.28,0.0,0.0,WH_1,0.9,46.65,78,5160,SYNTHETIC / ASSUMED PARAMETERS,0,False,365.11,STABLE,False,328.6
2024-01-09,P0012,S004,WH_4,SKU_2,136.58228,379.0,6.0,290.0,0.0,7.06,10.96,0.0,0.0,WH_4,1.1,40.69,80,10160,SYNTHETIC / ASSUMED PARAMETERS,0,False,242.42,STABLE,False,266.66
2024-01-09,P0020,S004,WH_4,SKU_27,59.654858,796.0,14.0,289.0,0.0,13.84,20.65,0.0,0.0,WH_4,2.11,78.58,52,8263,SYNTHETIC / ASSUMED PARAMETERS,0,False,736.35,STABLE,False,1553.69
2024-01-09,P0001,S005,WH_5,SKU_1,116.82413,478.0,4.0,366.0,0.0,19.41,23.81,0.0,0.0,WH_5,2.58,47.73,54,8279,SYNTHETIC / ASSUMED PARAMETERS,0,False,361.18,STABLE,False,931.83
2024-01-09,P0015,S001,WH_1,SKU_22,97.45728,762.0,4.0,282.0,0.0,8.88,12.51,0.0,0.0,WH_1,0.94,51.81,47,10427,SYNTHETIC / ASSUMED PARAMETERS,0,False,664.54,STABLE,False,624.67
2024-01-10,P0007,S002,WH_2,SKU_15,115.20734,757.0,8.0,386.0,0.0,11.37,14.92,0.0,0.0,WH_2,1.19,43.87,61,9277,SYNTHETIC / ASSUMED PARAMETERS,0,False,641.79,STABLE,False,763.73
2024-01-10,P0017,S003,WH_3,SKU_24,75.77677,663.0,10.0,209.0,0.0,10.59,15.15,0.0,0.0,WH_3,1.43,56.19,52,9960,SYNTHETIC / ASSUMED PARAMETERS,0,False,587.22,STABLE,False,839.73
2024-01-10,P0009,S002,WH_2,SKU_17,98.17217,374.0,13.0,372.0,0.0,16.68,21.24,0.0,0.0,WH_2,1.17,53.18,81,8112,SYNTHETIC / ASSUMED PARAMETERS,0,False,275.83,STABLE,False,322.72
2024-01-10,P0014,S004,WH_4,SKU_21,66.58464,436.0,8.0,379.0,0.0,12.65,20.04,0.0,0.0,WH_4,0.78,76.01,44,11017,SYNTHETIC / ASSUMED PARAMETERS,0,False,369.42,STABLE,False,288.14
2024-01-10,P0017,S004,WH_4,SKU_24,166.64648,350.0,13.0,301.0,0.0,7.11,12.19,0.0,0.0,WH_4,1.05,31.77,79,5355,SYNTHETIC / ASSUMED PARAMETERS,0,False,183.35,STABLE,False,192.52
2024-01-10,P0007,S001,WH_1,SKU_15,124.46256,618.0,13.0,327.0,0.0,16.7,28.78,0.0,0.0,WH_1,2.21,100.17,53,6976,SYNTHETIC / ASSUMED PARAMETERS,0,False,493.54,STABLE,False,1090.72
2024-01-10,P0012,S004,WH_4,SKU_2,116.96137,354.0,6.0,290.0,0.0,7.06,10.96,0.0,0.0,WH_4,1.1,40.69,80,10160,SYNTHETIC / ASSUMED PARAMETERS,0,False,237.04,STABLE,False,260.74
2024-01-10,P0016,S001,WH_1,SKU_23,114.99906,444.0,8.0,239.0,0.0,9.05,14.03,0.0,0.0,WH_1,0.76,35.69,32,4845,SYNTHETIC / ASSUMED PARAMETERS,0,False,329.0,STABLE,False,250.04
2024-01-10,P0019,S001,WH_1,SKU_26,49.861168,657.0,2.0,335.0,0.0,18.22,23.67,0.0,0.0,WH_1,2.52,50.97,34,5684,SYNTHETIC / ASSUMED PARAMETERS,0,False,607.14,STABLE,False,1529.99
2024-01-10,P0020,S004,WH_4,SKU_27,71.440605,776.0,14.0,289.0,0.0,13.84,20.65,0.0,0.0,WH_4,2.11,78.58,52,8263,SYNTHETIC / ASSUMED PARAMETERS,0,False,704.56,STABLE,False,1486.62
2024-01-10,P0001,S003,WH_3,SKU_1,93.39666,300.0,6.0,314.0,0.0,6.06,8.41,1.0,0.0,WH_3,0.95,32.98,61,6038,SYNTHETIC / ASSUMED PARAMETERS,14,True,220.6,STABLE,False,242.55
2024-01-10,P0019,S002,WH_2,SKU_26,104.20327,682.0,5.0,273.0,0.0,8.5,11.16,1.0,0.0,WH_2,0.55,33.37,47,8606,SYNTHETIC / ASSUMED PARAMETERS,0,False,577.8,STABLE,False,317.79
2024-01-10,P0003,S003,WH_3,SKU_11,122.94134,612.0,13.0,342.0,0.0,13.85,18.39,0.0,0.0,WH_3,1.16,58.36,96,10164,SYNTHETIC / ASSUMED PARAMETERS,0,False,489.06,STABLE,False,567.31
2024-01-10,P0012,S003,WH_3,SKU_2,63.903355,740.0,10.0,319.0,0.0,5.02,7.82,0.0,0.0,WH_3,0.45,23.6,74,9396,SYNTHETIC / ASSUMED PARAMETERS,0,False,676.1,STABLE,False,304.24
2024-01-10,P0014,S005,WH_5,SKU_21,89.52884,556.0,8.0,309.0,0.0,13.11,23.25,0.0,0.0,WH_5,1.81,58.89,87,5672,SYNTHETIC / ASSUMED PARAMETERS,0,False,466.47,STABLE,False,844.31
2024-01-10,P0013,S003,WH_3,SKU_20,137.52925,662.0,3.0,319.0,0.0,14.9,25.16,0.0,0.0,WH_3,1.3,53.63,94,9643,SYNTHETIC / ASSUMED PARAMETERS,0,False,524.47,STABLE,False,681.81
2024-01-10,P0010,S001,WH_1,SKU_18,73.95214,341.0,2.0,346.0,0.0,8.62,10.49,0.0,0.0,WH_1,0.92,38.21,43,7798,SYNTHETIC / ASSUMED PARAMETERS,5,True,272.05,STABLE,False,288.49
2024-01-10,P0011,S004,WH_4,SKU_19,121.05343,447.0,4.0,352.0,0.0,5.41,7.4,0.0,0.0,WH_4,0.43,30.95,55,9647,SYNTHETIC / ASSUMED PARAMETERS,0,False,325.95,STABLE,False,140.16
2024-01-10,P0005,S001,WH_1,SKU_13,103.59878,682.0,9.0,246.0,0.0,19.52,24.09,0.0,0.0,WH_1,1.26,57.54,50,8981,SYNTHETIC / ASSUMED PARAMETERS,0,False,578.4,STABLE,False,728.79
2024-01-10,P0015,S003,WH_3,SKU_22,104.36008,493.0,4.0,211.0,0.0,18.38,32.58,1.0,0.0,WH_3,1.34,101.74,33,5385,SYNTHETIC / ASSUMED PARAMETERS,0,False,388.64,STABLE,False,520.78
2024-01-10,P0006,S002,WH_2,SKU_14,108.40951,637.0,14.0,268.0,0.0,18.83,23.34,0.0,0.0,WH_2,2.51,66.61,39,5701,SYNTHETIC / ASSUMED PARAMETERS,0,False,528.59,STABLE,False,1326.76
2024-01-10,P0001,S005,WH_5,SKU_1,71.2948,460.0,4.0,366.0,0.0,19.41,23.81,0.0,0.0,WH_5,2.58,47.73,54,8279,SYNTHETIC / ASSUMED PARAMETERS,0,False,388.71,STABLE,False,1002.86
2024-01-10,P0010,S003,WH_3,SKU_18,135.88138,652.0,9.0,213.0,0.0,15.53,20.4,0.0,0.0,WH_3,2.28,65.06,40,7890,SYNTHETIC / ASSUMED PARAMETERS,0,False,516.12,STABLE,False,1176.75
2024-01-10,P0013,S002,WH_2,SKU_20,103.26937,495.0,9.0,336.0,0.0,12.31,20.86,0.0,0.0,WH_2,1.41,50.99,90,10971,SYNTHETIC / ASSUMED PARAMETERS,0,False,391.73,STABLE,False,552.34
2024-01-10,P0006,S005,WH_5,SKU_14,106.79532,798.0,6.0,259.0,0.0,11.19,14.98,0.0,0.0,WH_5,0.92,37.97,55,10175,SYNTHETIC / ASSUMED PARAMETERS,0,False,691.2,STABLE,False,635.91
2024-01-10,P0015,S004,WH_4,SKU_22,47.531525,424.0,11.0,374.0,0.0,19.16,23.34,0.0,0.0,WH_4,2.12,46.36,63,10964,SYNTHETIC / ASSUMED PARAMETERS,0,False,376.47,STABLE,False,798.11
2024-01-10,P0004,S005,WH_5,SKU_12,77.12876,544.0,6.0,349.0,0.0,10.21,15.8,1.0,0.0,WH_5,0.76,39.17,96,5993,SYNTHETIC / ASSUMED PARAMETERS,0,False,466.87,STABLE,False,354.82
2024-01-10,P0006,S003,WH_3,SKU_14,121.010544,480.0,3.0,283.0,0.0,5.88,9.37,1.0,0.0,WH_3,0.82,33.85,73,7722,SYNTHETIC / ASSUMED PARAMETERS,0,False,358.99,STABLE,False,294.37
2024-01-10,P0018,S001,WH_1,SKU_25,82.01495,427.0,5.0,314.0,0.0,14.23,20.28,0.0,0.0,WH_1,0.9,46.65,78,5160,SYNTHETIC / ASSUMED PARAMETERS,0,False,344.99,STABLE,False,310.49
2024-01-10,P0018,S003,WH_3,SKU_25,67.27454,648.0,7.0,232.0,0.0,6.51,8.04,0.0,0.0,WH_3,0.89,32.85,39,9598,SYNTHETIC / ASSUMED PARAMETERS,0,False,580.73,STABLE,False,516.85
2024-01-10,P0004,S001,WH_1,SKU_12,104.1592,755.0,5.0,299.0,0.0,5.36,7.17,0.0,0.0,WH_1,0.74,24.31,60,7801,SYNTHETIC / ASSUMED PARAMETERS,0,False,650.84,STABLE,False,481.62
2024-01-10,P0003,S005,WH_5,SKU_11,116.90873,793.0,3.0,349.0,0.0,18.92,31.99,0.0,0.0,WH_5,1.99,103.38,46,6507,SYNTHETIC / ASSUMED PARAMETERS,0,False,676.09,STABLE,False,1345.42
2024-01-10,P0007,S003,WH_3,SKU_15,134.6411,599.0,7.0,265.0,0.0,6.24,9.99,0.0,0.0,WH_3,0.69,40.25,72,9290,SYNTHETIC / ASSUMED PARAMETERS,0,False,464.36,STABLE,False,320.41
2024-01-10,P0013,S001,WH_1,SKU_20,139.6717,357.0,9.0,295.0,0.0,9.55,16.05,0.0,0.0,WH_1,1.19,44.04,33,5191,SYNTHETIC / ASSUMED PARAMETERS,0,False,217.33,STABLE,False,258.62
2024-01-10,P0001,S004,WH_4,SKU_1,117.30656,314.0,9.0,333.0,0.0,6.93,10.7,0.0,0.0,WH_4,1.02,32.51,60,7800,SYNTHETIC / ASSUMED PARAMETERS,19,True,215.69,STABLE,False,252.52
2024-01-10,P0013,S004,WH_4,SKU_20,136.17682,712.0,2.0,327.0,0.0,16.89,23.51,0.0,0.0,WH_4,1.33,49.52,45,10402,SYNTHETIC / ASSUMED PARAMETERS,0,False,575.82,STABLE,False,765.84
2024-01-10,P0014,S003,WH_3,SKU_21,107.54279,759.0,10.0,283.0,0.0,5.75,8.47,0.0,0.0,WH_3,0.72,24.19,84,8334,SYNTHETIC / ASSUMED PARAMETERS,0,False,651.46,STABLE,False,469.05
2024-01-10,P0019,S005,WH_5,SKU_26,57.0589,603.0,4.0,393.0,0.0,17.15,27.81,0.0,0.0,WH_5,2.55,59.97,91,8473,SYNTHETIC / ASSUMED PARAMETERS,0,False,545.94,STABLE,False,1392.15
2024-01-10,P0008,S005,WH_5,SKU_16,89.94935,716.0,2.0,394.0,0.0,13.23,20.46,1.0,0.0,WH_5,1.66,59.45,101,8221,SYNTHETIC / ASSUMED PARAMETERS,0,False,626.05,STABLE,False,1039.24
2024-01-10,P0005,S004,WH_4,SKU_13,94.72546,719.0,10.0,251.0,0.0,14.29,19.75,0.0,0.0,WH_4,0.97,79.01,68,10644,SYNTHETIC / ASSUMED PARAMETERS,0,False,624.27,STABLE,False,605.55
2024-01-10,P0004,S003,WH_3,SKU_12,93.28329,570.0,6.0,234.0,0.0,10.01,13.38,1.0,0.0,WH_3,1.57,45.39,57,10301,SYNTHETIC / ASSUMED PARAMETERS,0,False,476.72,STABLE,False,748.45
2024-01-10,P0019,S004,WH_4,SKU_26,96.866066,478.0,14.0,331.0,0.0,8.71,13.65,0.0,0.0,WH_4,0.81,35.89,53,6838,SYNTHETIC / ASSUMED PARAMETERS,0,False,381.13,STABLE,False,308.72
2024-01-10,P0002,S002,WH_2,SKU_10,103.88764,319.0,10.0,310.0,0.0,13.83,22.36,1.0,0.0,WH_2,0.8,49.56,40,6844,SYNTHETIC / ASSUMED PARAMETERS,0,False,215.11,STABLE,False,172.09
2024-01-10,P0010,S002,WH_2,SKU_18,120.438,714.0,10.0,270.0,0.0,17.51,24.82,0.0,0.0,WH_2,1.18,54.17,54,10850,SYNTHETIC / ASSUMED PARAMETERS,0,False,593.56,STABLE,False,700.4
2024-01-10,P0014,S002,WH_2,SKU_21,66.708374,425.0,7.0,349.0,0.0,8.18,12.0,0.0,0.0,WH_2,1.13,36.82,79,8567,SYNTHETIC / ASSUMED PARAMETERS,0,False,358.29,STABLE,False,404.87
2024-01-10,P0020,S003,WH_3,SKU_27,102.23925,548.0,3.0,296.0,0.0,9.18,15.91,0.0,0.0,WH_3,1.13,62.45,32,6179,SYNTHETIC / ASSUMED PARAMETERS,0,False,445.76,STABLE,False,503.71
2024-01-10,P0012,S005,WH_5,SKU_2,86.8153,662.0,14.0,267.0,0.0,15.0,26.38,0.0,0.0,WH_5,1.72,57.23,63,7517,SYNTHETIC / ASSUMED PARAMETERS,0,False,575.18,STABLE,False,989.32
2024-01-10,P0009,S004,WH_4,SKU_17,130.72466,317.0,5.0,341.0,0.0,8.62,10.66,0.0,0.0,WH_4,1.16,28.26,74,6506,SYNTHETIC / ASSUMED PARAMETERS,24,True,210.28,STABLE,False,272.18
2024-01-10,P0002,S005,WH_5,SKU_10,81.55759,334.0,9.0,246.0,0.0,9.67,15.35,0.0,0.0,WH_5,1.52,60.17,40,6308,SYNTHETIC / ASSUMED PARAMETERS,0,False,252.44,STABLE,False,383.71
2024-01-10,P0003,S002,WH_2,SKU_11,132.5647,777.0,4.0,230.0,0.0,17.93,29.29,0.0,0.0,WH_2,2.41,85.34,31,10194,SYNTHETIC / ASSUMED PARAMETERS,0,False,644.44,STABLE,False,1553.09
2024-01-10,P0016,S005,WH_5,SKU_23,136.10657,571.0,3.0,383.0,0.0,19.43,28.74,0.0,0.0,WH_5,2.51,93.33,52,7979,SYNTHETIC / ASSUMED PARAMETERS,0,False,434.89,STABLE,False,1091.58
2024-01-10,P0018,S005,WH_5,SKU_25,85.21164,362.0,7.0,311.0,0.0,8.45,14.29,0.0,0.0,WH_5,0.63,58.32,37,5926,SYNTHETIC / ASSUMED PARAMETERS,0,False,276.79,STABLE,False,174.38
2024-01-10,P0009,S003,WH_3,SKU_17,88.148895,503.0,3.0,339.0,0.0,16.8,28.54,0.0,0.0,WH_3,1.1,80.9,84,7273,SYNTHETIC / ASSUMED PARAMETERS,0,False,414.85,STABLE,False,456.34
2024-01-10,P0004,S002,WH_2,SKU_12,93.33143,509.0,6.0,370.0,0.0,19.03,23.02,0.0,0.0,WH_2,2.32,68.2,104,8597,SYNTHETIC / ASSUMED PARAMETERS,0,False,415.67,STABLE,False,964.35
2024-01-10,P0017,S001,WH_1,SKU_24,99.649895,383.0,2.0,288.0,0.0,6.14,10.22,0.0,0.0,WH_1,0.75,31.15,47,6037,SYNTHETIC / ASSUMED PARAMETERS,0,False,283.35,STABLE,False,212.51
2024-01-10,P0006,S004,WH_4,SKU_14,122.093056,686.0,10.0,343.0,382.0,5.76,8.49,0.0,0.0,WH_4,0.78,37.66,58,8907,SYNTHETIC / ASSUMED PARAMETERS,0,False,563.91,STABLE,False,439.85
2024-01-10,P0009,S001,WH_1,SKU_17,102.54569,732.0,10.0,268.0,0.0,14.9,26.61,0.0,0.0,WH_1,1.04,53.46,53,5188,SYNTHETIC / ASSUMED PARAMETERS,0,False,629.45,STABLE,False,654.63
2024-01-10,P0011,S005,WH_5,SKU_19,83.11115,450.0,7.0,281.0,0.0,15.87,25.1,0.0,0.0,WH_5,2.0,76.39,84,8102,SYNTHETIC / ASSUMED PARAMETERS,0,False,366.89,STABLE,False,733.78
2024-01-10,P0001,S002,WH_2,SKU_1,98.771164,655.0,8.0,322.0,0.0,11.46,19.92,1.0,0.0,WH_2,0.9,70.92,62,9416,SYNTHETIC / ASSUMED PARAMETERS,0,False,556.23,STABLE,False,500.61
2024-01-10,P0008,S002,WH_2,SKU_16,94.5902,557.0,11.0,327.0,261.0,19.0,26.16,1.0,0.0,WH_2,2.13,82.7,65,6031,SYNTHETIC / ASSUMED PARAMETERS,0,False,462.41,STABLE,False,984.93
2024-01-10,P0016,S003,WH_3,SKU_23,124.010315,569.0,5.0,293.0,0.0,18.08,23.36,0.0,0.0,WH_3,2.55,64.6,72,10369,SYNTHETIC / ASSUMED PARAMETERS,0,False,444.99,STABLE,False,1134.72
2024-01-10,P0015,S002,WH_2,SKU_22,91.733025,534.0,7.0,261.0,0.0,9.82,14.68,0.0,0.0,WH_2,1.21,42.78,60,5653,SYNTHETIC / ASSUMED PARAMETERS,0,False,442.27,STABLE,False,535.14
2024-01-10,P0005,S003,WH_3,SKU_13,100.67476,376.0,14.0,382.0,0.0,6.01,8.52,0.0,0.0,WH_3,0.87,30.72,112,6380,SYNTHETIC / ASSUMED PARAMETERS,6,True,281.33,STABLE,False,275.47
2024-01-10,P0001,S001,WH_1,SKU_1,88.98832,385.0,14.0,379.0,0.0,13.95,20.48,0.0,0.0,WH_1,1.88,67.42,94,6673,SYNTHETIC / ASSUMED PARAMETERS,0,False,296.01,STABLE,False,556.5
2024-01-10,P0002,S004,WH_4,SKU_10,109.70084,603.0,14.0,328.0,0.0,19.02,24.9,1.0,0.0,WH_4,2.76,93.09,92,6565,SYNTHETIC / ASSUMED PARAMETERS,0,False,493.3,STABLE,False,1361.51
2024-01-10,P0011,S002,WH_2,SKU_19,120.88487,432.0,8.0,316.0,0.0,12.67,18.56,0.0,0.0,WH_2,1.58,55.58,37,4994,SYNTHETIC / ASSUMED PARAMETERS,0,False,311.12,STABLE,False,491.56
2024-01-10,P0020,S002,WH_2,SKU_27,58.547028,694.0,4.0,223.0,0.0,16.3,21.54,0.0,0.0,WH_2,1.63,83.19,46,6479,SYNTHETIC / ASSUMED PARAMETERS,0,False,635.45,STABLE,False,1035.79
2024-01-10,P0010,S005,WH_5,SKU_18,112.46049,686.0,13.0,394.0,0.0,13.35,21.48,0.0,0.0,WH_5,1.44,69.56,77,8261,SYNTHETIC / ASSUMED PARAMETERS,0,False,573.54,STABLE,False,825.9
2024-01-10,P0004,S004,WH_4,SKU_12,129.08543,644.0,12.0,227.0,0.0,14.2,19.73,1.0,0.0,WH_4,1.6,43.96,33,7746,SYNTHETIC / ASSUMED PARAMETERS,0,False,514.91,STABLE,False,823.86
2024-01-10,P0012,S001,WH_1,SKU_2,88.39814,778.0,13.0,228.0,0.0,19.76,35.1,0.0,0.0,WH_1,2.92,120.54,61,5736,SYNTHETIC / ASSUMED PARAMETERS,0,False,689.6,STABLE,False,2013.64
2024-01-10,P0005,S005,WH_5,SKU_13,133.58662,653.0,7.0,305.0,0.0,15.13,23.34,0.0,0.0,WH_5,0.88,49.29,48,10583,SYNTHETIC / ASSUMED PARAMETERS,0,False,519.41,STABLE,False,457.08
2024-01-10,P0006,S001,WH_1,SKU_14,70.59049,316.0,11.0,265.0,0.0,8.21,11.1,0.0,0.0,WH_1,1.31,43.21,69,6246,SYNTHETIC / ASSUMED PARAMETERS,0,False,245.41,STABLE,False,321.49
2024-01-10,P0015,S005,WH_5,SKU_22,87.6067,311.0,4.0,326.0,0.0,16.45,25.06,0.0,0.0,WH_5,2.1,76.56,84,10655,SYNTHETIC / ASSUMED PARAMETERS,15,True,238.39,STABLE,False,577.19
2024-01-10,P0011,S003,WH_3,SKU_19,81.433586,630.0,4.0,295.0,0.0,14.17,23.01,0.0,0.0,WH_3,1.45,87.37,62,9399,SYNTHETIC / ASSUMED PARAMETERS,0,False,548.57,STABLE,False,795.42
2024-01-10,P0012,S002,WH_2,SKU_2,84.56864,718.0,8.0,377.0,0.0,16.77,22.06,0.0,0.0,WH_2,1.73,61.48,56,5161,SYNTHETIC / ASSUMED PARAMETERS,0,False,633.43,STABLE,False,1095.84
2024-01-10,P0008,S001,WH_1,SKU_16,85.05706,689.0,14.0,328.0,0.0,11.96,17.38,0.0,0.0,WH_1,1.64,39.73,88,10604,SYNTHETIC / ASSUMED PARAMETERS,0,False,603.94,STABLE,False,990.47
2024-01-10,P0013,S005,WH_5,SKU_20,132.56845,624.0,2.0,246.0,0.0,10.07,18.03,0.0,0.0,WH_5,0.8,71.16,65,5639,SYNTHETIC / ASSUMED PARAMETERS,0,False,491.43,STABLE,False,393.15
2024-01-10,P0019,S003,WH_3,SKU_26,99.45964,656.0,14.0,222.0,0.0,7.66,9.43,1.0,0.0,WH_3,0.81,30.44,28,5399,SYNTHETIC / ASSUMED PARAMETERS,0,False,556.54,STABLE,False,450.8
2024-01-10,P0008,S003,WH_3,SKU_16,133.0432,379.0,6.0,336.0,0.0,12.08,18.52,0.0,0.0,WH_3,1.03,67.38,41,10278,SYNTHETIC / ASSUMED PARAMETERS,0,False,245.96,STABLE,False,253.34
2024-01-10,P0020,S005,WH_5,SKU_27,89.705956,342.0,2.0,353.0,0.0,17.89,25.71,0.0,0.0,WH_5,1.71,74.7,103,6290,SYNTHETIC / ASSUMED PARAMETERS,11,True,263.29,STABLE,False,524.93
2024-01-10,P0014,S001,WH_1,SKU_21,108.85103,519.0,11.0,245.0,0.0,19.68,23.66,0.0,0.0,WH_1,2.7,52.3,38,5664,SYNTHETIC / ASSUMED PARAMETERS,0,False,410.15,STABLE,False,1107.4
2024-01-10,P0008,S004,WH_4,SKU_16,76.57773,564.0,4.0,367.0,0.0,6.61,9.52,0.0,0.0,WH_4,0.87,40.21,59,5735,SYNTHETIC / ASSUMED PARAMETERS,0,False,487.42,STABLE,False,424.06
2024-01-10,P0017,S005,WH_5,SKU_24,112.74798,613.0,7.0,313.0,0.0,7.27,12.17,0.0,0.0,WH_5,0.56,44.06,66,10704,SYNTHETIC / ASSUMED PARAMETERS,0,False,500.25,STABLE,False,280.14
2024-01-10,P0017,S002,WH_2,SKU_24,79.94248,623.0,5.0,365.0,0.0,19.69,29.64,1.0,0.0,WH_2,2.19,76.95,92,10380,SYNTHETIC / ASSUMED PARAMETERS,0,False,543.06,STABLE,False,1189.3
2024-01-10,P0003,S004,WH_4,SKU_11,103.15005,788.0,2.0,382.0,0.0,6.2,7.82,0.0,0.0,WH_4,0.5,33.95,90,5402,SYNTHETIC / ASSUMED PARAMETERS,0,False,684.85,STABLE,False,342.42
2024-01-10,P0016,S002,WH_2,SKU_23,116.86279,523.0,12.0,312.0,0.0,6.68,11.81,0.0,0.0,WH_2,0.8,35.45,73,10338,SYNTHETIC / ASSUMED PARAMETERS,0,False,406.14,STABLE,False,324.91
2024-01-10,P0007,S004,WH_4,SKU_15,139.68787,482.0,5.0,224.0,0.0,13.52,23.32,0.0,0.0,WH_4,1.16,58.22,61,7785,SYNTHETIC / ASSUMED PARAMETERS,0,False,342.31,STABLE,False,397.08
2024-01-10,P0020,S001,WH_1,SKU_27,57.55937,508.0,2.0,389.0,0.0,5.89,7.48,0.0,0.0,WH_1,0.77,21.54,103,8847,SYNTHETIC / ASSUMED PARAMETERS,0,False,450.44,STABLE,False,346.84
2024-01-10,P0010,S004,WH_4,SKU_18,152.33533,365.0,6.0,250.0,0.0,5.35,9.51,0.0,0.0,WH_4,0.78,43.27,45,6602,SYNTHETIC / ASSUMED PARAMETERS,0,False,212.66,STABLE,False,165.88
2024-01-10,P0015,S001,WH_1,SKU_22,88.01232,740.0,4.0,282.0,0.0,8.88,12.51,0.0,0.0,WH_1,0.94,51.81,47,10427,SYNTHETIC / ASSUMED PARAMETERS,0,False,651.99,STABLE,False,612.87
2024-01-10,P0007,S005,WH_5,SKU_15,146.95253,442.0,14.0,279.0,0.0,15.48,21.47,0.0,0.0,WH_5,1.08,84.29,72,9525,SYNTHETIC / ASSUMED PARAMETERS,0,False,295.05,STABLE,False,318.65
2024-01-10,P0005,S002,WH_2,SKU_13,83.663826,500.0,11.0,350.0,0.0,17.04,21.69,0.0,0.0,WH_2,2.15,79.74,38,5796,SYNTHETIC / ASSUMED PARAMETERS,0,False,416.34,STABLE,False,895.12
2024-01-10,P0009,S005,WH_5,SKU_17,105.288345,381.0,8.0,321.0,0.0,7.73,13.36,0.0,0.0,WH_5,0.58,50.99,60,7894,SYNTHETIC / ASSUMED PARAMETERS,0,False,275.71,STABLE,False,159.91
2024-01-10,P0002,S001,WH_1,SKU_10,130.4817,638.0,13.0,361.0,0.0,12.67,18.73,0.0,0.0,WH_1,1.29,70.59,100,6990,SYNTHETIC / ASSUMED PARAMETERS,0,False,507.52,STABLE,False,654.7
2024-01-10,P0002,S003,WH_3,SKU_10,100.5035,602.0,5.0,218.0,0.0,13.68,17.87,0.0,0.0,WH_3,1.74,42.93,55,5968,SYNTHETIC / ASSUMED PARAMETERS,0,False,501.5,STABLE,False,872.6
2024-01-10,P0018,S002,WH_2,SKU_25,91.53783,680.0,3.0,352.0,366.0,5.07,6.95,0.0,0.0,WH_2,0.51,29.96,39,8258,SYNTHETIC / ASSUMED PARAMETERS,0,False,588.46,STABLE,False,300.12
2024-01-10,P0016,S004,WH_4,SKU_23,97.24674,708.0,14.0,236.0,0.0,15.4,18.69,0.0,0.0,WH_4,1.44,47.04,57,10538,SYNTHETIC / ASSUMED PARAMETERS,0,False,610.75,STABLE,False,879.48
2024-01-10,P0011,S001,WH_1,SKU_19,57.59408,315.0,8.0,287.0,0.0,12.4,18.41,0.0,0.0,WH_1,1.18,43.0,33,9186,SYNTHETIC / ASSUMED PARAMETERS,0,False,257.41,STABLE,False,303.74
2024-01-10,P0003,S001,WH_1,SKU_11,103.84501,772.0,4.0,286.0,0.0,19.54,34.79,0.0,0.0,WH_1,2.75,93.77,81,6423,SYNTHETIC / ASSUMED PARAMETERS,0,False,668.15,STABLE,False,1837.43
2024-01-10,P0018,S004,WH_4,SKU_25,66.93713,389.0,9.0,273.0,0.0,12.02,19.24,0.0,0.0,WH_4,1.67,68.75,82,5738,SYNTHETIC / ASSUMED PARAMETERS,0,False,322.06,STABLE,False,537.84
2024-01-11,P0004,S004,WH_4,SKU_12,172.18095,630.0,12.0,227.0,0.0,14.2,19.73,0.0,0.0,WH_4,1.6,43.96,33,7746,SYNTHETIC / ASSUMED PARAMETERS,0,False,457.82,STABLE,False,732.51
2024-01-11,P0019,S001,WH_1,SKU_26,53.717663,630.0,2.0,335.0,0.0,18.22,23.67,0.0,0.0,WH_1,2.52,50.97,34,5684,SYNTHETIC / ASSUMED PARAMETERS,0,False,576.28,STABLE,False,1452.23
2024-01-11,P0006,S002,WH_2,SKU_14,94.693535,625.0,14.0,268.0,0.0,18.83,23.34,0.0,0.0,WH_2,2.51,66.61,39,5701,SYNTHETIC / ASSUMED PARAMETERS,0,False,530.31,STABLE,False,1331.07
2024-01-11,P0001,S002,WH_2,SKU_1,130.44452,631.0,8.0,322.0,0.0,11.46,19.92,0.0,0.0,WH_2,0.9,70.92,62,9416,SYNTHETIC / ASSUMED PARAMETERS,0,False,500.56,STABLE,False,450.5
2024-01-11,P0010,S002,WH_2,SKU_18,103.77021,690.0,10.0,270.0,0.0,17.51,24.82,0.0,0.0,WH_2,1.18,54.17,54,10850,SYNTHETIC / ASSUMED PARAMETERS,0,False,586.23,STABLE,False,691.75
2024-01-11,P0011,S002,WH_2,SKU_19,193.37091,418.0,8.0,316.0,0.0,12.67,18.56,0.0,0.0,WH_2,1.58,55.58,37,4994,SYNTHETIC / ASSUMED PARAMETERS,0,False,224.63,STABLE,False,354.91
2024-01-11,P0018,S001,WH_1,SKU_25,126.14039,409.0,5.0,314.0,0.0,14.23,20.28,0.0,0.0,WH_1,0.9,46.65,78,5160,SYNTHETIC / ASSUMED PARAMETERS,0,False,282.86,STABLE,False,254.57
2024-01-11,P0007,S005,WH_5,SKU_15,116.09535,416.0,14.0,279.0,0.0,15.48,21.47,1.0,0.0,WH_5,1.08,84.29,72,9525,SYNTHETIC / ASSUMED PARAMETERS,0,False,299.9,STABLE,False,323.9
2024-01-11,P0010,S004,WH_4,SKU_18,126.55442,340.0,6.0,250.0,0.0,5.35,9.51,0.0,0.0,WH_4,0.78,43.27,45,6602,SYNTHETIC / ASSUMED PARAMETERS,0,False,213.45,STABLE,False,166.49
2024-01-11,P0002,S001,WH_1,SKU_10,109.69809,616.0,13.0,361.0,0.0,12.67,18.73,0.0,0.0,WH_1,1.29,70.59,100,6990,SYNTHETIC / ASSUMED PARAMETERS,0,False,506.3,STABLE,False,653.13
2024-01-11,P0008,S003,WH_3,SKU_16,162.42,354.0,6.0,336.0,0.0,12.08,18.52,0.0,0.0,WH_3,1.03,67.38,41,10278,SYNTHETIC / ASSUMED PARAMETERS,0,False,191.58,STABLE,False,197.33
2024-01-11,P0009,S004,WH_4,SKU_17,157.54884,568.0,5.0,341.0,279.0,8.62,10.66,0.0,0.0,WH_4,1.16,28.26,74,6506,SYNTHETIC / ASSUMED PARAMETERS,0,False,410.45,STABLE,False,476.12
2024-01-11,P0017,S005,WH_5,SKU_24,106.61257,585.0,7.0,313.0,0.0,7.27,12.17,1.0,0.0,WH_5,0.56,44.06,66,10704,SYNTHETIC / ASSUMED PARAMETERS,0,False,478.39,STABLE,False,267.9
2024-01-11,P0012,S004,WH_4,SKU_2,175.12886,317.0,6.0,290.0,0.0,7.06,10.96,1.0,0.0,WH_4,1.1,40.69,80,10160,SYNTHETIC / ASSUMED PARAMETERS,0,False,141.87,STABLE,False,156.06
2024-01-11,P0001,S001,WH_1,SKU_1,120.90699,362.0,14.0,379.0,0.0,13.95,20.48,0.0,0.0,WH_1,1.88,67.42,94,6673,SYNTHETIC / ASSUMED PARAMETERS,17,True,258.09,STABLE,False,552.63
2024-01-11,P0018,S004,WH_4,SKU_25,91.79589,368.0,9.0,273.0,0.0,12.02,19.24,0.0,0.0,WH_4,1.67,68.75,82,5738,SYNTHETIC / ASSUMED PARAMETERS,0,False,276.2,STABLE,False,461.26
2024-01-11,P0015,S004,WH_4,SKU_22,69.53684,405.0,11.0,374.0,0.0,19.16,23.34,0.0,0.0,WH_4,2.12,46.36,63,10964,SYNTHETIC / ASSUMED PARAMETERS,0,False,335.46,STABLE,False,711.18
2024-01-11,P0001,S005,WH_5,SKU_1,122.830444,440.0,4.0,366.0,0.0,19.41,23.81,0.0,0.0,WH_5,2.58,47.73,54,8279,SYNTHETIC / ASSUMED PARAMETERS,0,False,317.17,STABLE,False,818.3
2024-01-11,P0012,S001,WH_1,SKU_2,133.23149,754.0,13.0,228.0,0.0,19.76,35.1,0.0,0.0,WH_1,2.92,120.54,61,5736,SYNTHETIC / ASSUMED PARAMETERS,0,False,620.77,STABLE,False,1812.64
2024-01-11,P0015,S005,WH_5,SKU_22,96.21346,606.0,4.0,326.0,310.0,16.45,25.06,0.0,0.0,WH_5,2.1,76.56,84,10655,SYNTHETIC / ASSUMED PARAMETERS,0,False,509.79,STABLE,False,1070.55
2024-01-11,P0003,S002,WH_2,SKU_11,145.43083,756.0,4.0,230.0,0.0,17.93,29.29,0.0,0.0,WH_2,2.41,85.34,31,10194,SYNTHETIC / ASSUMED PARAMETERS,0,False,610.57,STABLE,False,1471.47
2024-01-11,P0020,S003,WH_3,SKU_27,120.60831,525.0,3.0,296.0,0.0,9.18,15.91,0.0,0.0,WH_3,1.13,62.45,32,6179,SYNTHETIC / ASSUMED PARAMETERS,0,False,404.39,STABLE,False,456.96
2024-01-11,P0007,S004,WH_4,SKU_15,124.77919,454.0,5.0,224.0,0.0,13.52,23.32,0.0,0.0,WH_4,1.16,58.22,61,7785,SYNTHETIC / ASSUMED PARAMETERS,0,False,329.22,STABLE,False,381.9
2024-01-11,P0002,S004,WH_4,SKU_10,97.34525,583.0,14.0,328.0,0.0,19.02,24.9,0.0,0.0,WH_4,2.76,93.09,92,6565,SYNTHETIC / ASSUMED PARAMETERS,0,False,485.65,STABLE,False,1340.41
2024-01-11,P0003,S004,WH_4,SKU_11,103.03004,762.0,2.0,382.0,0.0,6.2,7.82,0.0,0.0,WH_4,0.5,33.95,90,5402,SYNTHETIC / ASSUMED PARAMETERS,0,False,658.97,STABLE,False,329.48
2024-01-11,P0006,S001,WH_1,SKU_14,108.11296,287.0,11.0,265.0,0.0,8.21,11.1,0.0,0.0,WH_1,1.31,43.21,69,6246,SYNTHETIC / ASSUMED PARAMETERS,0,False,178.89,STABLE,False,234.34
2024-01-11,P0003,S001,WH_1,SKU_11,126.89517,747.0,4.0,286.0,0.0,19.54,34.79,0.0,0.0,WH_1,2.75,93.77,81,6423,SYNTHETIC / ASSUMED PARAMETERS,0,False,620.1,STABLE,False,1705.29
2024-01-11,P0006,S004,WH_4,SKU_14,113.38626,669.0,10.0,343.0,0.0,5.76,8.49,0.0,0.0,WH_4,0.78,37.66,58,8907,SYNTHETIC / ASSUMED PARAMETERS,0,False,555.61,STABLE,False,433.38
2024-01-11,P0001,S004,WH_4,SKU_1,166.02882,557.0,9.0,333.0,268.0,6.93,10.7,0.0,0.0,WH_4,1.02,32.51,60,7800,SYNTHETIC / ASSUMED PARAMETERS,0,False,390.97,STABLE,False,398.79
2024-01-11,P0018,S003,WH_3,SKU_25,82.12548,628.0,7.0,232.0,0.0,6.51,8.04,0.0,0.0,WH_3,0.89,32.85,39,9598,SYNTHETIC / ASSUMED PARAMETERS,0,False,545.87,STABLE,False,485.83
2024-01-11,P0017,S003,WH_3,SKU_24,109.08803,643.0,10.0,209.0,0.0,10.59,15.15,0.0,0.0,WH_3,1.43,56.19,52,9960,SYNTHETIC / ASSUMED PARAMETERS,0,False,533.91,STABLE,False,763.49
2024-01-11,P0016,S005,WH_5,SKU_23,93.71136,553.0,3.0,383.0,0.0,19.43,28.74,0.0,0.0,WH_5,2.51,93.33,52,7979,SYNTHETIC / ASSUMED PARAMETERS,0,False,459.29,STABLE,False,1152.81
2024-01-11,P0002,S003,WH_3,SKU_10,120.40712,582.0,5.0,218.0,0.0,13.68,17.87,0.0,0.0,WH_3,1.74,42.93,55,5968,SYNTHETIC / ASSUMED PARAMETERS,0,False,461.59,STABLE,False,803.17
2024-01-11,P0011,S005,WH_5,SKU_19,110.72961,420.0,7.0,281.0,0.0,15.87,25.1,0.0,0.0,WH_5,2.0,76.39,84,8102,SYNTHETIC / ASSUMED PARAMETERS,0,False,309.27,STABLE,False,618.54
2024-01-11,P0020,S001,WH_1,SKU_27,88.02815,489.0,2.0,389.0,0.0,5.89,7.48,1.0,0.0,WH_1,0.77,21.54,103,8847,SYNTHETIC / ASSUMED PARAMETERS,0,False,400.97,STABLE,False,308.75
2024-01-11,P0016,S003,WH_3,SKU_23,95.41481,552.0,5.0,293.0,0.0,18.08,23.36,0.0,0.0,WH_3,2.55,64.6,72,10369,SYNTHETIC / ASSUMED PARAMETERS,0,False,456.59,STABLE,False,1164.29
2024-01-11,P0010,S005,WH_5,SKU_18,101.84284,676.0,13.0,394.0,0.0,13.35,21.48,0.0,0.0,WH_5,1.44,69.56,77,8261,SYNTHETIC / ASSUMED PARAMETERS,0,False,574.16,STABLE,False,826.79
2024-01-11,P0007,S002,WH_2,SKU_15,78.07748,736.0,8.0,386.0,0.0,11.37,14.92,0.0,0.0,WH_2,1.19,43.87,61,9277,SYNTHETIC / ASSUMED PARAMETERS,0,False,657.92,STABLE,False,782.93
2024-01-11,P0017,S001,WH_1,SKU_24,75.62164,361.0,2.0,288.0,0.0,6.14,10.22,0.0,0.0,WH_1,0.75,31.15,47,6037,SYNTHETIC / ASSUMED PARAMETERS,0,False,285.38,STABLE,False,214.03
2024-01-11,P0002,S002,WH_2,SKU_10,96.83469,302.0,10.0,310.0,0.0,13.83,22.36,0.0,0.0,WH_2,0.8,49.56,40,6844,SYNTHETIC / ASSUMED PARAMETERS,8,True,213.17,STABLE,False,220.09
2024-01-11,P0005,S002,WH_2,SKU_13,88.09044,475.0,11.0,350.0,0.0,17.04,21.69,0.0,0.0,WH_2,2.15,79.74,38,5796,SYNTHETIC / ASSUMED PARAMETERS,0,False,386.91,STABLE,False,831.86
2024-01-11,P0004,S002,WH_2,SKU_12,130.81673,491.0,6.0,370.0,0.0,19.03,23.02,0.0,0.0,WH_2,2.32,68.2,104,8597,SYNTHETIC / ASSUMED PARAMETERS,0,False,360.18,STABLE,False,835.63
2024-01-11,P0005,S004,WH_4,SKU_13,99.32783,697.0,10.0,251.0,0.0,14.29,19.75,0.0,0.0,WH_4,0.97,79.01,68,10644,SYNTHETIC / ASSUMED PARAMETERS,0,False,597.67,STABLE,False,579.74
2024-01-11,P0008,S004,WH_4,SKU_16,101.84738,536.0,4.0,367.0,0.0,6.61,9.52,0.0,0.0,WH_4,0.87,40.21,59,5735,SYNTHETIC / ASSUMED PARAMETERS,0,False,434.15,STABLE,False,377.71
2024-01-11,P0019,S003,WH_3,SKU_26,146.2314,638.0,14.0,222.0,0.0,7.66,9.43,0.0,0.0,WH_3,0.81,30.44,28,5399,SYNTHETIC / ASSUMED PARAMETERS,0,False,491.77,STABLE,False,398.33
2024-01-11,P0009,S002,WH_2,SKU_17,120.66442,347.0,13.0,372.0,0.0,16.68,21.24,0.0,0.0,WH_2,1.17,53.18,81,8112,SYNTHETIC / ASSUMED PARAMETERS,25,True,251.34,STABLE,False,347.24
2024-01-11,P0004,S005,WH_5,SKU_12,132.8644,525.0,6.0,349.0,0.0,10.21,15.8,0.0,0.0,WH_5,0.76,39.17,96,5993,SYNTHETIC / ASSUMED PARAMETERS,0,False,392.14,STABLE,False,298.02
2024-01-11,P0020,S005,WH_5,SKU_27,86.495514,650.0,2.0,353.0,330.0,17.89,25.71,0.0,0.0,WH_5,1.71,74.7,103,6290,SYNTHETIC / ASSUMED PARAMETERS,0,False,563.5,STABLE,False,963.59
2024-01-11,P0014,S003,WH_3,SKU_21,77.39776,737.0,10.0,283.0,0.0,5.75,8.47,0.0,0.0,WH_3,0.72,24.19,84,8334,SYNTHETIC / ASSUMED PARAMETERS,0,False,659.6,STABLE,False,474.91
2024-01-11,P0008,S002,WH_2,SKU_16,135.87125,542.0,11.0,327.0,0.0,19.0,26.16,0.0,0.0,WH_2,2.13,82.7,65,6031,SYNTHETIC / ASSUMED PARAMETERS,0,False,406.13,STABLE,False,865.05
2024-01-11,P0008,S001,WH_1,SKU_16,104.32817,667.0,14.0,328.0,0.0,11.96,17.38,0.0,0.0,WH_1,1.64,39.73,88,10604,SYNTHETIC / ASSUMED PARAMETERS,0,False,562.67,STABLE,False,922.78
2024-01-11,P0014,S001,WH_1,SKU_21,61.21009,498.0,11.0,245.0,0.0,19.68,23.66,0.0,0.0,WH_1,2.7,52.3,38,5664,SYNTHETIC / ASSUMED PARAMETERS,0,False,436.79,STABLE,False,1179.33
2024-01-11,P0007,S001,WH_1,SKU_15,91.27905,588.0,13.0,327.0,0.0,16.7,28.78,0.0,0.0,WH_1,2.21,100.17,53,6976,SYNTHETIC / ASSUMED PARAMETERS,0,False,496.72,STABLE,False,1097.75
2024-01-11,P0020,S004,WH_4,SKU_27,76.823006,755.0,14.0,289.0,0.0,13.84,20.65,0.0,0.0,WH_4,2.11,78.58,52,8263,SYNTHETIC / ASSUMED PARAMETERS,0,False,678.18,STABLE,False,1430.95
2024-01-11,P0006,S005,WH_5,SKU_14,90.405655,784.0,6.0,259.0,0.0,11.19,14.98,0.0,0.0,WH_5,0.92,37.97,55,10175,SYNTHETIC / ASSUMED PARAMETERS,0,False,693.59,STABLE,False,638.11
2024-01-11,P0004,S001,WH_1,SKU_12,134.02728,739.0,5.0,299.0,0.0,5.36,7.17,0.0,0.0,WH_1,0.74,24.31,60,7801,SYNTHETIC / ASSUMED PARAMETERS,0,False,604.97,STABLE,False,447.68
2024-01-11,P0013,S001,WH_1,SKU_20,91.69787,319.0,9.0,295.0,0.0,9.55,16.05,0.0,0.0,WH_1,1.19,44.04,33,5191,SYNTHETIC / ASSUMED PARAMETERS,0,False,227.3,STABLE,False,270.49
2024-01-11,P0003,S003,WH_3,SKU_11,135.81256,590.0,13.0,342.0,0.0,13.85,18.39,0.0,0.0,WH_3,1.16,58.36,96,10164,SYNTHETIC / ASSUMED PARAMETERS,0,False,454.19,STABLE,False,526.86
2024-01-11,P0019,S005,WH_5,SKU_26,74.40394,587.0,4.0,393.0,0.0,17.15,27.81,0.0,0.0,WH_5,2.55,59.97,91,8473,SYNTHETIC / ASSUMED PARAMETERS,0,False,512.6,STABLE,False,1307.12
2024-01-11,P0009,S001,WH_1,SKU_17,164.94997,711.0,10.0,268.0,0.0,14.9,26.61,0.0,0.0,WH_1,1.04,53.46,53,5188,SYNTHETIC / ASSUMED PARAMETERS,0,False,546.05,STABLE,False,567.89
2024-01-11,P0013,S002,WH_2,SKU_20,47.174534,467.0,9.0,336.0,0.0,12.31,20.86,1.0,0.0,WH_2,1.41,50.99,90,10971,SYNTHETIC / ASSUMED PARAMETERS,0,False,419.83,STABLE,False,591.95
2024-01-11,P0018,S005,WH_5,SKU_25,96.075966,331.0,7.0,311.0,0.0,8.45,14.29,0.0,0.0,WH_5,0.63,58.32,37,5926,SYNTHETIC / ASSUMED PARAMETERS,0,False,234.92,STABLE,False,148.0
2024-01-11,P0003,S005,WH_5,SKU_11,94.49335,775.0,3.0,349.0,0.0,18.92,31.99,0.0,0.0,WH_5,1.99,103.38,46,6507,SYNTHETIC / ASSUMED PARAMETERS,0,False,680.51,STABLE,False,1354.21
2024-01-11,P0017,S004,WH_4,SKU_24,121.43117,328.0,13.0,301.0,0.0,7.11,12.19,0.0,0.0,WH_4,1.05,31.77,79,5355,SYNTHETIC / ASSUMED PARAMETERS,0,False,206.57,STABLE,False,216.9
2024-01-11,P0002,S005,WH_5,SKU_10,80.76758,315.0,9.0,246.0,0.0,9.67,15.35,0.0,0.0,WH_5,1.52,60.17,40,6308,SYNTHETIC / ASSUMED PARAMETERS,0,False,234.23,STABLE,False,356.03
2024-01-11,P0016,S002,WH_2,SKU_23,124.688156,506.0,12.0,312.0,0.0,6.68,11.81,0.0,0.0,WH_2,0.8,35.45,73,10338,SYNTHETIC / ASSUMED PARAMETERS,0,False,381.31,STABLE,False,305.05
2024-01-11,P0008,S005,WH_5,SKU_16,145.25645,688.0,2.0,394.0,0.0,13.23,20.46,1.0,0.0,WH_5,1.66,59.45,101,8221,SYNTHETIC / ASSUMED PARAMETERS,0,False,542.74,STABLE,False,900.95
2024-01-11,P0016,S001,WH_1,SKU_23,95.59354,421.0,8.0,239.0,0.0,9.05,14.03,0.0,0.0,WH_1,0.76,35.69,32,4845,SYNTHETIC / ASSUMED PARAMETERS,0,False,325.41,STABLE,False,247.31
2024-01-11,P0013,S005,WH_5,SKU_20,110.34415,600.0,2.0,246.0,0.0,10.07,18.03,0.0,0.0,WH_5,0.8,71.16,65,5639,SYNTHETIC / ASSUMED PARAMETERS,0,False,489.66,STABLE,False,391.72
2024-01-11,P0005,S003,WH_3,SKU_13,107.83665,620.0,14.0,382.0,264.0,6.01,8.52,0.0,0.0,WH_3,0.87,30.72,112,6380,SYNTHETIC / ASSUMED PARAMETERS,0,False,512.16,STABLE,False,445.58
2024-01-11,P0015,S003,WH_3,SKU_22,114.472115,458.0,4.0,211.0,0.0,18.38,32.58,1.0,0.0,WH_3,1.34,101.74,33,5385,SYNTHETIC / ASSUMED PARAMETERS,0,False,343.53,STABLE,False,460.33
2024-01-11,P0010,S001,WH_1,SKU_18,56.7388,552.0,2.0,346.0,230.0,8.62,10.49,0.0,0.0,WH_1,0.92,38.21,43,7798,SYNTHETIC / ASSUMED PARAMETERS,0,False,495.26,STABLE,False,455.64
2024-01-11,P0005,S001,WH_1,SKU_13,93.1306,659.0,9.0,246.0,0.0,19.52,24.09,0.0,0.0,WH_1,1.26,57.54,50,8981,SYNTHETIC / ASSUMED PARAMETERS,0,False,565.87,STABLE,False,713.0
2024-01-11,P0010,S003,WH_3,SKU_18,121.367714,627.0,9.0,213.0,0.0,15.53,20.4,0.0,0.0,WH_3,2.28,65.06,40,7890,SYNTHETIC / ASSUMED PARAMETERS,0,False,505.63,STABLE,False,1152.84
2024-01-11,P0014,S005,WH_5,SKU_21,53.214306,529.0,8.0,309.0,0.0,13.11,23.25,0.0,0.0,WH_5,1.81,58.89,87,5672,SYNTHETIC / ASSUMED PARAMETERS,0,False,475.79,STABLE,False,861.17
2024-01-11,P0015,S002,WH_2,SKU_22,92.35638,515.0,7.0,261.0,0.0,9.82,14.68,0.0,0.0,WH_2,1.21,42.78,60,5653,SYNTHETIC / ASSUMED PARAMETERS,0,False,422.64,STABLE,False,511.4
2024-01-11,P0013,S003,WH_3,SKU_20,112.937706,638.0,3.0,319.0,0.0,14.9,25.16,0.0,0.0,WH_3,1.3,53.63,94,9643,SYNTHETIC / ASSUMED PARAMETERS,0,False,525.06,STABLE,False,682.58
2024-01-11,P0020,S002,WH_2,SKU_27,76.8955,677.0,4.0,223.0,0.0,16.3,21.54,0.0,0.0,WH_2,1.63,83.19,46,6479,SYNTHETIC / ASSUMED PARAMETERS,0,False,600.1,STABLE,False,978.17
2024-01-11,P0017,S002,WH_2,SKU_24,79.05481,606.0,5.0,365.0,0.0,19.69,29.64,0.0,0.0,WH_2,2.19,76.95,92,10380,SYNTHETIC / ASSUMED PARAMETERS,0,False,526.95,STABLE,False,1154.01
2024-01-11,P0018,S002,WH_2,SKU_25,110.66222,655.0,3.0,352.0,0.0,5.07,6.95,0.0,0.0,WH_2,0.51,29.96,39,8258,SYNTHETIC / ASSUMED PARAMETERS,0,False,544.34,STABLE,False,277.61
2024-01-11,P0015,S001,WH_1,SKU_22,71.985725,725.0,4.0,282.0,0.0,8.88,12.51,0.0,0.0,WH_1,0.94,51.81,47,10427,SYNTHETIC / ASSUMED PARAMETERS,0,False,653.01,STABLE,False,613.83
2024-01-11,P0016,S004,WH_4,SKU_23,88.76444,682.0,14.0,236.0,0.0,15.4,18.69,0.0,0.0,WH_4,1.44,47.04,57,10538,SYNTHETIC / ASSUMED PARAMETERS,0,False,593.24,STABLE,False,854.26
2024-01-11,P0011,S001,WH_1,SKU_19,105.85918,289.0,8.0,287.0,0.0,12.4,18.41,0.0,0.0,WH_1,1.18,43.0,33,9186,SYNTHETIC / ASSUMED PARAMETERS,0,False,183.14,STABLE,False,216.11
2024-01-11,P0005,S005,WH_5,SKU_13,84.96631,626.0,7.0,305.0,0.0,15.13,23.34,0.0,0.0,WH_5,0.88,49.29,48,10583,SYNTHETIC / ASSUMED PARAMETERS,0,False,541.03,STABLE,False,476.11
2024-01-11,P0011,S004,WH_4,SKU_19,199.9551,435.0,4.0,352.0,0.0,5.41,7.4,0.0,0.0,WH_4,0.43,30.95,55,9647,SYNTHETIC / ASSUMED PARAMETERS,0,False,235.04,STABLE,False,101.07
2024-01-11,P0012,S002,WH_2,SKU_2,96.721176,696.0,8.0,377.0,0.0,16.77,22.06,0.0,0.0,WH_2,1.73,61.48,56,5161,SYNTHETIC / ASSUMED PARAMETERS,0,False,599.28,STABLE,False,1036.75
2024-01-11,P0011,S003,WH_3,SKU_19,155.76944,606.0,4.0,295.0,0.0,14.17,23.01,0.0,0.0,WH_3,1.45,87.37,62,9399,SYNTHETIC / ASSUMED PARAMETERS,0,False,450.23,STABLE,False,652.83
2024-01-11,P0009,S003,WH_3,SKU_17,166.45572,476.0,3.0,339.0,0.0,16.8,28.54,0.0,0.0,WH_3,1.1,80.9,84,7273,SYNTHETIC / ASSUMED PARAMETERS,0,False,309.54,STABLE,False,340.5
2024-01-11,P0009,S005,WH_5,SKU_17,118.795555,360.0,8.0,321.0,0.0,7.73,13.36,0.0,0.0,WH_5,0.58,50.99,60,7894,SYNTHETIC / ASSUMED PARAMETERS,0,False,241.2,STABLE,False,139.9
2024-01-11,P0014,S002,WH_2,SKU_21,116.46652,405.0,7.0,349.0,0.0,8.18,12.0,0.0,0.0,WH_2,1.13,36.82,79,8567,SYNTHETIC / ASSUMED PARAMETERS,0,False,288.53,STABLE,False,326.04
2024-01-11,P0019,S004,WH_4,SKU_26,108.9699,451.0,14.0,331.0,0.0,8.71,13.65,0.0,0.0,WH_4,0.81,35.89,53,6838,SYNTHETIC / ASSUMED PARAMETERS,0,False,342.03,STABLE,False,277.04
2024-01-11,P0006,S003,WH_3,SKU_14,128.13039,462.0,3.0,283.0,0.0,5.88,9.37,0.0,0.0,WH_3,0.82,33.85,73,7722,SYNTHETIC / ASSUMED PARAMETERS,0,False,333.87,STABLE,False,273.77
2024-01-11,P0013,S004,WH_4,SKU_20,129.83545,687.0,2.0,327.0,0.0,16.89,23.51,0.0,0.0,WH_4,1.33,49.52,45,10402,SYNTHETIC / ASSUMED PARAMETERS,0,False,557.16,STABLE,False,741.03
2024-01-11,P0007,S003,WH_3,SKU_15,95.65539,574.0,7.0,265.0,0.0,6.24,9.99,0.0,0.0,WH_3,0.69,40.25,72,9290,SYNTHETIC / ASSUMED PARAMETERS,0,False,478.34,STABLE,False,330.06
2024-01-11,P0014,S004,WH_4,SKU_21,109.54617,412.0,8.0,379.0,0.0,12.65,20.04,0.0,0.0,WH_4,0.78,76.01,44,11017,SYNTHETIC / ASSUMED PARAMETERS,0,False,302.45,STABLE,False,235.91
2024-01-11,P0001,S003,WH_3,SKU_1,147.33736,645.0,6.0,314.0,368.0,6.06,8.41,0.0,0.0,WH_3,0.95,32.98,61,6038,SYNTHETIC / ASSUMED PARAMETERS,0,False,497.66,STABLE,False,472.78
2024-01-11,P0019,S002,WH_2,SKU_26,92.90835,653.0,5.0,273.0,0.0,8.5,11.16,1.0,0.0,WH_2,0.55,33.37,47,8606,SYNTHETIC / ASSUMED PARAMETERS,0,False,560.09,STABLE,False,308.05
2024-01-11,P0012,S003,WH_3,SKU_2,83.57236,716.0,10.0,319.0,0.0,5.02,7.82,0.0,0.0,WH_3,0.45,23.6,74,9396,SYNTHETIC / ASSUMED PARAMETERS,0,False,632.43,STABLE,False,284.59
2024-01-11,P0004,S003,WH_3,SKU_12,159.45969,545.0,6.0,234.0,0.0,10.01,13.38,0.0,0.0,WH_3,1.57,45.39,57,10301,SYNTHETIC / ASSUMED PARAMETERS,0,False,385.54,STABLE,False,605.3
2024-01-11,P0012,S005,WH_5,SKU_2,75.91257,639.0,14.0,267.0,0.0,15.0,26.38,0.0,0.0,WH_5,1.72,57.23,63,7517,SYNTHETIC / ASSUMED PARAMETERS,0,False,563.09,STABLE,False,968.51
2024-01-12,P0010,S004,WH_4,SKU_18,110.69465,326.0,6.0,250.0,0.0,5.35,9.51,0.0,0.0,WH_4,0.78,43.27,45,6602,SYNTHETIC / ASSUMED PARAMETERS,0,False,215.31,STABLE,False,167.94
2024-01-12,P0008,S002,WH_2,SKU_16,116.95779,521.0,11.0,327.0,0.0,19.0,26.16,0.0,0.0,WH_2,2.13,82.7,65,6031,SYNTHETIC / ASSUMED PARAMETERS,0,False,404.04,STABLE,False,860.61
2024-01-12,P0007,S001,WH_1,SKU_15,116.15727,566.0,13.0,327.0,0.0,16.7,28.78,0.0,0.0,WH_1,2.21,100.17,53,6976,SYNTHETIC / ASSUMED PARAMETERS,0,False,449.84,STABLE,False,994.15
2024-01-12,P0016,S005,WH_5,SKU_23,96.07049,533.0,3.0,383.0,0.0,19.43,28.74,0.0,0.0,WH_5,2.51,93.33,52,7979,SYNTHETIC / ASSUMED PARAMETERS,0,False,436.93,STABLE,False,1096.69
2024-01-12,P0011,S003,WH_3,SKU_19,99.176094,581.0,4.0,295.0,0.0,14.17,23.01,0.0,0.0,WH_3,1.45,87.37,62,9399,SYNTHETIC / ASSUMED PARAMETERS,0,False,481.82,STABLE,False,698.64
2024-01-12,P0002,S005,WH_5,SKU_10,87.69674,296.0,9.0,246.0,0.0,9.67,15.35,0.0,0.0,WH_5,1.52,60.17,40,6308,SYNTHETIC / ASSUMED PARAMETERS,0,False,208.3,STABLE,False,316.62
2024-01-12,P0007,S003,WH_3,SKU_15,118.04947,553.0,7.0,265.0,0.0,6.24,9.99,0.0,0.0,WH_3,0.69,40.25,72,9290,SYNTHETIC / ASSUMED PARAMETERS,0,False,434.95,STABLE,False,300.12
2024-01-12,P0020,S001,WH_1,SKU_27,67.64978,470.0,2.0,389.0,0.0,5.89,7.48,0.0,0.0,WH_1,0.77,21.54,103,8847,SYNTHETIC / ASSUMED PARAMETERS,0,False,402.35,STABLE,False,309.81
2024-01-12,P0016,S002,WH_2,SKU_23,108.681206,486.0,12.0,312.0,0.0,6.68,11.81,0.0,0.0,WH_2,0.8,35.45,73,10338,SYNTHETIC / ASSUMED PARAMETERS,0,False,377.32,STABLE,False,301.86
2024-01-12,P0013,S004,WH_4,SKU_20,87.008736,663.0,2.0,327.0,0.0,16.89,23.51,0.0,0.0,WH_4,1.33,49.52,45,10402,SYNTHETIC / ASSUMED PARAMETERS,0,False,575.99,STABLE,False,766.07
2024-01-12,P0016,S004,WH_4,SKU_23,48.90736,665.0,14.0,236.0,0.0,15.4,18.69,0.0,0.0,WH_4,1.44,47.04,57,10538,SYNTHETIC / ASSUMED PARAMETERS,0,False,616.09,STABLE,False,887.17
2024-01-12,P0011,S001,WH_1,SKU_19,64.31316,271.0,8.0,287.0,0.0,12.4,18.41,0.0,0.0,WH_1,1.18,43.0,33,9186,SYNTHETIC / ASSUMED PARAMETERS,16,True,222.69,STABLE,False,305.77
2024-01-12,P0004,S003,WH_3,SKU_12,154.87097,522.0,6.0,234.0,0.0,10.01,13.38,0.0,0.0,WH_3,1.57,45.39,57,10301,SYNTHETIC / ASSUMED PARAMETERS,0,False,367.13,STABLE,False,576.39
2024-01-12,P0017,S004,WH_4,SKU_24,93.48081,308.0,13.0,301.0,0.0,7.11,12.19,0.0,0.0,WH_4,1.05,31.77,79,5355,SYNTHETIC / ASSUMED PARAMETERS,0,False,214.52,STABLE,False,225.25
2024-01-12,P0013,S003,WH_3,SKU_20,120.2269,611.0,3.0,319.0,0.0,14.9,25.16,0.0,0.0,WH_3,1.3,53.63,94,9643,SYNTHETIC / ASSUMED PARAMETERS,0,False,490.77,STABLE,False,638.01
2024-01-12,P0018,S003,WH_3,SKU_25,92.36699,599.0,7.0,232.0,0.0,6.51,8.04,0.0,0.0,WH_3,0.89,32.85,39,9598,SYNTHETIC / ASSUMED PARAMETERS,0,False,506.63,STABLE,False,450.9
2024-01-12,P0002,S001,WH_1,SKU_10,125.604164,580.0,13.0,361.0,0.0,12.67,18.73,1.0,0.0,WH_1,1.29,70.59,100,6990,SYNTHETIC / ASSUMED PARAMETERS,0,False,454.4,STABLE,False,586.17
2024-01-12,P0003,S003,WH_3,SKU_11,105.30402,570.0,13.0,342.0,0.0,13.85,18.39,0.0,0.0,WH_3,1.16,58.36,96,10164,SYNTHETIC / ASSUMED PARAMETERS,0,False,464.7,STABLE,False,539.05
2024-01-12,P0004,S004,WH_4,SKU_12,140.58992,605.0,12.0,227.0,0.0,14.2,19.73,0.0,0.0,WH_4,1.6,43.96,33,7746,SYNTHETIC / ASSUMED PARAMETERS,0,False,464.41,STABLE,False,743.06
2024-01-12,P0013,S005,WH_5,SKU_20,105.881874,582.0,2.0,246.0,0.0,10.07,18.03,1.0,0.0,WH_5,0.8,71.16,65,5639,SYNTHETIC / ASSUMED PARAMETERS,0,False,476.12,STABLE,False,380.89
2024-01-12,P0006,S002,WH_2,SKU_14,122.61839,603.0,14.0,268.0,0.0,18.83,23.34,0.0,0.0,WH_2,2.51,66.61,39,5701,SYNTHETIC / ASSUMED PARAMETERS,0,False,480.38,STABLE,False,1205.76
2024-01-12,P0011,S005,WH_5,SKU_19,96.45702,398.0,7.0,281.0,0.0,15.87,25.1,0.0,0.0,WH_5,2.0,76.39,84,8102,SYNTHETIC / ASSUMED PARAMETERS,0,False,301.54,STABLE,False,603.09
2024-01-12,P0002,S004,WH_4,SKU_10,83.74904,562.0,14.0,328.0,0.0,19.02,24.9,0.0,0.0,WH_4,2.76,93.09,92,6565,SYNTHETIC / ASSUMED PARAMETERS,0,False,478.25,STABLE,False,1319.97
2024-01-12,P0006,S004,WH_4,SKU_14,112.49311,649.0,10.0,343.0,0.0,5.76,8.49,1.0,0.0,WH_4,0.78,37.66,58,8907,SYNTHETIC / ASSUMED PARAMETERS,0,False,536.51,STABLE,False,418.48
2024-01-12,P0019,S004,WH_4,SKU_26,52.787857,425.0,14.0,331.0,0.0,8.71,13.65,0.0,0.0,WH_4,0.81,35.89,53,6838,SYNTHETIC / ASSUMED PARAMETERS,0,False,372.21,STABLE,False,301.49
2024-01-12,P0003,S005,WH_5,SKU_11,92.820854,749.0,3.0,349.0,0.0,18.92,31.99,1.0,0.0,WH_5,1.99,103.38,46,6507,SYNTHETIC / ASSUMED PARAMETERS,0,False,656.18,STABLE,False,1305.8
2024-01-12,P0016,S001,WH_1,SKU_23,98.824615,403.0,8.0,239.0,0.0,9.05,14.03,1.0,0.0,WH_1,0.76,35.69,32,4845,SYNTHETIC / ASSUMED PARAMETERS,0,False,304.18,STABLE,False,231.17
2024-01-12,P0014,S001,WH_1,SKU_21,138.19437,477.0,11.0,245.0,0.0,19.68,23.66,0.0,0.0,WH_1,2.7,52.3,38,5664,SYNTHETIC / ASSUMED PARAMETERS,0,False,338.81,STABLE,False,914.78
2024-01-12,P0010,S001,WH_1,SKU_18,78.382645,530.0,2.0,346.0,0.0,8.62,10.49,0.0,0.0,WH_1,0.92,38.21,43,7798,SYNTHETIC / ASSUMED PARAMETERS,0,False,451.62,STABLE,False,415.49
2024-01-12,P0005,S005,WH_5,SKU_13,108.95621,604.0,7.0,305.0,0.0,15.13,23.34,0.0,0.0,WH_5,0.88,49.29,48,10583,SYNTHETIC / ASSUMED PARAMETERS,0,False,495.04,STABLE,False,435.64
2024-01-12,P0007,S005,WH_5,SKU_15,110.68434,393.0,14.0,279.0,0.0,15.48,21.47,0.0,0.0,WH_5,1.08,84.29,72,9525,SYNTHETIC / ASSUMED PARAMETERS,0,False,282.32,STABLE,False,304.9
2024-01-12,P0003,S002,WH_2,SKU_11,91.967384,732.0,4.0,230.0,0.0,17.93,29.29,0.0,0.0,WH_2,2.41,85.34,31,10194,SYNTHETIC / ASSUMED PARAMETERS,0,False,640.03,STABLE,False,1542.48
2024-01-12,P0020,S004,WH_4,SKU_27,66.484825,730.0,14.0,289.0,0.0,13.84,20.65,0.0,0.0,WH_4,2.11,78.58,52,8263,SYNTHETIC / ASSUMED PARAMETERS,0,False,663.52,STABLE,False,1400.02
2024-01-12,P0004,S005,WH_5,SKU_12,144.95486,493.0,6.0,349.0,0.0,10.21,15.8,0.0,0.0,WH_5,0.76,39.17,96,5993,SYNTHETIC / ASSUMED PARAMETERS,0,False,348.05,STABLE,False,264.51
2024-01-12,P0012,S002,WH_2,SKU_2,114.70122,675.0,8.0,377.0,0.0,16.77,22.06,0.0,0.0,WH_2,1.73,61.48,56,5161,SYNTHETIC / ASSUMED PARAMETERS,0,False,560.3,STABLE,False,969.32
2024-01-12,P0015,S002,WH_2,SKU_22,125.69781,490.0,7.0,261.0,0.0,9.82,14.68,0.0,0.0,WH_2,1.21,42.78,60,5653,SYNTHETIC / ASSUMED PARAMETERS,0,False,364.3,STABLE,False,440.81
2024-01-12,P0017,S003,WH_3,SKU_24,89.55238,622.0,10.0,209.0,0.0,10.59,15.15,0.0,0.0,WH_3,1.43,56.19,52,9960,SYNTHETIC / ASSUMED PARAMETERS,0,False,532.45,STABLE,False,761.4
2024-01-12,P0011,S004,WH_4,SKU_19,70.525,418.0,4.0,352.0,0.0,5.41,7.4,0.0,0.0,WH_4,0.43,30.95,55,9647,SYNTHETIC / ASSUMED PARAMETERS,0,False,347.48,STABLE,False,149.41
2024-01-12,P0004,S002,WH_2,SKU_12,126.99346,466.0,6.0,370.0,0.0,19.03,23.02,0.0,0.0,WH_2,2.32,68.2,104,8597,SYNTHETIC / ASSUMED PARAMETERS,0,False,339.01,STABLE,False,786.5
2024-01-12,P0008,S004,WH_4,SKU_16,54.753143,512.0,4.0,367.0,0.0,6.61,9.52,0.0,0.0,WH_4,0.87,40.21,59,5735,SYNTHETIC / ASSUMED PARAMETERS,0,False,457.25,STABLE,False,397.8
2024-01-12,P0019,S002,WH_2,SKU_26,123.353004,630.0,5.0,273.0,0.0,8.5,11.16,0.0,0.0,WH_2,0.55,33.37,47,8606,SYNTHETIC / ASSUMED PARAMETERS,0,False,506.65,STABLE,False,278.66
2024-01-12,P0010,S003,WH_3,SKU_18,120.26419,602.0,9.0,213.0,0.0,15.53,20.4,0.0,0.0,WH_3,2.28,65.06,40,7890,SYNTHETIC / ASSUMED PARAMETERS,0,False,481.74,STABLE,False,1098.36
2024-01-12,P0017,S001,WH_1,SKU_24,93.04593,342.0,2.0,288.0,0.0,6.14,10.22,0.0,0.0,WH_1,0.75,31.15,47,6037,SYNTHETIC / ASSUMED PARAMETERS,0,False,248.95,STABLE,False,186.72
2024-01-12,P0004,S001,WH_1,SKU_12,145.7018,723.0,5.0,299.0,0.0,5.36,7.17,0.0,0.0,WH_1,0.74,24.31,60,7801,SYNTHETIC / ASSUMED PARAMETERS,0,False,577.3,STABLE,False,427.2
2024-01-12,P0011,S002,WH_2,SKU_19,80.08282,408.0,8.0,316.0,0.0,12.67,18.56,0.0,0.0,WH_2,1.58,55.58,37,4994,SYNTHETIC / ASSUMED PARAMETERS,0,False,327.92,STABLE,False,518.11
2024-01-12,P0015,S003,WH_3,SKU_22,156.30971,433.0,4.0,211.0,0.0,18.38,32.58,0.0,0.0,WH_3,1.34,101.74,33,5385,SYNTHETIC / ASSUMED PARAMETERS,0,False,276.69,STABLE,False,370.76
2024-01-12,P0013,S002,WH_2,SKU_20,116.88127,450.0,9.0,336.0,0.0,12.31,20.86,0.0,0.0,WH_2,1.41,50.99,90,10971,SYNTHETIC / ASSUMED PARAMETERS,0,False,333.12,STABLE,False,469.7
2024-01-12,P0005,S003,WH_3,SKU_13,115.9739,601.0,14.0,382.0,0.0,6.01,8.52,0.0,0.0,WH_3,0.87,30.72,112,6380,SYNTHETIC / ASSUMED PARAMETERS,0,False,485.03,STABLE,False,421.97
2024-01-12,P0005,S002,WH_2,SKU_13,98.99767,457.0,11.0,350.0,0.0,17.04,21.69,0.0,0.0,WH_2,2.15,79.74,38,5796,SYNTHETIC / ASSUMED PARAMETERS,0,False,358.0,STABLE,False,769.71
2024-01-12,P0007,S004,WH_4,SKU_15,109.76978,434.0,5.0,224.0,0.0,13.52,23.32,1.0,0.0,WH_4,1.16,58.22,61,7785,SYNTHETIC / ASSUMED PARAMETERS,0,False,324.23,STABLE,False,376.11
2024-01-12,P0007,S002,WH_2,SKU_15,81.038826,713.0,8.0,386.0,0.0,11.37,14.92,1.0,0.0,WH_2,1.19,43.87,61,9277,SYNTHETIC / ASSUMED PARAMETERS,0,False,631.96,STABLE,False,752.03
2024-01-12,P0017,S005,WH_5,SKU_24,95.847595,554.0,7.0,313.0,0.0,7.27,12.17,0.0,0.0,WH_5,0.56,44.06,66,10704,SYNTHETIC / ASSUMED PARAMETERS,0,False,458.15,STABLE,False,256.57
2024-01-12,P0012,S001,WH_1,SKU_2,180.12158,729.0,13.0,228.0,0.0,19.76,35.1,0.0,0.0,WH_1,2.92,120.54,61,5736,SYNTHETIC / ASSUMED PARAMETERS,0,False,548.88,STABLE,False,1602.72
2024-01-12,P0020,S002,WH_2,SKU_27,77.94274,655.0,4.0,223.0,0.0,16.3,21.54,0.0,0.0,WH_2,1.63,83.19,46,6479,SYNTHETIC / ASSUMED PARAMETERS,0,False,577.06,STABLE,False,940.6
2024-01-12,P0005,S004,WH_4,SKU_13,95.1337,685.0,10.0,251.0,0.0,14.29,19.75,0.0,0.0,WH_4,0.97,79.01,68,10644,SYNTHETIC / ASSUMED PARAMETERS,0,False,589.87,STABLE,False,572.17
2024-01-12,P0013,S001,WH_1,SKU_20,87.7006,294.0,9.0,295.0,0.0,9.55,16.05,0.0,0.0,WH_1,1.19,44.04,33,5191,SYNTHETIC / ASSUMED PARAMETERS,1,True,207.3,STABLE,False,290.73
2024-01-12,P0009,S002,WH_2,SKU_17,110.02395,678.0,13.0,372.0,345.0,16.68,21.24,0.0,0.0,WH_2,1.17,53.18,81,8112,SYNTHETIC / ASSUMED PARAMETERS,0,False,567.98,STABLE,False,664.53
2024-01-12,P0014,S003,WH_3,SKU_21,101.94434,709.0,10.0,283.0,0.0,5.75,8.47,0.0,0.0,WH_3,0.72,24.19,84,8334,SYNTHETIC / ASSUMED PARAMETERS,0,False,607.06,STABLE,False,437.08
2024-01-12,P0001,S004,WH_4,SKU_1,81.665474,535.0,9.0,333.0,0.0,6.93,10.7,0.0,0.0,WH_4,1.02,32.51,60,7800,SYNTHETIC / ASSUMED PARAMETERS,0,False,453.33,STABLE,False,462.4
2024-01-12,P0009,S005,WH_5,SKU_17,179.39806,344.0,8.0,321.0,0.0,7.73,13.36,0.0,0.0,WH_5,0.58,50.99,60,7894,SYNTHETIC / ASSUMED PARAMETERS,0,False,164.6,STABLE,False,95.47
2024-01-12,P0019,S003,WH_3,SKU_26,136.58237,627.0,14.0,222.0,0.0,7.66,9.43,0.0,0.0,WH_3,0.81,30.44,28,5399,SYNTHETIC / ASSUMED PARAMETERS,0,False,490.42,STABLE,False,397.24
2024-01-12,P0001,S003,WH_3,SKU_1,118.6782,630.0,6.0,314.0,0.0,6.06,8.41,0.0,0.0,WH_3,0.95,32.98,61,6038,SYNTHETIC / ASSUMED PARAMETERS,0,False,511.32,STABLE,False,485.76
2024-01-12,P0019,S005,WH_5,SKU_26,88.08616,561.0,4.0,393.0,0.0,17.15,27.81,0.0,0.0,WH_5,2.55,59.97,91,8473,SYNTHETIC / ASSUMED PARAMETERS,0,False,472.91,STABLE,False,1205.93
2024-01-12,P0003,S004,WH_4,SKU_11,53.629025,754.0,2.0,382.0,0.0,6.2,7.82,0.0,0.0,WH_4,0.5,33.95,90,5402,SYNTHETIC / ASSUMED PARAMETERS,0,False,700.37,STABLE,False,350.19
2024-01-12,P0001,S001,WH_1,SKU_1,93.28361,803.0,14.0,379.0,470.0,13.95,20.48,1.0,0.0,WH_1,1.88,67.42,94,6673,SYNTHETIC / ASSUMED PARAMETERS,0,False,709.72,STABLE,False,1334.27
2024-01-12,P0016,S003,WH_3,SKU_23,146.07799,526.0,5.0,293.0,0.0,18.08,23.36,1.0,0.0,WH_3,2.55,64.6,72,10369,SYNTHETIC / ASSUMED PARAMETERS,0,False,379.92,STABLE,False,968.8
2024-01-12,P0018,S004,WH_4,SKU_25,80.39308,345.0,9.0,273.0,0.0,12.02,19.24,0.0,0.0,WH_4,1.67,68.75,82,5738,SYNTHETIC / ASSUMED PARAMETERS,0,False,264.61,STABLE,False,441.89
2024-01-12,P0014,S004,WH_4,SKU_21,86.14587,379.0,8.0,379.0,0.0,12.65,20.04,0.0,0.0,WH_4,0.78,76.01,44,11017,SYNTHETIC / ASSUMED PARAMETERS,0,False,292.85,STABLE,False,228.43
2024-01-12,P0014,S005,WH_5,SKU_21,115.43011,500.0,8.0,309.0,0.0,13.11,23.25,0.0,0.0,WH_5,1.81,58.89,87,5672,SYNTHETIC / ASSUMED PARAMETERS,0,False,384.57,STABLE,False,696.07
2024-01-12,P0012,S004,WH_4,SKU_2,115.56889,285.0,6.0,290.0,0.0,7.06,10.96,1.0,0.0,WH_4,1.1,40.69,80,10160,SYNTHETIC / ASSUMED PARAMETERS,5,True,174.43,STABLE,False,232.56
2024-01-12,P0020,S005,WH_5,SKU_27,85.01415,628.0,2.0,353.0,0.0,17.89,25.71,0.0,0.0,WH_5,1.71,74.7,103,6290,SYNTHETIC / ASSUMED PARAMETERS,0,False,542.99,STABLE,False,928.51
2024-01-12,P0008,S005,WH_5,SKU_16,117.895096,661.0,2.0,394.0,0.0,13.23,20.46,1.0,0.0,WH_5,1.66,59.45,101,8221,SYNTHETIC / ASSUMED PARAMETERS,0,False,543.1,STABLE,False,901.55
2024-01-12,P0005,S001,WH_1,SKU_13,98.673706,633.0,9.0,246.0,0.0,19.52,24.09,0.0,0.0,WH_1,1.26,57.54,50,8981,SYNTHETIC / ASSUMED PARAMETERS,0,False,534.33,STABLE,False,673.25
2024-01-12,P0012,S003,WH_3,SKU_2,93.28191,694.0,10.0,319.0,0.0,5.02,7.82,0.0,0.0,WH_3,0.45,23.6,74,9396,SYNTHETIC / ASSUMED PARAMETERS,0,False,600.72,STABLE,False,270.32
2024-01-12,P0001,S005,WH_5,SKU_1,123.716415,416.0,4.0,366.0,0.0,19.41,23.81,0.0,0.0,WH_5,2.58,47.73,54,8279,SYNTHETIC / ASSUMED PARAMETERS,0,False,292.28,STABLE,False,754.09
2024-01-12,P0008,S001,WH_1,SKU_16,83.58153,643.0,14.0,328.0,0.0,11.96,17.38,0.0,0.0,WH_1,1.64,39.73,88,10604,SYNTHETIC / ASSUMED PARAMETERS,0,False,559.42,STABLE,False,917.45
2024-01-12,P0003,S001,WH_1,SKU_11,109.53171,720.0,4.0,286.0,0.0,19.54,34.79,1.0,0.0,WH_1,2.75,93.77,81,6423,SYNTHETIC / ASSUMED PARAMETERS,0,False,610.47,STABLE,False,1678.79
2024-01-12,P0006,S005,WH_5,SKU_14,120.550385,761.0,6.0,259.0,0.0,11.19,14.98,1.0,0.0,WH_5,0.92,37.97,55,10175,SYNTHETIC / ASSUMED PARAMETERS,0,False,640.45,STABLE,False,589.21
2024-01-12,P0018,S002,WH_2,SKU_25,137.0852,627.0,3.0,352.0,0.0,5.07,6.95,0.0,0.0,WH_2,0.51,29.96,39,8258,SYNTHETIC / ASSUMED PARAMETERS,0,False,489.91,STABLE,False,249.86
2024-01-12,P0010,S005,WH_5,SKU_18,118.35018,653.0,13.0,394.0,0.0,13.35,21.48,1.0,0.0,WH_5,1.44,69.56,77,8261,SYNTHETIC / ASSUMED PARAMETERS,0,False,534.65,STABLE,False,769.9
2024-01-12,P0006,S001,WH_1,SKU_14,133.98418,263.0,11.0,265.0,0.0,8.21,11.1,0.0,0.0,WH_1,1.31,43.21,69,6246,SYNTHETIC / ASSUMED PARAMETERS,2,True,131.02,STABLE,False,214.84
2024-01-12,P0017,S002,WH_2,SKU_24,99.454796,584.0,5.0,365.0,0.0,19.69,29.64,0.0,0.0,WH_2,2.19,76.95,92,10380,SYNTHETIC / ASSUMED PARAMETERS,0,False,484.55,STABLE,False,1061.15
2024-01-12,P0010,S002,WH_2,SKU_18,159.84138,672.0,10.0,270.0,0.0,17.51,24.82,0.0,0.0,WH_2,1.18,54.17,54,10850,SYNTHETIC / ASSUMED PARAMETERS,0,False,512.16,STABLE,False,604.35
2024-01-12,P0006,S003,WH_3,SKU_14,125.87163,434.0,3.0,283.0,0.0,5.88,9.37,1.0,0.0,WH_3,0.82,33.85,73,7722,SYNTHETIC / ASSUMED PARAMETERS,0,False,308.13,STABLE,False,252.67
2024-01-12,P0002,S003,WH_3,SKU_10,121.25278,566.0,5.0,218.0,0.0,13.68,17.87,0.0,0.0,WH_3,1.74,42.93,55,5968,SYNTHETIC / ASSUMED PARAMETERS,0,False,444.75,STABLE,False,773.86
2024-01-12,P0019,S001,WH_1,SKU_26,85.80009,594.0,2.0,335.0,0.0,18.22,23.67,0.0,0.0,WH_1,2.52,50.97,34,5684,SYNTHETIC / ASSUMED PARAMETERS,0,False,508.2,STABLE,False,1280.66
2024-01-12,P0015,S004,WH_4,SKU_22,36.156914,383.0,11.0,374.0,0.0,19.16,23.34,0.0,0.0,WH_4,2.12,46.36,63,10964,SYNTHETIC / ASSUMED PARAMETERS,0,False,346.84,STABLE,False,735.31
2024-01-12,P0002,S002,WH_2,SKU_10,102.307236,499.0,10.0,310.0,213.0,13.83,22.36,0.0,0.0,WH_2,0.8,49.56,40,6844,SYNTHETIC / ASSUMED PARAMETERS,0,False,396.69,STABLE,False,317.35
2024-01-12,P0018,S005,WH_5,SKU_25,89.54949,313.0,7.0,311.0,0.0,8.45,14.29,0.0,0.0,WH_5,0.63,58.32,37,5926,SYNTHETIC / ASSUMED PARAMETERS,0,False,223.45,STABLE,False,140.77
2024-01-12,P0018,S001,WH_1,SKU_25,127.71708,380.0,5.0,314.0,0.0,14.23,20.28,1.0,0.0,WH_1,0.9,46.65,78,5160,SYNTHETIC / ASSUMED PARAMETERS,0,False,252.28,STABLE,False,227.05
2024-01-12,P0014,S002,WH_2,SKU_21,94.046,396.0,7.0,349.0,0.0,8.18,12.0,0.0,0.0,WH_2,1.13,36.82,79,8567,SYNTHETIC / ASSUMED PARAMETERS,0,False,301.95,STABLE,False,341.21
2024-01-12,P0009,S004,WH_4,SKU_17,111.31395,551.0,5.0,341.0,0.0,8.62,10.66,0.0,0.0,WH_4,1.16,28.26,74,6506,SYNTHETIC / ASSUMED PARAMETERS,0,False,439.69,STABLE,False,510.04
2024-01-12,P0001,S002,WH_2,SKU_1,101.96769,616.0,8.0,322.0,0.0,11.46,19.92,0.0,0.0,WH_2,0.9,70.92,62,9416,SYNTHETIC / ASSUMED PARAMETERS,0,False,514.03,STABLE,False,462.63
2024-01-12,P0009,S001,WH_1,SKU_17,117.54937,695.0,10.0,268.0,0.0,14.9,26.61,0.0,0.0,WH_1,1.04,53.46,53,5188,SYNTHETIC / ASSUMED PARAMETERS,0,False,577.45,STABLE,False,600.55
2024-01-12,P0015,S005,WH_5,SKU_22,142.80261,584.0,4.0,326.0,0.0,16.45,25.06,0.0,0.0,WH_5,2.1,76.56,84,10655,SYNTHETIC / ASSUMED PARAMETERS,0,False,441.2,STABLE,False,926.51
2024-01-12,P0015,S001,WH_1,SKU_22,122.37373,699.0,4.0,282.0,0.0,8.88,12.51,0.0,0.0,WH_1,0.94,51.81,47,10427,SYNTHETIC / ASSUMED PARAMETERS,0,False,576.63,STABLE,False,542.03
2024-01-12,P0008,S003,WH_3,SKU_16,123.49417,330.0,6.0,336.0,0.0,12.08,18.52,1.0,0.0,WH_3,1.03,67.38,41,10278,SYNTHETIC / ASSUMED PARAMETERS,6,True,212.51,STABLE,False,286.26
2024-01-12,P0009,S003,WH_3,SKU_17,95.64189,441.0,3.0,339.0,0.0,16.8,28.54,0.0,0.0,WH_3,1.1,80.9,84,7273,SYNTHETIC / ASSUMED PARAMETERS,0,False,345.36,STABLE,False,379.89
2024-01-12,P0020,S003,WH_3,SKU_27,112.9582,500.0,3.0,296.0,0.0,9.18,15.91,0.0,0.0,WH_3,1.13,62.45,32,6179,SYNTHETIC / ASSUMED PARAMETERS,0,False,387.04,STABLE,False,437.36
2024-01-12,P0012,S005,WH_5,SKU_2,80.35737,621.0,14.0,267.0,0.0,15.0,26.38,0.0,0.0,WH_5,1.72,57.23,63,7517,SYNTHETIC / ASSUMED PARAMETERS,0,False,540.64,STABLE,False,929.91
2024-01-13,P0005,S002,WH_2,SKU_13,83.3878,436.0,11.0,350.0,0.0,17.04,21.69,0.0,0.0,WH_2,2.15,79.74,38,5796,SYNTHETIC / ASSUMED PARAMETERS,0,False,352.61,STABLE,False,758.12
2024-01-13,P0017,S005,WH_5,SKU_24,140.30594,534.0,7.0,313.0,0.0,7.27,12.17,0.0,0.0,WH_5,0.56,44.06,66,10704,SYNTHETIC / ASSUMED PARAMETERS,0,False,393.69,STABLE,False,220.47
2024-01-13,P0010,S004,WH_4,SKU_18,118.32423,307.0,6.0,250.0,0.0,5.35,9.51,0.0,0.0,WH_4,0.78,43.27,45,6602,SYNTHETIC / ASSUMED PARAMETERS,0,False,188.68,STABLE,False,147.17
2024-01-13,P0013,S005,WH_5,SKU_20,92.05757,559.0,2.0,246.0,0.0,10.07,18.03,0.0,0.0,WH_5,0.8,71.16,65,5639,SYNTHETIC / ASSUMED PARAMETERS,0,False,466.94,STABLE,False,373.55
2024-01-13,P0005,S004,WH_4,SKU_13,116.06542,669.0,10.0,251.0,0.0,14.29,19.75,0.0,0.0,WH_4,0.97,79.01,68,10644,SYNTHETIC / ASSUMED PARAMETERS,0,False,552.93,STABLE,False,536.35
2024-01-13,P0007,S002,WH_2,SKU_15,99.920525,690.0,8.0,386.0,0.0,11.37,14.92,0.0,0.0,WH_2,1.19,43.87,61,9277,SYNTHETIC / ASSUMED PARAMETERS,0,False,590.08,STABLE,False,702.19
2024-01-13,P0017,S002,WH_2,SKU_24,108.73448,570.0,5.0,365.0,0.0,19.69,29.64,0.0,0.0,WH_2,2.19,76.95,92,10380,SYNTHETIC / ASSUMED PARAMETERS,0,False,461.27,STABLE,False,1010.17
2024-01-13,P0012,S002,WH_2,SKU_2,125.374504,654.0,8.0,377.0,0.0,16.77,22.06,0.0,0.0,WH_2,1.73,61.48,56,5161,SYNTHETIC / ASSUMED PARAMETERS,0,False,528.63,STABLE,False,914.52
2024-01-13,P0016,S004,WH_4,SKU_23,115.030846,651.0,14.0,236.0,0.0,15.4,18.69,0.0,0.0,WH_4,1.44,47.04,57,10538,SYNTHETIC / ASSUMED PARAMETERS,0,False,535.97,STABLE,False,771.8
2024-01-13,P0004,S002,WH_2,SKU_12,107.52938,447.0,6.0,370.0,0.0,19.03,23.02,0.0,0.0,WH_2,2.32,68.2,104,8597,SYNTHETIC / ASSUMED PARAMETERS,0,False,339.47,STABLE,False,787.57
2024-01-13,P0015,S002,WH_2,SKU_22,145.1498,474.0,7.0,261.0,0.0,9.82,14.68,0.0,0.0,WH_2,1.21,42.78,60,5653,SYNTHETIC / ASSUMED PARAMETERS,0,False,328.85,STABLE,False,397.91
2024-01-13,P0010,S003,WH_3,SKU_18,108.92994,584.0,9.0,213.0,0.0,15.53,20.4,0.0,0.0,WH_3,2.28,65.06,40,7890,SYNTHETIC / ASSUMED PARAMETERS,0,False,475.07,STABLE,False,1083.16
2024-01-13,P0005,S003,WH_3,SKU_13,95.99583,578.0,14.0,382.0,0.0,6.01,8.52,0.0,0.0,WH_3,0.87,30.72,112,6380,SYNTHETIC / ASSUMED PARAMETERS,0,False,482.0,STABLE,False,419.34
2024-01-13,P0007,S004,WH_4,SKU_15,154.31435,414.0,5.0,224.0,0.0,13.52,23.32,0.0,0.0,WH_4,1.16,58.22,61,7785,SYNTHETIC / ASSUMED PARAMETERS,0,False,259.69,STABLE,False,301.24
2024-01-13,P0011,S004,WH_4,SKU_19,185.87627,389.0,4.0,352.0,0.0,5.41,7.4,0.0,0.0,WH_4,0.43,30.95,55,9647,SYNTHETIC / ASSUMED PARAMETERS,0,False,203.12,STABLE,False,87.34
2024-01-13,P0017,S001,WH_1,SKU_24,131.19923,316.0,2.0,288.0,0.0,6.14,10.22,0.0,0.0,WH_1,0.75,31.15,47,6037,SYNTHETIC / ASSUMED PARAMETERS,0,False,184.8,STABLE,False,138.6
2024-01-13,P0004,S001,WH_1,SKU_12,138.78062,699.0,5.0,299.0,0.0,5.36,7.17,1.0,0.0,WH_1,0.74,24.31,60,7801,SYNTHETIC / ASSUMED PARAMETERS,0,False,560.22,STABLE,False,414.56
2024-01-13,P0002,S001,WH_1,SKU_10,128.38882,561.0,13.0,361.0,0.0,12.67,18.73,0.0,0.0,WH_1,1.29,70.59,100,6990,SYNTHETIC / ASSUMED PARAMETERS,0,False,432.61,STABLE,False,558.07
2024-01-13,P0008,S005,WH_5,SKU_16,129.29176,642.0,2.0,394.0,0.0,13.23,20.46,0.0,0.0,WH_5,1.66,59.45,101,8221,SYNTHETIC / ASSUMED PARAMETERS,0,False,512.71,STABLE,False,851.1
2024-01-13,P0020,S002,WH_2,SKU_27,81.11028,637.0,4.0,223.0,0.0,16.3,21.54,0.0,0.0,WH_2,1.63,83.19,46,6479,SYNTHETIC / ASSUMED PARAMETERS,0,False,555.89,STABLE,False,906.1
2024-01-13,P0010,S001,WH_1,SKU_18,89.27357,516.0,2.0,346.0,0.0,8.62,10.49,0.0,0.0,WH_1,0.92,38.21,43,7798,SYNTHETIC / ASSUMED PARAMETERS,0,False,426.73,STABLE,False,392.59
2024-01-13,P0015,S004,WH_4,SKU_22,95.790115,366.0,11.0,374.0,0.0,19.16,23.34,0.0,0.0,WH_4,2.12,46.36,63,10964,SYNTHETIC / ASSUMED PARAMETERS,8,True,278.21,STABLE,False,636.16
2024-01-13,P0018,S002,WH_2,SKU_25,98.663185,607.0,3.0,352.0,0.0,5.07,6.95,0.0,0.0,WH_2,0.51,29.96,39,8258,SYNTHETIC / ASSUMED PARAMETERS,0,False,508.34,STABLE,False,259.25
2024-01-13,P0012,S005,WH_5,SKU_2,109.041725,600.0,14.0,267.0,0.0,15.0,26.38,0.0,0.0,WH_5,1.72,57.23,63,7517,SYNTHETIC / ASSUMED PARAMETERS,0,False,490.96,STABLE,False,844.45
2024-01-13,P0014,S003,WH_3,SKU_21,93.65002,688.0,10.0,283.0,0.0,5.75,8.47,0.0,0.0,WH_3,0.72,24.19,84,8334,SYNTHETIC / ASSUMED PARAMETERS,0,False,594.35,STABLE,False,427.93
2024-01-13,P0018,S004,WH_4,SKU_25,80.088524,329.0,9.0,273.0,0.0,12.02,19.24,0.0,0.0,WH_4,1.67,68.75,82,5738,SYNTHETIC / ASSUMED PARAMETERS,0,False,248.91,STABLE,False,415.68
2024-01-13,P0007,S005,WH_5,SKU_15,186.95192,375.0,14.0,279.0,0.0,15.48,21.47,0.0,0.0,WH_5,1.08,84.29,72,9525,SYNTHETIC / ASSUMED PARAMETERS,0,False,188.05,STABLE,False,203.09
2024-01-13,P0009,S001,WH_1,SKU_17,146.48845,660.0,10.0,268.0,0.0,14.9,26.61,1.0,0.0,WH_1,1.04,53.46,53,5188,SYNTHETIC / ASSUMED PARAMETERS,0,False,513.51,STABLE,False,534.05
2024-01-13,P0015,S001,WH_1,SKU_22,141.64114,671.0,4.0,282.0,0.0,8.88,12.51,0.0,0.0,WH_1,0.94,51.81,47,10427,SYNTHETIC / ASSUMED PARAMETERS,0,False,529.36,STABLE,False,497.6
2024-01-13,P0001,S002,WH_2,SKU_1,179.77292,591.0,8.0,322.0,0.0,11.46,19.92,0.0,0.0,WH_2,0.9,70.92,62,9416,SYNTHETIC / ASSUMED PARAMETERS,0,False,411.23,STABLE,False,370.1
2024-01-13,P0011,S002,WH_2,SKU_19,169.45172,384.0,8.0,316.0,0.0,12.67,18.56,0.0,0.0,WH_2,1.58,55.58,37,4994,SYNTHETIC / ASSUMED PARAMETERS,0,False,214.55,STABLE,False,338.99
2024-01-13,P0003,S001,WH_1,SKU_11,122.93584,700.0,4.0,286.0,0.0,19.54,34.79,0.0,0.0,WH_1,2.75,93.77,81,6423,SYNTHETIC / ASSUMED PARAMETERS,0,False,577.06,STABLE,False,1586.93
2024-01-13,P0015,S003,WH_3,SKU_22,205.07555,410.0,4.0,211.0,0.0,18.38,32.58,0.0,0.0,WH_3,1.34,101.74,33,5385,SYNTHETIC / ASSUMED PARAMETERS,0,False,204.92,STABLE,False,274.6
2024-01-13,P0020,S005,WH_5,SKU_27,107.089554,607.0,2.0,353.0,0.0,17.89,25.71,0.0,0.0,WH_5,1.71,74.7,103,6290,SYNTHETIC / ASSUMED PARAMETERS,0,False,499.91,STABLE,False,854.85
2024-01-13,P0006,S002,WH_2,SKU_14,96.20481,582.0,14.0,268.0,0.0,18.83,23.34,0.0,0.0,WH_2,2.51,66.61,39,5701,SYNTHETIC / ASSUMED PARAMETERS,0,False,485.8,STABLE,False,1219.35
2024-01-13,P0006,S004,WH_4,SKU_14,96.779526,628.0,10.0,343.0,0.0,5.76,8.49,0.0,0.0,WH_4,0.78,37.66,58,8907,SYNTHETIC / ASSUMED PARAMETERS,0,False,531.22,STABLE,False,414.35
2024-01-13,P0001,S005,WH_5,SKU_1,166.45264,391.0,4.0,366.0,0.0,19.41,23.81,0.0,0.0,WH_5,2.58,47.73,54,8279,SYNTHETIC / ASSUMED PARAMETERS,0,False,224.55,STABLE,False,579.33
2024-01-13,P0011,S003,WH_3,SKU_19,113.753815,555.0,4.0,295.0,0.0,14.17,23.01,0.0,0.0,WH_3,1.45,87.37,62,9399,SYNTHETIC / ASSUMED PARAMETERS,0,False,441.25,STABLE,False,639.81
2024-01-13,P0013,S001,WH_1,SKU_20,121.17669,572.0,9.0,295.0,302.0,9.55,16.05,1.0,0.0,WH_1,1.19,44.04,33,5191,SYNTHETIC / ASSUMED PARAMETERS,0,False,450.82,STABLE,False,536.48
2024-01-13,P0018,S003,WH_3,SKU_25,65.3485,573.0,7.0,232.0,0.0,6.51,8.04,0.0,0.0,WH_3,0.89,32.85,39,9598,SYNTHETIC / ASSUMED PARAMETERS,0,False,507.65,STABLE,False,451.81
2024-01-13,P0003,S005,WH_5,SKU_11,101.662025,724.0,3.0,349.0,0.0,18.92,31.99,0.0,0.0,WH_5,1.99,103.38,46,6507,SYNTHETIC / ASSUMED PARAMETERS,0,False,622.34,STABLE,False,1238.45
2024-01-13,P0002,S005,WH_5,SKU_10,85.66699,273.0,9.0,246.0,0.0,9.67,15.35,0.0,0.0,WH_5,1.52,60.17,40,6308,SYNTHETIC / ASSUMED PARAMETERS,0,False,187.33,STABLE,False,284.75
2024-01-13,P0008,S002,WH_2,SKU_16,101.034096,491.0,11.0,327.0,0.0,19.0,26.16,0.0,0.0,WH_2,2.13,82.7,65,6031,SYNTHETIC / ASSUMED PARAMETERS,0,False,389.97,STABLE,False,830.63
2024-01-13,P0009,S003,WH_3,SKU_17,101.08441,418.0,3.0,339.0,0.0,16.8,28.54,1.0,0.0,WH_3,1.1,80.9,84,7273,SYNTHETIC / ASSUMED PARAMETERS,0,False,316.92,STABLE,False,348.61
2024-01-13,P0020,S001,WH_1,SKU_27,59.208626,451.0,2.0,389.0,0.0,5.89,7.48,0.0,0.0,WH_1,0.77,21.54,103,8847,SYNTHETIC / ASSUMED PARAMETERS,0,False,391.79,STABLE,False,301.68
2024-01-13,P0014,S002,WH_2,SKU_21,119.569305,373.0,7.0,349.0,0.0,8.18,12.0,0.0,0.0,WH_2,1.13,36.82,79,8567,SYNTHETIC / ASSUMED PARAMETERS,0,False,253.43,STABLE,False,286.38
2024-01-13,P0006,S003,WH_3,SKU_14,94.59346,411.0,3.0,283.0,0.0,5.88,9.37,0.0,0.0,WH_3,0.82,33.85,73,7722,SYNTHETIC / ASSUMED PARAMETERS,0,False,316.41,STABLE,False,259.45
2024-01-13,P0016,S002,WH_2,SKU_23,157.38739,468.0,12.0,312.0,0.0,6.68,11.81,0.0,0.0,WH_2,0.8,35.45,73,10338,SYNTHETIC / ASSUMED PARAMETERS,0,False,310.61,STABLE,False,248.49
2024-01-13,P0016,S001,WH_1,SKU_23,156.41548,381.0,8.0,239.0,0.0,9.05,14.03,0.0,0.0,WH_1,0.76,35.69,32,4845,SYNTHETIC / ASSUMED PARAMETERS,0,False,224.58,STABLE,False,170.68
2024-01-13,P0017,S004,WH_4,SKU_24,139.04724,283.0,13.0,301.0,0.0,7.11,12.19,0.0,0.0,WH_4,1.05,31.77,79,5355,SYNTHETIC / ASSUMED PARAMETERS,18,True,161.95,STABLE,False,201.82
2024-01-13,P0002,S003,WH_3,SKU_10,106.679924,541.0,5.0,218.0,0.0,13.68,17.87,0.0,0.0,WH_3,1.74,42.93,55,5968,SYNTHETIC / ASSUMED PARAMETERS,0,False,434.32,STABLE,False,755.72
2024-01-13,P0018,S001,WH_1,SKU_25,103.37338,357.0,5.0,314.0,0.0,14.23,20.28,0.0,0.0,WH_1,0.9,46.65,78,5160,SYNTHETIC / ASSUMED PARAMETERS,0,False,253.63,STABLE,False,228.26
2024-01-13,P0005,S005,WH_5,SKU_13,106.4454,574.0,7.0,305.0,0.0,15.13,23.34,0.0,0.0,WH_5,0.88,49.29,48,10583,SYNTHETIC / ASSUMED PARAMETERS,0,False,467.55,STABLE,False,411.45
2024-01-13,P0014,S004,WH_4,SKU_21,106.17827,801.0,8.0,379.0,435.0,12.65,20.04,0.0,0.0,WH_4,0.78,76.01,44,11017,SYNTHETIC / ASSUMED PARAMETERS,0,False,694.82,STABLE,False,541.96
2024-01-13,P0010,S002,WH_2,SKU_18,127.419075,646.0,10.0,270.0,0.0,17.51,24.82,0.0,0.0,WH_2,1.18,54.17,54,10850,SYNTHETIC / ASSUMED PARAMETERS,0,False,518.58,STABLE,False,611.93
2024-01-13,P0003,S003,WH_3,SKU_11,91.31264,551.0,13.0,342.0,0.0,13.85,18.39,0.0,0.0,WH_3,1.16,58.36,96,10164,SYNTHETIC / ASSUMED PARAMETERS,0,False,459.69,STABLE,False,533.24
2024-01-13,P0005,S001,WH_1,SKU_13,126.573746,605.0,9.0,246.0,0.0,19.52,24.09,1.0,0.0,WH_1,1.26,57.54,50,8981,SYNTHETIC / ASSUMED PARAMETERS,0,False,478.43,STABLE,False,602.82
2024-01-13,P0019,S004,WH_4,SKU_26,135.60968,392.0,14.0,331.0,0.0,8.71,13.65,0.0,0.0,WH_4,0.81,35.89,53,6838,SYNTHETIC / ASSUMED PARAMETERS,0,False,256.39,STABLE,False,207.68
2024-01-13,P0007,S001,WH_1,SKU_15,134.31169,544.0,13.0,327.0,0.0,16.7,28.78,0.0,0.0,WH_1,2.21,100.17,53,6976,SYNTHETIC / ASSUMED PARAMETERS,0,False,409.69,STABLE,False,905.41
2024-01-13,P0004,S003,WH_3,SKU_12,125.37738,502.0,6.0,234.0,0.0,10.01,13.38,0.0,0.0,WH_3,1.57,45.39,57,10301,SYNTHETIC / ASSUMED PARAMETERS,0,False,376.62,STABLE,False,591.3
2024-01-13,P0001,S004,WH_4,SKU_1,126.68587,503.0,9.0,333.0,0.0,6.93,10.7,1.0,0.0,WH_4,1.02,32.51,60,7800,SYNTHETIC / ASSUMED PARAMETERS,0,False,376.31,STABLE,False,383.84
2024-01-13,P0008,S004,WH_4,SKU_16,72.47915,502.0,4.0,367.0,0.0,6.61,9.52,0.0,0.0,WH_4,0.87,40.21,59,5735,SYNTHETIC / ASSUMED PARAMETERS,0,False,429.52,STABLE,False,373.68
2024-01-13,P0008,S001,WH_1,SKU_16,100.58592,617.0,14.0,328.0,0.0,11.96,17.38,0.0,0.0,WH_1,1.64,39.73,88,10604,SYNTHETIC / ASSUMED PARAMETERS,0,False,516.41,STABLE,False,846.92
2024-01-13,P0017,S003,WH_3,SKU_24,105.59261,599.0,10.0,209.0,0.0,10.59,15.15,0.0,0.0,WH_3,1.43,56.19,52,9960,SYNTHETIC / ASSUMED PARAMETERS,0,False,493.41,STABLE,False,705.57
2024-01-13,P0018,S005,WH_5,SKU_25,107.65116,291.0,7.0,311.0,0.0,8.45,14.29,0.0,0.0,WH_5,0.63,58.32,37,5926,SYNTHETIC / ASSUMED PARAMETERS,20,True,203.35,STABLE,False,186.43
2024-01-13,P0001,S003,WH_3,SKU_1,137.3545,612.0,6.0,314.0,0.0,6.06,8.41,0.0,0.0,WH_3,0.95,32.98,61,6038,SYNTHETIC / ASSUMED PARAMETERS,0,False,474.65,STABLE,False,450.91
2024-01-13,P0014,S005,WH_5,SKU_21,49.12374,480.0,8.0,309.0,0.0,13.11,23.25,0.0,0.0,WH_5,1.81,58.89,87,5672,SYNTHETIC / ASSUMED PARAMETERS,0,False,430.88,STABLE,False,779.89
2024-01-13,P0002,S002,WH_2,SKU_10,103.407166,477.0,10.0,310.0,0.0,13.83,22.36,0.0,0.0,WH_2,0.8,49.56,40,6844,SYNTHETIC / ASSUMED PARAMETERS,0,False,373.59,STABLE,False,298.87
2024-01-13,P0013,S002,WH_2,SKU_20,117.52328,437.0,9.0,336.0,0.0,12.31,20.86,0.0,0.0,WH_2,1.41,50.99,90,10971,SYNTHETIC / ASSUMED PARAMETERS,0,False,319.48,STABLE,False,450.46
2024-01-13,P0019,S002,WH_2,SKU_26,150.48398,603.0,5.0,273.0,0.0,8.5,11.16,1.0,0.0,WH_2,0.55,33.37,47,8606,SYNTHETIC / ASSUMED PARAMETERS,0,False,452.52,STABLE,False,248.88
2024-01-13,P0016,S005,WH_5,SKU_23,141.55879,515.0,3.0,383.0,0.0,19.43,28.74,0.0,0.0,WH_5,2.51,93.33,52,7979,SYNTHETIC / ASSUMED PARAMETERS,0,False,373.44,STABLE,False,937.34
2024-01-13,P0020,S003,WH_3,SKU_27,101.22151,476.0,3.0,296.0,0.0,9.18,15.91,0.0,0.0,WH_3,1.13,62.45,32,6179,SYNTHETIC / ASSUMED PARAMETERS,0,False,374.78,STABLE,False,423.5
2024-01-13,P0019,S005,WH_5,SKU_26,117.45912,546.0,4.0,393.0,0.0,17.15,27.81,0.0,0.0,WH_5,2.55,59.97,91,8473,SYNTHETIC / ASSUMED PARAMETERS,0,False,428.54,STABLE,False,1092.78
2024-01-13,P0004,S004,WH_4,SKU_12,128.43977,588.0,12.0,227.0,0.0,14.2,19.73,0.0,0.0,WH_4,1.6,43.96,33,7746,SYNTHETIC / ASSUMED PARAMETERS,0,False,459.56,STABLE,False,735.3
2024-01-13,P0013,S003,WH_3,SKU_20,118.57652,593.0,3.0,319.0,0.0,14.9,25.16,1.0,0.0,WH_3,1.3,53.63,94,9643,SYNTHETIC / ASSUMED PARAMETERS,0,False,474.42,STABLE,False,616.75
2024-01-13,P0020,S004,WH_4,SKU_27,68.9723,710.0,14.0,289.0,0.0,13.84,20.65,0.0,0.0,WH_4,2.11,78.58,52,8263,SYNTHETIC / ASSUMED PARAMETERS,0,False,641.03,STABLE,False,1352.57
2024-01-13,P0013,S004,WH_4,SKU_20,94.137794,641.0,2.0,327.0,0.0,16.89,23.51,0.0,0.0,WH_4,1.33,49.52,45,10402,SYNTHETIC / ASSUMED PARAMETERS,0,False,546.86,STABLE,False,727.33
2024-01-13,P0004,S005,WH_5,SKU_12,126.12568,474.0,6.0,349.0,0.0,10.21,15.8,0.0,0.0,WH_5,0.76,39.17,96,5993,SYNTHETIC / ASSUMED PARAMETERS,0,False,347.87,STABLE,False,264.38
2024-01-13,P0009,S005,WH_5,SKU_17,167.00902,327.0,8.0,321.0,0.0,7.73,13.36,0.0,0.0,WH_5,0.58,50.99,60,7894,SYNTHETIC / ASSUMED PARAMETERS,0,False,159.99,STABLE,False,92.79
2024-01-13,P0016,S003,WH_3,SKU_23,125.1326,502.0,5.0,293.0,0.0,18.08,23.36,0.0,0.0,WH_3,2.55,64.6,72,10369,SYNTHETIC / ASSUMED PARAMETERS,0,False,376.87,STABLE,False,961.01
2024-01-13,P0019,S003,WH_3,SKU_26,131.47853,611.0,14.0,222.0,0.0,7.66,9.43,0.0,0.0,WH_3,0.81,30.44,28,5399,SYNTHETIC / ASSUMED PARAMETERS,0,False,479.52,STABLE,False,388.41
2024-01-13,P0003,S004,WH_4,SKU_11,72.94431,726.0,2.0,382.0,0.0,6.2,7.82,0.0,0.0,WH_4,0.5,33.95,90,5402,SYNTHETIC / ASSUMED PARAMETERS,0,False,653.06,STABLE,False,326.53
2024-01-13,P0012,S001,WH_1,SKU_2,142.93143,706.0,13.0,228.0,0.0,19.76,35.1,0.0,0.0,WH_1,2.92,120.54,61,5736,SYNTHETIC / ASSUMED PARAMETERS,0,False,563.07,STABLE,False,1644.16
2024-01-13,P0011,S001,WH_1,SKU_19,145.11632,715.0,8.0,287.0,463.0,12.4,18.41,0.0,0.0,WH_1,1.18,43.0,33,9186,SYNTHETIC / ASSUMED PARAMETERS,0,False,569.88,STABLE,False,672.46
2024-01-13,P0011,S005,WH_5,SKU_19,150.3737,386.0,7.0,281.0,0.0,15.87,25.1,0.0,0.0,WH_5,2.0,76.39,84,8102,SYNTHETIC / ASSUMED PARAMETERS,0,False,235.63,STABLE,False,471.25
2024-01-13,P0002,S004,WH_4,SKU_10,99.14409,539.0,14.0,328.0,0.0,19.02,24.9,0.0,0.0,WH_4,2.76,93.09,92,6565,SYNTHETIC / ASSUMED PARAMETERS,0,False,439.86,STABLE,False,1214.0
2024-01-13,P0001,S001,WH_1,SKU_1,125.86088,778.0,14.0,379.0,0.0,13.95,20.48,0.0,0.0,WH_1,1.88,67.42,94,6673,SYNTHETIC / ASSUMED PARAMETERS,0,False,652.14,STABLE,False,1226.02
2024-01-13,P0007,S003,WH_3,SKU_15,134.29117,524.0,7.0,265.0,0.0,6.24,9.99,1.0,0.0,WH_3,0.69,40.25,72,9290,SYNTHETIC / ASSUMED PARAMETERS,0,False,389.71,STABLE,False,268.9
2024-01-13,P0006,S001,WH_1,SKU_14,105.32918,581.0,11.0,265.0,339.0,8.21,11.1,0.0,0.0,WH_1,1.31,43.21,69,6246,SYNTHETIC / ASSUMED PARAMETERS,0,False,475.67,STABLE,False,623.13
2024-01-13,P0015,S005,WH_5,SKU_22,144.80487,562.0,4.0,326.0,0.0,16.45,25.06,0.0,0.0,WH_5,2.1,76.56,84,10655,SYNTHETIC / ASSUMED PARAMETERS,0,False,417.2,STABLE,False,876.11
2024-01-13,P0009,S002,WH_2,SKU_17,122.03462,665.0,13.0,372.0,0.0,16.68,21.24,0.0,0.0,WH_2,1.17,53.18,81,8112,SYNTHETIC / ASSUMED PARAMETERS,0,False,542.97,STABLE,False,635.27
2024-01-13,P0010,S005,WH_5,SKU_18,108.664925,635.0,13.0,394.0,0.0,13.35,21.48,0.0,0.0,WH_5,1.44,69.56,77,8261,SYNTHETIC / ASSUMED PARAMETERS,0,False,526.34,STABLE,False,757.92
2024-01-13,P0009,S004,WH_4,SKU_17,118.91767,531.0,5.0,341.0,0.0,8.62,10.66,0.0,0.0,WH_4,1.16,28.26,74,6506,SYNTHETIC / ASSUMED PARAMETERS,0,False,412.08,STABLE,False,478.02
2024-01-13,P0008,S003,WH_3,SKU_16,161.06583,766.0,6.0,336.0,457.0,12.08,18.52,0.0,0.0,WH_3,1.03,67.38,41,10278,SYNTHETIC / ASSUMED PARAMETERS,0,False,604.93,STABLE,False,623.08
2024-01-13,P0006,S005,WH_5,SKU_14,105.19049,742.0,6.0,259.0,0.0,11.19,14.98,0.0,0.0,WH_5,0.92,37.97,55,10175,SYNTHETIC / ASSUMED PARAMETERS,0,False,636.81,STABLE,False,585.86
2024-01-13,P0019,S001,WH_1,SKU_26,108.73631,571.0,2.0,335.0,0.0,18.22,23.67,0.0,0.0,WH_1,2.52,50.97,34,5684,SYNTHETIC / ASSUMED PARAMETERS,0,False,462.26,STABLE,False,1164.9
2024-01-13,P0012,S003,WH_3,SKU_2,81.459724,666.0,10.0,319.0,0.0,5.02,7.82,0.0,0.0,WH_3,0.45,23.6,74,9396,SYNTHETIC / ASSUMED PARAMETERS,0,False,584.54,STABLE,False,263.04
2024-01-13,P0003,S002,WH_2,SKU_11,94.91669,713.0,4.0,230.0,0.0,17.93,29.29,0.0,0.0,WH_2,2.41,85.34,31,10194,SYNTHETIC / ASSUMED PARAMETERS,0,False,618.08,STABLE,False,1489.58
2024-01-13,P0012,S004,WH_4,SKU_2,168.88527,573.0,6.0,290.0,306.0,7.06,10.96,0.0,0.0,WH_4,1.1,40.69,80,10160,SYNTHETIC / ASSUMED PARAMETERS,0,False,404.11,STABLE,False,444.53
2024-01-13,P0014,S001,WH_1,SKU_21,105.11271,450.0,11.0,245.0,0.0,19.68,23.66,0.0,0.0,WH_1,2.7,52.3,38,5664,SYNTHETIC / ASSUMED PARAMETERS,0,False,344.89,STABLE,False,931.2
2024-01-14,P0012,S002,WH_2,SKU_2,83.61663,633.0,8.0,377.0,0.0,16.77,22.06,0.0,0.0,WH_2,1.73,61.48,56,5161,SYNTHETIC / ASSUMED PARAMETERS,0,False,549.38,STABLE,False,950.43
2024-01-14,P0018,S001,WH_1,SKU_25,87.81555,330.0,5.0,314.0,0.0,14.23,20.28,0.0,0.0,WH_1,0.9,46.65,78,5160,SYNTHETIC / ASSUMED PARAMETERS,0,False,242.18,STABLE,False,217.97
2024-01-14,P0007,S003,WH_3,SKU_15,107.60382,491.0,7.0,265.0,0.0,6.24,9.99,0.0,0.0,WH_3,0.69,40.25,72,9290,SYNTHETIC / ASSUMED PARAMETERS,0,False,383.4,STABLE,False,264.54
2024-01-14,P0005,S002,WH_2,SKU_13,97.28028,418.0,11.0,350.0,0.0,17.04,21.69,0.0,0.0,WH_2,2.15,79.74,38,5796,SYNTHETIC / ASSUMED PARAMETERS,0,False,320.72,STABLE,False,689.55
2024-01-14,P0005,S005,WH_5,SKU_13,112.90763,560.0,7.0,305.0,0.0,15.13,23.34,1.0,0.0,WH_5,0.88,49.29,48,10583,SYNTHETIC / ASSUMED PARAMETERS,0,False,447.09,STABLE,False,393.44
2024-01-14,P0001,S005,WH_5,SKU_1,101.42074,366.0,4.0,366.0,0.0,19.41,23.81,0.0,0.0,WH_5,2.58,47.73,54,8279,SYNTHETIC / ASSUMED PARAMETERS,0,False,264.58,STABLE,False,682.61
2024-01-14,P0020,S002,WH_2,SKU_27,96.06428,614.0,4.0,223.0,0.0,16.3,21.54,0.0,0.0,WH_2,1.63,83.19,46,6479,SYNTHETIC / ASSUMED PARAMETERS,0,False,517.94,STABLE,False,844.24
2024-01-14,P0010,S002,WH_2,SKU_18,146.91562,626.0,10.0,270.0,0.0,17.51,24.82,0.0,0.0,WH_2,1.18,54.17,54,10850,SYNTHETIC / ASSUMED PARAMETERS,0,False,479.08,STABLE,False,565.32
2024-01-14,P0004,S005,WH_5,SKU_12,95.935486,461.0,6.0,349.0,0.0,10.21,15.8,0.0,0.0,WH_5,0.76,39.17,96,5993,SYNTHETIC / ASSUMED PARAMETERS,0,False,365.06,STABLE,False,277.45
2024-01-14,P0007,S005,WH_5,SKU_15,129.54553,347.0,14.0,279.0,0.0,15.48,21.47,0.0,0.0,WH_5,1.08,84.29,72,9525,SYNTHETIC / ASSUMED PARAMETERS,0,False,217.45,STABLE,False,234.85
2024-01-14,P0017,S002,WH_2,SKU_24,87.45076,554.0,5.0,365.0,0.0,19.69,29.64,0.0,0.0,WH_2,2.19,76.95,92,10380,SYNTHETIC / ASSUMED PARAMETERS,0,False,466.55,STABLE,False,1021.74
2024-01-14,P0004,S002,WH_2,SKU_12,136.551,422.0,6.0,370.0,0.0,19.03,23.02,0.0,0.0,WH_2,2.32,68.2,104,8597,SYNTHETIC / ASSUMED PARAMETERS,0,False,285.45,STABLE,False,662.24
2024-01-14,P0020,S004,WH_4,SKU_27,83.31451,676.0,14.0,289.0,0.0,13.84,20.65,0.0,0.0,WH_4,2.11,78.58,52,8263,SYNTHETIC / ASSUMED PARAMETERS,0,False,592.69,STABLE,False,1250.57
2024-01-14,P0013,S003,WH_3,SKU_20,121.04197,575.0,3.0,319.0,0.0,14.9,25.16,1.0,0.0,WH_3,1.3,53.63,94,9643,SYNTHETIC / ASSUMED PARAMETERS,0,False,453.96,STABLE,False,590.15
2024-01-14,P0017,S001,WH_1,SKU_24,74.08022,297.0,2.0,288.0,0.0,6.14,10.22,0.0,0.0,WH_1,0.75,31.15,47,6037,SYNTHETIC / ASSUMED PARAMETERS,0,False,222.92,STABLE,False,167.19
2024-01-14,P0005,S003,WH_3,SKU_13,100.941124,557.0,14.0,382.0,0.0,6.01,8.52,0.0,0.0,WH_3,0.87,30.72,112,6380,SYNTHETIC / ASSUMED PARAMETERS,0,False,456.06,STABLE,False,396.77
2024-01-14,P0004,S003,WH_3,SKU_12,169.5833,480.0,6.0,234.0,0.0,10.01,13.38,0.0,0.0,WH_3,1.57,45.39,57,10301,SYNTHETIC / ASSUMED PARAMETERS,0,False,310.42,STABLE,False,487.35
2024-01-14,P0003,S005,WH_5,SKU_11,87.19255,709.0,3.0,349.0,0.0,18.92,31.99,0.0,0.0,WH_5,1.99,103.38,46,6507,SYNTHETIC / ASSUMED PARAMETERS,0,False,621.81,STABLE,False,1237.4
2024-01-14,P0001,S002,WH_2,SKU_1,112.54714,568.0,8.0,322.0,0.0,11.46,19.92,0.0,0.0,WH_2,0.9,70.92,62,9416,SYNTHETIC / ASSUMED PARAMETERS,0,False,455.45,STABLE,False,409.91
2024-01-14,P0003,S003,WH_3,SKU_11,85.38847,527.0,13.0,342.0,0.0,13.85,18.39,0.0,0.0,WH_3,1.16,58.36,96,10164,SYNTHETIC / ASSUMED PARAMETERS,0,False,441.61,STABLE,False,512.27
2024-01-14,P0019,S002,WH_2,SKU_26,116.7917,592.0,5.0,273.0,0.0,8.5,11.16,0.0,0.0,WH_2,0.55,33.37,47,8606,SYNTHETIC / ASSUMED PARAMETERS,0,False,475.21,STABLE,False,261.36
2024-01-14,P0011,S004,WH_4,SKU_19,117.84726,372.0,4.0,352.0,0.0,5.41,7.4,0.0,0.0,WH_4,0.43,30.95,55,9647,SYNTHETIC / ASSUMED PARAMETERS,0,False,254.15,STABLE,False,109.29
2024-01-14,P0009,S005,WH_5,SKU_17,122.685486,313.0,8.0,321.0,0.0,7.73,13.36,0.0,0.0,WH_5,0.58,50.99,60,7894,SYNTHETIC / ASSUMED PARAMETERS,8,True,198.31,STABLE,False,166.01
2024-01-14,P0015,S005,WH_5,SKU_22,95.63437,533.0,4.0,326.0,0.0,16.45,25.06,0.0,0.0,WH_5,2.1,76.56,84,10655,SYNTHETIC / ASSUMED PARAMETERS,0,False,437.37,STABLE,False,918.47
2024-01-14,P0016,S003,WH_3,SKU_23,131.69565,481.0,5.0,293.0,0.0,18.08,23.36,0.0,0.0,WH_3,2.55,64.6,72,10369,SYNTHETIC / ASSUMED PARAMETERS,0,False,349.3,STABLE,False,890.73
2024-01-14,P0012,S001,WH_1,SKU_2,105.80174,683.0,13.0,228.0,0.0,19.76,35.1,0.0,0.0,WH_1,2.92,120.54,61,5736,SYNTHETIC / ASSUMED PARAMETERS,0,False,577.2,STABLE,False,1685.42
2024-01-14,P0004,S004,WH_4,SKU_12,145.59167,562.0,12.0,227.0,0.0,14.2,19.73,0.0,0.0,WH_4,1.6,43.96,33,7746,SYNTHETIC / ASSUMED PARAMETERS,0,False,416.41,STABLE,False,666.25
2024-01-14,P0016,S001,WH_1,SKU_23,143.51395,357.0,8.0,239.0,0.0,9.05,14.03,1.0,0.0,WH_1,0.76,35.69,32,4845,SYNTHETIC / ASSUMED PARAMETERS,0,False,213.49,STABLE,False,162.25
2024-01-14,P0011,S002,WH_2,SKU_19,92.51353,365.0,8.0,316.0,0.0,12.67,18.56,0.0,0.0,WH_2,1.58,55.58,37,4994,SYNTHETIC / ASSUMED PARAMETERS,0,False,272.49,STABLE,False,430.53
2024-01-14,P0009,S004,WH_4,SKU_17,98.3587,510.0,5.0,341.0,0.0,8.62,10.66,0.0,0.0,WH_4,1.16,28.26,74,6506,SYNTHETIC / ASSUMED PARAMETERS,0,False,411.64,STABLE,False,477.5
2024-01-14,P0001,S004,WH_4,SKU_1,59.02208,490.0,9.0,333.0,0.0,6.93,10.7,0.0,0.0,WH_4,1.02,32.51,60,7800,SYNTHETIC / ASSUMED PARAMETERS,0,False,430.98,STABLE,False,439.6
2024-01-14,P0002,S004,WH_4,SKU_10,158.44553,513.0,14.0,328.0,0.0,19.02,24.9,0.0,0.0,WH_4,2.76,93.09,92,6565,SYNTHETIC / ASSUMED PARAMETERS,0,False,354.55,STABLE,False,978.57
2024-01-14,P0017,S003,WH_3,SKU_24,66.486176,589.0,10.0,209.0,0.0,10.59,15.15,0.0,0.0,WH_3,1.43,56.19,52,9960,SYNTHETIC / ASSUMED PARAMETERS,0,False,522.51,STABLE,False,747.19
2024-01-14,P0010,S004,WH_4,SKU_18,60.442677,280.0,6.0,250.0,0.0,5.35,9.51,1.0,0.0,WH_4,0.78,43.27,45,6602,SYNTHETIC / ASSUMED PARAMETERS,0,False,219.56,STABLE,False,171.25
2024-01-14,P0019,S005,WH_5,SKU_26,78.54012,520.0,4.0,393.0,0.0,17.15,27.81,0.0,0.0,WH_5,2.55,59.97,91,8473,SYNTHETIC / ASSUMED PARAMETERS,0,False,441.46,STABLE,False,1125.72
2024-01-14,P0014,S001,WH_1,SKU_21,107.323166,440.0,11.0,245.0,0.0,19.68,23.66,0.0,0.0,WH_1,2.7,52.3,38,5664,SYNTHETIC / ASSUMED PARAMETERS,0,False,332.68,STABLE,False,898.23
2024-01-14,P0002,S005,WH_5,SKU_10,82.546814,242.0,9.0,246.0,0.0,9.67,15.35,0.0,0.0,WH_5,1.52,60.17,40,6308,SYNTHETIC / ASSUMED PARAMETERS,4,True,163.45,STABLE,False,308.62
2024-01-14,P0015,S003,WH_3,SKU_22,119.716675,389.0,4.0,211.0,0.0,18.38,32.58,0.0,0.0,WH_3,1.34,101.74,33,5385,SYNTHETIC / ASSUMED PARAMETERS,0,False,269.28,STABLE,False,360.84
2024-01-14,P0005,S001,WH_1,SKU_13,101.53113,587.0,9.0,246.0,0.0,19.52,24.09,0.0,0.0,WH_1,1.26,57.54,50,8981,SYNTHETIC / ASSUMED PARAMETERS,0,False,485.47,STABLE,False,611.69
2024-01-14,P0014,S003,WH_3,SKU_21,146.5018,683.0,10.0,283.0,0.0,5.75,8.47,0.0,0.0,WH_3,0.72,24.19,84,8334,SYNTHETIC / ASSUMED PARAMETERS,0,False,536.5,STABLE,False,386.28
2024-01-14,P0006,S003,WH_3,SKU_14,77.20863,392.0,3.0,283.0,0.0,5.88,9.37,0.0,0.0,WH_3,0.82,33.85,73,7722,SYNTHETIC / ASSUMED PARAMETERS,0,False,314.79,STABLE,False,258.13
2024-01-14,P0012,S004,WH_4,SKU_2,123.47879,552.0,6.0,290.0,0.0,7.06,10.96,0.0,0.0,WH_4,1.1,40.69,80,10160,SYNTHETIC / ASSUMED PARAMETERS,0,False,428.52,STABLE,False,471.37
2024-01-14,P0003,S002,WH_2,SKU_11,97.88798,690.0,4.0,230.0,0.0,17.93,29.29,0.0,0.0,WH_2,2.41,85.34,31,10194,SYNTHETIC / ASSUMED PARAMETERS,0,False,592.11,STABLE,False,1426.99
2024-01-14,P0006,S001,WH_1,SKU_14,79.033424,557.0,11.0,265.0,0.0,8.21,11.1,0.0,0.0,WH_1,1.31,43.21,69,6246,SYNTHETIC / ASSUMED PARAMETERS,0,False,477.97,STABLE,False,626.14
2024-01-14,P0020,S005,WH_5,SKU_27,111.40873,587.0,2.0,353.0,0.0,17.89,25.71,0.0,0.0,WH_5,1.71,74.7,103,6290,SYNTHETIC / ASSUMED PARAMETERS,0,False,475.59,STABLE,False,813.26
2024-01-14,P0003,S004,WH_4,SKU_11,72.24746,702.0,2.0,382.0,0.0,6.2,7.82,0.0,0.0,WH_4,0.5,33.95,90,5402,SYNTHETIC / ASSUMED PARAMETERS,0,False,629.75,STABLE,False,314.88
2024-01-14,P0015,S001,WH_1,SKU_22,97.304085,646.0,4.0,282.0,0.0,8.88,12.51,0.0,0.0,WH_1,0.94,51.81,47,10427,SYNTHETIC / ASSUMED PARAMETERS,0,False,548.7,STABLE,False,515.77
2024-01-14,P0006,S005,WH_5,SKU_14,82.81705,723.0,6.0,259.0,0.0,11.19,14.98,0.0,0.0,WH_5,0.92,37.97,55,10175,SYNTHETIC / ASSUMED PARAMETERS,0,False,640.18,STABLE,False,588.97
2024-01-14,P0019,S003,WH_3,SKU_26,93.68509,582.0,14.0,222.0,0.0,7.66,9.43,0.0,0.0,WH_3,0.81,30.44,28,5399,SYNTHETIC / ASSUMED PARAMETERS,0,False,488.31,STABLE,False,395.54
2024-01-14,P0013,S005,WH_5,SKU_20,106.70581,531.0,2.0,246.0,0.0,10.07,18.03,0.0,0.0,WH_5,0.8,71.16,65,5639,SYNTHETIC / ASSUMED PARAMETERS,0,False,424.29,STABLE,False,339.44
2024-01-14,P0009,S002,WH_2,SKU_17,107.7283,638.0,13.0,372.0,0.0,16.68,21.24,0.0,0.0,WH_2,1.17,53.18,81,8112,SYNTHETIC / ASSUMED PARAMETERS,0,False,530.27,STABLE,False,620.42
2024-01-14,P0008,S003,WH_3,SKU_16,115.203865,753.0,6.0,336.0,0.0,12.08,18.52,0.0,0.0,WH_3,1.03,67.38,41,10278,SYNTHETIC / ASSUMED PARAMETERS,0,False,637.8,STABLE,False,656.93
2024-01-14,P0019,S001,WH_1,SKU_26,55.70707,542.0,2.0,335.0,0.0,18.22,23.67,0.0,0.0,WH_1,2.52,50.97,34,5684,SYNTHETIC / ASSUMED PARAMETERS,0,False,486.29,STABLE,False,1225.46
2024-01-14,P0001,S001,WH_1,SKU_1,83.21557,752.0,14.0,379.0,0.0,13.95,20.48,0.0,0.0,WH_1,1.88,67.42,94,6673,SYNTHETIC / ASSUMED PARAMETERS,0,False,668.78,STABLE,False,1257.31
2024-01-14,P0003,S001,WH_1,SKU_11,82.60861,679.0,4.0,286.0,0.0,19.54,34.79,0.0,0.0,WH_1,2.75,93.77,81,6423,SYNTHETIC / ASSUMED PARAMETERS,0,False,596.39,STABLE,False,1640.08
2024-01-14,P0010,S003,WH_3,SKU_18,108.89083,551.0,9.0,213.0,0.0,15.53,20.4,0.0,0.0,WH_3,2.28,65.06,40,7890,SYNTHETIC / ASSUMED PARAMETERS,0,False,442.11,STABLE,False,1008.01
2024-01-14,P0004,S001,WH_1,SKU_12,142.16814,672.0,5.0,299.0,0.0,5.36,7.17,1.0,0.0,WH_1,0.74,24.31,60,7801,SYNTHETIC / ASSUMED PARAMETERS,0,False,529.83,STABLE,False,392.08
2024-01-14,P0013,S004,WH_4,SKU_20,97.832405,628.0,2.0,327.0,0.0,16.89,23.51,1.0,0.0,WH_4,1.33,49.52,45,10402,SYNTHETIC / ASSUMED PARAMETERS,0,False,530.17,STABLE,False,705.12
2024-01-14,P0011,S003,WH_3,SKU_19,118.25783,540.0,4.0,295.0,0.0,14.17,23.01,0.0,0.0,WH_3,1.45,87.37,62,9399,SYNTHETIC / ASSUMED PARAMETERS,0,False,421.74,STABLE,False,611.53
2024-01-14,P0008,S002,WH_2,SKU_16,117.72717,466.0,11.0,327.0,0.0,19.0,26.16,0.0,0.0,WH_2,2.13,82.7,65,6031,SYNTHETIC / ASSUMED PARAMETERS,0,False,348.27,STABLE,False,741.82
2024-01-14,P0011,S001,WH_1,SKU_19,80.85006,696.0,8.0,287.0,0.0,12.4,18.41,0.0,0.0,WH_1,1.18,43.0,33,9186,SYNTHETIC / ASSUMED PARAMETERS,0,False,615.15,STABLE,False,725.88
2024-01-14,P0001,S003,WH_3,SKU_1,107.52009,586.0,6.0,314.0,0.0,6.06,8.41,0.0,0.0,WH_3,0.95,32.98,61,6038,SYNTHETIC / ASSUMED PARAMETERS,0,False,478.48,STABLE,False,454.56
2024-01-14,P0016,S002,WH_2,SKU_23,152.56073,440.0,12.0,312.0,0.0,6.68,11.81,0.0,0.0,WH_2,0.8,35.45,73,10338,SYNTHETIC / ASSUMED PARAMETERS,0,False,287.44,STABLE,False,229.95
2024-01-14,P0008,S004,WH_4,SKU_16,84.682816,471.0,4.0,367.0,0.0,6.61,9.52,0.0,0.0,WH_4,0.87,40.21,59,5735,SYNTHETIC / ASSUMED PARAMETERS,0,False,386.32,STABLE,False,336.1
2024-01-14,P0017,S004,WH_4,SKU_24,99.65172,687.0,13.0,301.0,421.0,7.11,12.19,0.0,0.0,WH_4,1.05,31.77,79,5355,SYNTHETIC / ASSUMED PARAMETERS,0,False,587.35,STABLE,False,616.72
2024-01-14,P0013,S002,WH_2,SKU_20,118.041245,415.0,9.0,336.0,0.0,12.31,20.86,0.0,0.0,WH_2,1.41,50.99,90,10971,SYNTHETIC / ASSUMED PARAMETERS,0,False,296.96,STABLE,False,418.71
2024-01-14,P0002,S001,WH_1,SKU_10,110.17472,541.0,13.0,361.0,0.0,12.67,18.73,0.0,0.0,WH_1,1.29,70.59,100,6990,SYNTHETIC / ASSUMED PARAMETERS,0,False,430.83,STABLE,False,555.76
2024-01-14,P0016,S004,WH_4,SKU_23,71.77109,628.0,14.0,236.0,0.0,15.4,18.69,0.0,0.0,WH_4,1.44,47.04,57,10538,SYNTHETIC / ASSUMED PARAMETERS,0,False,556.23,STABLE,False,800.97
2024-01-14,P0007,S001,WH_1,SKU_15,109.08211,515.0,13.0,327.0,0.0,16.7,28.78,1.0,0.0,WH_1,2.21,100.17,53,6976,SYNTHETIC / ASSUMED PARAMETERS,0,False,405.92,STABLE,False,897.08
2024-01-14,P0006,S002,WH_2,SKU_14,114.0807,561.0,14.0,268.0,0.0,18.83,23.34,0.0,0.0,WH_2,2.51,66.61,39,5701,SYNTHETIC / ASSUMED PARAMETERS,0,False,446.92,STABLE,False,1121.77
2024-01-14,P0010,S001,WH_1,SKU_18,57.29922,493.0,2.0,346.0,0.0,8.62,10.49,0.0,0.0,WH_1,0.92,38.21,43,7798,SYNTHETIC / ASSUMED PARAMETERS,0,False,435.7,STABLE,False,400.84
2024-01-14,P0006,S004,WH_4,SKU_14,96.002464,608.0,10.0,343.0,0.0,5.76,8.49,0.0,0.0,WH_4,0.78,37.66,58,8907,SYNTHETIC / ASSUMED PARAMETERS,0,False,512.0,STABLE,False,399.36
2024-01-14,P0016,S005,WH_5,SKU_23,106.65841,495.0,3.0,383.0,0.0,19.43,28.74,0.0,0.0,WH_5,2.51,93.33,52,7979,SYNTHETIC / ASSUMED PARAMETERS,0,False,388.34,STABLE,False,974.74
2024-01-14,P0020,S001,WH_1,SKU_27,75.78531,445.0,2.0,389.0,0.0,5.89,7.48,0.0,0.0,WH_1,0.77,21.54,103,8847,SYNTHETIC / ASSUMED PARAMETERS,0,False,369.21,STABLE,False,284.3
2024-01-14,P0010,S005,WH_5,SKU_18,99.28064,616.0,13.0,394.0,0.0,13.35,21.48,0.0,0.0,WH_5,1.44,69.56,77,8261,SYNTHETIC / ASSUMED PARAMETERS,0,False,516.72,STABLE,False,744.08
2024-01-14,P0002,S003,WH_3,SKU_10,128.4575,519.0,5.0,218.0,0.0,13.68,17.87,0.0,0.0,WH_3,1.74,42.93,55,5968,SYNTHETIC / ASSUMED PARAMETERS,0,False,390.54,STABLE,False,679.54
2024-01-14,P0014,S002,WH_2,SKU_21,83.73379,365.0,7.0,349.0,0.0,8.18,12.0,0.0,0.0,WH_2,1.13,36.82,79,8567,SYNTHETIC / ASSUMED PARAMETERS,0,False,281.27,STABLE,False,317.83
2024-01-14,P0012,S005,WH_5,SKU_2,60.24067,579.0,14.0,267.0,0.0,15.0,26.38,0.0,0.0,WH_5,1.72,57.23,63,7517,SYNTHETIC / ASSUMED PARAMETERS,0,False,518.76,STABLE,False,892.27
2024-01-14,P0020,S003,WH_3,SKU_27,141.45134,446.0,3.0,296.0,0.0,9.18,15.91,0.0,0.0,WH_3,1.13,62.45,32,6179,SYNTHETIC / ASSUMED PARAMETERS,0,False,304.55,STABLE,False,344.14
2024-01-14,P0008,S005,WH_5,SKU_16,101.90139,616.0,2.0,394.0,0.0,13.23,20.46,1.0,0.0,WH_5,1.66,59.45,101,8221,SYNTHETIC / ASSUMED PARAMETERS,0,False,514.1,STABLE,False,853.4
2024-01-14,P0019,S004,WH_4,SKU_26,46.21529,366.0,14.0,331.0,0.0,8.71,13.65,1.0,0.0,WH_4,0.81,35.89,53,6838,SYNTHETIC / ASSUMED PARAMETERS,0,False,319.78,STABLE,False,259.03
2024-01-14,P0014,S005,WH_5,SKU_21,65.69075,459.0,8.0,309.0,0.0,13.11,23.25,0.0,0.0,WH_5,1.81,58.89,87,5672,SYNTHETIC / ASSUMED PARAMETERS,0,False,393.31,STABLE,False,711.89
2024-01-14,P0005,S004,WH_4,SKU_13,91.83525,638.0,10.0,251.0,0.0,14.29,19.75,0.0,0.0,WH_4,0.97,79.01,68,10644,SYNTHETIC / ASSUMED PARAMETERS,0,False,546.16,STABLE,False,529.78
2024-01-14,P0009,S003,WH_3,SKU_17,91.264435,401.0,3.0,339.0,0.0,16.8,28.54,0.0,0.0,WH_3,1.1,80.9,84,7273,SYNTHETIC / ASSUMED PARAMETERS,0,False,309.74,STABLE,False,340.71
2024-01-14,P0007,S002,WH_2,SKU_15,100.58671,665.0,8.0,386.0,0.0,11.37,14.92,0.0,0.0,WH_2,1.19,43.87,61,9277,SYNTHETIC / ASSUMED PARAMETERS,0,False,564.41,STABLE,False,671.65
2024-01-14,P0002,S002,WH_2,SKU_10,114.25875,455.0,10.0,310.0,0.0,13.83,22.36,0.0,0.0,WH_2,0.8,49.56,40,6844,SYNTHETIC / ASSUMED PARAMETERS,0,False,340.74,STABLE,False,272.59
2024-01-14,P0007,S004,WH_4,SKU_15,126.075966,393.0,5.0,224.0,0.0,13.52,23.32,0.0,0.0,WH_4,1.16,58.22,61,7785,SYNTHETIC / ASSUMED PARAMETERS,0,False,266.92,STABLE,False,309.63
2024-01-14,P0015,S002,WH_2,SKU_22,114.52116,455.0,7.0,261.0,0.0,9.82,14.68,0.0,0.0,WH_2,1.21,42.78,60,5653,SYNTHETIC / ASSUMED PARAMETERS,0,False,340.48,STABLE,False,411.98
2024-01-14,P0011,S005,WH_5,SKU_19,69.466644,369.0,7.0,281.0,0.0,15.87,25.1,0.0,0.0,WH_5,2.0,76.39,84,8102,SYNTHETIC / ASSUMED PARAMETERS,0,False,299.53,STABLE,False,599.07
2024-01-14,P0017,S005,WH_5,SKU_24,96.841354,516.0,7.0,313.0,0.0,7.27,12.17,0.0,0.0,WH_5,0.56,44.06,66,10704,SYNTHETIC / ASSUMED PARAMETERS,0,False,419.16,STABLE,False,234.73
2024-01-14,P0009,S001,WH_1,SKU_17,104.64371,627.0,10.0,268.0,0.0,14.9,26.61,0.0,0.0,WH_1,1.04,53.46,53,5188,SYNTHETIC / ASSUMED PARAMETERS,0,False,522.36,STABLE,False,543.25
2024-01-14,P0012,S003,WH_3,SKU_2,61.754555,648.0,10.0,319.0,0.0,5.02,7.82,0.0,0.0,WH_3,0.45,23.6,74,9396,SYNTHETIC / ASSUMED PARAMETERS,0,False,586.25,STABLE,False,263.81
2024-01-14,P0014,S004,WH_4,SKU_21,102.889084,765.0,8.0,379.0,0.0,12.65,20.04,0.0,0.0,WH_4,0.78,76.01,44,11017,SYNTHETIC / ASSUMED PARAMETERS,0,False,662.11,STABLE,False,516.45
2024-01-14,P0013,S001,WH_1,SKU_20,82.288475,556.0,9.0,295.0,0.0,9.55,16.05,0.0,0.0,WH_1,1.19,44.04,33,5191,SYNTHETIC / ASSUMED PARAMETERS,0,False,473.71,STABLE,False,563.72
2024-01-14,P0018,S003,WH_3,SKU_25,70.72837,558.0,7.0,232.0,0.0,6.51,8.04,0.0,0.0,WH_3,0.89,32.85,39,9598,SYNTHETIC / ASSUMED PARAMETERS,0,False,487.27,STABLE,False,433.67
2024-01-14,P0008,S001,WH_1,SKU_16,86.43584,596.0,14.0,328.0,0.0,11.96,17.38,0.0,0.0,WH_1,1.64,39.73,88,10604,SYNTHETIC / ASSUMED PARAMETERS,0,False,509.56,STABLE,False,835.69
2024-01-14,P0018,S004,WH_4,SKU_25,69.70052,306.0,9.0,273.0,0.0,12.02,19.24,0.0,0.0,WH_4,1.67,68.75,82,5738,SYNTHETIC / ASSUMED PARAMETERS,0,False,236.3,STABLE,False,394.62
2024-01-14,P0018,S005,WH_5,SKU_25,75.65591,767.0,7.0,311.0,496.0,8.45,14.29,0.0,0.0,WH_5,0.63,58.32,37,5926,SYNTHETIC / ASSUMED PARAMETERS,0,False,691.34,STABLE,False,435.55
2024-01-14,P0018,S002,WH_2,SKU_25,102.72836,579.0,3.0,352.0,0.0,5.07,6.95,0.0,0.0,WH_2,0.51,29.96,39,8258,SYNTHETIC / ASSUMED PARAMETERS,0,False,476.27,STABLE,False,242.9
2024-01-14,P0015,S004,WH_4,SKU_22,107.88186,692.0,11.0,374.0,352.0,19.16,23.34,0.0,0.0,WH_4,2.12,46.36,63,10964,SYNTHETIC / ASSUMED PARAMETERS,0,False,584.12,STABLE,False,1238.33
2024-01-15,P0007,S002,WH_2,SKU_15,103.30025,636.0,8.0,386.0,0.0,11.37,14.92,0.0,0.0,WH_2,1.19,43.87,61,9277,SYNTHETIC / ASSUMED PARAMETERS,0,False,532.7,STABLE,False,633.91
2024-01-15,P0007,S004,WH_4,SKU_15,126.89041,378.0,5.0,224.0,0.0,13.52,23.32,0.0,0.0,WH_4,1.16,58.22,61,7785,SYNTHETIC / ASSUMED PARAMETERS,0,False,251.11,STABLE,False,291.29
2024-01-15,P0011,S004,WH_4,SKU_19,156.56584,353.0,4.0,352.0,0.0,5.41,7.4,0.0,0.0,WH_4,0.43,30.95,55,9647,SYNTHETIC / ASSUMED PARAMETERS,0,False,196.43,STABLE,False,84.47
2024-01-15,P0004,S002,WH_2,SKU_12,112.39253,397.0,6.0,370.0,0.0,19.03,23.02,0.0,0.0,WH_2,2.32,68.2,104,8597,SYNTHETIC / ASSUMED PARAMETERS,0,False,284.61,STABLE,False,660.29
2024-01-15,P0004,S005,WH_5,SKU_12,148.59023,443.0,6.0,349.0,0.0,10.21,15.8,0.0,0.0,WH_5,0.76,39.17,96,5993,SYNTHETIC / ASSUMED PARAMETERS,0,False,294.41,STABLE,False,223.75
2024-01-15,P0005,S002,WH_2,SKU_13,87.30187,396.0,11.0,350.0,0.0,17.04,21.69,0.0,0.0,WH_2,2.15,79.74,38,5796,SYNTHETIC / ASSUMED PARAMETERS,0,False,308.7,STABLE,False,663.7
2024-01-15,P0019,S004,WH_4,SKU_26,101.66602,321.0,14.0,331.0,0.0,8.71,13.65,1.0,0.0,WH_4,0.81,35.89,53,6838,SYNTHETIC / ASSUMED PARAMETERS,10,True,229.33,STABLE,False,221.65
2024-01-15,P0019,S001,WH_1,SKU_26,47.070698,519.0,2.0,335.0,0.0,18.22,23.67,0.0,0.0,WH_1,2.52,50.97,34,5684,SYNTHETIC / ASSUMED PARAMETERS,0,False,471.93,STABLE,False,1189.26
2024-01-15,P0003,S003,WH_3,SKU_11,98.960434,499.0,13.0,342.0,0.0,13.85,18.39,0.0,0.0,WH_3,1.16,58.36,96,10164,SYNTHETIC / ASSUMED PARAMETERS,0,False,400.04,STABLE,False,464.05
2024-01-15,P0002,S003,WH_3,SKU_10,153.07555,496.0,5.0,218.0,0.0,13.68,17.87,0.0,0.0,WH_3,1.74,42.93,55,5968,SYNTHETIC / ASSUMED PARAMETERS,0,False,342.92,STABLE,False,596.69
2024-01-15,P0003,S004,WH_4,SKU_11,65.8633,685.0,2.0,382.0,0.0,6.2,7.82,0.0,0.0,WH_4,0.5,33.95,90,5402,SYNTHETIC / ASSUMED PARAMETERS,0,False,619.14,STABLE,False,309.57
2024-01-15,P0005,S004,WH_4,SKU_13,98.8012,608.0,10.0,251.0,0.0,14.29,19.75,0.0,0.0,WH_4,0.97,79.01,68,10644,SYNTHETIC / ASSUMED PARAMETERS,0,False,509.2,STABLE,False,493.92
2024-01-15,P0020,S002,WH_2,SKU_27,65.289925,586.0,4.0,223.0,0.0,16.3,21.54,0.0,0.0,WH_2,1.63,83.19,46,6479,SYNTHETIC / ASSUMED PARAMETERS,0,False,520.71,STABLE,False,848.76
2024-01-15,P0012,S002,WH_2,SKU_2,93.318695,619.0,8.0,377.0,0.0,16.77,22.06,0.0,0.0,WH_2,1.73,61.48,56,5161,SYNTHETIC / ASSUMED PARAMETERS,0,False,525.68,STABLE,False,909.43
2024-01-15,P0017,S002,WH_2,SKU_24,87.94775,526.0,5.0,365.0,0.0,19.69,29.64,0.0,0.0,WH_2,2.19,76.95,92,10380,SYNTHETIC / ASSUMED PARAMETERS,0,False,438.05,STABLE,False,959.33
2024-01-15,P0008,S005,WH_5,SKU_16,118.93236,597.0,2.0,394.0,0.0,13.23,20.46,1.0,0.0,WH_5,1.66,59.45,101,8221,SYNTHETIC / ASSUMED PARAMETERS,0,False,478.07,STABLE,False,793.59
2024-01-15,P0012,S005,WH_5,SKU_2,102.90986,540.0,14.0,267.0,0.0,15.0,26.38,1.0,0.0,WH_5,1.72,57.23,63,7517,SYNTHETIC / ASSUMED PARAMETERS,0,False,437.09,STABLE,False,751.8
2024-01-15,P0004,S003,WH_3,SKU_12,134.0199,459.0,6.0,234.0,0.0,10.01,13.38,0.0,0.0,WH_3,1.57,45.39,57,10301,SYNTHETIC / ASSUMED PARAMETERS,0,False,324.98,STABLE,False,510.22
2024-01-15,P0009,S005,WH_5,SKU_17,108.075584,628.0,8.0,321.0,342.0,7.73,13.36,1.0,0.0,WH_5,0.58,50.99,60,7894,SYNTHETIC / ASSUMED PARAMETERS,0,False,519.92,STABLE,False,301.56
2024-01-15,P0016,S003,WH_3,SKU_23,123.97121,458.0,5.0,293.0,0.0,18.08,23.36,0.0,0.0,WH_3,2.55,64.6,72,10369,SYNTHETIC / ASSUMED PARAMETERS,0,False,334.03,STABLE,False,851.77
2024-01-15,P0019,S003,WH_3,SKU_26,120.66036,560.0,14.0,222.0,0.0,7.66,9.43,0.0,0.0,WH_3,0.81,30.44,28,5399,SYNTHETIC / ASSUMED PARAMETERS,0,False,439.34,STABLE,False,355.87
2024-01-15,P0020,S004,WH_4,SKU_27,68.64645,654.0,14.0,289.0,0.0,13.84,20.65,0.0,0.0,WH_4,2.11,78.58,52,8263,SYNTHETIC / ASSUMED PARAMETERS,0,False,585.35,STABLE,False,1235.1
2024-01-15,P0011,S005,WH_5,SKU_19,146.72046,349.0,7.0,281.0,0.0,15.87,25.1,0.0,0.0,WH_5,2.0,76.39,84,8102,SYNTHETIC / ASSUMED PARAMETERS,0,False,202.28,STABLE,False,404.56
2024-01-15,P0008,S004,WH_4,SKU_16,65.54331,441.0,4.0,367.0,0.0,6.61,9.52,0.0,0.0,WH_4,0.87,40.21,59,5735,SYNTHETIC / ASSUMED PARAMETERS,0,False,375.46,STABLE,False,326.65
2024-01-15,P0004,S004,WH_4,SKU_12,143.92421,533.0,12.0,227.0,0.0,14.2,19.73,0.0,0.0,WH_4,1.6,43.96,33,7746,SYNTHETIC / ASSUMED PARAMETERS,0,False,389.08,STABLE,False,622.52
2024-01-15,P0017,S003,WH_3,SKU_24,70.241516,561.0,10.0,209.0,0.0,10.59,15.15,0.0,0.0,WH_3,1.43,56.19,52,9960,SYNTHETIC / ASSUMED PARAMETERS,0,False,490.76,STABLE,False,701.78
2024-01-15,P0012,S001,WH_1,SKU_2,83.56569,653.0,13.0,228.0,0.0,19.76,35.1,0.0,0.0,WH_1,2.92,120.54,61,5736,SYNTHETIC / ASSUMED PARAMETERS,0,False,569.43,STABLE,False,1662.75
2024-01-15,P0013,S003,WH_3,SKU_20,117.58941,556.0,3.0,319.0,0.0,14.9,25.16,0.0,0.0,WH_3,1.3,53.63,94,9643,SYNTHETIC / ASSUMED PARAMETERS,0,False,438.41,STABLE,False,569.93
2024-01-15,P0010,S002,WH_2,SKU_18,138.80522,603.0,10.0,270.0,0.0,17.51,24.82,1.0,0.0,WH_2,1.18,54.17,54,10850,SYNTHETIC / ASSUMED PARAMETERS,0,False,464.19,STABLE,False,547.75
2024-01-15,P0003,S002,WH_2,SKU_11,94.1044,674.0,4.0,230.0,0.0,17.93,29.29,1.0,0.0,WH_2,2.41,85.34,31,10194,SYNTHETIC / ASSUMED PARAMETERS,0,False,579.9,STABLE,False,1397.55
2024-01-15,P0009,S004,WH_4,SKU_17,99.287964,481.0,5.0,341.0,0.0,8.62,10.66,0.0,0.0,WH_4,1.16,28.26,74,6506,SYNTHETIC / ASSUMED PARAMETERS,0,False,381.71,STABLE,False,442.79
2024-01-15,P0003,S005,WH_5,SKU_11,90.472916,683.0,3.0,349.0,0.0,18.92,31.99,0.0,0.0,WH_5,1.99,103.38,46,6507,SYNTHETIC / ASSUMED PARAMETERS,0,False,592.53,STABLE,False,1179.13
2024-01-15,P0020,S005,WH_5,SKU_27,87.690765,567.0,2.0,353.0,0.0,17.89,25.71,0.0,0.0,WH_5,1.71,74.7,103,6290,SYNTHETIC / ASSUMED PARAMETERS,0,False,479.31,STABLE,False,819.62
2024-01-15,P0005,S005,WH_5,SKU_13,105.79725,543.0,7.0,305.0,0.0,15.13,23.34,0.0,0.0,WH_5,0.88,49.29,48,10583,SYNTHETIC / ASSUMED PARAMETERS,0,False,437.2,STABLE,False,384.74
2024-01-15,P0012,S004,WH_4,SKU_2,102.59586,533.0,6.0,290.0,0.0,7.06,10.96,0.0,0.0,WH_4,1.1,40.69,80,10160,SYNTHETIC / ASSUMED PARAMETERS,0,False,430.4,STABLE,False,473.44
2024-01-15,P0009,S002,WH_2,SKU_17,91.77135,611.0,13.0,372.0,0.0,16.68,21.24,0.0,0.0,WH_2,1.17,53.18,81,8112,SYNTHETIC / ASSUMED PARAMETERS,0,False,519.23,STABLE,False,607.5
2024-01-15,P0014,S001,WH_1,SKU_21,110.21056,410.0,11.0,245.0,0.0,19.68,23.66,0.0,0.0,WH_1,2.7,52.3,38,5664,SYNTHETIC / ASSUMED PARAMETERS,0,False,299.79,STABLE,False,809.43
2024-01-15,P0018,S001,WH_1,SKU_25,96.0603,308.0,5.0,314.0,0.0,14.23,20.28,0.0,0.0,WH_1,0.9,46.65,78,5160,SYNTHETIC / ASSUMED PARAMETERS,6,True,217.94,STABLE,False,242.8
2024-01-15,P0008,S003,WH_3,SKU_16,132.69162,737.0,6.0,336.0,0.0,12.08,18.52,0.0,0.0,WH_3,1.03,67.38,41,10278,SYNTHETIC / ASSUMED PARAMETERS,0,False,604.31,STABLE,False,622.44
2024-01-15,P0014,S005,WH_5,SKU_21,101.7869,448.0,8.0,309.0,0.0,13.11,23.25,0.0,0.0,WH_5,1.81,58.89,87,5672,SYNTHETIC / ASSUMED PARAMETERS,0,False,346.21,STABLE,False,626.65
2024-01-15,P0016,S005,WH_5,SKU_23,120.90189,472.0,3.0,383.0,0.0,19.43,28.74,0.0,0.0,WH_5,2.51,93.33,52,7979,SYNTHETIC / ASSUMED PARAMETERS,0,False,351.1,STABLE,False,881.26
2024-01-15,P0002,S002,WH_2,SKU_10,121.75969,431.0,10.0,310.0,0.0,13.83,22.36,0.0,0.0,WH_2,0.8,49.56,40,6844,SYNTHETIC / ASSUMED PARAMETERS,0,False,309.24,STABLE,False,247.39
2024-01-15,P0020,S003,WH_3,SKU_27,119.17318,426.0,3.0,296.0,0.0,9.18,15.91,0.0,0.0,WH_3,1.13,62.45,32,6179,SYNTHETIC / ASSUMED PARAMETERS,0,False,306.83,STABLE,False,346.71
2024-01-15,P0013,S002,WH_2,SKU_20,116.74457,388.0,9.0,336.0,0.0,12.31,20.86,0.0,0.0,WH_2,1.41,50.99,90,10971,SYNTHETIC / ASSUMED PARAMETERS,0,False,271.26,STABLE,False,382.47
2024-01-15,P0007,S001,WH_1,SKU_15,103.49427,486.0,13.0,327.0,0.0,16.7,28.78,0.0,0.0,WH_1,2.21,100.17,53,6976,SYNTHETIC / ASSUMED PARAMETERS,0,False,382.51,STABLE,False,845.34
2024-01-15,P0012,S003,WH_3,SKU_2,85.41542,623.0,10.0,319.0,0.0,5.02,7.82,0.0,0.0,WH_3,0.45,23.6,74,9396,SYNTHETIC / ASSUMED PARAMETERS,0,False,537.58,STABLE,False,241.91
2024-01-15,P0013,S004,WH_4,SKU_20,81.025085,610.0,2.0,327.0,0.0,16.89,23.51,0.0,0.0,WH_4,1.33,49.52,45,10402,SYNTHETIC / ASSUMED PARAMETERS,0,False,528.97,STABLE,False,703.54
2024-01-15,P0010,S005,WH_5,SKU_18,104.95594,591.0,13.0,394.0,0.0,13.35,21.48,0.0,0.0,WH_5,1.44,69.56,77,8261,SYNTHETIC / ASSUMED PARAMETERS,0,False,486.04,STABLE,False,699.9
2024-01-15,P0019,S002,WH_2,SKU_26,102.756645,566.0,5.0,273.0,0.0,8.5,11.16,1.0,0.0,WH_2,0.55,33.37,47,8606,SYNTHETIC / ASSUMED PARAMETERS,0,False,463.24,STABLE,False,254.78
2024-01-15,P0006,S005,WH_5,SKU_14,109.43396,703.0,6.0,259.0,0.0,11.19,14.98,0.0,0.0,WH_5,0.92,37.97,55,10175,SYNTHETIC / ASSUMED PARAMETERS,0,False,593.57,STABLE,False,546.08
2024-01-15,P0015,S002,WH_2,SKU_22,121.25205,435.0,7.0,261.0,0.0,9.82,14.68,0.0,0.0,WH_2,1.21,42.78,60,5653,SYNTHETIC / ASSUMED PARAMETERS,0,False,313.75,STABLE,False,379.64
2024-01-15,P0002,S001,WH_1,SKU_10,130.09645,530.0,13.0,361.0,0.0,12.67,18.73,0.0,0.0,WH_1,1.29,70.59,100,6990,SYNTHETIC / ASSUMED PARAMETERS,0,False,399.9,STABLE,False,515.88
2024-01-15,P0014,S002,WH_2,SKU_21,80.382,345.0,7.0,349.0,0.0,8.18,12.0,0.0,0.0,WH_2,1.13,36.82,79,8567,SYNTHETIC / ASSUMED PARAMETERS,4,True,268.62,STABLE,False,340.36
2024-01-15,P0013,S001,WH_1,SKU_20,93.38633,531.0,9.0,295.0,0.0,9.55,16.05,0.0,0.0,WH_1,1.19,44.04,33,5191,SYNTHETIC / ASSUMED PARAMETERS,0,False,437.61,STABLE,False,520.76
2024-01-15,P0018,S003,WH_3,SKU_25,89.284836,534.0,7.0,232.0,0.0,6.51,8.04,0.0,0.0,WH_3,0.89,32.85,39,9598,SYNTHETIC / ASSUMED PARAMETERS,0,False,444.72,STABLE,False,395.8
2024-01-15,P0001,S002,WH_2,SKU_1,118.868996,548.0,8.0,322.0,0.0,11.46,19.92,0.0,0.0,WH_2,0.9,70.92,62,9416,SYNTHETIC / ASSUMED PARAMETERS,0,False,429.13,STABLE,False,386.22
2024-01-15,P0008,S001,WH_1,SKU_16,95.44511,572.0,14.0,328.0,0.0,11.96,17.38,0.0,0.0,WH_1,1.64,39.73,88,10604,SYNTHETIC / ASSUMED PARAMETERS,0,False,476.55,STABLE,False,781.55
2024-01-15,P0001,S001,WH_1,SKU_1,98.44203,733.0,14.0,379.0,0.0,13.95,20.48,1.0,0.0,WH_1,1.88,67.42,94,6673,SYNTHETIC / ASSUMED PARAMETERS,0,False,634.56,STABLE,False,1192.97
2024-01-15,P0019,S005,WH_5,SKU_26,45.759342,493.0,4.0,393.0,0.0,17.15,27.81,1.0,0.0,WH_5,2.55,59.97,91,8473,SYNTHETIC / ASSUMED PARAMETERS,0,False,447.24,STABLE,False,1140.46
2024-01-15,P0006,S003,WH_3,SKU_14,92.27625,373.0,3.0,283.0,0.0,5.88,9.37,0.0,0.0,WH_3,0.82,33.85,73,7722,SYNTHETIC / ASSUMED PARAMETERS,0,False,280.72,STABLE,False,230.19
2024-01-15,P0001,S005,WH_5,SKU_1,108.7975,564.0,4.0,366.0,215.0,19.41,23.81,0.0,0.0,WH_5,2.58,47.73,54,8279,SYNTHETIC / ASSUMED PARAMETERS,0,False,455.2,STABLE,False,1174.42
2024-01-15,P0003,S001,WH_1,SKU_11,96.91378,661.0,4.0,286.0,0.0,19.54,34.79,0.0,0.0,WH_1,2.75,93.77,81,6423,SYNTHETIC / ASSUMED PARAMETERS,0,False,564.09,STABLE,False,1551.24
2024-01-15,P0018,S002,WH_2,SKU_25,93.716484,556.0,3.0,352.0,0.0,5.07,6.95,0.0,0.0,WH_2,0.51,29.96,39,8258,SYNTHETIC / ASSUMED PARAMETERS,0,False,462.28,STABLE,False,235.76
2024-01-15,P0015,S005,WH_5,SKU_22,104.32727,515.0,4.0,326.0,0.0,16.45,25.06,0.0,0.0,WH_5,2.1,76.56,84,10655,SYNTHETIC / ASSUMED PARAMETERS,0,False,410.67,STABLE,False,862.41
2024-01-15,P0018,S004,WH_4,SKU_25,67.21498,275.0,9.0,273.0,0.0,12.02,19.24,0.0,0.0,WH_4,1.67,68.75,82,5738,SYNTHETIC / ASSUMED PARAMETERS,0,False,207.79,STABLE,False,347.0
2024-01-15,P0015,S001,WH_1,SKU_22,108.00442,620.0,4.0,282.0,0.0,8.88,12.51,1.0,0.0,WH_1,0.94,51.81,47,10427,SYNTHETIC / ASSUMED PARAMETERS,0,False,512.0,STABLE,False,481.28
2024-01-15,P0006,S002,WH_2,SKU_14,111.142006,535.0,14.0,268.0,0.0,18.83,23.34,0.0,0.0,WH_2,2.51,66.61,39,5701,SYNTHETIC / ASSUMED PARAMETERS,0,False,423.86,STABLE,False,1063.88
2024-01-15,P0009,S001,WH_1,SKU_17,105.76647,605.0,10.0,268.0,0.0,14.9,26.61,0.0,0.0,WH_1,1.04,53.46,53,5188,SYNTHETIC / ASSUMED PARAMETERS,0,False,499.23,STABLE,False,519.2
2024-01-15,P0017,S005,WH_5,SKU_24,98.51197,498.0,7.0,313.0,0.0,7.27,12.17,0.0,0.0,WH_5,0.56,44.06,66,10704,SYNTHETIC / ASSUMED PARAMETERS,0,False,399.49,STABLE,False,223.71
2024-01-15,P0018,S005,WH_5,SKU_25,90.80851,733.0,7.0,311.0,0.0,8.45,14.29,0.0,0.0,WH_5,0.63,58.32,37,5926,SYNTHETIC / ASSUMED PARAMETERS,0,False,642.19,STABLE,False,404.58
2024-01-15,P0014,S003,WH_3,SKU_21,143.9891,657.0,10.0,283.0,0.0,5.75,8.47,0.0,0.0,WH_3,0.72,24.19,84,8334,SYNTHETIC / ASSUMED PARAMETERS,0,False,513.01,STABLE,False,369.37
2024-01-15,P0005,S003,WH_3,SKU_13,115.53386,535.0,14.0,382.0,0.0,6.01,8.52,0.0,0.0,WH_3,0.87,30.72,112,6380,SYNTHETIC / ASSUMED PARAMETERS,0,False,419.47,STABLE,False,364.94
2024-01-15,P0010,S003,WH_3,SKU_18,121.48419,530.0,9.0,213.0,0.0,15.53,20.4,0.0,0.0,WH_3,2.28,65.06,40,7890,SYNTHETIC / ASSUMED PARAMETERS,0,False,408.52,STABLE,False,931.42
2024-01-15,P0009,S003,WH_3,SKU_17,123.335335,380.0,3.0,339.0,0.0,16.8,28.54,0.0,0.0,WH_3,1.1,80.9,84,7273,SYNTHETIC / ASSUMED PARAMETERS,0,False,256.66,STABLE,False,282.33
2024-01-15,P0014,S004,WH_4,SKU_21,59.67636,749.0,8.0,379.0,0.0,12.65,20.04,0.0,0.0,WH_4,0.78,76.01,44,11017,SYNTHETIC / ASSUMED PARAMETERS,0,False,689.32,STABLE,False,537.67
2024-01-15,P0001,S003,WH_3,SKU_1,109.18573,563.0,6.0,314.0,0.0,6.06,8.41,1.0,0.0,WH_3,0.95,32.98,61,6038,SYNTHETIC / ASSUMED PARAMETERS,0,False,453.81,STABLE,False,431.12
2024-01-15,P0001,S004,WH_4,SKU_1,145.36284,472.0,9.0,333.0,0.0,6.93,10.7,0.0,0.0,WH_4,1.02,32.51,60,7800,SYNTHETIC / ASSUMED PARAMETERS,0,False,326.64,STABLE,False,333.17
2024-01-15,P0017,S001,WH_1,SKU_24,89.43416,275.0,2.0,288.0,0.0,6.14,10.22,0.0,0.0,WH_1,0.75,31.15,47,6037,SYNTHETIC / ASSUMED PARAMETERS,13,True,198.57,STABLE,False,180.07
2024-01-15,P0004,S001,WH_1,SKU_12,103.93799,650.0,5.0,299.0,0.0,5.36,7.17,0.0,0.0,WH_1,0.74,24.31,60,7801,SYNTHETIC / ASSUMED PARAMETERS,0,False,546.06,STABLE,False,404.09
2024-01-15,P0005,S001,WH_1,SKU_13,85.87148,563.0,9.0,246.0,0.0,19.52,24.09,1.0,0.0,WH_1,1.26,57.54,50,8981,SYNTHETIC / ASSUMED PARAMETERS,0,False,477.13,STABLE,False,601.18
2024-01-15,P0006,S004,WH_4,SKU_14,98.68452,586.0,10.0,343.0,0.0,5.76,8.49,0.0,0.0,WH_4,0.78,37.66,58,8907,SYNTHETIC / ASSUMED PARAMETERS,0,False,487.32,STABLE,False,380.11
2024-01-15,P0015,S003,WH_3,SKU_22,123.258415,347.0,4.0,211.0,0.0,18.38,32.58,1.0,0.0,WH_3,1.34,101.74,33,5385,SYNTHETIC / ASSUMED PARAMETERS,0,False,223.74,STABLE,False,299.81
2024-01-15,P0011,S003,WH_3,SKU_19,126.4467,526.0,4.0,295.0,0.0,14.17,23.01,0.0,0.0,WH_3,1.45,87.37,62,9399,SYNTHETIC / ASSUMED PARAMETERS,0,False,399.55,STABLE,False,579.35
2024-01-15,P0002,S005,WH_5,SKU_10,127.19847,663.0,9.0,246.0,451.0,9.67,15.35,0.0,0.0,WH_5,1.52,60.17,40,6308,SYNTHETIC / ASSUMED PARAMETERS,0,False,535.8,STABLE,False,814.42
2024-01-15,P0011,S002,WH_2,SKU_19,201.50214,330.0,8.0,316.0,0.0,12.67,18.56,1.0,0.0,WH_2,1.58,55.58,37,4994,SYNTHETIC / ASSUMED PARAMETERS,0,False,128.5,STABLE,False,203.03
2024-01-15,P0020,S001,WH_1,SKU_27,64.24985,420.0,2.0,389.0,0.0,5.89,7.48,0.0,0.0,WH_1,0.77,21.54,103,8847,SYNTHETIC / ASSUMED PARAMETERS,0,False,355.75,STABLE,False,273.93
2024-01-15,P0002,S004,WH_4,SKU_10,161.7697,489.0,14.0,328.0,0.0,19.02,24.9,0.0,0.0,WH_4,2.76,93.09,92,6565,SYNTHETIC / ASSUMED PARAMETERS,0,False,327.23,STABLE,False,903.16
2024-01-15,P0008,S002,WH_2,SKU_16,90.42644,441.0,11.0,327.0,0.0,19.0,26.16,0.0,0.0,WH_2,2.13,82.7,65,6031,SYNTHETIC / ASSUMED PARAMETERS,0,False,350.57,STABLE,False,746.72
2024-01-15,P0016,S002,WH_2,SKU_23,134.4747,422.0,12.0,312.0,0.0,6.68,11.81,0.0,0.0,WH_2,0.8,35.45,73,10338,SYNTHETIC / ASSUMED PARAMETERS,0,False,287.53,STABLE,False,230.02
2024-01-15,P0015,S004,WH_4,SKU_22,108.95099,675.0,11.0,374.0,0.0,19.16,23.34,0.0,0.0,WH_4,2.12,46.36,63,10964,SYNTHETIC / ASSUMED PARAMETERS,0,False,566.05,STABLE,False,1200.02
2024-01-15,P0016,S001,WH_1,SKU_23,150.71432,333.0,8.0,239.0,0.0,9.05,14.03,0.0,0.0,WH_1,0.76,35.69,32,4845,SYNTHETIC / ASSUMED PARAMETERS,0,False,182.29,STABLE,False,138.54
2024-01-15,P0017,S004,WH_4,SKU_24,107.20658,659.0,13.0,301.0,0.0,7.11,12.19,0.0,0.0,WH_4,1.05,31.77,79,5355,SYNTHETIC / ASSUMED PARAMETERS,0,False,551.79,STABLE,False,579.38
2024-01-15,P0013,S005,WH_5,SKU_20,107.76656,496.0,2.0,246.0,0.0,10.07,18.03,1.0,0.0,WH_5,0.8,71.16,65,5639,SYNTHETIC / ASSUMED PARAMETERS,0,False,388.23,STABLE,False,310.59
2024-01-15,P0016,S004,WH_4,SKU_23,68.53101,611.0,14.0,236.0,0.0,15.4,18.69,0.0,0.0,WH_4,1.44,47.04,57,10538,SYNTHETIC / ASSUMED PARAMETERS,0,False,542.47,STABLE,False,781.16
2024-01-15,P0010,S004,WH_4,SKU_18,124.9482,255.0,6.0,250.0,0.0,5.35,9.51,0.0,0.0,WH_4,0.78,43.27,45,6602,SYNTHETIC / ASSUMED PARAMETERS,0,False,130.05,STABLE,False,101.44
2024-01-15,P0010,S001,WH_1,SKU_18,79.076546,478.0,2.0,346.0,0.0,8.62,10.49,0.0,0.0,WH_1,0.92,38.21,43,7798,SYNTHETIC / ASSUMED PARAMETERS,0,False,398.92,STABLE,False,367.01
2024-01-15,P0006,S001,WH_1,SKU_14,84.33019,537.0,11.0,265.0,0.0,8.21,11.1,0.0,0.0,WH_1,1.31,43.21,69,6246,SYNTHETIC / ASSUMED PARAMETERS,0,False,452.67,STABLE,False,593.0
2024-01-15,P0007,S003,WH_3,SKU_15,117.3199,465.0,7.0,265.0,0.0,6.24,9.99,0.0,0.0,WH_3,0.69,40.25,72,9290,SYNTHETIC / ASSUMED PARAMETERS,0,False,347.68,STABLE,False,239.9
2024-01-15,P0011,S001,WH_1,SKU_19,93.28753,676.0,8.0,287.0,0.0,12.4,18.41,0.0,0.0,WH_1,1.18,43.0,33,9186,SYNTHETIC / ASSUMED PARAMETERS,0,False,582.71,STABLE,False,687.6
2024-01-15,P0007,S005,WH_5,SKU_15,112.459045,332.0,14.0,279.0,0.0,15.48,21.47,0.0,0.0,WH_5,1.08,84.29,72,9525,SYNTHETIC / ASSUMED PARAMETERS,0,False,219.54,STABLE,False,237.1
2024-01-16,P0008,S001,WH_1,SKU_16,107.55829,550.0,14.0,328.0,0.0,11.96,17.38,1.0,0.0,WH_1,1.64,39.73,88,10604,SYNTHETIC / ASSUMED PARAMETERS,0,False,442.44,STABLE,False,725.6
2024-01-16,P0014,S003,WH_3,SKU_21,154.2342,632.0,10.0,283.0,0.0,5.75,8.47,0.0,0.0,WH_3,0.72,24.19,84,8334,SYNTHETIC / ASSUMED PARAMETERS,0,False,477.77,STABLE,False,343.99
2024-01-16,P0015,S003,WH_3,SKU_22,109.44442,324.0,4.0,211.0,0.0,18.38,32.58,0.0,0.0,WH_3,1.34,101.74,33,5385,SYNTHETIC / ASSUMED PARAMETERS,0,False,214.56,STABLE,False,287.5
2024-01-16,P0019,S001,WH_1,SKU_26,57.713932,495.0,2.0,335.0,0.0,18.22,23.67,0.0,0.0,WH_1,2.52,50.97,34,5684,SYNTHETIC / ASSUMED PARAMETERS,0,False,437.29,STABLE,False,1101.96
2024-01-16,P0018,S005,WH_5,SKU_25,97.319664,716.0,7.0,311.0,0.0,8.45,14.29,0.0,0.0,WH_5,0.63,58.32,37,5926,SYNTHETIC / ASSUMED PARAMETERS,0,False,618.68,STABLE,False,389.77
2024-01-16,P0015,S005,WH_5,SKU_22,100.27307,494.0,4.0,326.0,0.0,16.45,25.06,0.0,0.0,WH_5,2.1,76.56,84,10655,SYNTHETIC / ASSUMED PARAMETERS,0,False,393.73,STABLE,False,826.83
2024-01-16,P0006,S002,WH_2,SKU_14,91.902756,513.0,14.0,268.0,0.0,18.83,23.34,0.0,0.0,WH_2,2.51,66.61,39,5701,SYNTHETIC / ASSUMED PARAMETERS,0,False,421.1,STABLE,False,1056.95
2024-01-16,P0008,S003,WH_3,SKU_16,145.54367,717.0,6.0,336.0,0.0,12.08,18.52,0.0,0.0,WH_3,1.03,67.38,41,10278,SYNTHETIC / ASSUMED PARAMETERS,0,False,571.46,STABLE,False,588.6
2024-01-16,P0017,S003,WH_3,SKU_24,72.02754,536.0,10.0,209.0,0.0,10.59,15.15,0.0,0.0,WH_3,1.43,56.19,52,9960,SYNTHETIC / ASSUMED PARAMETERS,0,False,463.97,STABLE,False,663.48
2024-01-16,P0002,S005,WH_5,SKU_10,91.3504,636.0,9.0,246.0,0.0,9.67,15.35,0.0,0.0,WH_5,1.52,60.17,40,6308,SYNTHETIC / ASSUMED PARAMETERS,0,False,544.65,STABLE,False,827.87
2024-01-16,P0011,S003,WH_3,SKU_19,92.09955,511.0,4.0,295.0,0.0,14.17,23.01,0.0,0.0,WH_3,1.45,87.37,62,9399,SYNTHETIC / ASSUMED PARAMETERS,0,False,418.9,STABLE,False,607.41
2024-01-16,P0002,S003,WH_3,SKU_10,145.11534,473.0,5.0,218.0,0.0,13.68,17.87,0.0,0.0,WH_3,1.74,42.93,55,5968,SYNTHETIC / ASSUMED PARAMETERS,0,False,327.88,STABLE,False,570.52
2024-01-16,P0009,S004,WH_4,SKU_17,157.8265,468.0,5.0,341.0,0.0,8.62,10.66,0.0,0.0,WH_4,1.16,28.26,74,6506,SYNTHETIC / ASSUMED PARAMETERS,0,False,310.17,STABLE,False,359.8
2024-01-16,P0006,S003,WH_3,SKU_14,71.92494,343.0,3.0,283.0,0.0,5.88,9.37,0.0,0.0,WH_3,0.82,33.85,73,7722,SYNTHETIC / ASSUMED PARAMETERS,0,False,271.08,STABLE,False,222.28
2024-01-16,P0018,S003,WH_3,SKU_25,61.380566,510.0,7.0,232.0,0.0,6.51,8.04,0.0,0.0,WH_3,0.89,32.85,39,9598,SYNTHETIC / ASSUMED PARAMETERS,0,False,448.62,STABLE,False,399.27
2024-01-16,P0001,S003,WH_3,SKU_1,94.325905,535.0,6.0,314.0,0.0,6.06,8.41,1.0,0.0,WH_3,0.95,32.98,61,6038,SYNTHETIC / ASSUMED PARAMETERS,0,False,440.67,STABLE,False,418.64
2024-01-16,P0004,S005,WH_5,SKU_12,159.91443,399.0,6.0,349.0,0.0,10.21,15.8,1.0,0.0,WH_5,0.76,39.17,96,5993,SYNTHETIC / ASSUMED PARAMETERS,0,False,239.09,STABLE,False,181.71
2024-01-16,P0016,S002,WH_2,SKU_23,140.06772,397.0,12.0,312.0,0.0,6.68,11.81,0.0,0.0,WH_2,0.8,35.45,73,10338,SYNTHETIC / ASSUMED PARAMETERS,0,False,256.93,STABLE,False,205.55
2024-01-16,P0018,S004,WH_4,SKU_25,65.88097,256.0,9.0,273.0,0.0,12.02,19.24,0.0,0.0,WH_4,1.67,68.75,82,5738,SYNTHETIC / ASSUMED PARAMETERS,17,True,207.12,STABLE,False,414.64
2024-01-16,P0012,S003,WH_3,SKU_2,72.301956,604.0,10.0,319.0,0.0,5.02,7.82,0.0,0.0,WH_3,0.45,23.6,74,9396,SYNTHETIC / ASSUMED PARAMETERS,0,False,531.7,STABLE,False,239.26
2024-01-16,P0018,S001,WH_1,SKU_25,98.340965,695.0,5.0,314.0,410.0,14.23,20.28,1.0,0.0,WH_1,0.9,46.65,78,5160,SYNTHETIC / ASSUMED PARAMETERS,0,False,596.66,STABLE,False,536.99
2024-01-16,P0005,S001,WH_1,SKU_13,128.441,540.0,9.0,246.0,0.0,19.52,24.09,0.0,0.0,WH_1,1.26,57.54,50,8981,SYNTHETIC / ASSUMED PARAMETERS,0,False,411.56,STABLE,False,518.56
2024-01-16,P0013,S001,WH_1,SKU_20,121.1636,508.0,9.0,295.0,0.0,9.55,16.05,0.0,0.0,WH_1,1.19,44.04,33,5191,SYNTHETIC / ASSUMED PARAMETERS,0,False,386.84,STABLE,False,460.34
2024-01-16,P0006,S004,WH_4,SKU_14,75.18774,573.0,10.0,343.0,0.0,5.76,8.49,0.0,0.0,WH_4,0.78,37.66,58,8907,SYNTHETIC / ASSUMED PARAMETERS,0,False,497.81,STABLE,False,388.29
2024-01-16,P0016,S001,WH_1,SKU_23,126.910645,309.0,8.0,239.0,0.0,9.05,14.03,0.0,0.0,WH_1,0.76,35.69,32,4845,SYNTHETIC / ASSUMED PARAMETERS,0,False,182.09,STABLE,False,138.39
2024-01-16,P0007,S003,WH_3,SKU_15,122.90007,438.0,7.0,265.0,0.0,6.24,9.99,0.0,0.0,WH_3,0.69,40.25,72,9290,SYNTHETIC / ASSUMED PARAMETERS,0,False,315.1,STABLE,False,217.42
2024-01-16,P0013,S005,WH_5,SKU_20,120.014435,477.0,2.0,246.0,0.0,10.07,18.03,0.0,0.0,WH_5,0.8,71.16,65,5639,SYNTHETIC / ASSUMED PARAMETERS,0,False,356.99,STABLE,False,285.59
2024-01-16,P0017,S004,WH_4,SKU_24,96.59655,640.0,13.0,301.0,0.0,7.11,12.19,0.0,0.0,WH_4,1.05,31.77,79,5355,SYNTHETIC / ASSUMED PARAMETERS,0,False,543.4,STABLE,False,570.57
2024-01-16,P0014,S004,WH_4,SKU_21,96.767815,727.0,8.0,379.0,0.0,12.65,20.04,0.0,0.0,WH_4,0.78,76.01,44,11017,SYNTHETIC / ASSUMED PARAMETERS,0,False,630.23,STABLE,False,491.58
2024-01-16,P0011,S001,WH_1,SKU_19,60.05725,654.0,8.0,287.0,0.0,12.4,18.41,0.0,0.0,WH_1,1.18,43.0,33,9186,SYNTHETIC / ASSUMED PARAMETERS,0,False,593.94,STABLE,False,700.85
2024-01-16,P0009,S003,WH_3,SKU_17,124.95611,366.0,3.0,339.0,0.0,16.8,28.54,0.0,0.0,WH_3,1.1,80.9,84,7273,SYNTHETIC / ASSUMED PARAMETERS,0,False,241.04,STABLE,False,265.15
2024-01-16,P0020,S001,WH_1,SKU_27,59.940453,398.0,2.0,389.0,0.0,5.89,7.48,0.0,0.0,WH_1,0.77,21.54,103,8847,SYNTHETIC / ASSUMED PARAMETERS,0,False,338.06,STABLE,False,260.31
2024-01-16,P0010,S005,WH_5,SKU_18,121.939705,570.0,13.0,394.0,0.0,13.35,21.48,0.0,0.0,WH_5,1.44,69.56,77,8261,SYNTHETIC / ASSUMED PARAMETERS,0,False,448.06,STABLE,False,645.21
2024-01-16,P0002,S004,WH_4,SKU_10,87.330605,469.0,14.0,328.0,0.0,19.02,24.9,0.0,0.0,WH_4,2.76,93.09,92,6565,SYNTHETIC / ASSUMED PARAMETERS,0,False,381.67,STABLE,False,1053.41
2024-01-16,P0014,S002,WH_2,SKU_21,93.76937,707.0,7.0,349.0,385.0,8.18,12.0,0.0,0.0,WH_2,1.13,36.82,79,8567,SYNTHETIC / ASSUMED PARAMETERS,0,False,613.23,STABLE,False,692.95
2024-01-16,P0001,S004,WH_4,SKU_1,107.07355,436.0,9.0,333.0,0.0,6.93,10.7,1.0,0.0,WH_4,1.02,32.51,60,7800,SYNTHETIC / ASSUMED PARAMETERS,0,False,328.93,STABLE,False,335.5
2024-01-16,P0004,S003,WH_3,SKU_12,132.60086,431.0,6.0,234.0,0.0,10.01,13.38,1.0,0.0,WH_3,1.57,45.39,57,10301,SYNTHETIC / ASSUMED PARAMETERS,0,False,298.4,STABLE,False,468.49
2024-01-16,P0002,S001,WH_1,SKU_10,138.01476,498.0,13.0,361.0,0.0,12.67,18.73,1.0,0.0,WH_1,1.29,70.59,100,6990,SYNTHETIC / ASSUMED PARAMETERS,0,False,359.99,STABLE,False,464.38
2024-01-16,P0019,S002,WH_2,SKU_26,96.216385,548.0,5.0,273.0,0.0,8.5,11.16,0.0,0.0,WH_2,0.55,33.37,47,8606,SYNTHETIC / ASSUMED PARAMETERS,0,False,451.78,STABLE,False,248.48
2024-01-16,P0010,S002,WH_2,SKU_18,133.8137,566.0,10.0,270.0,0.0,17.51,24.82,0.0,0.0,WH_2,1.18,54.17,54,10850,SYNTHETIC / ASSUMED PARAMETERS,0,False,432.19,STABLE,False,509.98
2024-01-16,P0007,S005,WH_5,SKU_15,172.62358,309.0,14.0,279.0,0.0,15.48,21.47,0.0,0.0,WH_5,1.08,84.29,72,9525,SYNTHETIC / ASSUMED PARAMETERS,0,False,136.38,STABLE,False,147.29
2024-01-16,P0004,S004,WH_4,SKU_12,132.92546,513.0,12.0,227.0,0.0,14.2,19.73,0.0,0.0,WH_4,1.6,43.96,33,7746,SYNTHETIC / ASSUMED PARAMETERS,0,False,380.07,STABLE,False,608.12
2024-01-16,P0018,S002,WH_2,SKU_25,56.99135,532.0,3.0,352.0,0.0,5.07,6.95,0.0,0.0,WH_2,0.51,29.96,39,8258,SYNTHETIC / ASSUMED PARAMETERS,0,False,475.01,STABLE,False,242.25
2024-01-16,P0011,S002,WH_2,SKU_19,109.993256,308.0,8.0,316.0,0.0,12.67,18.56,0.0,0.0,WH_2,1.58,55.58,37,4994,SYNTHETIC / ASSUMED PARAMETERS,8,True,206.01,STABLE,False,381.07
2024-01-16,P0016,S005,WH_5,SKU_23,122.77986,451.0,3.0,383.0,0.0,19.43,28.74,0.0,0.0,WH_5,2.51,93.33,52,7979,SYNTHETIC / ASSUMED PARAMETERS,0,False,328.22,STABLE,False,823.83
2024-01-16,P0019,S005,WH_5,SKU_26,69.745445,474.0,4.0,393.0,0.0,17.15,27.81,0.0,0.0,WH_5,2.55,59.97,91,8473,SYNTHETIC / ASSUMED PARAMETERS,0,False,404.25,STABLE,False,1030.85
2024-01-16,P0003,S005,WH_5,SKU_11,98.28394,663.0,3.0,349.0,0.0,18.92,31.99,0.0,0.0,WH_5,1.99,103.38,46,6507,SYNTHETIC / ASSUMED PARAMETERS,0,False,564.72,STABLE,False,1123.78
2024-01-16,P0006,S005,WH_5,SKU_14,85.794,677.0,6.0,259.0,0.0,11.19,14.98,0.0,0.0,WH_5,0.92,37.97,55,10175,SYNTHETIC / ASSUMED PARAMETERS,0,False,591.21,STABLE,False,543.91
2024-01-16,P0004,S001,WH_1,SKU_12,94.2209,627.0,5.0,299.0,0.0,5.36,7.17,0.0,0.0,WH_1,0.74,24.31,60,7801,SYNTHETIC / ASSUMED PARAMETERS,0,False,532.78,STABLE,False,394.26
2024-01-16,P0017,S001,WH_1,SKU_24,81.215996,561.0,2.0,288.0,306.0,6.14,10.22,0.0,0.0,WH_1,0.75,31.15,47,6037,SYNTHETIC / ASSUMED PARAMETERS,0,False,479.78,STABLE,False,359.84
2024-01-16,P0013,S004,WH_4,SKU_20,118.32342,584.0,2.0,327.0,0.0,16.89,23.51,0.0,0.0,WH_4,1.33,49.52,45,10402,SYNTHETIC / ASSUMED PARAMETERS,0,False,465.68,STABLE,False,619.35
2024-01-16,P0017,S002,WH_2,SKU_24,81.93847,507.0,5.0,365.0,0.0,19.69,29.64,1.0,0.0,WH_2,2.19,76.95,92,10380,SYNTHETIC / ASSUMED PARAMETERS,0,False,425.06,STABLE,False,930.88
2024-01-16,P0015,S004,WH_4,SKU_22,65.12081,645.0,11.0,374.0,0.0,19.16,23.34,0.0,0.0,WH_4,2.12,46.36,63,10964,SYNTHETIC / ASSUMED PARAMETERS,0,False,579.88,STABLE,False,1229.34
2024-01-16,P0009,S001,WH_1,SKU_17,185.57329,589.0,10.0,268.0,0.0,14.9,26.61,0.0,0.0,WH_1,1.04,53.46,53,5188,SYNTHETIC / ASSUMED PARAMETERS,0,False,403.43,STABLE,False,419.56
2024-01-16,P0014,S005,WH_5,SKU_21,90.564026,426.0,8.0,309.0,0.0,13.11,23.25,0.0,0.0,WH_5,1.81,58.89,87,5672,SYNTHETIC / ASSUMED PARAMETERS,0,False,335.44,STABLE,False,607.14
2024-01-16,P0005,S003,WH_3,SKU_13,135.26459,503.0,14.0,382.0,0.0,6.01,8.52,0.0,0.0,WH_3,0.87,30.72,112,6380,SYNTHETIC / ASSUMED PARAMETERS,0,False,367.74,STABLE,False,319.93
2024-01-16,P0017,S005,WH_5,SKU_24,90.461784,480.0,7.0,313.0,0.0,7.27,12.17,1.0,0.0,WH_5,0.56,44.06,66,10704,SYNTHETIC / ASSUMED PARAMETERS,0,False,389.54,STABLE,False,218.14
2024-01-16,P0001,S001,WH_1,SKU_1,75.78099,714.0,14.0,379.0,0.0,13.95,20.48,0.0,0.0,WH_1,1.88,67.42,94,6673,SYNTHETIC / ASSUMED PARAMETERS,0,False,638.22,STABLE,False,1199.85
2024-01-16,P0009,S002,WH_2,SKU_17,120.61199,600.0,13.0,372.0,0.0,16.68,21.24,0.0,0.0,WH_2,1.17,53.18,81,8112,SYNTHETIC / ASSUMED PARAMETERS,0,False,479.39,STABLE,False,560.88
2024-01-16,P0003,S001,WH_1,SKU_11,118.46706,638.0,4.0,286.0,0.0,19.54,34.79,0.0,0.0,WH_1,2.75,93.77,81,6423,SYNTHETIC / ASSUMED PARAMETERS,0,False,519.53,STABLE,False,1428.72
2024-01-16,P0016,S004,WH_4,SKU_23,80.25434,595.0,14.0,236.0,0.0,15.4,18.69,0.0,0.0,WH_4,1.44,47.04,57,10538,SYNTHETIC / ASSUMED PARAMETERS,0,False,514.75,STABLE,False,741.23
2024-01-16,P0001,S005,WH_5,SKU_1,104.73373,537.0,4.0,366.0,0.0,19.41,23.81,0.0,0.0,WH_5,2.58,47.73,54,8279,SYNTHETIC / ASSUMED PARAMETERS,0,False,432.27,STABLE,False,1115.25
2024-01-16,P0005,S004,WH_4,SKU_13,113.605156,588.0,10.0,251.0,0.0,14.29,19.75,0.0,0.0,WH_4,0.97,79.01,68,10644,SYNTHETIC / ASSUMED PARAMETERS,0,False,474.39,STABLE,False,460.16
2024-01-16,P0010,S004,WH_4,SKU_18,110.613815,237.0,6.0,250.0,0.0,5.35,9.51,0.0,0.0,WH_4,0.78,43.27,45,6602,SYNTHETIC / ASSUMED PARAMETERS,13,True,139.39,STABLE,False,151.99
2024-01-16,P0008,S004,WH_4,SKU_16,111.351105,421.0,4.0,367.0,0.0,6.61,9.52,0.0,0.0,WH_4,0.87,40.21,59,5735,SYNTHETIC / ASSUMED PARAMETERS,0,False,309.65,STABLE,False,269.39
2024-01-16,P0015,S001,WH_1,SKU_22,91.821266,592.0,4.0,282.0,0.0,8.88,12.51,0.0,0.0,WH_1,0.94,51.81,47,10427,SYNTHETIC / ASSUMED PARAMETERS,0,False,500.18,STABLE,False,470.17
2024-01-16,P0008,S002,WH_2,SKU_16,125.857056,423.0,11.0,327.0,0.0,19.0,26.16,0.0,0.0,WH_2,2.13,82.7,65,6031,SYNTHETIC / ASSUMED PARAMETERS,0,False,297.14,STABLE,False,632.91
2024-01-16,P0020,S004,WH_4,SKU_27,55.84324,626.0,14.0,289.0,0.0,13.84,20.65,0.0,0.0,WH_4,2.11,78.58,52,8263,SYNTHETIC / ASSUMED PARAMETERS,0,False,570.16,STABLE,False,1203.03
2024-01-16,P0012,S004,WH_4,SKU_2,95.44467,509.0,6.0,290.0,0.0,7.06,10.96,0.0,0.0,WH_4,1.1,40.69,80,10160,SYNTHETIC / ASSUMED PARAMETERS,0,False,413.56,STABLE,False,454.91
2024-01-16,P0006,S001,WH_1,SKU_14,77.21927,518.0,11.0,265.0,0.0,8.21,11.1,0.0,0.0,WH_1,1.31,43.21,69,6246,SYNTHETIC / ASSUMED PARAMETERS,0,False,440.78,STABLE,False,577.42
2024-01-16,P0003,S004,WH_4,SKU_11,73.82276,667.0,2.0,382.0,0.0,6.2,7.82,0.0,0.0,WH_4,0.5,33.95,90,5402,SYNTHETIC / ASSUMED PARAMETERS,0,False,593.18,STABLE,False,296.59
2024-01-16,P0020,S005,WH_5,SKU_27,88.58663,546.0,2.0,353.0,0.0,17.89,25.71,0.0,0.0,WH_5,1.71,74.7,103,6290,SYNTHETIC / ASSUMED PARAMETERS,0,False,457.41,STABLE,False,782.18
2024-01-16,P0010,S001,WH_1,SKU_18,78.19498,451.0,2.0,346.0,0.0,8.62,10.49,0.0,0.0,WH_1,0.92,38.21,43,7798,SYNTHETIC / ASSUMED PARAMETERS,0,False,372.81,STABLE,False,342.98
2024-01-16,P0020,S003,WH_3,SKU_27,111.440544,396.0,3.0,296.0,0.0,9.18,15.91,0.0,0.0,WH_3,1.13,62.45,32,6179,SYNTHETIC / ASSUMED PARAMETERS,0,False,284.56,STABLE,False,321.55
2024-01-16,P0016,S003,WH_3,SKU_23,129.23502,440.0,5.0,293.0,0.0,18.08,23.36,0.0,0.0,WH_3,2.55,64.6,72,10369,SYNTHETIC / ASSUMED PARAMETERS,0,False,310.76,STABLE,False,792.45
2024-01-16,P0020,S002,WH_2,SKU_27,65.35692,554.0,4.0,223.0,0.0,16.3,21.54,1.0,0.0,WH_2,1.63,83.19,46,6479,SYNTHETIC / ASSUMED PARAMETERS,0,False,488.64,STABLE,False,796.49
2024-01-16,P0013,S002,WH_2,SKU_20,115.95173,368.0,9.0,336.0,0.0,12.31,20.86,1.0,0.0,WH_2,1.41,50.99,90,10971,SYNTHETIC / ASSUMED PARAMETERS,0,False,252.05,STABLE,False,355.39
2024-01-16,P0019,S004,WH_4,SKU_26,83.78108,646.0,14.0,331.0,351.0,8.71,13.65,0.0,0.0,WH_4,0.81,35.89,53,6838,SYNTHETIC / ASSUMED PARAMETERS,0,False,562.22,STABLE,False,455.4
2024-01-16,P0011,S005,WH_5,SKU_19,90.72534,320.0,7.0,281.0,0.0,15.87,25.1,0.0,0.0,WH_5,2.0,76.39,84,8102,SYNTHETIC / ASSUMED PARAMETERS,0,False,229.27,STABLE,False,458.55
2024-01-16,P0001,S002,WH_2,SKU_1,106.734695,527.0,8.0,322.0,0.0,11.46,19.92,0.0,0.0,WH_2,0.9,70.92,62,9416,SYNTHETIC / ASSUMED PARAMETERS,0,False,420.27,STABLE,False,378.24
2024-01-16,P0007,S001,WH_1,SKU_15,141.91612,471.0,13.0,327.0,0.0,16.7,28.78,0.0,0.0,WH_1,2.21,100.17,53,6976,SYNTHETIC / ASSUMED PARAMETERS,0,False,329.08,STABLE,False,727.28
2024-01-16,P0019,S003,WH_3,SKU_26,104.314285,533.0,14.0,222.0,0.0,7.66,9.43,0.0,0.0,WH_3,0.81,30.44,28,5399,SYNTHETIC / ASSUMED PARAMETERS,0,False,428.69,STABLE,False,347.24
2024-01-16,P0012,S001,WH_1,SKU_2,96.92797,630.0,13.0,228.0,0.0,19.76,35.1,0.0,0.0,WH_1,2.92,120.54,61,5736,SYNTHETIC / ASSUMED PARAMETERS,0,False,533.07,STABLE,False,1556.57
2024-01-16,P0015,S002,WH_2,SKU_22,90.8526,407.0,7.0,261.0,0.0,9.82,14.68,1.0,0.0,WH_2,1.21,42.78,60,5653,SYNTHETIC / ASSUMED PARAMETERS,0,False,316.15,STABLE,False,382.54
2024-01-16,P0005,S005,WH_5,SKU_13,136.70786,516.0,7.0,305.0,0.0,15.13,23.34,0.0,0.0,WH_5,0.88,49.29,48,10583,SYNTHETIC / ASSUMED PARAMETERS,0,False,379.29,STABLE,False,333.78
2024-01-16,P0010,S003,WH_3,SKU_18,146.34076,508.0,9.0,213.0,0.0,15.53,20.4,0.0,0.0,WH_3,2.28,65.06,40,7890,SYNTHETIC / ASSUMED PARAMETERS,0,False,361.66,STABLE,False,824.58
2024-01-16,P0014,S001,WH_1,SKU_21,85.1078,399.0,11.0,245.0,0.0,19.68,23.66,0.0,0.0,WH_1,2.7,52.3,38,5664,SYNTHETIC / ASSUMED PARAMETERS,0,False,313.89,STABLE,False,847.51
2024-01-16,P0013,S003,WH_3,SKU_20,143.8065,528.0,3.0,319.0,0.0,14.9,25.16,0.0,0.0,WH_3,1.3,53.63,94,9643,SYNTHETIC / ASSUMED PARAMETERS,0,False,384.19,STABLE,False,499.45
2024-01-16,P0009,S005,WH_5,SKU_17,126.73062,609.0,8.0,321.0,0.0,7.73,13.36,0.0,0.0,WH_5,0.58,50.99,60,7894,SYNTHETIC / ASSUMED PARAMETERS,0,False,482.27,STABLE,False,279.72
2024-01-16,P0004,S002,WH_2,SKU_12,129.12253,374.0,6.0,370.0,0.0,19.03,23.02,0.0,0.0,WH_2,2.32,68.2,104,8597,SYNTHETIC / ASSUMED PARAMETERS,0,False,244.88,STABLE,False,568.12
2024-01-16,P0005,S002,WH_2,SKU_13,113.10963,377.0,11.0,350.0,0.0,17.04,21.69,0.0,0.0,WH_2,2.15,79.74,38,5796,SYNTHETIC / ASSUMED PARAMETERS,0,False,263.89,STABLE,False,567.36
2024-01-16,P0002,S002,WH_2,SKU_10,120.040535,413.0,10.0,310.0,0.0,13.83,22.36,0.0,0.0,WH_2,0.8,49.56,40,6844,SYNTHETIC / ASSUMED PARAMETERS,0,False,292.96,STABLE,False,234.37
2024-01-16,P0012,S005,WH_5,SKU_2,66.952225,495.0,14.0,267.0,0.0,15.0,26.38,1.0,0.0,WH_5,1.72,57.23,63,7517,SYNTHETIC / ASSUMED PARAMETERS,0,False,428.05,STABLE,False,736.24
2024-01-16,P0007,S004,WH_4,SKU_15,153.4504,360.0,5.0,224.0,0.0,13.52,23.32,0.0,0.0,WH_4,1.16,58.22,61,7785,SYNTHETIC / ASSUMED PARAMETERS,0,False,206.55,STABLE,False,239.6
2024-01-16,P0011,S004,WH_4,SKU_19,77.08539,337.0,4.0,352.0,0.0,5.41,7.4,0.0,0.0,WH_4,0.43,30.95,55,9647,SYNTHETIC / ASSUMED PARAMETERS,15,True,274.91,STABLE,False,149.16
2024-01-16,P0012,S002,WH_2,SKU_2,79.91875,597.0,8.0,377.0,0.0,16.77,22.06,0.0,0.0,WH_2,1.73,61.48,56,5161,SYNTHETIC / ASSUMED PARAMETERS,0,False,517.08,STABLE,False,894.55
2024-01-16,P0008,S005,WH_5,SKU_16,137.63527,575.0,2.0,394.0,0.0,13.23,20.46,0.0,0.0,WH_5,1.66,59.45,101,8221,SYNTHETIC / ASSUMED PARAMETERS,0,False,437.36,STABLE,False,726.03
2024-01-16,P0007,S002,WH_2,SKU_15,123.13232,621.0,8.0,386.0,0.0,11.37,14.92,0.0,0.0,WH_2,1.19,43.87,61,9277,SYNTHETIC / ASSUMED PARAMETERS,0,False,497.87,STABLE,False,592.46
2024-01-16,P0003,S002,WH_2,SKU_11,113.84278,648.0,4.0,230.0,0.0,17.93,29.29,0.0,0.0,WH_2,2.41,85.34,31,10194,SYNTHETIC / ASSUMED PARAMETERS,0,False,534.16,STABLE,False,1287.32
2024-01-16,P0003,S003,WH_3,SKU_11,124.79461,473.0,13.0,342.0,0.0,13.85,18.39,0.0,0.0,WH_3,1.16,58.36,96,10164,SYNTHETIC / ASSUMED PARAMETERS,0,False,348.21,STABLE,False,403.92
2024-01-17,P0001,S004,WH_4,SKU_1,75.6252,401.0,9.0,333.0,0.0,6.93,10.7,1.0,0.0,WH_4,1.02,32.51,60,7800,SYNTHETIC / ASSUMED PARAMETERS,0,False,325.37,STABLE,False,331.88
2024-01-17,P0018,S004,WH_4,SKU_25,74.327156,736.0,9.0,273.0,498.0,12.02,19.24,0.0,0.0,WH_4,1.67,68.75,82,5738,SYNTHETIC / ASSUMED PARAMETERS,0,False,661.67,STABLE,False,1104.99
2024-01-17,P0010,S005,WH_5,SKU_18,149.1167,552.0,13.0,394.0,0.0,13.35,21.48,0.0,0.0,WH_5,1.44,69.56,77,8261,SYNTHETIC / ASSUMED PARAMETERS,0,False,402.88,STABLE,False,580.15
2024-01-17,P0005,S003,WH_3,SKU_13,90.90584,475.0,14.0,382.0,0.0,6.01,8.52,0.0,0.0,WH_3,0.87,30.72,112,6380,SYNTHETIC / ASSUMED PARAMETERS,0,False,384.09,STABLE,False,334.16
2024-01-17,P0003,S001,WH_1,SKU_11,98.52958,615.0,4.0,286.0,0.0,19.54,34.79,0.0,0.0,WH_1,2.75,93.77,81,6423,SYNTHETIC / ASSUMED PARAMETERS,0,False,516.47,STABLE,False,1420.29
2024-01-17,P0018,S002,WH_2,SKU_25,98.48178,510.0,3.0,352.0,0.0,5.07,6.95,0.0,0.0,WH_2,0.51,29.96,39,8258,SYNTHETIC / ASSUMED PARAMETERS,0,False,411.52,STABLE,False,209.87
2024-01-17,P0020,S005,WH_5,SKU_27,94.66975,519.0,2.0,353.0,0.0,17.89,25.71,0.0,0.0,WH_5,1.71,74.7,103,6290,SYNTHETIC / ASSUMED PARAMETERS,0,False,424.33,STABLE,False,725.6
2024-01-17,P0014,S003,WH_3,SKU_21,74.935326,613.0,10.0,283.0,0.0,5.75,8.47,0.0,0.0,WH_3,0.72,24.19,84,8334,SYNTHETIC / ASSUMED PARAMETERS,0,False,538.06,STABLE,False,387.41
2024-01-17,P0001,S003,WH_3,SKU_1,85.91751,505.0,6.0,314.0,0.0,6.06,8.41,0.0,0.0,WH_3,0.95,32.98,61,6038,SYNTHETIC / ASSUMED PARAMETERS,0,False,419.08,STABLE,False,398.13
2024-01-17,P0013,S001,WH_1,SKU_20,135.90643,487.0,9.0,295.0,0.0,9.55,16.05,0.0,0.0,WH_1,1.19,44.04,33,5191,SYNTHETIC / ASSUMED PARAMETERS,0,False,351.09,STABLE,False,417.8
2024-01-17,P0007,S005,WH_5,SKU_15,127.10168,282.0,14.0,279.0,0.0,15.48,21.47,1.0,0.0,WH_5,1.08,84.29,72,9525,SYNTHETIC / ASSUMED PARAMETERS,0,False,154.9,STABLE,False,167.29
2024-01-17,P0014,S002,WH_2,SKU_21,80.728065,667.0,7.0,349.0,0.0,8.18,12.0,1.0,0.0,WH_2,1.13,36.82,79,8567,SYNTHETIC / ASSUMED PARAMETERS,0,False,586.27,STABLE,False,662.49
2024-01-17,P0010,S002,WH_2,SKU_18,188.39662,527.0,10.0,270.0,0.0,17.51,24.82,1.0,0.0,WH_2,1.18,54.17,54,10850,SYNTHETIC / ASSUMED PARAMETERS,0,False,338.6,STABLE,False,399.55
2024-01-17,P0014,S004,WH_4,SKU_21,62.82019,701.0,8.0,379.0,0.0,12.65,20.04,0.0,0.0,WH_4,0.78,76.01,44,11017,SYNTHETIC / ASSUMED PARAMETERS,0,False,638.18,STABLE,False,497.78
2024-01-17,P0002,S001,WH_1,SKU_10,119.627144,476.0,13.0,361.0,0.0,12.67,18.73,0.0,0.0,WH_1,1.29,70.59,100,6990,SYNTHETIC / ASSUMED PARAMETERS,0,False,356.37,STABLE,False,459.72
2024-01-17,P0006,S003,WH_3,SKU_14,79.0873,321.0,3.0,283.0,0.0,5.88,9.37,0.0,0.0,WH_3,0.82,33.85,73,7722,SYNTHETIC / ASSUMED PARAMETERS,0,False,241.91,STABLE,False,198.37
2024-01-17,P0004,S001,WH_1,SKU_12,94.64988,607.0,5.0,299.0,0.0,5.36,7.17,0.0,0.0,WH_1,0.74,24.31,60,7801,SYNTHETIC / ASSUMED PARAMETERS,0,False,512.35,STABLE,False,379.14
2024-01-17,P0020,S003,WH_3,SKU_27,98.35773,371.0,3.0,296.0,0.0,9.18,15.91,0.0,0.0,WH_3,1.13,62.45,32,6179,SYNTHETIC / ASSUMED PARAMETERS,0,False,272.64,STABLE,False,308.09
2024-01-17,P0009,S004,WH_4,SKU_17,109.55734,447.0,5.0,341.0,0.0,8.62,10.66,0.0,0.0,WH_4,1.16,28.26,74,6506,SYNTHETIC / ASSUMED PARAMETERS,0,False,337.44,STABLE,False,391.43
2024-01-17,P0019,S005,WH_5,SKU_26,76.424164,453.0,4.0,393.0,0.0,17.15,27.81,0.0,0.0,WH_5,2.55,59.97,91,8473,SYNTHETIC / ASSUMED PARAMETERS,0,False,376.58,STABLE,False,960.27
2024-01-17,P0001,S002,WH_2,SKU_1,135.64088,508.0,8.0,322.0,0.0,11.46,19.92,0.0,0.0,WH_2,0.9,70.92,62,9416,SYNTHETIC / ASSUMED PARAMETERS,0,False,372.36,STABLE,False,335.12
2024-01-17,P0018,S003,WH_3,SKU_25,51.00688,489.0,7.0,232.0,0.0,6.51,8.04,0.0,0.0,WH_3,0.89,32.85,39,9598,SYNTHETIC / ASSUMED PARAMETERS,0,False,437.99,STABLE,False,389.81
2024-01-17,P0019,S001,WH_1,SKU_26,82.33523,466.0,2.0,335.0,0.0,18.22,23.67,0.0,0.0,WH_1,2.52,50.97,34,5684,SYNTHETIC / ASSUMED PARAMETERS,0,False,383.66,STABLE,False,966.84
2024-01-17,P0009,S005,WH_5,SKU_17,153.59238,580.0,8.0,321.0,0.0,7.73,13.36,0.0,0.0,WH_5,0.58,50.99,60,7894,SYNTHETIC / ASSUMED PARAMETERS,0,False,426.41,STABLE,False,247.32
2024-01-17,P0015,S004,WH_4,SKU_22,61.09444,622.0,11.0,374.0,0.0,19.16,23.34,0.0,0.0,WH_4,2.12,46.36,63,10964,SYNTHETIC / ASSUMED PARAMETERS,0,False,560.91,STABLE,False,1189.12
2024-01-17,P0012,S001,WH_1,SKU_2,146.6404,607.0,13.0,228.0,0.0,19.76,35.1,1.0,0.0,WH_1,2.92,120.54,61,5736,SYNTHETIC / ASSUMED PARAMETERS,0,False,460.36,STABLE,False,1344.25
2024-01-17,P0001,S001,WH_1,SKU_1,90.520096,688.0,14.0,379.0,0.0,13.95,20.48,0.0,0.0,WH_1,1.88,67.42,94,6673,SYNTHETIC / ASSUMED PARAMETERS,0,False,597.48,STABLE,False,1123.26
2024-01-17,P0005,S005,WH_5,SKU_13,111.01821,494.0,7.0,305.0,0.0,15.13,23.34,0.0,0.0,WH_5,0.88,49.29,48,10583,SYNTHETIC / ASSUMED PARAMETERS,0,False,382.98,STABLE,False,337.02
2024-01-17,P0014,S005,WH_5,SKU_21,54.04236,405.0,8.0,309.0,0.0,13.11,23.25,0.0,0.0,WH_5,1.81,58.89,87,5672,SYNTHETIC / ASSUMED PARAMETERS,0,False,350.96,STABLE,False,635.23
2024-01-17,P0019,S003,WH_3,SKU_26,107.02752,524.0,14.0,222.0,0.0,7.66,9.43,0.0,0.0,WH_3,0.81,30.44,28,5399,SYNTHETIC / ASSUMED PARAMETERS,0,False,416.97,STABLE,False,337.75
2024-01-17,P0014,S001,WH_1,SKU_21,61.535076,380.0,11.0,245.0,0.0,19.68,23.66,0.0,0.0,WH_1,2.7,52.3,38,5664,SYNTHETIC / ASSUMED PARAMETERS,0,False,318.46,STABLE,False,859.86
2024-01-17,P0006,S002,WH_2,SKU_14,78.860405,488.0,14.0,268.0,0.0,18.83,23.34,0.0,0.0,WH_2,2.51,66.61,39,5701,SYNTHETIC / ASSUMED PARAMETERS,0,False,409.14,STABLE,False,1026.94
2024-01-17,P0015,S005,WH_5,SKU_22,104.6412,470.0,4.0,326.0,0.0,16.45,25.06,0.0,0.0,WH_5,2.1,76.56,84,10655,SYNTHETIC / ASSUMED PARAMETERS,0,False,365.36,STABLE,False,767.25
2024-01-17,P0017,S002,WH_2,SKU_24,93.77892,483.0,5.0,365.0,0.0,19.69,29.64,0.0,0.0,WH_2,2.19,76.95,92,10380,SYNTHETIC / ASSUMED PARAMETERS,0,False,389.22,STABLE,False,852.39
2024-01-17,P0012,S002,WH_2,SKU_2,101.17222,575.0,8.0,377.0,0.0,16.77,22.06,0.0,0.0,WH_2,1.73,61.48,56,5161,SYNTHETIC / ASSUMED PARAMETERS,0,False,473.83,STABLE,False,819.72
2024-01-17,P0005,S004,WH_4,SKU_13,94.626205,554.0,10.0,251.0,0.0,14.29,19.75,0.0,0.0,WH_4,0.97,79.01,68,10644,SYNTHETIC / ASSUMED PARAMETERS,0,False,459.37,STABLE,False,445.59
2024-01-17,P0019,S002,WH_2,SKU_26,102.35627,527.0,5.0,273.0,0.0,8.5,11.16,0.0,0.0,WH_2,0.55,33.37,47,8606,SYNTHETIC / ASSUMED PARAMETERS,0,False,424.64,STABLE,False,233.55
2024-01-17,P0008,S003,WH_3,SKU_16,155.12569,686.0,6.0,336.0,0.0,12.08,18.52,1.0,0.0,WH_3,1.03,67.38,41,10278,SYNTHETIC / ASSUMED PARAMETERS,0,False,530.87,STABLE,False,546.8
2024-01-17,P0005,S002,WH_2,SKU_13,101.78866,360.0,11.0,350.0,0.0,17.04,21.69,0.0,0.0,WH_2,2.15,79.74,38,5796,SYNTHETIC / ASSUMED PARAMETERS,0,False,258.21,STABLE,False,555.15
2024-01-17,P0012,S005,WH_5,SKU_2,110.15017,464.0,14.0,267.0,0.0,15.0,26.38,0.0,0.0,WH_5,1.72,57.23,63,7517,SYNTHETIC / ASSUMED PARAMETERS,0,False,353.85,STABLE,False,608.62
2024-01-17,P0002,S002,WH_2,SKU_10,87.29605,385.0,10.0,310.0,0.0,13.83,22.36,0.0,0.0,WH_2,0.8,49.56,40,6844,SYNTHETIC / ASSUMED PARAMETERS,0,False,297.7,STABLE,False,238.16
2024-01-17,P0003,S002,WH_2,SKU_11,96.457794,624.0,4.0,230.0,0.0,17.93,29.29,0.0,0.0,WH_2,2.41,85.34,31,10194,SYNTHETIC / ASSUMED PARAMETERS,0,False,527.54,STABLE,False,1271.38
2024-01-17,P0008,S005,WH_5,SKU_16,144.69081,553.0,2.0,394.0,0.0,13.23,20.46,0.0,0.0,WH_5,1.66,59.45,101,8221,SYNTHETIC / ASSUMED PARAMETERS,0,False,408.31,STABLE,False,677.79
2024-01-17,P0004,S003,WH_3,SKU_12,99.0086,404.0,6.0,234.0,0.0,10.01,13.38,0.0,0.0,WH_3,1.57,45.39,57,10301,SYNTHETIC / ASSUMED PARAMETERS,0,False,304.99,STABLE,False,478.84
2024-01-17,P0011,S005,WH_5,SKU_19,136.12718,291.0,7.0,281.0,0.0,15.87,25.1,0.0,0.0,WH_5,2.0,76.39,84,8102,SYNTHETIC / ASSUMED PARAMETERS,0,False,154.87,STABLE,False,309.75
2024-01-17,P0019,S004,WH_4,SKU_26,96.68419,626.0,14.0,331.0,0.0,8.71,13.65,0.0,0.0,WH_4,0.81,35.89,53,6838,SYNTHETIC / ASSUMED PARAMETERS,0,False,529.32,STABLE,False,428.75
2024-01-17,P0003,S003,WH_3,SKU_11,85.271805,448.0,13.0,342.0,0.0,13.85,18.39,0.0,0.0,WH_3,1.16,58.36,96,10164,SYNTHETIC / ASSUMED PARAMETERS,0,False,362.73,STABLE,False,420.76
2024-01-17,P0018,S005,WH_5,SKU_25,111.32157,690.0,7.0,311.0,0.0,8.45,14.29,0.0,0.0,WH_5,0.63,58.32,37,5926,SYNTHETIC / ASSUMED PARAMETERS,0,False,578.68,STABLE,False,364.57
2024-01-17,P0009,S002,WH_2,SKU_17,152.44965,576.0,13.0,372.0,0.0,16.68,21.24,0.0,0.0,WH_2,1.17,53.18,81,8112,SYNTHETIC / ASSUMED PARAMETERS,0,False,423.55,STABLE,False,495.55
2024-01-17,P0009,S001,WH_1,SKU_17,177.37286,575.0,10.0,268.0,0.0,14.9,26.61,0.0,0.0,WH_1,1.04,53.46,53,5188,SYNTHETIC / ASSUMED PARAMETERS,0,False,397.63,STABLE,False,413.53
2024-01-17,P0016,S003,WH_3,SKU_23,98.26008,413.0,5.0,293.0,0.0,18.08,23.36,0.0,0.0,WH_3,2.55,64.6,72,10369,SYNTHETIC / ASSUMED PARAMETERS,0,False,314.74,STABLE,False,802.59
2024-01-17,P0017,S001,WH_1,SKU_24,97.31301,545.0,2.0,288.0,0.0,6.14,10.22,0.0,0.0,WH_1,0.75,31.15,47,6037,SYNTHETIC / ASSUMED PARAMETERS,0,False,447.69,STABLE,False,335.77
2024-01-17,P0016,S002,WH_2,SKU_23,101.26603,374.0,12.0,312.0,0.0,6.68,11.81,0.0,0.0,WH_2,0.8,35.45,73,10338,SYNTHETIC / ASSUMED PARAMETERS,0,False,272.73,STABLE,False,218.19
2024-01-17,P0004,S005,WH_5,SKU_12,128.1377,379.0,6.0,349.0,0.0,10.21,15.8,0.0,0.0,WH_5,0.76,39.17,96,5993,SYNTHETIC / ASSUMED PARAMETERS,0,False,250.86,STABLE,False,190.66
2024-01-17,P0013,S002,WH_2,SKU_20,131.7849,343.0,9.0,336.0,0.0,12.31,20.86,0.0,0.0,WH_2,1.41,50.99,90,10971,SYNTHETIC / ASSUMED PARAMETERS,0,False,211.22,STABLE,False,297.81
2024-01-17,P0020,S001,WH_1,SKU_27,66.94362,376.0,2.0,389.0,0.0,5.89,7.48,0.0,0.0,WH_1,0.77,21.54,103,8847,SYNTHETIC / ASSUMED PARAMETERS,13,True,322.06,STABLE,False,269.52
2024-01-17,P0015,S003,WH_3,SKU_22,104.14663,306.0,4.0,211.0,0.0,18.38,32.58,0.0,0.0,WH_3,1.34,101.74,33,5385,SYNTHETIC / ASSUMED PARAMETERS,0,False,201.85,STABLE,False,270.48
2024-01-17,P0017,S003,WH_3,SKU_24,85.21556,517.0,10.0,209.0,0.0,10.59,15.15,0.0,0.0,WH_3,1.43,56.19,52,9960,SYNTHETIC / ASSUMED PARAMETERS,0,False,431.78,STABLE,False,617.45
2024-01-17,P0008,S004,WH_4,SKU_16,108.88267,402.0,4.0,367.0,0.0,6.61,9.52,0.0,0.0,WH_4,0.87,40.21,59,5735,SYNTHETIC / ASSUMED PARAMETERS,0,False,293.12,STABLE,False,255.01
2024-01-17,P0006,S004,WH_4,SKU_14,85.30312,558.0,10.0,343.0,0.0,5.76,8.49,0.0,0.0,WH_4,0.78,37.66,58,8907,SYNTHETIC / ASSUMED PARAMETERS,0,False,472.7,STABLE,False,368.7
2024-01-17,P0017,S004,WH_4,SKU_24,102.74481,619.0,13.0,301.0,0.0,7.11,12.19,0.0,0.0,WH_4,1.05,31.77,79,5355,SYNTHETIC / ASSUMED PARAMETERS,0,False,516.26,STABLE,False,542.07
2024-01-17,P0007,S002,WH_2,SKU_15,124.55046,592.0,8.0,386.0,0.0,11.37,14.92,0.0,0.0,WH_2,1.19,43.87,61,9277,SYNTHETIC / ASSUMED PARAMETERS,0,False,467.45,STABLE,False,556.26
2024-01-17,P0020,S002,WH_2,SKU_27,70.74356,530.0,4.0,223.0,0.0,16.3,21.54,0.0,0.0,WH_2,1.63,83.19,46,6479,SYNTHETIC / ASSUMED PARAMETERS,0,False,459.26,STABLE,False,748.59
2024-01-17,P0012,S004,WH_4,SKU_2,132.47481,482.0,6.0,290.0,0.0,7.06,10.96,0.0,0.0,WH_4,1.1,40.69,80,10160,SYNTHETIC / ASSUMED PARAMETERS,0,False,349.53,STABLE,False,384.48
2024-01-17,P0005,S001,WH_1,SKU_13,128.27626,529.0,9.0,246.0,0.0,19.52,24.09,0.0,0.0,WH_1,1.26,57.54,50,8981,SYNTHETIC / ASSUMED PARAMETERS,0,False,400.72,STABLE,False,504.91
2024-01-17,P0010,S004,WH_4,SKU_18,108.9135,663.0,6.0,250.0,445.0,5.35,9.51,1.0,0.0,WH_4,0.78,43.27,45,6602,SYNTHETIC / ASSUMED PARAMETERS,0,False,554.09,STABLE,False,432.19
2024-01-17,P0013,S005,WH_5,SKU_20,189.11458,442.0,2.0,246.0,0.0,10.07,18.03,1.0,0.0,WH_5,0.8,71.16,65,5639,SYNTHETIC / ASSUMED PARAMETERS,0,False,252.89,STABLE,False,202.31
2024-01-17,P0016,S004,WH_4,SKU_23,59.755695,569.0,14.0,236.0,0.0,15.4,18.69,0.0,0.0,WH_4,1.44,47.04,57,10538,SYNTHETIC / ASSUMED PARAMETERS,0,False,509.24,STABLE,False,733.31
2024-01-17,P0011,S004,WH_4,SKU_19,92.84217,687.0,4.0,352.0,374.0,5.41,7.4,0.0,0.0,WH_4,0.43,30.95,55,9647,SYNTHETIC / ASSUMED PARAMETERS,0,False,594.16,STABLE,False,255.49
2024-01-17,P0013,S003,WH_3,SKU_20,141.12738,508.0,3.0,319.0,0.0,14.9,25.16,0.0,0.0,WH_3,1.3,53.63,94,9643,SYNTHETIC / ASSUMED PARAMETERS,0,False,366.87,STABLE,False,476.93
2024-01-17,P0007,S004,WH_4,SKU_15,132.93895,342.0,5.0,224.0,0.0,13.52,23.32,0.0,0.0,WH_4,1.16,58.22,61,7785,SYNTHETIC / ASSUMED PARAMETERS,0,False,209.06,STABLE,False,242.51
2024-01-17,P0002,S005,WH_5,SKU_10,78.5116,612.0,9.0,246.0,0.0,9.67,15.35,1.0,0.0,WH_5,1.52,60.17,40,6308,SYNTHETIC / ASSUMED PARAMETERS,0,False,533.49,STABLE,False,810.9
2024-01-17,P0001,S005,WH_5,SKU_1,73.61434,526.0,4.0,366.0,0.0,19.41,23.81,0.0,0.0,WH_5,2.58,47.73,54,8279,SYNTHETIC / ASSUMED PARAMETERS,0,False,452.39,STABLE,False,1167.16
2024-01-17,P0007,S003,WH_3,SKU_15,102.4648,412.0,7.0,265.0,0.0,6.24,9.99,0.0,0.0,WH_3,0.69,40.25,72,9290,SYNTHETIC / ASSUMED PARAMETERS,0,False,309.54,STABLE,False,213.58
2024-01-17,P0010,S003,WH_3,SKU_18,129.60287,494.0,9.0,213.0,0.0,15.53,20.4,0.0,0.0,WH_3,2.28,65.06,40,7890,SYNTHETIC / ASSUMED PARAMETERS,0,False,364.4,STABLE,False,830.83
2024-01-17,P0002,S003,WH_3,SKU_10,95.77416,452.0,5.0,218.0,0.0,13.68,17.87,0.0,0.0,WH_3,1.74,42.93,55,5968,SYNTHETIC / ASSUMED PARAMETERS,0,False,356.23,STABLE,False,619.83
2024-01-17,P0003,S005,WH_5,SKU_11,90.55869,640.0,3.0,349.0,0.0,18.92,31.99,0.0,0.0,WH_5,1.99,103.38,46,6507,SYNTHETIC / ASSUMED PARAMETERS,0,False,549.44,STABLE,False,1093.39
2024-01-17,P0004,S004,WH_4,SKU_12,117.47102,488.0,12.0,227.0,0.0,14.2,19.73,0.0,0.0,WH_4,1.6,43.96,33,7746,SYNTHETIC / ASSUMED PARAMETERS,0,False,370.53,STABLE,False,592.85
2024-01-17,P0015,S001,WH_1,SKU_22,94.085655,568.0,4.0,282.0,0.0,8.88,12.51,0.0,0.0,WH_1,0.94,51.81,47,10427,SYNTHETIC / ASSUMED PARAMETERS,0,False,473.91,STABLE,False,445.48
2024-01-17,P0008,S001,WH_1,SKU_16,117.23159,530.0,14.0,328.0,0.0,11.96,17.38,0.0,0.0,WH_1,1.64,39.73,88,10604,SYNTHETIC / ASSUMED PARAMETERS,0,False,412.77,STABLE,False,676.94
2024-01-17,P0017,S005,WH_5,SKU_24,98.95543,455.0,7.0,313.0,0.0,7.27,12.17,0.0,0.0,WH_5,0.56,44.06,66,10704,SYNTHETIC / ASSUMED PARAMETERS,0,False,356.04,STABLE,False,199.38
2024-01-17,P0003,S004,WH_4,SKU_11,60.593853,643.0,2.0,382.0,0.0,6.2,7.82,0.0,0.0,WH_4,0.5,33.95,90,5402,SYNTHETIC / ASSUMED PARAMETERS,0,False,582.41,STABLE,False,291.2
2024-01-17,P0012,S003,WH_3,SKU_2,62.708427,577.0,10.0,319.0,0.0,5.02,7.82,0.0,0.0,WH_3,0.45,23.6,74,9396,SYNTHETIC / ASSUMED PARAMETERS,0,False,514.29,STABLE,False,231.43
2024-01-17,P0006,S001,WH_1,SKU_14,81.42794,496.0,11.0,265.0,0.0,8.21,11.1,0.0,0.0,WH_1,1.31,43.21,69,6246,SYNTHETIC / ASSUMED PARAMETERS,0,False,414.57,STABLE,False,543.09
2024-01-17,P0018,S001,WH_1,SKU_25,120.02055,671.0,5.0,314.0,0.0,14.23,20.28,1.0,0.0,WH_1,0.9,46.65,78,5160,SYNTHETIC / ASSUMED PARAMETERS,0,False,550.98,STABLE,False,495.88
2024-01-17,P0006,S005,WH_5,SKU_14,108.711266,652.0,6.0,259.0,0.0,11.19,14.98,0.0,0.0,WH_5,0.92,37.97,55,10175,SYNTHETIC / ASSUMED PARAMETERS,0,False,543.29,STABLE,False,499.83
2024-01-17,P0004,S002,WH_2,SKU_12,105.76445,334.0,6.0,370.0,0.0,19.03,23.02,1.0,0.0,WH_2,2.32,68.2,104,8597,SYNTHETIC / ASSUMED PARAMETERS,36,True,264.24,STABLE,False,681.23
2024-01-17,P0013,S004,WH_4,SKU_20,135.188,565.0,2.0,327.0,0.0,16.89,23.51,0.0,0.0,WH_4,1.33,49.52,45,10402,SYNTHETIC / ASSUMED PARAMETERS,0,False,429.81,STABLE,False,571.65
2024-01-17,P0009,S003,WH_3,SKU_17,142.02805,340.0,3.0,339.0,0.0,16.8,28.54,0.0,0.0,WH_3,1.1,80.9,84,7273,SYNTHETIC / ASSUMED PARAMETERS,0,False,197.97,STABLE,False,217.77
2024-01-17,P0011,S001,WH_1,SKU_19,93.22763,630.0,8.0,287.0,0.0,12.4,18.41,0.0,0.0,WH_1,1.18,43.0,33,9186,SYNTHETIC / ASSUMED PARAMETERS,0,False,536.77,STABLE,False,633.39
2024-01-17,P0011,S003,WH_3,SKU_19,170.88339,484.0,4.0,295.0,0.0,14.17,23.01,0.0,0.0,WH_3,1.45,87.37,62,9399,SYNTHETIC / ASSUMED PARAMETERS,0,False,313.12,STABLE,False,454.02
2024-01-17,P0010,S001,WH_1,SKU_18,95.68504,421.0,2.0,346.0,0.0,8.62,10.49,0.0,0.0,WH_1,0.92,38.21,43,7798,SYNTHETIC / ASSUMED PARAMETERS,0,False,325.31,STABLE,False,299.29
2024-01-17,P0011,S002,WH_2,SKU_19,112.07303,519.0,8.0,316.0,232.0,12.67,18.56,0.0,0.0,WH_2,1.58,55.58,37,4994,SYNTHETIC / ASSUMED PARAMETERS,0,False,406.93,STABLE,False,642.94
2024-01-17,P0015,S002,WH_2,SKU_22,105.06637,386.0,7.0,261.0,0.0,9.82,14.68,0.0,0.0,WH_2,1.21,42.78,60,5653,SYNTHETIC / ASSUMED PARAMETERS,0,False,280.93,STABLE,False,339.93
2024-01-17,P0016,S001,WH_1,SKU_23,109.352615,287.0,8.0,239.0,0.0,9.05,14.03,0.0,0.0,WH_1,0.76,35.69,32,4845,SYNTHETIC / ASSUMED PARAMETERS,0,False,177.65,STABLE,False,135.01
2024-01-17,P0020,S004,WH_4,SKU_27,66.30136,604.0,14.0,289.0,0.0,13.84,20.65,0.0,0.0,WH_4,2.11,78.58,52,8263,SYNTHETIC / ASSUMED PARAMETERS,0,False,537.7,STABLE,False,1134.54
2024-01-17,P0008,S002,WH_2,SKU_16,117.22864,401.0,11.0,327.0,0.0,19.0,26.16,0.0,0.0,WH_2,2.13,82.7,65,6031,SYNTHETIC / ASSUMED PARAMETERS,0,False,283.77,STABLE,False,604.43
2024-01-17,P0007,S001,WH_1,SKU_15,143.49695,450.0,13.0,327.0,0.0,16.7,28.78,0.0,0.0,WH_1,2.21,100.17,53,6976,SYNTHETIC / ASSUMED PARAMETERS,0,False,306.5,STABLE,False,677.37
2024-01-17,P0016,S005,WH_5,SKU_23,104.23488,427.0,3.0,383.0,0.0,19.43,28.74,0.0,0.0,WH_5,2.51,93.33,52,7979,SYNTHETIC / ASSUMED PARAMETERS,0,False,322.77,STABLE,False,810.14
2024-01-17,P0002,S004,WH_4,SKU_10,91.10517,446.0,14.0,328.0,0.0,19.02,24.9,0.0,0.0,WH_4,2.76,93.09,92,6565,SYNTHETIC / ASSUMED PARAMETERS,0,False,354.89,STABLE,False,979.51
2024-01-18,P0003,S001,WH_1,SKU_11,106.59973,590.0,4.0,286.0,0.0,19.54,34.79,0.0,0.0,WH_1,2.75,93.77,81,6423,SYNTHETIC / ASSUMED PARAMETERS,0,False,483.4,STABLE,False,1329.35
2024-01-18,P0018,S003,WH_3,SKU_25,70.67755,461.0,7.0,232.0,0.0,6.51,8.04,0.0,0.0,WH_3,0.89,32.85,39,9598,SYNTHETIC / ASSUMED PARAMETERS,0,False,390.32,STABLE,False,347.39
2024-01-18,P0015,S002,WH_2,SKU_22,119.00695,371.0,7.0,261.0,0.0,9.82,14.68,0.0,0.0,WH_2,1.21,42.78,60,5653,SYNTHETIC / ASSUMED PARAMETERS,0,False,251.99,STABLE,False,304.91
2024-01-18,P0007,S004,WH_4,SKU_15,92.81728,328.0,5.0,224.0,0.0,13.52,23.32,0.0,0.0,WH_4,1.16,58.22,61,7785,SYNTHETIC / ASSUMED PARAMETERS,0,False,235.18,STABLE,False,272.81
2024-01-18,P0019,S001,WH_1,SKU_26,98.27661,442.0,2.0,335.0,0.0,18.22,23.67,0.0,0.0,WH_1,2.52,50.97,34,5684,SYNTHETIC / ASSUMED PARAMETERS,0,False,343.72,STABLE,False,866.18
2024-01-18,P0012,S003,WH_3,SKU_2,85.95036,550.0,10.0,319.0,0.0,5.02,7.82,0.0,0.0,WH_3,0.45,23.6,74,9396,SYNTHETIC / ASSUMED PARAMETERS,0,False,464.05,STABLE,False,208.82
2024-01-18,P0009,S002,WH_2,SKU_17,132.31746,558.0,13.0,372.0,0.0,16.68,21.24,0.0,0.0,WH_2,1.17,53.18,81,8112,SYNTHETIC / ASSUMED PARAMETERS,0,False,425.68,STABLE,False,498.05
2024-01-18,P0012,S005,WH_5,SKU_2,117.802536,438.0,14.0,267.0,0.0,15.0,26.38,0.0,0.0,WH_5,1.72,57.23,63,7517,SYNTHETIC / ASSUMED PARAMETERS,0,False,320.2,STABLE,False,550.74
2024-01-18,P0011,S002,WH_2,SKU_19,135.08965,492.0,8.0,316.0,0.0,12.67,18.56,0.0,0.0,WH_2,1.58,55.58,37,4994,SYNTHETIC / ASSUMED PARAMETERS,0,False,356.91,STABLE,False,563.92
2024-01-18,P0015,S003,WH_3,SKU_22,134.29243,283.0,4.0,211.0,0.0,18.38,32.58,0.0,0.0,WH_3,1.34,101.74,33,5385,SYNTHETIC / ASSUMED PARAMETERS,0,False,148.71,STABLE,False,199.27
2024-01-18,P0004,S005,WH_5,SKU_12,127.06238,362.0,6.0,349.0,0.0,10.21,15.8,0.0,0.0,WH_5,0.76,39.17,96,5993,SYNTHETIC / ASSUMED PARAMETERS,0,False,234.94,STABLE,False,178.55
2024-01-18,P0008,S002,WH_2,SKU_16,124.99001,379.0,11.0,327.0,0.0,19.0,26.16,0.0,0.0,WH_2,2.13,82.7,65,6031,SYNTHETIC / ASSUMED PARAMETERS,0,False,254.01,STABLE,False,541.04
2024-01-18,P0020,S005,WH_5,SKU_27,149.2551,493.0,2.0,353.0,0.0,17.89,25.71,0.0,0.0,WH_5,1.71,74.7,103,6290,SYNTHETIC / ASSUMED PARAMETERS,0,False,343.74,STABLE,False,587.8
2024-01-18,P0015,S001,WH_1,SKU_22,78.50097,543.0,4.0,282.0,0.0,8.88,12.51,0.0,0.0,WH_1,0.94,51.81,47,10427,SYNTHETIC / ASSUMED PARAMETERS,0,False,464.5,STABLE,False,436.63
2024-01-18,P0016,S003,WH_3,SKU_23,195.81404,394.0,5.0,293.0,0.0,18.08,23.36,0.0,0.0,WH_3,2.55,64.6,72,10369,SYNTHETIC / ASSUMED PARAMETERS,0,False,198.19,STABLE,False,505.37
2024-01-18,P0014,S004,WH_4,SKU_21,85.052704,682.0,8.0,379.0,0.0,12.65,20.04,0.0,0.0,WH_4,0.78,76.01,44,11017,SYNTHETIC / ASSUMED PARAMETERS,0,False,596.95,STABLE,False,465.62
2024-01-18,P0013,S004,WH_4,SKU_20,94.60735,547.0,2.0,327.0,0.0,16.89,23.51,0.0,0.0,WH_4,1.33,49.52,45,10402,SYNTHETIC / ASSUMED PARAMETERS,0,False,452.39,STABLE,False,601.68
2024-01-18,P0013,S002,WH_2,SKU_20,114.45318,305.0,9.0,336.0,0.0,12.31,20.86,0.0,0.0,WH_2,1.41,50.99,90,10971,SYNTHETIC / ASSUMED PARAMETERS,31,True,221.55,STABLE,False,363.37
2024-01-18,P0008,S004,WH_4,SKU_16,55.351063,387.0,4.0,367.0,0.0,6.61,9.52,0.0,0.0,WH_4,0.87,40.21,59,5735,SYNTHETIC / ASSUMED PARAMETERS,0,False,331.65,STABLE,False,288.53
2024-01-18,P0003,S005,WH_5,SKU_11,75.71851,610.0,3.0,349.0,0.0,18.92,31.99,0.0,0.0,WH_5,1.99,103.38,46,6507,SYNTHETIC / ASSUMED PARAMETERS,0,False,534.28,STABLE,False,1063.22
2024-01-18,P0012,S002,WH_2,SKU_2,112.28803,546.0,8.0,377.0,0.0,16.77,22.06,0.0,0.0,WH_2,1.73,61.48,56,5161,SYNTHETIC / ASSUMED PARAMETERS,0,False,433.71,STABLE,False,750.32
2024-01-18,P0011,S004,WH_4,SKU_19,133.20811,647.0,4.0,352.0,0.0,5.41,7.4,1.0,0.0,WH_4,0.43,30.95,55,9647,SYNTHETIC / ASSUMED PARAMETERS,0,False,513.79,STABLE,False,220.93
2024-01-18,P0018,S005,WH_5,SKU_25,125.87216,666.0,7.0,311.0,0.0,8.45,14.29,0.0,0.0,WH_5,0.63,58.32,37,5926,SYNTHETIC / ASSUMED PARAMETERS,0,False,540.13,STABLE,False,340.28
2024-01-18,P0001,S001,WH_1,SKU_1,101.39083,666.0,14.0,379.0,0.0,13.95,20.48,0.0,0.0,WH_1,1.88,67.42,94,6673,SYNTHETIC / ASSUMED PARAMETERS,0,False,564.61,STABLE,False,1061.47
2024-01-18,P0005,S005,WH_5,SKU_13,120.30102,462.0,7.0,305.0,0.0,15.13,23.34,0.0,0.0,WH_5,0.88,49.29,48,10583,SYNTHETIC / ASSUMED PARAMETERS,0,False,341.7,STABLE,False,300.7
2024-01-18,P0014,S002,WH_2,SKU_21,187.84085,644.0,7.0,349.0,0.0,8.18,12.0,0.0,0.0,WH_2,1.13,36.82,79,8567,SYNTHETIC / ASSUMED PARAMETERS,0,False,456.16,STABLE,False,515.46
2024-01-18,P0011,S005,WH_5,SKU_19,96.38774,267.0,7.0,281.0,0.0,15.87,25.1,0.0,0.0,WH_5,2.0,76.39,84,8102,SYNTHETIC / ASSUMED PARAMETERS,14,True,184.61,STABLE,False,445.61
2024-01-18,P0013,S003,WH_3,SKU_20,118.45376,492.0,3.0,319.0,0.0,14.9,25.16,0.0,0.0,WH_3,1.3,53.63,94,9643,SYNTHETIC / ASSUMED PARAMETERS,0,False,373.55,STABLE,False,485.61
2024-01-18,P0015,S004,WH_4,SKU_22,72.89027,596.0,11.0,374.0,0.0,19.16,23.34,0.0,0.0,WH_4,2.12,46.36,63,10964,SYNTHETIC / ASSUMED PARAMETERS,0,False,523.11,STABLE,False,1108.99
2024-01-18,P0012,S004,WH_4,SKU_2,140.56276,457.0,6.0,290.0,0.0,7.06,10.96,0.0,0.0,WH_4,1.1,40.69,80,10160,SYNTHETIC / ASSUMED PARAMETERS,0,False,316.44,STABLE,False,348.08
2024-01-18,P0013,S001,WH_1,SKU_20,99.49863,459.0,9.0,295.0,0.0,9.55,16.05,0.0,0.0,WH_1,1.19,44.04,33,5191,SYNTHETIC / ASSUMED PARAMETERS,0,False,359.5,STABLE,False,427.81
2024-01-18,P0018,S001,WH_1,SKU_25,132.40193,651.0,5.0,314.0,0.0,14.23,20.28,0.0,0.0,WH_1,0.9,46.65,78,5160,SYNTHETIC / ASSUMED PARAMETERS,0,False,518.6,STABLE,False,466.74
2024-01-18,P0014,S001,WH_1,SKU_21,170.97372,358.0,11.0,245.0,0.0,19.68,23.66,0.0,0.0,WH_1,2.7,52.3,38,5664,SYNTHETIC / ASSUMED PARAMETERS,0,False,187.03,STABLE,False,504.97
2024-01-18,P0017,S005,WH_5,SKU_24,118.05187,434.0,7.0,313.0,0.0,7.27,12.17,0.0,0.0,WH_5,0.56,44.06,66,10704,SYNTHETIC / ASSUMED PARAMETERS,0,False,315.95,STABLE,False,176.93
2024-01-18,P0010,S002,WH_2,SKU_18,159.85275,503.0,10.0,270.0,0.0,17.51,24.82,0.0,0.0,WH_2,1.18,54.17,54,10850,SYNTHETIC / ASSUMED PARAMETERS,0,False,343.15,STABLE,False,404.91
2024-01-18,P0016,S001,WH_1,SKU_23,152.69096,263.0,8.0,239.0,0.0,9.05,14.03,0.0,0.0,WH_1,0.76,35.69,32,4845,SYNTHETIC / ASSUMED PARAMETERS,0,False,110.31,STABLE,False,83.83
2024-01-18,P0011,S003,WH_3,SKU_19,114.30978,457.0,4.0,295.0,0.0,14.17,23.01,0.0,0.0,WH_3,1.45,87.37,62,9399,SYNTHETIC / ASSUMED PARAMETERS,0,False,342.69,STABLE,False,496.9
2024-01-18,P0017,S001,WH_1,SKU_24,106.0023,527.0,2.0,288.0,0.0,6.14,10.22,0.0,0.0,WH_1,0.75,31.15,47,6037,SYNTHETIC / ASSUMED PARAMETERS,0,False,421.0,STABLE,False,315.75
2024-01-18,P0005,S003,WH_3,SKU_13,106.49654,456.0,14.0,382.0,0.0,6.01,8.52,0.0,0.0,WH_3,0.87,30.72,112,6380,SYNTHETIC / ASSUMED PARAMETERS,0,False,349.5,STABLE,False,304.07
2024-01-18,P0009,S004,WH_4,SKU_17,104.01317,431.0,5.0,341.0,0.0,8.62,10.66,0.0,0.0,WH_4,1.16,28.26,74,6506,SYNTHETIC / ASSUMED PARAMETERS,0,False,326.99,STABLE,False,379.3
2024-01-18,P0012,S001,WH_1,SKU_2,131.99352,586.0,13.0,228.0,0.0,19.76,35.1,0.0,0.0,WH_1,2.92,120.54,61,5736,SYNTHETIC / ASSUMED PARAMETERS,0,False,454.01,STABLE,False,1325.7
2024-01-18,P0016,S004,WH_4,SKU_23,92.758224,548.0,14.0,236.0,0.0,15.4,18.69,0.0,0.0,WH_4,1.44,47.04,57,10538,SYNTHETIC / ASSUMED PARAMETERS,0,False,455.24,STABLE,False,655.55
2024-01-18,P0010,S004,WH_4,SKU_18,116.76129,642.0,6.0,250.0,0.0,5.35,9.51,0.0,0.0,WH_4,0.78,43.27,45,6602,SYNTHETIC / ASSUMED PARAMETERS,0,False,525.24,STABLE,False,409.69
2024-01-18,P0004,S003,WH_3,SKU_12,157.1991,375.0,6.0,234.0,0.0,10.01,13.38,0.0,0.0,WH_3,1.57,45.39,57,10301,SYNTHETIC / ASSUMED PARAMETERS,0,False,217.8,STABLE,False,341.95
2024-01-18,P0015,S005,WH_5,SKU_22,108.275154,454.0,4.0,326.0,0.0,16.45,25.06,0.0,0.0,WH_5,2.1,76.56,84,10655,SYNTHETIC / ASSUMED PARAMETERS,0,False,345.72,STABLE,False,726.02
2024-01-18,P0011,S001,WH_1,SKU_19,85.49393,604.0,8.0,287.0,0.0,12.4,18.41,1.0,0.0,WH_1,1.18,43.0,33,9186,SYNTHETIC / ASSUMED PARAMETERS,0,False,518.51,STABLE,False,611.84
2024-01-18,P0004,S001,WH_1,SKU_12,165.61372,582.0,5.0,299.0,0.0,5.36,7.17,0.0,0.0,WH_1,0.74,24.31,60,7801,SYNTHETIC / ASSUMED PARAMETERS,0,False,416.39,STABLE,False,308.13
2024-01-18,P0017,S003,WH_3,SKU_24,78.607086,492.0,10.0,209.0,0.0,10.59,15.15,0.0,0.0,WH_3,1.43,56.19,52,9960,SYNTHETIC / ASSUMED PARAMETERS,0,False,413.39,STABLE,False,591.15
2024-01-18,P0009,S005,WH_5,SKU_17,147.72083,536.0,8.0,321.0,0.0,7.73,13.36,1.0,0.0,WH_5,0.58,50.99,60,7894,SYNTHETIC / ASSUMED PARAMETERS,0,False,388.28,STABLE,False,225.2
2024-01-18,P0014,S003,WH_3,SKU_21,162.96396,591.0,10.0,283.0,0.0,5.75,8.47,0.0,0.0,WH_3,0.72,24.19,84,8334,SYNTHETIC / ASSUMED PARAMETERS,0,False,428.04,STABLE,False,308.19
2024-01-18,P0001,S002,WH_2,SKU_1,131.1891,478.0,8.0,322.0,0.0,11.46,19.92,0.0,0.0,WH_2,0.9,70.92,62,9416,SYNTHETIC / ASSUMED PARAMETERS,0,False,346.81,STABLE,False,312.13
2024-01-18,P0006,S004,WH_4,SKU_14,89.742134,537.0,10.0,343.0,0.0,5.76,8.49,0.0,0.0,WH_4,0.78,37.66,58,8907,SYNTHETIC / ASSUMED PARAMETERS,0,False,447.26,STABLE,False,348.86
2024-01-18,P0002,S002,WH_2,SKU_10,97.48486,364.0,10.0,310.0,0.0,13.83,22.36,0.0,0.0,WH_2,0.8,49.56,40,6844,SYNTHETIC / ASSUMED PARAMETERS,0,False,266.52,STABLE,False,213.21
2024-01-18,P0008,S005,WH_5,SKU_16,127.92949,537.0,2.0,394.0,0.0,13.23,20.46,0.0,0.0,WH_5,1.66,59.45,101,8221,SYNTHETIC / ASSUMED PARAMETERS,0,False,409.07,STABLE,False,679.06
2024-01-18,P0020,S002,WH_2,SKU_27,97.95548,506.0,4.0,223.0,0.0,16.3,21.54,0.0,0.0,WH_2,1.63,83.19,46,6479,SYNTHETIC / ASSUMED PARAMETERS,0,False,408.04,STABLE,False,665.11
2024-01-18,P0017,S004,WH_4,SKU_24,87.561806,600.0,13.0,301.0,0.0,7.11,12.19,0.0,0.0,WH_4,1.05,31.77,79,5355,SYNTHETIC / ASSUMED PARAMETERS,0,False,512.44,STABLE,False,538.06
2024-01-18,P0018,S002,WH_2,SKU_25,97.33417,491.0,3.0,352.0,0.0,5.07,6.95,0.0,0.0,WH_2,0.51,29.96,39,8258,SYNTHETIC / ASSUMED PARAMETERS,0,False,393.67,STABLE,False,200.77
2024-01-18,P0019,S004,WH_4,SKU_26,127.63857,608.0,14.0,331.0,0.0,8.71,13.65,0.0,0.0,WH_4,0.81,35.89,53,6838,SYNTHETIC / ASSUMED PARAMETERS,0,False,480.36,STABLE,False,389.09
2024-01-18,P0007,S003,WH_3,SKU_15,98.796394,385.0,7.0,265.0,0.0,6.24,9.99,0.0,0.0,WH_3,0.69,40.25,72,9290,SYNTHETIC / ASSUMED PARAMETERS,0,False,286.2,STABLE,False,197.48
2024-01-18,P0008,S003,WH_3,SKU_16,101.37863,663.0,6.0,336.0,0.0,12.08,18.52,0.0,0.0,WH_3,1.03,67.38,41,10278,SYNTHETIC / ASSUMED PARAMETERS,0,False,561.62,STABLE,False,578.47
2024-01-18,P0019,S002,WH_2,SKU_26,131.11903,503.0,5.0,273.0,0.0,8.5,11.16,0.0,0.0,WH_2,0.55,33.37,47,8606,SYNTHETIC / ASSUMED PARAMETERS,0,False,371.88,STABLE,False,204.53
2024-01-18,P0003,S003,WH_3,SKU_11,91.517296,431.0,13.0,342.0,0.0,13.85,18.39,0.0,0.0,WH_3,1.16,58.36,96,10164,SYNTHETIC / ASSUMED PARAMETERS,0,False,339.48,STABLE,False,393.8
2024-01-18,P0007,S005,WH_5,SKU_15,140.00238,261.0,14.0,279.0,0.0,15.48,21.47,0.0,0.0,WH_5,1.08,84.29,72,9525,SYNTHETIC / ASSUMED PARAMETERS,18,True,139.0,STABLE,False,234.41
2024-01-18,P0008,S001,WH_1,SKU_16,91.952286,507.0,14.0,328.0,0.0,11.96,17.38,0.0,0.0,WH_1,1.64,39.73,88,10604,SYNTHETIC / ASSUMED PARAMETERS,0,False,415.05,STABLE,False,680.68
2024-01-18,P0016,S005,WH_5,SKU_23,141.32051,408.0,3.0,383.0,0.0,19.43,28.74,0.0,0.0,WH_5,2.51,93.33,52,7979,SYNTHETIC / ASSUMED PARAMETERS,0,False,266.68,STABLE,False,669.37
2024-01-18,P0019,S005,WH_5,SKU_26,152.48659,433.0,4.0,393.0,0.0,17.15,27.81,0.0,0.0,WH_5,2.55,59.97,91,8473,SYNTHETIC / ASSUMED PARAMETERS,0,False,280.51,STABLE,False,715.31
2024-01-18,P0006,S002,WH_2,SKU_14,86.34411,460.0,14.0,268.0,0.0,18.83,23.34,0.0,0.0,WH_2,2.51,66.61,39,5701,SYNTHETIC / ASSUMED PARAMETERS,0,False,373.66,STABLE,False,937.88
2024-01-18,P0018,S004,WH_4,SKU_25,63.326794,720.0,9.0,273.0,0.0,12.02,19.24,0.0,0.0,WH_4,1.67,68.75,82,5738,SYNTHETIC / ASSUMED PARAMETERS,0,False,656.67,STABLE,False,1096.64
2024-01-18,P0002,S005,WH_5,SKU_10,109.0743,593.0,9.0,246.0,0.0,9.67,15.35,0.0,0.0,WH_5,1.52,60.17,40,6308,SYNTHETIC / ASSUMED PARAMETERS,0,False,483.93,STABLE,False,735.57
2024-01-18,P0006,S005,WH_5,SKU_14,105.55431,633.0,6.0,259.0,0.0,11.19,14.98,0.0,0.0,WH_5,0.92,37.97,55,10175,SYNTHETIC / ASSUMED PARAMETERS,0,False,527.45,STABLE,False,485.25
2024-01-18,P0002,S003,WH_3,SKU_10,92.99509,420.0,5.0,218.0,0.0,13.68,17.87,1.0,0.0,WH_3,1.74,42.93,55,5968,SYNTHETIC / ASSUMED PARAMETERS,0,False,327.0,STABLE,False,568.99
2024-01-18,P0006,S003,WH_3,SKU_14,86.36147,271.0,3.0,283.0,0.0,5.88,9.37,1.0,0.0,WH_3,0.82,33.85,73,7722,SYNTHETIC / ASSUMED PARAMETERS,12,True,196.64,STABLE,False,195.09
2024-01-18,P0002,S004,WH_4,SKU_10,97.58139,425.0,14.0,328.0,0.0,19.02,24.9,0.0,0.0,WH_4,2.76,93.09,92,6565,SYNTHETIC / ASSUMED PARAMETERS,0,False,327.42,STABLE,False,903.68
2024-01-18,P0003,S002,WH_2,SKU_11,107.932076,597.0,4.0,230.0,0.0,17.93,29.29,0.0,0.0,WH_2,2.41,85.34,31,10194,SYNTHETIC / ASSUMED PARAMETERS,0,False,489.07,STABLE,False,1178.65
2024-01-18,P0005,S002,WH_2,SKU_13,89.16068,341.0,11.0,350.0,0.0,17.04,21.69,0.0,0.0,WH_2,2.15,79.74,38,5796,SYNTHETIC / ASSUMED PARAMETERS,9,True,260.84,STABLE,False,640.54
2024-01-18,P0005,S001,WH_1,SKU_13,136.87865,501.0,9.0,246.0,0.0,19.52,24.09,0.0,0.0,WH_1,1.26,57.54,50,8981,SYNTHETIC / ASSUMED PARAMETERS,0,False,364.12,STABLE,False,458.79
2024-01-18,P0019,S003,WH_3,SKU_26,167.04411,502.0,14.0,222.0,0.0,7.66,9.43,0.0,0.0,WH_3,0.81,30.44,28,5399,SYNTHETIC / ASSUMED PARAMETERS,0,False,334.96,STABLE,False,271.31
2024-01-18,P0007,S001,WH_1,SKU_15,99.07896,420.0,13.0,327.0,0.0,16.7,28.78,0.0,0.0,WH_1,2.21,100.17,53,6976,SYNTHETIC / ASSUMED PARAMETERS,0,False,320.92,STABLE,False,709.24
2024-01-18,P0009,S003,WH_3,SKU_17,74.88021,318.0,3.0,339.0,0.0,16.8,28.54,0.0,0.0,WH_3,1.1,80.9,84,7273,SYNTHETIC / ASSUMED PARAMETERS,21,True,264.12,STABLE,False,371.43
2024-01-18,P0016,S002,WH_2,SKU_23,166.8091,354.0,12.0,312.0,0.0,6.68,11.81,0.0,0.0,WH_2,0.8,35.45,73,10338,SYNTHETIC / ASSUMED PARAMETERS,0,False,187.19,STABLE,False,149.75
2024-01-18,P0010,S005,WH_5,SKU_18,115.5864,514.0,13.0,394.0,0.0,13.35,21.48,0.0,0.0,WH_5,1.44,69.56,77,8261,SYNTHETIC / ASSUMED PARAMETERS,0,False,398.41,STABLE,False,573.72
2024-01-18,P0004,S004,WH_4,SKU_12,143.23976,465.0,12.0,227.0,0.0,14.2,19.73,0.0,0.0,WH_4,1.6,43.96,33,7746,SYNTHETIC / ASSUMED PARAMETERS,0,False,321.76,STABLE,False,514.82
2024-01-18,P0013,S005,WH_5,SKU_20,141.00778,414.0,2.0,246.0,0.0,10.07,18.03,1.0,0.0,WH_5,0.8,71.16,65,5639,SYNTHETIC / ASSUMED PARAMETERS,0,False,272.99,STABLE,False,218.39
2024-01-18,P0020,S001,WH_1,SKU_27,108.8435,627.0,2.0,389.0,267.0,5.89,7.48,0.0,0.0,WH_1,0.77,21.54,103,8847,SYNTHETIC / ASSUMED PARAMETERS,0,False,518.16,STABLE,False,398.98
2024-01-18,P0002,S001,WH_1,SKU_10,135.32832,450.0,13.0,361.0,0.0,12.67,18.73,0.0,0.0,WH_1,1.29,70.59,100,6990,SYNTHETIC / ASSUMED PARAMETERS,0,False,314.67,STABLE,False,405.93
2024-01-18,P0001,S003,WH_3,SKU_1,74.02487,487.0,6.0,314.0,0.0,6.06,8.41,0.0,0.0,WH_3,0.95,32.98,61,6038,SYNTHETIC / ASSUMED PARAMETERS,0,False,412.98,STABLE,False,392.33
2024-01-18,P0005,S004,WH_4,SKU_13,101.74625,535.0,10.0,251.0,0.0,14.29,19.75,0.0,0.0,WH_4,0.97,79.01,68,10644,SYNTHETIC / ASSUMED PARAMETERS,0,False,433.25,STABLE,False,420.26
2024-01-18,P0017,S002,WH_2,SKU_24,91.4355,463.0,5.0,365.0,0.0,19.69,29.64,0.0,0.0,WH_2,2.19,76.95,92,10380,SYNTHETIC / ASSUMED PARAMETERS,0,False,371.56,STABLE,False,813.73
2024-01-18,P0001,S004,WH_4,SKU_1,90.940834,381.0,9.0,333.0,0.0,6.93,10.7,0.0,0.0,WH_4,1.02,32.51,60,7800,SYNTHETIC / ASSUMED PARAMETERS,0,False,290.06,STABLE,False,295.86
2024-01-18,P0020,S004,WH_4,SKU_27,83.06752,585.0,14.0,289.0,0.0,13.84,20.65,0.0,0.0,WH_4,2.11,78.58,52,8263,SYNTHETIC / ASSUMED PARAMETERS,0,False,501.93,STABLE,False,1059.08
2024-01-18,P0010,S001,WH_1,SKU_18,80.46355,393.0,2.0,346.0,0.0,8.62,10.49,0.0,0.0,WH_1,0.92,38.21,43,7798,SYNTHETIC / ASSUMED PARAMETERS,0,False,312.54,STABLE,False,287.53
2024-01-18,P0010,S003,WH_3,SKU_18,112.364876,476.0,9.0,213.0,0.0,15.53,20.4,0.0,0.0,WH_3,2.28,65.06,40,7890,SYNTHETIC / ASSUMED PARAMETERS,0,False,363.64,STABLE,False,829.09
2024-01-18,P0020,S003,WH_3,SKU_27,131.28818,340.0,3.0,296.0,0.0,9.18,15.91,0.0,0.0,WH_3,1.13,62.45,32,6179,SYNTHETIC / ASSUMED PARAMETERS,0,False,208.71,STABLE,False,235.84
2024-01-18,P0007,S002,WH_2,SKU_15,88.1644,572.0,8.0,386.0,0.0,11.37,14.92,0.0,0.0,WH_2,1.19,43.87,61,9277,SYNTHETIC / ASSUMED PARAMETERS,0,False,483.84,STABLE,False,575.76
2024-01-18,P0004,S002,WH_2,SKU_12,157.99602,576.0,6.0,370.0,264.0,19.03,23.02,0.0,0.0,WH_2,2.32,68.2,104,8597,SYNTHETIC / ASSUMED PARAMETERS,0,False,418.0,STABLE,False,969.77
2024-01-18,P0014,S005,WH_5,SKU_21,109.863205,383.0,8.0,309.0,0.0,13.11,23.25,0.0,0.0,WH_5,1.81,58.89,87,5672,SYNTHETIC / ASSUMED PARAMETERS,0,False,273.14,STABLE,False,494.38
2024-01-18,P0006,S001,WH_1,SKU_14,74.316734,470.0,11.0,265.0,0.0,8.21,11.1,1.0,0.0,WH_1,1.31,43.21,69,6246,SYNTHETIC / ASSUMED PARAMETERS,0,False,395.68,STABLE,False,518.35
2024-01-18,P0003,S004,WH_4,SKU_11,62.365486,616.0,2.0,382.0,0.0,6.2,7.82,0.0,0.0,WH_4,0.5,33.95,90,5402,SYNTHETIC / ASSUMED PARAMETERS,0,False,553.63,STABLE,False,276.82
2024-01-18,P0001,S005,WH_5,SKU_1,131.15852,498.0,4.0,366.0,0.0,19.41,23.81,0.0,0.0,WH_5,2.58,47.73,54,8279,SYNTHETIC / ASSUMED PARAMETERS,0,False,366.84,STABLE,False,946.45
2024-01-18,P0009,S001,WH_1,SKU_17,133.48766,557.0,10.0,268.0,0.0,14.9,26.61,0.0,0.0,WH_1,1.04,53.46,53,5188,SYNTHETIC / ASSUMED PARAMETERS,0,False,423.51,STABLE,False,440.45
2024-01-19,P0013,S002,WH_2,SKU_20,123.64275,656.0,9.0,336.0,368.0,12.31,20.86,0.0,0.0,WH_2,1.41,50.99,90,10971,SYNTHETIC / ASSUMED PARAMETERS,0,False,532.36,STABLE,False,750.62
2024-01-19,P0002,S002,WH_2,SKU_10,71.88651,337.0,10.0,310.0,0.0,13.83,22.36,0.0,0.0,WH_2,0.8,49.56,40,6844,SYNTHETIC / ASSUMED PARAMETERS,0,False,265.11,STABLE,False,212.09
2024-01-19,P0012,S005,WH_5,SKU_2,64.8558,411.0,14.0,267.0,0.0,15.0,26.38,0.0,0.0,WH_5,1.72,57.23,63,7517,SYNTHETIC / ASSUMED PARAMETERS,0,False,346.14,STABLE,False,595.37
2024-01-19,P0016,S005,WH_5,SKU_23,82.742004,386.0,3.0,383.0,0.0,19.43,28.74,0.0,0.0,WH_5,2.51,93.33,52,7979,SYNTHETIC / ASSUMED PARAMETERS,0,False,303.26,STABLE,False,761.18
2024-01-19,P0005,S002,WH_2,SKU_13,113.5899,794.0,11.0,350.0,478.0,17.04,21.69,0.0,0.0,WH_2,2.15,79.74,38,5796,SYNTHETIC / ASSUMED PARAMETERS,0,False,680.41,STABLE,False,1462.88
2024-01-19,P0008,S004,WH_4,SKU_16,70.23302,359.0,4.0,367.0,0.0,6.61,9.52,0.0,0.0,WH_4,0.87,40.21,59,5735,SYNTHETIC / ASSUMED PARAMETERS,8,True,296.77,STABLE,False,298.4
2024-01-19,P0007,S001,WH_1,SKU_15,83.23336,393.0,13.0,327.0,0.0,16.7,28.78,0.0,0.0,WH_1,2.21,100.17,53,6976,SYNTHETIC / ASSUMED PARAMETERS,0,False,309.77,STABLE,False,684.58
2024-01-19,P0013,S004,WH_4,SKU_20,71.10622,511.0,2.0,327.0,0.0,16.89,23.51,1.0,0.0,WH_4,1.33,49.52,45,10402,SYNTHETIC / ASSUMED PARAMETERS,0,False,439.89,STABLE,False,585.06
2024-01-19,P0019,S004,WH_4,SKU_26,88.747345,586.0,14.0,331.0,0.0,8.71,13.65,0.0,0.0,WH_4,0.81,35.89,53,6838,SYNTHETIC / ASSUMED PARAMETERS,0,False,497.25,STABLE,False,402.77
2024-01-19,P0016,S003,WH_3,SKU_23,95.66984,367.0,5.0,293.0,0.0,18.08,23.36,0.0,0.0,WH_3,2.55,64.6,72,10369,SYNTHETIC / ASSUMED PARAMETERS,0,False,271.33,STABLE,False,691.89
2024-01-19,P0001,S005,WH_5,SKU_1,106.40684,478.0,4.0,366.0,0.0,19.41,23.81,0.0,0.0,WH_5,2.58,47.73,54,8279,SYNTHETIC / ASSUMED PARAMETERS,0,False,371.59,STABLE,False,958.71
2024-01-19,P0002,S003,WH_3,SKU_10,109.94557,394.0,5.0,218.0,0.0,13.68,17.87,0.0,0.0,WH_3,1.74,42.93,55,5968,SYNTHETIC / ASSUMED PARAMETERS,0,False,284.05,STABLE,False,494.25
2024-01-19,P0014,S005,WH_5,SKU_21,79.7407,350.0,8.0,309.0,0.0,13.11,23.25,1.0,0.0,WH_5,1.81,58.89,87,5672,SYNTHETIC / ASSUMED PARAMETERS,0,False,270.26,STABLE,False,489.17
2024-01-19,P0020,S003,WH_3,SKU_27,107.79307,310.0,3.0,296.0,0.0,9.18,15.91,0.0,0.0,WH_3,1.13,62.45,32,6179,SYNTHETIC / ASSUMED PARAMETERS,0,False,202.21,STABLE,False,228.49
2024-01-19,P0003,S004,WH_4,SKU_11,87.59119,593.0,2.0,382.0,0.0,6.2,7.82,0.0,0.0,WH_4,0.5,33.95,90,5402,SYNTHETIC / ASSUMED PARAMETERS,0,False,505.41,STABLE,False,252.7
2024-01-19,P0015,S001,WH_1,SKU_22,76.05344,519.0,4.0,282.0,0.0,8.88,12.51,0.0,0.0,WH_1,0.94,51.81,47,10427,SYNTHETIC / ASSUMED PARAMETERS,0,False,442.95,STABLE,False,416.37
2024-01-19,P0006,S001,WH_1,SKU_14,59.699757,453.0,11.0,265.0,0.0,8.21,11.1,0.0,0.0,WH_1,1.31,43.21,69,6246,SYNTHETIC / ASSUMED PARAMETERS,0,False,393.3,STABLE,False,515.22
2024-01-19,P0010,S005,WH_5,SKU_18,88.24069,493.0,13.0,394.0,0.0,13.35,21.48,0.0,0.0,WH_5,1.44,69.56,77,8261,SYNTHETIC / ASSUMED PARAMETERS,0,False,404.76,STABLE,False,582.85
2024-01-19,P0012,S003,WH_3,SKU_2,75.11992,527.0,10.0,319.0,0.0,5.02,7.82,0.0,0.0,WH_3,0.45,23.6,74,9396,SYNTHETIC / ASSUMED PARAMETERS,0,False,451.88,STABLE,False,203.35
2024-01-19,P0019,S001,WH_1,SKU_26,56.805283,417.0,2.0,335.0,0.0,18.22,23.67,0.0,0.0,WH_1,2.52,50.97,34,5684,SYNTHETIC / ASSUMED PARAMETERS,0,False,360.19,STABLE,False,907.69
2024-01-19,P0008,S003,WH_3,SKU_16,123.41658,632.0,6.0,336.0,0.0,12.08,18.52,1.0,0.0,WH_3,1.03,67.38,41,10278,SYNTHETIC / ASSUMED PARAMETERS,0,False,508.58,STABLE,False,523.84
2024-01-19,P0012,S002,WH_2,SKU_2,74.38655,523.0,8.0,377.0,0.0,16.77,22.06,0.0,0.0,WH_2,1.73,61.48,56,5161,SYNTHETIC / ASSUMED PARAMETERS,0,False,448.61,STABLE,False,776.1
2024-01-19,P0005,S005,WH_5,SKU_13,132.92433,444.0,7.0,305.0,0.0,15.13,23.34,0.0,0.0,WH_5,0.88,49.29,48,10583,SYNTHETIC / ASSUMED PARAMETERS,0,False,311.08,STABLE,False,273.75
2024-01-19,P0011,S001,WH_1,SKU_19,73.40607,588.0,8.0,287.0,0.0,12.4,18.41,0.0,0.0,WH_1,1.18,43.0,33,9186,SYNTHETIC / ASSUMED PARAMETERS,0,False,514.59,STABLE,False,607.22
2024-01-19,P0004,S005,WH_5,SKU_12,62.64881,330.0,6.0,349.0,0.0,10.21,15.8,1.0,0.0,WH_5,0.76,39.17,96,5993,SYNTHETIC / ASSUMED PARAMETERS,19,True,286.35,STABLE,False,256.8
2024-01-19,P0008,S002,WH_2,SKU_16,101.11574,360.0,11.0,327.0,0.0,19.0,26.16,0.0,0.0,WH_2,2.13,82.7,65,6031,SYNTHETIC / ASSUMED PARAMETERS,0,False,258.88,STABLE,False,551.42
2024-01-19,P0020,S001,WH_1,SKU_27,60.343597,601.0,2.0,389.0,0.0,5.89,7.48,0.0,0.0,WH_1,0.77,21.54,103,8847,SYNTHETIC / ASSUMED PARAMETERS,0,False,540.66,STABLE,False,416.31
2024-01-19,P0007,S002,WH_2,SKU_15,75.812355,548.0,8.0,386.0,0.0,11.37,14.92,0.0,0.0,WH_2,1.19,43.87,61,9277,SYNTHETIC / ASSUMED PARAMETERS,0,False,472.19,STABLE,False,561.9
2024-01-19,P0008,S005,WH_5,SKU_16,117.36635,513.0,2.0,394.0,0.0,13.23,20.46,0.0,0.0,WH_5,1.66,59.45,101,8221,SYNTHETIC / ASSUMED PARAMETERS,0,False,395.63,STABLE,False,656.75
2024-01-19,P0017,S004,WH_4,SKU_24,104.197945,570.0,13.0,301.0,0.0,7.11,12.19,0.0,0.0,WH_4,1.05,31.77,79,5355,SYNTHETIC / ASSUMED PARAMETERS,0,False,465.8,STABLE,False,489.09
2024-01-19,P0002,S005,WH_5,SKU_10,70.0099,570.0,9.0,246.0,0.0,9.67,15.35,0.0,0.0,WH_5,1.52,60.17,40,6308,SYNTHETIC / ASSUMED PARAMETERS,0,False,499.99,STABLE,False,759.98
2024-01-19,P0016,S004,WH_4,SKU_23,53.192886,533.0,14.0,236.0,0.0,15.4,18.69,0.0,0.0,WH_4,1.44,47.04,57,10538,SYNTHETIC / ASSUMED PARAMETERS,0,False,479.81,STABLE,False,690.92
2024-01-19,P0015,S002,WH_2,SKU_22,107.82886,355.0,7.0,261.0,0.0,9.82,14.68,0.0,0.0,WH_2,1.21,42.78,60,5653,SYNTHETIC / ASSUMED PARAMETERS,0,False,247.17,STABLE,False,299.08
2024-01-19,P0016,S001,WH_1,SKU_23,108.025696,236.0,8.0,239.0,0.0,9.05,14.03,0.0,0.0,WH_1,0.76,35.69,32,4845,SYNTHETIC / ASSUMED PARAMETERS,3,True,130.97,STABLE,False,135.23
2024-01-19,P0006,S004,WH_4,SKU_14,90.78655,523.0,10.0,343.0,0.0,5.76,8.49,0.0,0.0,WH_4,0.78,37.66,58,8907,SYNTHETIC / ASSUMED PARAMETERS,0,False,432.21,STABLE,False,337.13
2024-01-19,P0015,S003,WH_3,SKU_22,122.84741,259.0,4.0,211.0,0.0,18.38,32.58,0.0,0.0,WH_3,1.34,101.74,33,5385,SYNTHETIC / ASSUMED PARAMETERS,0,False,136.15,STABLE,False,182.44
2024-01-19,P0002,S004,WH_4,SKU_10,70.986275,407.0,14.0,328.0,0.0,19.02,24.9,0.0,0.0,WH_4,2.76,93.09,92,6565,SYNTHETIC / ASSUMED PARAMETERS,0,False,336.01,STABLE,False,927.4
2024-01-19,P0005,S001,WH_1,SKU_13,112.98796,481.0,9.0,246.0,0.0,19.52,24.09,0.0,0.0,WH_1,1.26,57.54,50,8981,SYNTHETIC / ASSUMED PARAMETERS,0,False,368.01,STABLE,False,463.7
2024-01-19,P0005,S004,WH_4,SKU_13,124.76721,512.0,10.0,251.0,0.0,14.29,19.75,0.0,0.0,WH_4,0.97,79.01,68,10644,SYNTHETIC / ASSUMED PARAMETERS,0,False,387.23,STABLE,False,375.62
2024-01-19,P0003,S005,WH_5,SKU_11,88.581406,590.0,3.0,349.0,0.0,18.92,31.99,0.0,0.0,WH_5,1.99,103.38,46,6507,SYNTHETIC / ASSUMED PARAMETERS,0,False,501.42,STABLE,False,997.82
2024-01-19,P0015,S004,WH_4,SKU_22,40.219368,581.0,11.0,374.0,0.0,19.16,23.34,1.0,0.0,WH_4,2.12,46.36,63,10964,SYNTHETIC / ASSUMED PARAMETERS,0,False,540.78,STABLE,False,1146.45
2024-01-19,P0020,S005,WH_5,SKU_27,87.23084,473.0,2.0,353.0,0.0,17.89,25.71,0.0,0.0,WH_5,1.71,74.7,103,6290,SYNTHETIC / ASSUMED PARAMETERS,0,False,385.77,STABLE,False,659.67
2024-01-19,P0011,S005,WH_5,SKU_19,97.98222,462.0,7.0,281.0,223.0,15.87,25.1,0.0,0.0,WH_5,2.0,76.39,84,8102,SYNTHETIC / ASSUMED PARAMETERS,0,False,364.02,STABLE,False,728.04
2024-01-19,P0016,S002,WH_2,SKU_23,83.97084,334.0,12.0,312.0,0.0,6.68,11.81,0.0,0.0,WH_2,0.8,35.45,73,10338,SYNTHETIC / ASSUMED PARAMETERS,0,False,250.03,STABLE,False,200.02
2024-01-19,P0011,S002,WH_2,SKU_19,94.14713,473.0,8.0,316.0,0.0,12.67,18.56,0.0,0.0,WH_2,1.58,55.58,37,4994,SYNTHETIC / ASSUMED PARAMETERS,0,False,378.85,STABLE,False,598.59
2024-01-19,P0010,S001,WH_1,SKU_18,49.839252,372.0,2.0,346.0,0.0,8.62,10.49,0.0,0.0,WH_1,0.92,38.21,43,7798,SYNTHETIC / ASSUMED PARAMETERS,0,False,322.16,STABLE,False,296.39
2024-01-19,P0011,S003,WH_3,SKU_19,136.0045,425.0,4.0,295.0,0.0,14.17,23.01,1.0,0.0,WH_3,1.45,87.37,62,9399,SYNTHETIC / ASSUMED PARAMETERS,0,False,289.0,STABLE,False,419.04
2024-01-19,P0013,S005,WH_5,SKU_20,107.15555,399.0,2.0,246.0,0.0,10.07,18.03,0.0,0.0,WH_5,0.8,71.16,65,5639,SYNTHETIC / ASSUMED PARAMETERS,0,False,291.84,STABLE,False,233.48
2024-01-19,P0010,S003,WH_3,SKU_18,121.312164,453.0,9.0,213.0,0.0,15.53,20.4,0.0,0.0,WH_3,2.28,65.06,40,7890,SYNTHETIC / ASSUMED PARAMETERS,0,False,331.69,STABLE,False,756.25
2024-01-19,P0001,S004,WH_4,SKU_1,107.183624,352.0,9.0,333.0,0.0,6.93,10.7,0.0,0.0,WH_4,1.02,32.51,60,7800,SYNTHETIC / ASSUMED PARAMETERS,0,False,244.82,STABLE,False,249.71
2024-01-19,P0001,S001,WH_1,SKU_1,107.55791,638.0,14.0,379.0,0.0,13.95,20.48,1.0,0.0,WH_1,1.88,67.42,94,6673,SYNTHETIC / ASSUMED PARAMETERS,0,False,530.44,STABLE,False,997.23
2024-01-19,P0014,S003,WH_3,SKU_21,172.57607,570.0,10.0,283.0,0.0,5.75,8.47,0.0,0.0,WH_3,0.72,24.19,84,8334,SYNTHETIC / ASSUMED PARAMETERS,0,False,397.42,STABLE,False,286.15
2024-01-19,P0017,S002,WH_2,SKU_24,71.83814,447.0,5.0,365.0,0.0,19.69,29.64,0.0,0.0,WH_2,2.19,76.95,92,10380,SYNTHETIC / ASSUMED PARAMETERS,0,False,375.16,STABLE,False,821.6
2024-01-19,P0003,S001,WH_1,SKU_11,112.37392,555.0,4.0,286.0,0.0,19.54,34.79,1.0,0.0,WH_1,2.75,93.77,81,6423,SYNTHETIC / ASSUMED PARAMETERS,0,False,442.63,STABLE,False,1217.22
2024-01-19,P0001,S003,WH_3,SKU_1,141.32964,460.0,6.0,314.0,0.0,6.06,8.41,0.0,0.0,WH_3,0.95,32.98,61,6038,SYNTHETIC / ASSUMED PARAMETERS,0,False,318.67,STABLE,False,302.74
2024-01-19,P0018,S002,WH_2,SKU_25,110.931984,465.0,3.0,352.0,0.0,5.07,6.95,0.0,0.0,WH_2,0.51,29.96,39,8258,SYNTHETIC / ASSUMED PARAMETERS,0,False,354.07,STABLE,False,180.57
2024-01-19,P0020,S002,WH_2,SKU_27,56.18701,487.0,4.0,223.0,0.0,16.3,21.54,0.0,0.0,WH_2,1.63,83.19,46,6479,SYNTHETIC / ASSUMED PARAMETERS,0,False,430.81,STABLE,False,702.23
2024-01-19,P0019,S003,WH_3,SKU_26,146.47379,479.0,14.0,222.0,0.0,7.66,9.43,0.0,0.0,WH_3,0.81,30.44,28,5399,SYNTHETIC / ASSUMED PARAMETERS,0,False,332.53,STABLE,False,269.35
2024-01-19,P0003,S003,WH_3,SKU_11,121.07643,417.0,13.0,342.0,0.0,13.85,18.39,0.0,0.0,WH_3,1.16,58.36,96,10164,SYNTHETIC / ASSUMED PARAMETERS,0,False,295.92,STABLE,False,343.27
2024-01-19,P0006,S002,WH_2,SKU_14,84.81413,443.0,14.0,268.0,0.0,18.83,23.34,0.0,0.0,WH_2,2.51,66.61,39,5701,SYNTHETIC / ASSUMED PARAMETERS,0,False,358.19,STABLE,False,899.05
2024-01-19,P0004,S002,WH_2,SKU_12,98.25974,550.0,6.0,370.0,0.0,19.03,23.02,0.0,0.0,WH_2,2.32,68.2,104,8597,SYNTHETIC / ASSUMED PARAMETERS,0,False,451.74,STABLE,False,1048.04
2024-01-19,P0008,S001,WH_1,SKU_16,90.182,486.0,14.0,328.0,0.0,11.96,17.38,0.0,0.0,WH_1,1.64,39.73,88,10604,SYNTHETIC / ASSUMED PARAMETERS,0,False,395.82,STABLE,False,649.14
2024-01-19,P0001,S002,WH_2,SKU_1,196.32144,452.0,8.0,322.0,0.0,11.46,19.92,0.0,0.0,WH_2,0.9,70.92,62,9416,SYNTHETIC / ASSUMED PARAMETERS,0,False,255.68,STABLE,False,230.11
2024-01-19,P0010,S004,WH_4,SKU_18,110.29272,611.0,6.0,250.0,0.0,5.35,9.51,0.0,0.0,WH_4,0.78,43.27,45,6602,SYNTHETIC / ASSUMED PARAMETERS,0,False,500.71,STABLE,False,390.55
2024-01-19,P0009,S005,WH_5,SKU_17,97.47,507.0,8.0,321.0,0.0,7.73,13.36,0.0,0.0,WH_5,0.58,50.99,60,7894,SYNTHETIC / ASSUMED PARAMETERS,0,False,409.53,STABLE,False,237.53
2024-01-19,P0011,S004,WH_4,SKU_19,97.20721,622.0,4.0,352.0,0.0,5.41,7.4,0.0,0.0,WH_4,0.43,30.95,55,9647,SYNTHETIC / ASSUMED PARAMETERS,0,False,524.79,STABLE,False,225.66
2024-01-19,P0009,S003,WH_3,SKU_17,120.80227,633.0,3.0,339.0,345.0,16.8,28.54,0.0,0.0,WH_3,1.1,80.9,84,7273,SYNTHETIC / ASSUMED PARAMETERS,0,False,512.2,STABLE,False,563.42
2024-01-19,P0014,S002,WH_2,SKU_21,106.81866,625.0,7.0,349.0,0.0,8.18,12.0,0.0,0.0,WH_2,1.13,36.82,79,8567,SYNTHETIC / ASSUMED PARAMETERS,0,False,518.18,STABLE,False,585.54
2024-01-19,P0012,S001,WH_1,SKU_2,102.896706,564.0,13.0,228.0,0.0,19.76,35.1,0.0,0.0,WH_1,2.92,120.54,61,5736,SYNTHETIC / ASSUMED PARAMETERS,0,False,461.1,STABLE,False,1346.42
2024-01-19,P0004,S001,WH_1,SKU_12,93.81099,567.0,5.0,299.0,0.0,5.36,7.17,0.0,0.0,WH_1,0.74,24.31,60,7801,SYNTHETIC / ASSUMED PARAMETERS,0,False,473.19,STABLE,False,350.16
2024-01-19,P0018,S003,WH_3,SKU_25,100.60814,437.0,7.0,232.0,0.0,6.51,8.04,0.0,0.0,WH_3,0.89,32.85,39,9598,SYNTHETIC / ASSUMED PARAMETERS,0,False,336.39,STABLE,False,299.39
2024-01-19,P0018,S004,WH_4,SKU_25,69.14296,696.0,9.0,273.0,0.0,12.02,19.24,0.0,0.0,WH_4,1.67,68.75,82,5738,SYNTHETIC / ASSUMED PARAMETERS,0,False,626.86,STABLE,False,1046.85
2024-01-19,P0014,S004,WH_4,SKU_21,84.51409,660.0,8.0,379.0,0.0,12.65,20.04,0.0,0.0,WH_4,0.78,76.01,44,11017,SYNTHETIC / ASSUMED PARAMETERS,0,False,575.49,STABLE,False,448.88
2024-01-19,P0017,S005,WH_5,SKU_24,98.03866,403.0,7.0,313.0,0.0,7.27,12.17,0.0,0.0,WH_5,0.56,44.06,66,10704,SYNTHETIC / ASSUMED PARAMETERS,0,False,304.96,STABLE,False,170.78
2024-01-19,P0017,S001,WH_1,SKU_24,80.68645,503.0,2.0,288.0,0.0,6.14,10.22,0.0,0.0,WH_1,0.75,31.15,47,6037,SYNTHETIC / ASSUMED PARAMETERS,0,False,422.31,STABLE,False,316.74
2024-01-19,P0013,S001,WH_1,SKU_20,93.9436,437.0,9.0,295.0,0.0,9.55,16.05,0.0,0.0,WH_1,1.19,44.04,33,5191,SYNTHETIC / ASSUMED PARAMETERS,0,False,343.06,STABLE,False,408.24
2024-01-19,P0002,S001,WH_1,SKU_10,81.6273,430.0,13.0,361.0,0.0,12.67,18.73,0.0,0.0,WH_1,1.29,70.59,100,6990,SYNTHETIC / ASSUMED PARAMETERS,0,False,348.37,STABLE,False,449.4
2024-01-19,P0007,S004,WH_4,SKU_15,116.59839,301.0,5.0,224.0,0.0,13.52,23.32,1.0,0.0,WH_4,1.16,58.22,61,7785,SYNTHETIC / ASSUMED PARAMETERS,0,False,184.4,STABLE,False,213.91
2024-01-19,P0015,S005,WH_5,SKU_22,98.580605,430.0,4.0,326.0,0.0,16.45,25.06,0.0,0.0,WH_5,2.1,76.56,84,10655,SYNTHETIC / ASSUMED PARAMETERS,0,False,331.42,STABLE,False,695.98
2024-01-19,P0007,S005,WH_5,SKU_15,90.018776,728.0,14.0,279.0,491.0,15.48,21.47,0.0,0.0,WH_5,1.08,84.29,72,9525,SYNTHETIC / ASSUMED PARAMETERS,0,False,637.98,STABLE,False,689.02
2024-01-19,P0006,S005,WH_5,SKU_14,86.55094,601.0,6.0,259.0,0.0,11.19,14.98,0.0,0.0,WH_5,0.92,37.97,55,10175,SYNTHETIC / ASSUMED PARAMETERS,0,False,514.45,STABLE,False,473.29
2024-01-19,P0009,S004,WH_4,SKU_17,74.90617,416.0,5.0,341.0,0.0,8.62,10.66,0.0,0.0,WH_4,1.16,28.26,74,6506,SYNTHETIC / ASSUMED PARAMETERS,0,False,341.09,STABLE,False,395.67
2024-01-19,P0019,S005,WH_5,SKU_26,84.24755,409.0,4.0,393.0,0.0,17.15,27.81,0.0,0.0,WH_5,2.55,59.97,91,8473,SYNTHETIC / ASSUMED PARAMETERS,0,False,324.75,STABLE,False,828.12
2024-01-19,P0019,S002,WH_2,SKU_26,88.53147,482.0,5.0,273.0,0.0,8.5,11.16,0.0,0.0,WH_2,0.55,33.37,47,8606,SYNTHETIC / ASSUMED PARAMETERS,0,False,393.47,STABLE,False,216.41
2024-01-19,P0010,S002,WH_2,SKU_18,96.423836,482.0,10.0,270.0,0.0,17.51,24.82,0.0,0.0,WH_2,1.18,54.17,54,10850,SYNTHETIC / ASSUMED PARAMETERS,0,False,385.58,STABLE,False,454.98
2024-01-19,P0020,S004,WH_4,SKU_27,60.88211,556.0,14.0,289.0,0.0,13.84,20.65,0.0,0.0,WH_4,2.11,78.58,52,8263,SYNTHETIC / ASSUMED PARAMETERS,0,False,495.12,STABLE,False,1044.7
2024-01-19,P0014,S001,WH_1,SKU_21,111.68132,341.0,11.0,245.0,0.0,19.68,23.66,0.0,0.0,WH_1,2.7,52.3,38,5664,SYNTHETIC / ASSUMED PARAMETERS,0,False,229.32,STABLE,False,619.16
2024-01-19,P0003,S002,WH_2,SKU_11,108.7015,576.0,4.0,230.0,0.0,17.93,29.29,0.0,0.0,WH_2,2.41,85.34,31,10194,SYNTHETIC / ASSUMED PARAMETERS,0,False,467.3,STABLE,False,1126.19
2024-01-19,P0005,S003,WH_3,SKU_13,143.41733,434.0,14.0,382.0,0.0,6.01,8.52,0.0,0.0,WH_3,0.87,30.72,112,6380,SYNTHETIC / ASSUMED PARAMETERS,0,False,290.58,STABLE,False,252.81
2024-01-19,P0013,S003,WH_3,SKU_20,128.1385,473.0,3.0,319.0,0.0,14.9,25.16,0.0,0.0,WH_3,1.3,53.63,94,9643,SYNTHETIC / ASSUMED PARAMETERS,0,False,344.86,STABLE,False,448.32
2024-01-19,P0012,S004,WH_4,SKU_2,81.58944,427.0,6.0,290.0,0.0,7.06,10.96,0.0,0.0,WH_4,1.1,40.69,80,10160,SYNTHETIC / ASSUMED PARAMETERS,0,False,345.41,STABLE,False,379.95
2024-01-19,P0004,S004,WH_4,SKU_12,98.30855,441.0,12.0,227.0,0.0,14.2,19.73,0.0,0.0,WH_4,1.6,43.96,33,7746,SYNTHETIC / ASSUMED PARAMETERS,0,False,342.69,STABLE,False,548.31
2024-01-19,P0009,S001,WH_1,SKU_17,107.49118,535.0,10.0,268.0,0.0,14.9,26.61,1.0,0.0,WH_1,1.04,53.46,53,5188,SYNTHETIC / ASSUMED PARAMETERS,0,False,427.51,STABLE,False,444.61
2024-01-19,P0006,S003,WH_3,SKU_14,87.69874,590.0,3.0,283.0,346.0,5.88,9.37,0.0,0.0,WH_3,0.82,33.85,73,7722,SYNTHETIC / ASSUMED PARAMETERS,0,False,502.3,STABLE,False,411.89
2024-01-19,P0017,S003,WH_3,SKU_24,76.23404,469.0,10.0,209.0,0.0,10.59,15.15,0.0,0.0,WH_3,1.43,56.19,52,9960,SYNTHETIC / ASSUMED PARAMETERS,0,False,392.77,STABLE,False,561.66
2024-01-19,P0004,S003,WH_3,SKU_12,112.23143,364.0,6.0,234.0,0.0,10.01,13.38,0.0,0.0,WH_3,1.57,45.39,57,10301,SYNTHETIC / ASSUMED PARAMETERS,0,False,251.77,STABLE,False,395.28
2024-01-19,P0007,S003,WH_3,SKU_15,100.10616,361.0,7.0,265.0,0.0,6.24,9.99,0.0,0.0,WH_3,0.69,40.25,72,9290,SYNTHETIC / ASSUMED PARAMETERS,0,False,260.89,STABLE,False,180.02
2024-01-19,P0018,S005,WH_5,SKU_25,127.34337,644.0,7.0,311.0,0.0,8.45,14.29,0.0,0.0,WH_5,0.63,58.32,37,5926,SYNTHETIC / ASSUMED PARAMETERS,0,False,516.66,STABLE,False,325.49
2024-01-19,P0009,S002,WH_2,SKU_17,89.1905,527.0,13.0,372.0,0.0,16.68,21.24,1.0,0.0,WH_2,1.17,53.18,81,8112,SYNTHETIC / ASSUMED PARAMETERS,0,False,437.81,STABLE,False,512.24
2024-01-19,P0018,S001,WH_1,SKU_25,125.23825,629.0,5.0,314.0,0.0,14.23,20.28,0.0,0.0,WH_1,0.9,46.65,78,5160,SYNTHETIC / ASSUMED PARAMETERS,0,False,503.76,STABLE,False,453.39
2024-01-20,P0014,S001,WH_1,SKU_21,175.8853,316.0,11.0,245.0,0.0,19.68,23.66,0.0,0.0,WH_1,2.7,52.3,38,5664,SYNTHETIC / ASSUMED PARAMETERS,0,False,140.11,STABLE,False,378.31
2024-01-20,P0017,S002,WH_2,SKU_24,133.38158,418.0,5.0,365.0,0.0,19.69,29.64,0.0,0.0,WH_2,2.19,76.95,92,10380,SYNTHETIC / ASSUMED PARAMETERS,0,False,284.62,STABLE,False,623.31
2024-01-20,P0004,S002,WH_2,SKU_12,161.01746,515.0,6.0,370.0,0.0,19.03,23.02,1.0,0.0,WH_2,2.32,68.2,104,8597,SYNTHETIC / ASSUMED PARAMETERS,0,False,353.98,STABLE,False,821.24
2024-01-20,P0009,S001,WH_1,SKU_17,182.00055,505.0,10.0,268.0,0.0,14.9,26.61,0.0,0.0,WH_1,1.04,53.46,53,5188,SYNTHETIC / ASSUMED PARAMETERS,0,False,323.0,STABLE,False,335.92
2024-01-20,P0014,S004,WH_4,SKU_21,115.29552,644.0,8.0,379.0,0.0,12.65,20.04,0.0,0.0,WH_4,0.78,76.01,44,11017,SYNTHETIC / ASSUMED PARAMETERS,0,False,528.7,STABLE,False,412.39
2024-01-20,P0014,S002,WH_2,SKU_21,164.36208,601.0,7.0,349.0,0.0,8.18,12.0,0.0,0.0,WH_2,1.13,36.82,79,8567,SYNTHETIC / ASSUMED PARAMETERS,0,False,436.64,STABLE,False,493.4
2024-01-20,P0019,S002,WH_2,SKU_26,126.78936,455.0,5.0,273.0,0.0,8.5,11.16,0.0,0.0,WH_2,0.55,33.37,47,8606,SYNTHETIC / ASSUMED PARAMETERS,0,False,328.21,STABLE,False,180.52
2024-01-20,P0003,S002,WH_2,SKU_11,85.73639,556.0,4.0,230.0,0.0,17.93,29.29,0.0,0.0,WH_2,2.41,85.34,31,10194,SYNTHETIC / ASSUMED PARAMETERS,0,False,470.26,STABLE,False,1133.34
2024-01-20,P0020,S004,WH_4,SKU_27,85.989784,532.0,14.0,289.0,0.0,13.84,20.65,0.0,0.0,WH_4,2.11,78.58,52,8263,SYNTHETIC / ASSUMED PARAMETERS,0,False,446.01,STABLE,False,941.08
2024-01-20,P0005,S001,WH_1,SKU_13,166.43684,461.0,9.0,246.0,0.0,19.52,24.09,0.0,0.0,WH_1,1.26,57.54,50,8981,SYNTHETIC / ASSUMED PARAMETERS,0,False,294.56,STABLE,False,371.15
2024-01-20,P0009,S005,WH_5,SKU_17,226.77962,495.0,8.0,321.0,0.0,7.73,13.36,0.0,0.0,WH_5,0.58,50.99,60,7894,SYNTHETIC / ASSUMED PARAMETERS,0,False,268.22,STABLE,False,155.57
2024-01-20,P0018,S001,WH_1,SKU_25,145.07913,602.0,5.0,314.0,0.0,14.23,20.28,0.0,0.0,WH_1,0.9,46.65,78,5160,SYNTHETIC / ASSUMED PARAMETERS,0,False,456.92,STABLE,False,411.23
2024-01-20,P0001,S003,WH_3,SKU_1,65.71121,426.0,6.0,314.0,0.0,6.06,8.41,0.0,0.0,WH_3,0.95,32.98,61,6038,SYNTHETIC / ASSUMED PARAMETERS,0,False,360.29,STABLE,False,342.27
2024-01-20,P0005,S004,WH_4,SKU_13,170.23618,480.0,10.0,251.0,0.0,14.29,19.75,1.0,0.0,WH_4,0.97,79.01,68,10644,SYNTHETIC / ASSUMED PARAMETERS,0,False,309.76,STABLE,False,300.47
2024-01-20,P0011,S004,WH_4,SKU_19,125.726906,600.0,4.0,352.0,0.0,5.41,7.4,0.0,0.0,WH_4,0.43,30.95,55,9647,SYNTHETIC / ASSUMED PARAMETERS,0,False,474.27,STABLE,False,203.94
2024-01-20,P0020,S005,WH_5,SKU_27,106.662704,444.0,2.0,353.0,0.0,17.89,25.71,0.0,0.0,WH_5,1.71,74.7,103,6290,SYNTHETIC / ASSUMED PARAMETERS,0,False,337.34,STABLE,False,576.85
2024-01-20,P0011,S005,WH_5,SKU_19,151.36964,445.0,7.0,281.0,0.0,15.87,25.1,0.0,0.0,WH_5,2.0,76.39,84,8102,SYNTHETIC / ASSUMED PARAMETERS,0,False,293.63,STABLE,False,587.26
2024-01-20,P0006,S005,WH_5,SKU_14,94.78961,559.0,6.0,259.0,0.0,11.19,14.98,1.0,0.0,WH_5,0.92,37.97,55,10175,SYNTHETIC / ASSUMED PARAMETERS,0,False,464.21,STABLE,False,427.07
2024-01-20,P0015,S001,WH_1,SKU_22,141.54382,498.0,4.0,282.0,0.0,8.88,12.51,0.0,0.0,WH_1,0.94,51.81,47,10427,SYNTHETIC / ASSUMED PARAMETERS,0,False,356.46,STABLE,False,335.07
2024-01-20,P0016,S001,WH_1,SKU_23,140.77103,544.0,8.0,239.0,323.0,9.05,14.03,0.0,0.0,WH_1,0.76,35.69,32,4845,SYNTHETIC / ASSUMED PARAMETERS,0,False,403.23,STABLE,False,306.45
2024-01-20,P0019,S005,WH_5,SKU_26,86.65233,388.0,4.0,393.0,0.0,17.15,27.81,0.0,0.0,WH_5,2.55,59.97,91,8473,SYNTHETIC / ASSUMED PARAMETERS,5,True,306.35,STABLE,False,841.16
2024-01-20,P0006,S004,WH_4,SKU_14,102.76598,500.0,10.0,343.0,0.0,5.76,8.49,0.0,0.0,WH_4,0.78,37.66,58,8907,SYNTHETIC / ASSUMED PARAMETERS,0,False,397.23,STABLE,False,309.84
2024-01-20,P0011,S003,WH_3,SKU_19,164.2921,398.0,4.0,295.0,0.0,14.17,23.01,0.0,0.0,WH_3,1.45,87.37,62,9399,SYNTHETIC / ASSUMED PARAMETERS,0,False,233.71,STABLE,False,338.88
2024-01-20,P0007,S005,WH_5,SKU_15,143.05403,696.0,14.0,279.0,0.0,15.48,21.47,0.0,0.0,WH_5,1.08,84.29,72,9525,SYNTHETIC / ASSUMED PARAMETERS,0,False,552.95,STABLE,False,597.18
2024-01-20,P0013,S005,WH_5,SKU_20,192.59361,367.0,2.0,246.0,0.0,10.07,18.03,1.0,0.0,WH_5,0.8,71.16,65,5639,SYNTHETIC / ASSUMED PARAMETERS,0,False,174.41,STABLE,False,139.53
2024-01-20,P0008,S001,WH_1,SKU_16,91.119156,447.0,14.0,328.0,0.0,11.96,17.38,1.0,0.0,WH_1,1.64,39.73,88,10604,SYNTHETIC / ASSUMED PARAMETERS,0,False,355.88,STABLE,False,583.64
2024-01-20,P0010,S002,WH_2,SKU_18,115.560646,455.0,10.0,270.0,0.0,17.51,24.82,1.0,0.0,WH_2,1.18,54.17,54,10850,SYNTHETIC / ASSUMED PARAMETERS,0,False,339.44,STABLE,False,400.54
2024-01-20,P0015,S004,WH_4,SKU_22,82.60629,553.0,11.0,374.0,0.0,19.16,23.34,0.0,0.0,WH_4,2.12,46.36,63,10964,SYNTHETIC / ASSUMED PARAMETERS,0,False,470.39,STABLE,False,997.23
2024-01-20,P0013,S003,WH_3,SKU_20,165.50972,448.0,3.0,319.0,0.0,14.9,25.16,0.0,0.0,WH_3,1.3,53.63,94,9643,SYNTHETIC / ASSUMED PARAMETERS,0,False,282.49,STABLE,False,367.24
2024-01-20,P0002,S003,WH_3,SKU_10,141.74583,366.0,5.0,218.0,0.0,13.68,17.87,1.0,0.0,WH_3,1.74,42.93,55,5968,SYNTHETIC / ASSUMED PARAMETERS,0,False,224.25,STABLE,False,390.2
2024-01-20,P0001,S002,WH_2,SKU_1,157.04056,421.0,8.0,322.0,0.0,11.46,19.92,0.0,0.0,WH_2,0.9,70.92,62,9416,SYNTHETIC / ASSUMED PARAMETERS,0,False,263.96,STABLE,False,237.56
2024-01-20,P0016,S002,WH_2,SKU_23,181.25842,302.0,12.0,312.0,0.0,6.68,11.81,0.0,0.0,WH_2,0.8,35.45,73,10338,SYNTHETIC / ASSUMED PARAMETERS,10,True,130.74,STABLE,False,140.04
2024-01-20,P0006,S003,WH_3,SKU_14,86.01366,570.0,3.0,283.0,0.0,5.88,9.37,0.0,0.0,WH_3,0.82,33.85,73,7722,SYNTHETIC / ASSUMED PARAMETERS,0,False,483.99,STABLE,False,396.87
2024-01-20,P0012,S004,WH_4,SKU_2,146.32127,400.0,6.0,290.0,0.0,7.06,10.96,1.0,0.0,WH_4,1.1,40.69,80,10160,SYNTHETIC / ASSUMED PARAMETERS,0,False,253.68,STABLE,False,279.05
2024-01-20,P0012,S001,WH_1,SKU_2,137.41716,544.0,13.0,228.0,0.0,19.76,35.1,0.0,0.0,WH_1,2.92,120.54,61,5736,SYNTHETIC / ASSUMED PARAMETERS,0,False,406.58,STABLE,False,1187.22
2024-01-20,P0017,S001,WH_1,SKU_24,139.39986,475.0,2.0,288.0,0.0,6.14,10.22,1.0,0.0,WH_1,0.75,31.15,47,6037,SYNTHETIC / ASSUMED PARAMETERS,0,False,335.6,STABLE,False,251.7
2024-01-20,P0010,S004,WH_4,SKU_18,122.9265,583.0,6.0,250.0,0.0,5.35,9.51,0.0,0.0,WH_4,0.78,43.27,45,6602,SYNTHETIC / ASSUMED PARAMETERS,0,False,460.07,STABLE,False,358.86
2024-01-20,P0019,S003,WH_3,SKU_26,137.25114,454.0,14.0,222.0,0.0,7.66,9.43,0.0,0.0,WH_3,0.81,30.44,28,5399,SYNTHETIC / ASSUMED PARAMETERS,0,False,316.75,STABLE,False,256.57
2024-01-20,P0020,S001,WH_1,SKU_27,71.69895,577.0,2.0,389.0,0.0,5.89,7.48,0.0,0.0,WH_1,0.77,21.54,103,8847,SYNTHETIC / ASSUMED PARAMETERS,0,False,505.3,STABLE,False,389.08
2024-01-20,P0016,S004,WH_4,SKU_23,117.73014,503.0,14.0,236.0,0.0,15.4,18.69,0.0,0.0,WH_4,1.44,47.04,57,10538,SYNTHETIC / ASSUMED PARAMETERS,0,False,385.27,STABLE,False,554.79
2024-01-20,P0017,S003,WH_3,SKU_24,102.40235,444.0,10.0,209.0,0.0,10.59,15.15,0.0,0.0,WH_3,1.43,56.19,52,9960,SYNTHETIC / ASSUMED PARAMETERS,0,False,341.6,STABLE,False,488.48
2024-01-20,P0008,S005,WH_5,SKU_16,129.5011,503.0,2.0,394.0,0.0,13.23,20.46,0.0,0.0,WH_5,1.66,59.45,101,8221,SYNTHETIC / ASSUMED PARAMETERS,0,False,373.5,STABLE,False,620.01
2024-01-20,P0017,S005,WH_5,SKU_24,156.23357,373.0,7.0,313.0,0.0,7.27,12.17,0.0,0.0,WH_5,0.56,44.06,66,10704,SYNTHETIC / ASSUMED PARAMETERS,0,False,216.77,STABLE,False,121.39
2024-01-20,P0009,S004,WH_4,SKU_17,179.25763,394.0,5.0,341.0,0.0,8.62,10.66,0.0,0.0,WH_4,1.16,28.26,74,6506,SYNTHETIC / ASSUMED PARAMETERS,0,False,214.74,STABLE,False,249.1
2024-01-20,P0009,S003,WH_3,SKU_17,124.646385,610.0,3.0,339.0,0.0,16.8,28.54,0.0,0.0,WH_3,1.1,80.9,84,7273,SYNTHETIC / ASSUMED PARAMETERS,0,False,485.35,STABLE,False,533.89
2024-01-20,P0005,S003,WH_3,SKU_13,124.95077,419.0,14.0,382.0,0.0,6.01,8.52,0.0,0.0,WH_3,0.87,30.72,112,6380,SYNTHETIC / ASSUMED PARAMETERS,0,False,294.05,STABLE,False,255.82
2024-01-20,P0004,S001,WH_1,SKU_12,154.68329,550.0,5.0,299.0,0.0,5.36,7.17,0.0,0.0,WH_1,0.74,24.31,60,7801,SYNTHETIC / ASSUMED PARAMETERS,0,False,395.32,STABLE,False,292.53
2024-01-20,P0004,S004,WH_4,SKU_12,181.31712,422.0,12.0,227.0,0.0,14.2,19.73,0.0,0.0,WH_4,1.6,43.96,33,7746,SYNTHETIC / ASSUMED PARAMETERS,0,False,240.68,STABLE,False,385.09
2024-01-20,P0013,S001,WH_1,SKU_20,114.14337,407.0,9.0,295.0,0.0,9.55,16.05,0.0,0.0,WH_1,1.19,44.04,33,5191,SYNTHETIC / ASSUMED PARAMETERS,0,False,292.86,STABLE,False,348.5
2024-01-20,P0018,S003,WH_3,SKU_25,99.08237,411.0,7.0,232.0,0.0,6.51,8.04,0.0,0.0,WH_3,0.89,32.85,39,9598,SYNTHETIC / ASSUMED PARAMETERS,0,False,311.92,STABLE,False,277.61
2024-01-20,P0007,S003,WH_3,SKU_15,135.09946,338.0,7.0,265.0,0.0,6.24,9.99,0.0,0.0,WH_3,0.69,40.25,72,9290,SYNTHETIC / ASSUMED PARAMETERS,0,False,202.9,STABLE,False,140.0
2024-01-20,P0010,S003,WH_3,SKU_18,119.320816,429.0,9.0,213.0,0.0,15.53,20.4,0.0,0.0,WH_3,2.28,65.06,40,7890,SYNTHETIC / ASSUMED PARAMETERS,0,False,309.68,STABLE,False,706.07
2024-01-20,P0011,S001,WH_1,SKU_19,117.79498,570.0,8.0,287.0,0.0,12.4,18.41,0.0,0.0,WH_1,1.18,43.0,33,9186,SYNTHETIC / ASSUMED PARAMETERS,0,False,452.21,STABLE,False,533.6
2024-01-20,P0005,S002,WH_2,SKU_13,179.77884,772.0,11.0,350.0,0.0,17.04,21.69,0.0,0.0,WH_2,2.15,79.74,38,5796,SYNTHETIC / ASSUMED PARAMETERS,0,False,592.22,STABLE,False,1273.28
2024-01-20,P0001,S004,WH_4,SKU_1,114.65848,333.0,9.0,333.0,0.0,6.93,10.7,0.0,0.0,WH_4,1.02,32.51,60,7800,SYNTHETIC / ASSUMED PARAMETERS,0,False,218.34,STABLE,False,222.71
2024-01-20,P0020,S002,WH_2,SKU_27,88.46763,470.0,4.0,223.0,0.0,16.3,21.54,0.0,0.0,WH_2,1.63,83.19,46,6479,SYNTHETIC / ASSUMED PARAMETERS,0,False,381.53,STABLE,False,621.9
2024-01-20,P0018,S002,WH_2,SKU_25,93.87164,451.0,3.0,352.0,0.0,5.07,6.95,0.0,0.0,WH_2,0.51,29.96,39,8258,SYNTHETIC / ASSUMED PARAMETERS,0,False,357.13,STABLE,False,182.14
2024-01-20,P0011,S002,WH_2,SKU_19,139.45506,453.0,8.0,316.0,0.0,12.67,18.56,0.0,0.0,WH_2,1.58,55.58,37,4994,SYNTHETIC / ASSUMED PARAMETERS,0,False,313.54,STABLE,False,495.4
2024-01-20,P0016,S005,WH_5,SKU_23,122.09313,359.0,3.0,383.0,0.0,19.43,28.74,0.0,0.0,WH_5,2.51,93.33,52,7979,SYNTHETIC / ASSUMED PARAMETERS,24,True,260.91,STABLE,False,748.21
2024-01-20,P0003,S001,WH_1,SKU_11,103.19163,534.0,4.0,286.0,0.0,19.54,34.79,0.0,0.0,WH_1,2.75,93.77,81,6423,SYNTHETIC / ASSUMED PARAMETERS,0,False,430.81,STABLE,False,1184.72
2024-01-20,P0006,S002,WH_2,SKU_14,97.84177,424.0,14.0,268.0,0.0,18.83,23.34,0.0,0.0,WH_2,2.51,66.61,39,5701,SYNTHETIC / ASSUMED PARAMETERS,0,False,326.16,STABLE,False,818.66
2024-01-20,P0015,S002,WH_2,SKU_22,161.35915,337.0,7.0,261.0,0.0,9.82,14.68,0.0,0.0,WH_2,1.21,42.78,60,5653,SYNTHETIC / ASSUMED PARAMETERS,0,False,175.64,STABLE,False,212.53
2024-01-20,P0017,S004,WH_4,SKU_24,180.86365,547.0,13.0,301.0,0.0,7.11,12.19,0.0,0.0,WH_4,1.05,31.77,79,5355,SYNTHETIC / ASSUMED PARAMETERS,0,False,366.14,STABLE,False,384.44
2024-01-20,P0001,S001,WH_1,SKU_1,108.83734,621.0,14.0,379.0,0.0,13.95,20.48,0.0,0.0,WH_1,1.88,67.42,94,6673,SYNTHETIC / ASSUMED PARAMETERS,0,False,512.16,STABLE,False,962.87
2024-01-20,P0003,S003,WH_3,SKU_11,93.333534,393.0,13.0,342.0,0.0,13.85,18.39,0.0,0.0,WH_3,1.16,58.36,96,10164,SYNTHETIC / ASSUMED PARAMETERS,0,False,299.67,STABLE,False,347.61
2024-01-20,P0012,S005,WH_5,SKU_2,94.04902,392.0,14.0,267.0,0.0,15.0,26.38,0.0,0.0,WH_5,1.72,57.23,63,7517,SYNTHETIC / ASSUMED PARAMETERS,0,False,297.95,STABLE,False,512.48
2024-01-20,P0008,S004,WH_4,SKU_16,77.305214,722.0,4.0,367.0,389.0,6.61,9.52,1.0,0.0,WH_4,0.87,40.21,59,5735,SYNTHETIC / ASSUMED PARAMETERS,0,False,644.69,STABLE,False,560.88
2024-01-20,P0015,S005,WH_5,SKU_22,138.78911,407.0,4.0,326.0,0.0,16.45,25.06,0.0,0.0,WH_5,2.1,76.56,84,10655,SYNTHETIC / ASSUMED PARAMETERS,0,False,268.21,STABLE,False,563.24
2024-01-20,P0007,S004,WH_4,SKU_15,160.61967,261.0,5.0,224.0,0.0,13.52,23.32,0.0,0.0,WH_4,1.16,58.22,61,7785,SYNTHETIC / ASSUMED PARAMETERS,0,False,100.38,STABLE,False,116.44
2024-01-20,P0003,S005,WH_5,SKU_11,104.781555,564.0,3.0,349.0,0.0,18.92,31.99,0.0,0.0,WH_5,1.99,103.38,46,6507,SYNTHETIC / ASSUMED PARAMETERS,0,False,459.22,STABLE,False,913.84
2024-01-20,P0007,S001,WH_1,SKU_15,119.97822,363.0,13.0,327.0,0.0,16.7,28.78,0.0,0.0,WH_1,2.21,100.17,53,6976,SYNTHETIC / ASSUMED PARAMETERS,0,False,243.02,STABLE,False,537.08
2024-01-20,P0004,S003,WH_3,SKU_12,168.36427,333.0,6.0,234.0,0.0,10.01,13.38,0.0,0.0,WH_3,1.57,45.39,57,10301,SYNTHETIC / ASSUMED PARAMETERS,0,False,164.64,STABLE,False,258.48
2024-01-20,P0002,S001,WH_1,SKU_10,131.05528,412.0,13.0,361.0,0.0,12.67,18.73,0.0,0.0,WH_1,1.29,70.59,100,6990,SYNTHETIC / ASSUMED PARAMETERS,0,False,280.94,STABLE,False,362.42
2024-01-20,P0014,S003,WH_3,SKU_21,157.3851,551.0,10.0,283.0,0.0,5.75,8.47,0.0,0.0,WH_3,0.72,24.19,84,8334,SYNTHETIC / ASSUMED PARAMETERS,0,False,393.61,STABLE,False,283.4
2024-01-20,P0020,S003,WH_3,SKU_27,114.12641,279.0,3.0,296.0,0.0,9.18,15.91,0.0,0.0,WH_3,1.13,62.45,32,6179,SYNTHETIC / ASSUMED PARAMETERS,17,True,181.87,STABLE,False,267.97
2024-01-20,P0019,S004,WH_4,SKU_26,108.13283,567.0,14.0,331.0,0.0,8.71,13.65,1.0,0.0,WH_4,0.81,35.89,53,6838,SYNTHETIC / ASSUMED PARAMETERS,0,False,458.87,STABLE,False,371.68
2024-01-20,P0003,S004,WH_4,SKU_11,76.07238,573.0,2.0,382.0,0.0,6.2,7.82,0.0,0.0,WH_4,0.5,33.95,90,5402,SYNTHETIC / ASSUMED PARAMETERS,0,False,496.93,STABLE,False,248.46
2024-01-20,P0013,S004,WH_4,SKU_20,127.87333,490.0,2.0,327.0,0.0,16.89,23.51,0.0,0.0,WH_4,1.33,49.52,45,10402,SYNTHETIC / ASSUMED PARAMETERS,0,False,362.13,STABLE,False,481.63
2024-01-20,P0016,S003,WH_3,SKU_23,114.11129,349.0,5.0,293.0,0.0,18.08,23.36,0.0,0.0,WH_3,2.55,64.6,72,10369,SYNTHETIC / ASSUMED PARAMETERS,0,False,234.89,STABLE,False,598.97
2024-01-20,P0018,S005,WH_5,SKU_25,133.1164,612.0,7.0,311.0,0.0,8.45,14.29,1.0,0.0,WH_5,0.63,58.32,37,5926,SYNTHETIC / ASSUMED PARAMETERS,0,False,478.88,STABLE,False,301.7
2024-01-20,P0004,S005,WH_5,SKU_12,159.73436,795.0,6.0,349.0,485.0,10.21,15.8,0.0,0.0,WH_5,0.76,39.17,96,5993,SYNTHETIC / ASSUMED PARAMETERS,0,False,635.27,STABLE,False,482.8
2024-01-20,P0002,S002,WH_2,SKU_10,110.50136,313.0,10.0,310.0,0.0,13.83,22.36,0.0,0.0,WH_2,0.8,49.56,40,6844,SYNTHETIC / ASSUMED PARAMETERS,0,False,202.5,STABLE,False,162.0
2024-01-20,P0012,S002,WH_2,SKU_2,92.274055,498.0,8.0,377.0,0.0,16.77,22.06,0.0,0.0,WH_2,1.73,61.48,56,5161,SYNTHETIC / ASSUMED PARAMETERS,0,False,405.73,STABLE,False,701.91
2024-01-20,P0006,S001,WH_1,SKU_14,111.45627,438.0,11.0,265.0,0.0,8.21,11.1,0.0,0.0,WH_1,1.31,43.21,69,6246,SYNTHETIC / ASSUMED PARAMETERS,0,False,326.54,STABLE,False,427.77
2024-01-20,P0009,S002,WH_2,SKU_17,143.79413,505.0,13.0,372.0,0.0,16.68,21.24,0.0,0.0,WH_2,1.17,53.18,81,8112,SYNTHETIC / ASSUMED PARAMETERS,0,False,361.21,STABLE,False,422.61
2024-01-20,P0013,S002,WH_2,SKU_20,137.71773,650.0,9.0,336.0,0.0,12.31,20.86,0.0,0.0,WH_2,1.41,50.99,90,10971,SYNTHETIC / ASSUMED PARAMETERS,0,False,512.28,STABLE,False,722.32
2024-01-20,P0008,S003,WH_3,SKU_16,126.79388,606.0,6.0,336.0,0.0,12.08,18.52,0.0,0.0,WH_3,1.03,67.38,41,10278,SYNTHETIC / ASSUMED PARAMETERS,0,False,479.21,STABLE,False,493.58
2024-01-20,P0015,S003,WH_3,SKU_22,235.9007,234.0,4.0,211.0,0.0,18.38,32.58,0.0,0.0,WH_3,1.34,101.74,33,5385,SYNTHETIC / ASSUMED PARAMETERS,35,True,33.1,STABLE,False,146.09
2024-01-20,P0010,S001,WH_1,SKU_18,90.743126,345.0,2.0,346.0,0.0,8.62,10.49,0.0,0.0,WH_1,0.92,38.21,43,7798,SYNTHETIC / ASSUMED PARAMETERS,1,True,255.26,STABLE,False,273.05
2024-01-20,P0001,S005,WH_5,SKU_1,111.885956,464.0,4.0,366.0,0.0,19.41,23.81,0.0,0.0,WH_5,2.58,47.73,54,8279,SYNTHETIC / ASSUMED PARAMETERS,0,False,352.11,STABLE,False,908.45
2024-01-20,P0019,S001,WH_1,SKU_26,69.890816,400.0,2.0,335.0,0.0,18.22,23.67,0.0,0.0,WH_1,2.52,50.97,34,5684,SYNTHETIC / ASSUMED PARAMETERS,0,False,330.11,STABLE,False,831.88
2024-01-20,P0005,S005,WH_5,SKU_13,162.29547,423.0,7.0,305.0,0.0,15.13,23.34,0.0,0.0,WH_5,0.88,49.29,48,10583,SYNTHETIC / ASSUMED PARAMETERS,0,False,260.7,STABLE,False,229.42
2024-01-20,P0002,S005,WH_5,SKU_10,94.32529,542.0,9.0,246.0,0.0,9.67,15.35,0.0,0.0,WH_5,1.52,60.17,40,6308,SYNTHETIC / ASSUMED PARAMETERS,0,False,447.67,STABLE,False,680.47
2024-01-20,P0012,S003,WH_3,SKU_2,96.27864,514.0,10.0,319.0,0.0,5.02,7.82,0.0,0.0,WH_3,0.45,23.6,74,9396,SYNTHETIC / ASSUMED PARAMETERS,0,False,417.72,STABLE,False,187.97
2024-01-20,P0010,S005,WH_5,SKU_18,126.692276,467.0,13.0,394.0,0.0,13.35,21.48,0.0,0.0,WH_5,1.44,69.56,77,8261,SYNTHETIC / ASSUMED PARAMETERS,0,False,340.31,STABLE,False,490.04
2024-01-20,P0002,S004,WH_4,SKU_10,106.41931,378.0,14.0,328.0,0.0,19.02,24.9,0.0,0.0,WH_4,2.76,93.09,92,6565,SYNTHETIC / ASSUMED PARAMETERS,0,False,271.58,STABLE,False,749.56
2024-01-20,P0014,S005,WH_5,SKU_21,114.21569,332.0,8.0,309.0,0.0,13.11,23.25,0.0,0.0,WH_5,1.81,58.89,87,5672,SYNTHETIC / ASSUMED PARAMETERS,0,False,217.78,STABLE,False,394.19
2024-01-20,P0007,S002,WH_2,SKU_15,131.37907,534.0,8.0,386.0,0.0,11.37,14.92,0.0,0.0,WH_2,1.19,43.87,61,9277,SYNTHETIC / ASSUMED PARAMETERS,0,False,402.62,STABLE,False,479.12
2024-01-20,P0018,S004,WH_4,SKU_25,64.96843,672.0,9.0,273.0,0.0,12.02,19.24,0.0,0.0,WH_4,1.67,68.75,82,5738,SYNTHETIC / ASSUMED PARAMETERS,0,False,607.03,STABLE,False,1013.74
2024-01-20,P0008,S002,WH_2,SKU_16,119.65778,335.0,11.0,327.0,0.0,19.0,26.16,0.0,0.0,WH_2,2.13,82.7,65,6031,SYNTHETIC / ASSUMED PARAMETERS,0,False,215.34,STABLE,False,458.68
2024-01-21,P0009,S005,WH_5,SKU_17,172.96442,473.0,8.0,321.0,0.0,7.73,13.36,0.0,0.0,WH_5,0.58,50.99,60,7894,SYNTHETIC / ASSUMED PARAMETERS,0,False,300.04,STABLE,False,174.02
2024-01-21,P0008,S001,WH_1,SKU_16,85.512314,423.0,14.0,328.0,0.0,11.96,17.38,0.0,0.0,WH_1,1.64,39.73,88,10604,SYNTHETIC / ASSUMED PARAMETERS,0,False,337.49,STABLE,False,553.48
2024-01-21,P0015,S004,WH_4,SKU_22,65.97549,537.0,11.0,374.0,0.0,19.16,23.34,0.0,0.0,WH_4,2.12,46.36,63,10964,SYNTHETIC / ASSUMED PARAMETERS,0,False,471.02,STABLE,False,998.57
2024-01-21,P0001,S002,WH_2,SKU_1,132.04703,393.0,8.0,322.0,0.0,11.46,19.92,0.0,0.0,WH_2,0.9,70.92,62,9416,SYNTHETIC / ASSUMED PARAMETERS,0,False,260.95,STABLE,False,234.86
2024-01-21,P0018,S003,WH_3,SKU_25,67.970474,383.0,7.0,232.0,0.0,6.51,8.04,0.0,0.0,WH_3,0.89,32.85,39,9598,SYNTHETIC / ASSUMED PARAMETERS,0,False,315.03,STABLE,False,280.38
2024-01-21,P0005,S004,WH_4,SKU_13,122.16629,458.0,10.0,251.0,0.0,14.29,19.75,0.0,0.0,WH_4,0.97,79.01,68,10644,SYNTHETIC / ASSUMED PARAMETERS,0,False,335.83,STABLE,False,325.76
2024-01-21,P0011,S005,WH_5,SKU_19,93.70892,422.0,7.0,281.0,0.0,15.87,25.1,0.0,0.0,WH_5,2.0,76.39,84,8102,SYNTHETIC / ASSUMED PARAMETERS,0,False,328.29,STABLE,False,656.58
2024-01-21,P0010,S004,WH_4,SKU_18,140.2831,559.0,6.0,250.0,0.0,5.35,9.51,0.0,0.0,WH_4,0.78,43.27,45,6602,SYNTHETIC / ASSUMED PARAMETERS,0,False,418.72,STABLE,False,326.6
2024-01-21,P0011,S004,WH_4,SKU_19,102.53308,577.0,4.0,352.0,0.0,5.41,7.4,0.0,0.0,WH_4,0.43,30.95,55,9647,SYNTHETIC / ASSUMED PARAMETERS,0,False,474.47,STABLE,False,204.02
2024-01-21,P0020,S005,WH_5,SKU_27,113.3345,415.0,2.0,353.0,0.0,17.89,25.71,1.0,0.0,WH_5,1.71,74.7,103,6290,SYNTHETIC / ASSUMED PARAMETERS,0,False,301.67,STABLE,False,515.85
2024-01-21,P0019,S003,WH_3,SKU_26,96.10221,436.0,14.0,222.0,0.0,7.66,9.43,0.0,0.0,WH_3,0.81,30.44,28,5399,SYNTHETIC / ASSUMED PARAMETERS,0,False,339.9,STABLE,False,275.32
2024-01-21,P0001,S001,WH_1,SKU_1,119.7006,596.0,14.0,379.0,0.0,13.95,20.48,0.0,0.0,WH_1,1.88,67.42,94,6673,SYNTHETIC / ASSUMED PARAMETERS,0,False,476.3,STABLE,False,895.44
2024-01-21,P0006,S002,WH_2,SKU_14,100.16025,398.0,14.0,268.0,0.0,18.83,23.34,0.0,0.0,WH_2,2.51,66.61,39,5701,SYNTHETIC / ASSUMED PARAMETERS,0,False,297.84,STABLE,False,747.58
2024-01-21,P0020,S002,WH_2,SKU_27,56.93006,444.0,4.0,223.0,0.0,16.3,21.54,0.0,0.0,WH_2,1.63,83.19,46,6479,SYNTHETIC / ASSUMED PARAMETERS,0,False,387.07,STABLE,False,630.92
2024-01-21,P0018,S002,WH_2,SKU_25,91.4142,425.0,3.0,352.0,0.0,5.07,6.95,0.0,0.0,WH_2,0.51,29.96,39,8258,SYNTHETIC / ASSUMED PARAMETERS,0,False,333.59,STABLE,False,170.13
2024-01-21,P0017,S004,WH_4,SKU_24,150.0576,521.0,13.0,301.0,0.0,7.11,12.19,0.0,0.0,WH_4,1.05,31.77,79,5355,SYNTHETIC / ASSUMED PARAMETERS,0,False,370.94,STABLE,False,389.49
2024-01-21,P0015,S001,WH_1,SKU_22,117.168564,474.0,4.0,282.0,0.0,8.88,12.51,0.0,0.0,WH_1,0.94,51.81,47,10427,SYNTHETIC / ASSUMED PARAMETERS,0,False,356.83,STABLE,False,335.42
2024-01-21,P0007,S004,WH_4,SKU_15,96.196785,245.0,5.0,224.0,0.0,13.52,23.32,0.0,0.0,WH_4,1.16,58.22,61,7785,SYNTHETIC / ASSUMED PARAMETERS,0,False,148.8,STABLE,False,172.61
2024-01-21,P0002,S001,WH_1,SKU_10,120.960205,395.0,13.0,361.0,0.0,12.67,18.73,0.0,0.0,WH_1,1.29,70.59,100,6990,SYNTHETIC / ASSUMED PARAMETERS,0,False,274.04,STABLE,False,353.51
2024-01-21,P0016,S001,WH_1,SKU_23,116.833084,516.0,8.0,239.0,0.0,9.05,14.03,0.0,0.0,WH_1,0.76,35.69,32,4845,SYNTHETIC / ASSUMED PARAMETERS,0,False,399.17,STABLE,False,303.37
2024-01-21,P0014,S004,WH_4,SKU_21,103.42852,617.0,8.0,379.0,0.0,12.65,20.04,0.0,0.0,WH_4,0.78,76.01,44,11017,SYNTHETIC / ASSUMED PARAMETERS,0,False,513.57,STABLE,False,400.59
2024-01-21,P0012,S001,WH_1,SKU_2,140.24236,518.0,13.0,228.0,0.0,19.76,35.1,0.0,0.0,WH_1,2.92,120.54,61,5736,SYNTHETIC / ASSUMED PARAMETERS,0,False,377.76,STABLE,False,1103.05
2024-01-21,P0003,S001,WH_1,SKU_11,92.60376,498.0,4.0,286.0,0.0,19.54,34.79,1.0,0.0,WH_1,2.75,93.77,81,6423,SYNTHETIC / ASSUMED PARAMETERS,0,False,405.4,STABLE,False,1114.84
2024-01-21,P0008,S005,WH_5,SKU_16,124.59727,481.0,2.0,394.0,0.0,13.23,20.46,0.0,0.0,WH_5,1.66,59.45,101,8221,SYNTHETIC / ASSUMED PARAMETERS,0,False,356.4,STABLE,False,591.63
2024-01-21,P0017,S005,WH_5,SKU_24,139.23749,353.0,7.0,313.0,0.0,7.27,12.17,0.0,0.0,WH_5,0.56,44.06,66,10704,SYNTHETIC / ASSUMED PARAMETERS,0,False,213.76,STABLE,False,119.71
2024-01-21,P0009,S001,WH_1,SKU_17,159.27,483.0,10.0,268.0,0.0,14.9,26.61,0.0,0.0,WH_1,1.04,53.46,53,5188,SYNTHETIC / ASSUMED PARAMETERS,0,False,323.73,STABLE,False,336.68
2024-01-21,P0006,S005,WH_5,SKU_14,131.90208,536.0,6.0,259.0,0.0,11.19,14.98,0.0,0.0,WH_5,0.92,37.97,55,10175,SYNTHETIC / ASSUMED PARAMETERS,0,False,404.1,STABLE,False,371.77
2024-01-21,P0018,S004,WH_4,SKU_25,62.5314,648.0,9.0,273.0,0.0,12.02,19.24,0.0,0.0,WH_4,1.67,68.75,82,5738,SYNTHETIC / ASSUMED PARAMETERS,0,False,585.47,STABLE,False,977.73
2024-01-21,P0008,S003,WH_3,SKU_16,102.11721,580.0,6.0,336.0,0.0,12.08,18.52,0.0,0.0,WH_3,1.03,67.38,41,10278,SYNTHETIC / ASSUMED PARAMETERS,0,False,477.88,STABLE,False,492.22
2024-01-21,P0012,S003,WH_3,SKU_2,75.73546,482.0,10.0,319.0,0.0,5.02,7.82,0.0,0.0,WH_3,0.45,23.6,74,9396,SYNTHETIC / ASSUMED PARAMETERS,0,False,406.26,STABLE,False,182.82
2024-01-21,P0018,S005,WH_5,SKU_25,114.44467,587.0,7.0,311.0,0.0,8.45,14.29,0.0,0.0,WH_5,0.63,58.32,37,5926,SYNTHETIC / ASSUMED PARAMETERS,0,False,472.56,STABLE,False,297.71
2024-01-21,P0012,S002,WH_2,SKU_2,71.46581,470.0,8.0,377.0,0.0,16.77,22.06,1.0,0.0,WH_2,1.73,61.48,56,5161,SYNTHETIC / ASSUMED PARAMETERS,0,False,398.53,STABLE,False,689.46
2024-01-21,P0010,S003,WH_3,SKU_18,129.09088,413.0,9.0,213.0,0.0,15.53,20.4,0.0,0.0,WH_3,2.28,65.06,40,7890,SYNTHETIC / ASSUMED PARAMETERS,0,False,283.91,STABLE,False,647.31
2024-01-21,P0007,S002,WH_2,SKU_15,76.25842,502.0,8.0,386.0,0.0,11.37,14.92,0.0,0.0,WH_2,1.19,43.87,61,9277,SYNTHETIC / ASSUMED PARAMETERS,0,False,425.74,STABLE,False,506.63
2024-01-21,P0006,S001,WH_1,SKU_14,99.44471,416.0,11.0,265.0,0.0,8.21,11.1,0.0,0.0,WH_1,1.31,43.21,69,6246,SYNTHETIC / ASSUMED PARAMETERS,0,False,316.56,STABLE,False,414.69
2024-01-21,P0016,S002,WH_2,SKU_23,103.0712,541.0,12.0,312.0,260.0,6.68,11.81,0.0,0.0,WH_2,0.8,35.45,73,10338,SYNTHETIC / ASSUMED PARAMETERS,0,False,437.93,STABLE,False,350.34
2024-01-21,P0004,S002,WH_2,SKU_12,141.81883,483.0,6.0,370.0,0.0,19.03,23.02,0.0,0.0,WH_2,2.32,68.2,104,8597,SYNTHETIC / ASSUMED PARAMETERS,0,False,341.18,STABLE,False,791.54
2024-01-21,P0011,S002,WH_2,SKU_19,113.19298,422.0,8.0,316.0,0.0,12.67,18.56,0.0,0.0,WH_2,1.58,55.58,37,4994,SYNTHETIC / ASSUMED PARAMETERS,0,False,308.81,STABLE,False,487.92
2024-01-21,P0013,S001,WH_1,SKU_20,111.05443,366.0,9.0,295.0,0.0,9.55,16.05,1.0,0.0,WH_1,1.19,44.04,33,5191,SYNTHETIC / ASSUMED PARAMETERS,0,False,254.95,STABLE,False,303.39
2024-01-21,P0009,S003,WH_3,SKU_17,126.61524,577.0,3.0,339.0,0.0,16.8,28.54,1.0,0.0,WH_3,1.1,80.9,84,7273,SYNTHETIC / ASSUMED PARAMETERS,0,False,450.38,STABLE,False,495.42
2024-01-21,P0001,S003,WH_3,SKU_1,88.08088,404.0,6.0,314.0,0.0,6.06,8.41,0.0,0.0,WH_3,0.95,32.98,61,6038,SYNTHETIC / ASSUMED PARAMETERS,0,False,315.92,STABLE,False,300.12
2024-01-21,P0017,S001,WH_1,SKU_24,123.09658,448.0,2.0,288.0,0.0,6.14,10.22,0.0,0.0,WH_1,0.75,31.15,47,6037,SYNTHETIC / ASSUMED PARAMETERS,0,False,324.9,STABLE,False,243.68
2024-01-21,P0017,S002,WH_2,SKU_24,113.03232,395.0,5.0,365.0,0.0,19.69,29.64,0.0,0.0,WH_2,2.19,76.95,92,10380,SYNTHETIC / ASSUMED PARAMETERS,0,False,281.97,STABLE,False,617.51
2024-01-21,P0013,S005,WH_5,SKU_20,123.82471,343.0,2.0,246.0,0.0,10.07,18.03,1.0,0.0,WH_5,0.8,71.16,65,5639,SYNTHETIC / ASSUMED PARAMETERS,0,False,219.18,STABLE,False,175.34
2024-01-21,P0014,S002,WH_2,SKU_21,122.292885,568.0,7.0,349.0,0.0,8.18,12.0,0.0,0.0,WH_2,1.13,36.82,79,8567,SYNTHETIC / ASSUMED PARAMETERS,0,False,445.71,STABLE,False,503.65
2024-01-21,P0004,S003,WH_3,SKU_12,121.265,308.0,6.0,234.0,0.0,10.01,13.38,0.0,0.0,WH_3,1.57,45.39,57,10301,SYNTHETIC / ASSUMED PARAMETERS,0,False,186.74,STABLE,False,293.17
2024-01-21,P0004,S001,WH_1,SKU_12,167.63745,529.0,5.0,299.0,0.0,5.36,7.17,0.0,0.0,WH_1,0.74,24.31,60,7801,SYNTHETIC / ASSUMED PARAMETERS,0,False,361.36,STABLE,False,267.41
2024-01-21,P0015,S002,WH_2,SKU_22,108.46375,306.0,7.0,261.0,0.0,9.82,14.68,0.0,0.0,WH_2,1.21,42.78,60,5653,SYNTHETIC / ASSUMED PARAMETERS,0,False,197.54,STABLE,False,239.02
2024-01-21,P0015,S005,WH_5,SKU_22,118.21715,385.0,4.0,326.0,0.0,16.45,25.06,0.0,0.0,WH_5,2.1,76.56,84,10655,SYNTHETIC / ASSUMED PARAMETERS,0,False,266.78,STABLE,False,560.24
2024-01-21,P0019,S001,WH_1,SKU_26,62.81142,379.0,2.0,335.0,0.0,18.22,23.67,0.0,0.0,WH_1,2.52,50.97,34,5684,SYNTHETIC / ASSUMED PARAMETERS,0,False,316.19,STABLE,False,796.8
2024-01-21,P0002,S005,WH_5,SKU_10,79.05824,510.0,9.0,246.0,0.0,9.67,15.35,1.0,0.0,WH_5,1.52,60.17,40,6308,SYNTHETIC / ASSUMED PARAMETERS,0,False,430.94,STABLE,False,655.03
2024-01-21,P0006,S003,WH_3,SKU_14,94.458855,552.0,3.0,283.0,0.0,5.88,9.37,0.0,0.0,WH_3,0.82,33.85,73,7722,SYNTHETIC / ASSUMED PARAMETERS,0,False,457.54,STABLE,False,375.18
2024-01-21,P0004,S004,WH_4,SKU_12,137.05038,404.0,12.0,227.0,0.0,14.2,19.73,0.0,0.0,WH_4,1.6,43.96,33,7746,SYNTHETIC / ASSUMED PARAMETERS,0,False,266.95,STABLE,False,427.12
2024-01-21,P0020,S001,WH_1,SKU_27,102.91615,554.0,2.0,389.0,0.0,5.89,7.48,0.0,0.0,WH_1,0.77,21.54,103,8847,SYNTHETIC / ASSUMED PARAMETERS,0,False,451.08,STABLE,False,347.33
2024-01-21,P0007,S003,WH_3,SKU_15,85.76621,307.0,7.0,265.0,0.0,6.24,9.99,0.0,0.0,WH_3,0.69,40.25,72,9290,SYNTHETIC / ASSUMED PARAMETERS,0,False,221.23,STABLE,False,152.65
2024-01-21,P0017,S003,WH_3,SKU_24,68.838036,419.0,10.0,209.0,0.0,10.59,15.15,0.0,0.0,WH_3,1.43,56.19,52,9960,SYNTHETIC / ASSUMED PARAMETERS,0,False,350.16,STABLE,False,500.73
2024-01-21,P0004,S005,WH_5,SKU_12,142.44409,777.0,6.0,349.0,0.0,10.21,15.8,0.0,0.0,WH_5,0.76,39.17,96,5993,SYNTHETIC / ASSUMED PARAMETERS,0,False,634.56,STABLE,False,482.26
2024-01-21,P0016,S003,WH_3,SKU_23,122.62413,321.0,5.0,293.0,0.0,18.08,23.36,0.0,0.0,WH_3,2.55,64.6,72,10369,SYNTHETIC / ASSUMED PARAMETERS,0,False,198.38,STABLE,False,505.86
2024-01-21,P0005,S001,WH_1,SKU_13,160.29254,439.0,9.0,246.0,0.0,19.52,24.09,0.0,0.0,WH_1,1.26,57.54,50,8981,SYNTHETIC / ASSUMED PARAMETERS,0,False,278.71,STABLE,False,351.17
2024-01-21,P0001,S005,WH_5,SKU_1,146.13019,438.0,4.0,366.0,0.0,19.41,23.81,0.0,0.0,WH_5,2.58,47.73,54,8279,SYNTHETIC / ASSUMED PARAMETERS,0,False,291.87,STABLE,False,753.02
2024-01-21,P0013,S002,WH_2,SKU_20,83.10867,625.0,9.0,336.0,0.0,12.31,20.86,0.0,0.0,WH_2,1.41,50.99,90,10971,SYNTHETIC / ASSUMED PARAMETERS,0,False,541.89,STABLE,False,764.07
2024-01-21,P0007,S005,WH_5,SKU_15,133.31194,674.0,14.0,279.0,0.0,15.48,21.47,0.0,0.0,WH_5,1.08,84.29,72,9525,SYNTHETIC / ASSUMED PARAMETERS,0,False,540.69,STABLE,False,583.94
2024-01-21,P0006,S004,WH_4,SKU_14,100.31799,475.0,10.0,343.0,0.0,5.76,8.49,0.0,0.0,WH_4,0.78,37.66,58,8907,SYNTHETIC / ASSUMED PARAMETERS,0,False,374.68,STABLE,False,292.25
2024-01-21,P0003,S002,WH_2,SKU_11,91.338684,539.0,4.0,230.0,0.0,17.93,29.29,0.0,0.0,WH_2,2.41,85.34,31,10194,SYNTHETIC / ASSUMED PARAMETERS,0,False,447.66,STABLE,False,1078.86
2024-01-21,P0014,S005,WH_5,SKU_21,100.11894,312.0,8.0,309.0,0.0,13.11,23.25,0.0,0.0,WH_5,1.81,58.89,87,5672,SYNTHETIC / ASSUMED PARAMETERS,0,False,211.88,STABLE,False,383.5
2024-01-21,P0019,S002,WH_2,SKU_26,83.082756,438.0,5.0,273.0,0.0,8.5,11.16,0.0,0.0,WH_2,0.55,33.37,47,8606,SYNTHETIC / ASSUMED PARAMETERS,0,False,354.92,STABLE,False,195.2
2024-01-21,P0009,S004,WH_4,SKU_17,102.80535,368.0,5.0,341.0,0.0,8.62,10.66,0.0,0.0,WH_4,1.16,28.26,74,6506,SYNTHETIC / ASSUMED PARAMETERS,0,False,265.19,STABLE,False,307.63
2024-01-21,P0008,S002,WH_2,SKU_16,108.13088,319.0,11.0,327.0,0.0,19.0,26.16,0.0,0.0,WH_2,2.13,82.7,65,6031,SYNTHETIC / ASSUMED PARAMETERS,8,True,218.87,STABLE,False,548.89
2024-01-21,P0009,S002,WH_2,SKU_17,135.12708,469.0,13.0,372.0,0.0,16.68,21.24,1.0,0.0,WH_2,1.17,53.18,81,8112,SYNTHETIC / ASSUMED PARAMETERS,0,False,333.87,STABLE,False,390.63
2024-01-21,P0020,S003,WH_3,SKU_27,114.03708,732.0,3.0,296.0,477.0,9.18,15.91,1.0,0.0,WH_3,1.13,62.45,32,6179,SYNTHETIC / ASSUMED PARAMETERS,0,False,617.96,STABLE,False,698.3
2024-01-21,P0005,S005,WH_5,SKU_13,161.377,398.0,7.0,305.0,0.0,15.13,23.34,0.0,0.0,WH_5,0.88,49.29,48,10583,SYNTHETIC / ASSUMED PARAMETERS,0,False,236.62,STABLE,False,208.23
2024-01-21,P0016,S004,WH_4,SKU_23,69.166046,483.0,14.0,236.0,0.0,15.4,18.69,0.0,0.0,WH_4,1.44,47.04,57,10538,SYNTHETIC / ASSUMED PARAMETERS,0,False,413.83,STABLE,False,595.92
2024-01-21,P0012,S005,WH_5,SKU_2,89.17197,360.0,14.0,267.0,0.0,15.0,26.38,1.0,0.0,WH_5,1.72,57.23,63,7517,SYNTHETIC / ASSUMED PARAMETERS,0,False,270.83,STABLE,False,465.82
2024-01-21,P0019,S004,WH_4,SKU_26,85.88877,546.0,14.0,331.0,0.0,8.71,13.65,0.0,0.0,WH_4,0.81,35.89,53,6838,SYNTHETIC / ASSUMED PARAMETERS,0,False,460.11,STABLE,False,372.69
2024-01-21,P0014,S003,WH_3,SKU_21,213.73846,531.0,10.0,283.0,0.0,5.75,8.47,0.0,0.0,WH_3,0.72,24.19,84,8334,SYNTHETIC / ASSUMED PARAMETERS,0,False,317.26,STABLE,False,228.43
2024-01-21,P0010,S002,WH_2,SKU_18,159.59784,415.0,10.0,270.0,0.0,17.51,24.82,1.0,0.0,WH_2,1.18,54.17,54,10850,SYNTHETIC / ASSUMED PARAMETERS,0,False,255.4,STABLE,False,301.37
2024-01-21,P0012,S004,WH_4,SKU_2,85.64831,372.0,6.0,290.0,0.0,7.06,10.96,0.0,0.0,WH_4,1.1,40.69,80,10160,SYNTHETIC / ASSUMED PARAMETERS,0,False,286.35,STABLE,False,314.99
2024-01-21,P0011,S001,WH_1,SKU_19,76.870155,555.0,8.0,287.0,0.0,12.4,18.41,0.0,0.0,WH_1,1.18,43.0,33,9186,SYNTHETIC / ASSUMED PARAMETERS,0,False,478.13,STABLE,False,564.19
2024-01-21,P0013,S004,WH_4,SKU_20,74.47813,458.0,2.0,327.0,0.0,16.89,23.51,0.0,0.0,WH_4,1.33,49.52,45,10402,SYNTHETIC / ASSUMED PARAMETERS,0,False,383.52,STABLE,False,510.08
2024-01-21,P0005,S003,WH_3,SKU_13,95.52789,395.0,14.0,382.0,0.0,6.01,8.52,0.0,0.0,WH_3,0.87,30.72,112,6380,SYNTHETIC / ASSUMED PARAMETERS,0,False,299.47,STABLE,False,260.54
2024-01-21,P0019,S005,WH_5,SKU_26,112.93115,700.0,4.0,393.0,334.0,17.15,27.81,0.0,0.0,WH_5,2.55,59.97,91,8473,SYNTHETIC / ASSUMED PARAMETERS,0,False,587.07,STABLE,False,1497.03
2024-01-21,P0020,S004,WH_4,SKU_27,84.04825,507.0,14.0,289.0,0.0,13.84,20.65,0.0,0.0,WH_4,2.11,78.58,52,8263,SYNTHETIC / ASSUMED PARAMETERS,0,False,422.95,STABLE,False,892.43
2024-01-21,P0002,S004,WH_4,SKU_10,72.39074,355.0,14.0,328.0,0.0,19.02,24.9,0.0,0.0,WH_4,2.76,93.09,92,6565,SYNTHETIC / ASSUMED PARAMETERS,0,False,282.61,STABLE,False,780.0
2024-01-21,P0002,S002,WH_2,SKU_10,76.556915,289.0,10.0,310.0,0.0,13.83,22.36,0.0,0.0,WH_2,0.8,49.56,40,6844,SYNTHETIC / ASSUMED PARAMETERS,21,True,233.44,STABLE,False,236.31
2024-01-21,P0003,S004,WH_4,SKU_11,52.09564,536.0,2.0,382.0,0.0,6.2,7.82,0.0,0.0,WH_4,0.5,33.95,90,5402,SYNTHETIC / ASSUMED PARAMETERS,0,False,483.9,STABLE,False,241.95
2024-01-21,P0014,S001,WH_1,SKU_21,134.47307,292.0,11.0,245.0,0.0,19.68,23.66,0.0,0.0,WH_1,2.7,52.3,38,5664,SYNTHETIC / ASSUMED PARAMETERS,0,False,157.53,STABLE,False,425.32
2024-01-21,P0015,S003,WH_3,SKU_22,93.45997,216.0,4.0,211.0,0.0,18.38,32.58,0.0,0.0,WH_3,1.34,101.74,33,5385,SYNTHETIC / ASSUMED PARAMETERS,0,False,122.54,STABLE,False,164.2
2024-01-21,P0007,S001,WH_1,SKU_15,105.40228,341.0,13.0,327.0,0.0,16.7,28.78,0.0,0.0,WH_1,2.21,100.17,53,6976,SYNTHETIC / ASSUMED PARAMETERS,0,False,235.6,STABLE,False,520.67
2024-01-21,P0010,S001,WH_1,SKU_18,75.713135,679.0,2.0,346.0,353.0,8.62,10.49,0.0,0.0,WH_1,0.92,38.21,43,7798,SYNTHETIC / ASSUMED PARAMETERS,0,False,603.29,STABLE,False,555.02
2024-01-21,P0010,S005,WH_5,SKU_18,126.33664,440.0,13.0,394.0,0.0,13.35,21.48,1.0,0.0,WH_5,1.44,69.56,77,8261,SYNTHETIC / ASSUMED PARAMETERS,0,False,313.66,STABLE,False,451.68
2024-01-21,P0003,S005,WH_5,SKU_11,87.661125,537.0,3.0,349.0,0.0,18.92,31.99,0.0,0.0,WH_5,1.99,103.38,46,6507,SYNTHETIC / ASSUMED PARAMETERS,0,False,449.34,STABLE,False,894.18
2024-01-21,P0003,S003,WH_3,SKU_11,83.77901,370.0,13.0,342.0,0.0,13.85,18.39,0.0,0.0,WH_3,1.16,58.36,96,10164,SYNTHETIC / ASSUMED PARAMETERS,0,False,286.22,STABLE,False,332.02
2024-01-21,P0001,S004,WH_4,SKU_1,100.61932,717.0,9.0,333.0,413.0,6.93,10.7,0.0,0.0,WH_4,1.02,32.51,60,7800,SYNTHETIC / ASSUMED PARAMETERS,0,False,616.38,STABLE,False,628.71
2024-01-21,P0016,S005,WH_5,SKU_23,100.44564,736.0,3.0,383.0,402.0,19.43,28.74,0.0,0.0,WH_5,2.51,93.33,52,7979,SYNTHETIC / ASSUMED PARAMETERS,0,False,635.55,STABLE,False,1595.24
2024-01-21,P0005,S002,WH_2,SKU_13,104.75471,752.0,11.0,350.0,0.0,17.04,21.69,0.0,0.0,WH_2,2.15,79.74,38,5796,SYNTHETIC / ASSUMED PARAMETERS,0,False,647.25,STABLE,False,1391.58
2024-01-21,P0002,S003,WH_3,SKU_10,94.74635,345.0,5.0,218.0,0.0,13.68,17.87,0.0,0.0,WH_3,1.74,42.93,55,5968,SYNTHETIC / ASSUMED PARAMETERS,0,False,250.25,STABLE,False,435.44
2024-01-21,P0011,S003,WH_3,SKU_19,94.88386,375.0,4.0,295.0,0.0,14.17,23.01,0.0,0.0,WH_3,1.45,87.37,62,9399,SYNTHETIC / ASSUMED PARAMETERS,0,False,280.12,STABLE,False,406.17
2024-01-21,P0008,S004,WH_4,SKU_16,82.126076,693.0,4.0,367.0,0.0,6.61,9.52,0.0,0.0,WH_4,0.87,40.21,59,5735,SYNTHETIC / ASSUMED PARAMETERS,0,False,610.87,STABLE,False,531.46
2024-01-21,P0018,S001,WH_1,SKU_25,122.50465,578.0,5.0,314.0,0.0,14.23,20.28,0.0,0.0,WH_1,0.9,46.65,78,5160,SYNTHETIC / ASSUMED PARAMETERS,0,False,455.5,STABLE,False,409.95
2024-01-21,P0013,S003,WH_3,SKU_20,109.70446,409.0,3.0,319.0,0.0,14.9,25.16,1.0,0.0,WH_3,1.3,53.63,94,9643,SYNTHETIC / ASSUMED PARAMETERS,0,False,299.3,STABLE,False,389.08
2024-01-22,P0013,S001,WH_1,SKU_20,110.410194,345.0,9.0,295.0,0.0,9.55,16.05,0.0,0.0,WH_1,1.19,44.04,33,5191,SYNTHETIC / ASSUMED PARAMETERS,0,False,234.59,STABLE,False,279.16
2024-01-22,P0010,S005,WH_5,SKU_18,129.01791,416.0,13.0,394.0,0.0,13.35,21.48,0.0,0.0,WH_5,1.44,69.56,77,8261,SYNTHETIC / ASSUMED PARAMETERS,0,False,286.98,STABLE,False,413.25
2024-01-22,P0001,S001,WH_1,SKU_1,145.93188,568.0,14.0,379.0,0.0,13.95,20.48,0.0,0.0,WH_1,1.88,67.42,94,6673,SYNTHETIC / ASSUMED PARAMETERS,0,False,422.07,STABLE,False,793.49
2024-01-22,P0003,S004,WH_4,SKU_11,87.728065,511.0,2.0,382.0,0.0,6.2,7.82,0.0,0.0,WH_4,0.5,33.95,90,5402,SYNTHETIC / ASSUMED PARAMETERS,0,False,423.27,STABLE,False,211.64
2024-01-22,P0008,S004,WH_4,SKU_16,45.73804,676.0,4.0,367.0,0.0,6.61,9.52,0.0,0.0,WH_4,0.87,40.21,59,5735,SYNTHETIC / ASSUMED PARAMETERS,0,False,630.26,STABLE,False,548.33
2024-01-22,P0004,S005,WH_5,SKU_12,125.26276,759.0,6.0,349.0,0.0,10.21,15.8,0.0,0.0,WH_5,0.76,39.17,96,5993,SYNTHETIC / ASSUMED PARAMETERS,0,False,633.74,STABLE,False,481.64
2024-01-22,P0010,S003,WH_3,SKU_18,119.23055,387.0,9.0,213.0,0.0,15.53,20.4,0.0,0.0,WH_3,2.28,65.06,40,7890,SYNTHETIC / ASSUMED PARAMETERS,0,False,267.77,STABLE,False,610.51
2024-01-22,P0005,S002,WH_2,SKU_13,84.18375,725.0,11.0,350.0,0.0,17.04,21.69,0.0,0.0,WH_2,2.15,79.74,38,5796,SYNTHETIC / ASSUMED PARAMETERS,0,False,640.82,STABLE,False,1377.75
2024-01-22,P0013,S002,WH_2,SKU_20,99.356346,606.0,9.0,336.0,0.0,12.31,20.86,0.0,0.0,WH_2,1.41,50.99,90,10971,SYNTHETIC / ASSUMED PARAMETERS,0,False,506.64,STABLE,False,714.37
2024-01-22,P0011,S001,WH_1,SKU_19,96.38767,526.0,8.0,287.0,0.0,12.4,18.41,0.0,0.0,WH_1,1.18,43.0,33,9186,SYNTHETIC / ASSUMED PARAMETERS,0,False,429.61,STABLE,False,506.94
2024-01-22,P0003,S001,WH_1,SKU_11,140.66725,471.0,4.0,286.0,0.0,19.54,34.79,0.0,0.0,WH_1,2.75,93.77,81,6423,SYNTHETIC / ASSUMED PARAMETERS,0,False,330.33,STABLE,False,908.42
2024-01-22,P0009,S005,WH_5,SKU_17,144.86328,450.0,8.0,321.0,0.0,7.73,13.36,0.0,0.0,WH_5,0.58,50.99,60,7894,SYNTHETIC / ASSUMED PARAMETERS,0,False,305.14,STABLE,False,176.98
2024-01-22,P0016,S005,WH_5,SKU_23,114.597946,710.0,3.0,383.0,0.0,19.43,28.74,0.0,0.0,WH_5,2.51,93.33,52,7979,SYNTHETIC / ASSUMED PARAMETERS,0,False,595.4,STABLE,False,1494.46
2024-01-22,P0001,S004,WH_4,SKU_1,123.03751,690.0,9.0,333.0,0.0,6.93,10.7,0.0,0.0,WH_4,1.02,32.51,60,7800,SYNTHETIC / ASSUMED PARAMETERS,0,False,566.96,STABLE,False,578.3
2024-01-22,P0020,S002,WH_2,SKU_27,109.50797,421.0,4.0,223.0,0.0,16.3,21.54,1.0,0.0,WH_2,1.63,83.19,46,6479,SYNTHETIC / ASSUMED PARAMETERS,0,False,311.49,STABLE,False,507.73
2024-01-22,P0018,S002,WH_2,SKU_25,59.624416,403.0,3.0,352.0,0.0,5.07,6.95,0.0,0.0,WH_2,0.51,29.96,39,8258,SYNTHETIC / ASSUMED PARAMETERS,0,False,343.38,STABLE,False,175.12
2024-01-22,P0005,S001,WH_1,SKU_13,101.46955,414.0,9.0,246.0,0.0,19.52,24.09,0.0,0.0,WH_1,1.26,57.54,50,8981,SYNTHETIC / ASSUMED PARAMETERS,0,False,312.53,STABLE,False,393.79
2024-01-22,P0019,S001,WH_1,SKU_26,85.046326,354.0,2.0,335.0,0.0,18.22,23.67,0.0,0.0,WH_1,2.52,50.97,34,5684,SYNTHETIC / ASSUMED PARAMETERS,0,False,268.95,STABLE,False,677.76
2024-01-22,P0015,S004,WH_4,SKU_22,72.10969,515.0,11.0,374.0,0.0,19.16,23.34,0.0,0.0,WH_4,2.12,46.36,63,10964,SYNTHETIC / ASSUMED PARAMETERS,0,False,442.89,STABLE,False,938.93
2024-01-22,P0018,S004,WH_4,SKU_25,133.62244,621.0,9.0,273.0,0.0,12.02,19.24,1.0,0.0,WH_4,1.67,68.75,82,5738,SYNTHETIC / ASSUMED PARAMETERS,0,False,487.38,STABLE,False,813.92
2024-01-22,P0003,S003,WH_3,SKU_11,124.21224,352.0,13.0,342.0,0.0,13.85,18.39,0.0,0.0,WH_3,1.16,58.36,96,10164,SYNTHETIC / ASSUMED PARAMETERS,0,False,227.79,STABLE,False,264.23
2024-01-22,P0006,S002,WH_2,SKU_14,85.733986,378.0,14.0,268.0,0.0,18.83,23.34,0.0,0.0,WH_2,2.51,66.61,39,5701,SYNTHETIC / ASSUMED PARAMETERS,0,False,292.27,STABLE,False,733.59
2024-01-22,P0002,S002,WH_2,SKU_10,76.36054,711.0,10.0,310.0,457.0,13.83,22.36,1.0,0.0,WH_2,0.8,49.56,40,6844,SYNTHETIC / ASSUMED PARAMETERS,0,False,634.64,STABLE,False,507.71
2024-01-22,P0019,S003,WH_3,SKU_26,172.74289,410.0,14.0,222.0,0.0,7.66,9.43,0.0,0.0,WH_3,0.81,30.44,28,5399,SYNTHETIC / ASSUMED PARAMETERS,0,False,237.26,STABLE,False,192.18
2024-01-22,P0012,S002,WH_2,SKU_2,93.78161,449.0,8.0,377.0,0.0,16.77,22.06,0.0,0.0,WH_2,1.73,61.48,56,5161,SYNTHETIC / ASSUMED PARAMETERS,0,False,355.22,STABLE,False,614.53
2024-01-22,P0003,S005,WH_5,SKU_11,143.86595,517.0,3.0,349.0,0.0,18.92,31.99,0.0,0.0,WH_5,1.99,103.38,46,6507,SYNTHETIC / ASSUMED PARAMETERS,0,False,373.13,STABLE,False,742.54
2024-01-22,P0008,S001,WH_1,SKU_16,108.354294,401.0,14.0,328.0,0.0,11.96,17.38,0.0,0.0,WH_1,1.64,39.73,88,10604,SYNTHETIC / ASSUMED PARAMETERS,0,False,292.65,STABLE,False,479.94
2024-01-22,P0016,S003,WH_3,SKU_23,138.19194,293.0,5.0,293.0,0.0,18.08,23.36,0.0,0.0,WH_3,2.55,64.6,72,10369,SYNTHETIC / ASSUMED PARAMETERS,0,False,154.81,STABLE,False,394.76
2024-01-22,P0007,S004,WH_4,SKU_15,108.27731,219.0,5.0,224.0,0.0,13.52,23.32,0.0,0.0,WH_4,1.16,58.22,61,7785,SYNTHETIC / ASSUMED PARAMETERS,5,True,115.72,STABLE,False,192.46
2024-01-22,P0008,S003,WH_3,SKU_16,117.59932,538.0,6.0,336.0,0.0,12.08,18.52,1.0,0.0,WH_3,1.03,67.38,41,10278,SYNTHETIC / ASSUMED PARAMETERS,0,False,420.4,STABLE,False,433.01
2024-01-22,P0019,S004,WH_4,SKU_26,138.65451,531.0,14.0,331.0,0.0,8.71,13.65,0.0,0.0,WH_4,0.81,35.89,53,6838,SYNTHETIC / ASSUMED PARAMETERS,0,False,392.35,STABLE,False,317.8
2024-01-22,P0013,S004,WH_4,SKU_20,119.66852,445.0,2.0,327.0,0.0,16.89,23.51,0.0,0.0,WH_4,1.33,49.52,45,10402,SYNTHETIC / ASSUMED PARAMETERS,0,False,325.33,STABLE,False,432.69
2024-01-22,P0002,S004,WH_4,SKU_10,92.863815,334.0,14.0,328.0,0.0,19.02,24.9,0.0,0.0,WH_4,2.76,93.09,92,6565,SYNTHETIC / ASSUMED PARAMETERS,0,False,241.14,STABLE,False,665.54
2024-01-22,P0015,S002,WH_2,SKU_22,101.54451,289.0,7.0,261.0,0.0,9.82,14.68,0.0,0.0,WH_2,1.21,42.78,60,5653,SYNTHETIC / ASSUMED PARAMETERS,0,False,187.46,STABLE,False,226.82
2024-01-22,P0002,S001,WH_1,SKU_10,135.3367,369.0,13.0,361.0,0.0,12.67,18.73,0.0,0.0,WH_1,1.29,70.59,100,6990,SYNTHETIC / ASSUMED PARAMETERS,0,False,233.66,STABLE,False,301.43
2024-01-22,P0009,S002,WH_2,SKU_17,103.77942,441.0,13.0,372.0,0.0,16.68,21.24,0.0,0.0,WH_2,1.17,53.18,81,8112,SYNTHETIC / ASSUMED PARAMETERS,0,False,337.22,STABLE,False,394.55
2024-01-22,P0007,S001,WH_1,SKU_15,108.3787,323.0,13.0,327.0,0.0,16.7,28.78,0.0,0.0,WH_1,2.21,100.17,53,6976,SYNTHETIC / ASSUMED PARAMETERS,4,True,218.62,STABLE,False,583.32
2024-01-22,P0017,S004,WH_4,SKU_24,165.74197,502.0,13.0,301.0,0.0,7.11,12.19,0.0,0.0,WH_4,1.05,31.77,79,5355,SYNTHETIC / ASSUMED PARAMETERS,0,False,336.26,STABLE,False,353.07
2024-01-22,P0007,S003,WH_3,SKU_15,89.562454,287.0,7.0,265.0,0.0,6.24,9.99,0.0,0.0,WH_3,0.69,40.25,72,9290,SYNTHETIC / ASSUMED PARAMETERS,0,False,197.44,STABLE,False,136.23
2024-01-22,P0016,S001,WH_1,SKU_23,130.08841,496.0,8.0,239.0,0.0,9.05,14.03,0.0,0.0,WH_1,0.76,35.69,32,4845,SYNTHETIC / ASSUMED PARAMETERS,0,False,365.91,STABLE,False,278.09
2024-01-22,P0020,S005,WH_5,SKU_27,134.02306,381.0,2.0,353.0,0.0,17.89,25.71,0.0,0.0,WH_5,1.71,74.7,103,6290,SYNTHETIC / ASSUMED PARAMETERS,0,False,246.98,STABLE,False,422.33
2024-01-22,P0018,S005,WH_5,SKU_25,191.06961,555.0,7.0,311.0,0.0,8.45,14.29,1.0,0.0,WH_5,0.63,58.32,37,5926,SYNTHETIC / ASSUMED PARAMETERS,0,False,363.93,STABLE,False,229.28
2024-01-22,P0020,S001,WH_1,SKU_27,79.211205,535.0,2.0,389.0,0.0,5.89,7.48,0.0,0.0,WH_1,0.77,21.54,103,8847,SYNTHETIC / ASSUMED PARAMETERS,0,False,455.79,STABLE,False,350.96
2024-01-22,P0010,S002,WH_2,SKU_18,156.0268,387.0,10.0,270.0,0.0,17.51,24.82,1.0,0.0,WH_2,1.18,54.17,54,10850,SYNTHETIC / ASSUMED PARAMETERS,0,False,230.97,STABLE,False,272.55
2024-01-22,P0006,S005,WH_5,SKU_14,124.47899,510.0,6.0,259.0,0.0,11.19,14.98,0.0,0.0,WH_5,0.92,37.97,55,10175,SYNTHETIC / ASSUMED PARAMETERS,0,False,385.52,STABLE,False,354.68
2024-01-22,P0014,S003,WH_3,SKU_21,125.999054,514.0,10.0,283.0,0.0,5.75,8.47,0.0,0.0,WH_3,0.72,24.19,84,8334,SYNTHETIC / ASSUMED PARAMETERS,0,False,388.0,STABLE,False,279.36
2024-01-22,P0017,S003,WH_3,SKU_24,130.2414,399.0,10.0,209.0,0.0,10.59,15.15,0.0,0.0,WH_3,1.43,56.19,52,9960,SYNTHETIC / ASSUMED PARAMETERS,0,False,268.76,STABLE,False,384.32
2024-01-22,P0004,S004,WH_4,SKU_12,116.26773,374.0,12.0,227.0,0.0,14.2,19.73,0.0,0.0,WH_4,1.6,43.96,33,7746,SYNTHETIC / ASSUMED PARAMETERS,0,False,257.73,STABLE,False,412.37
2024-01-22,P0014,S002,WH_2,SKU_21,102.77008,545.0,7.0,349.0,0.0,8.18,12.0,0.0,0.0,WH_2,1.13,36.82,79,8567,SYNTHETIC / ASSUMED PARAMETERS,0,False,442.23,STABLE,False,499.72
2024-01-22,P0001,S005,WH_5,SKU_1,178.31018,419.0,4.0,366.0,0.0,19.41,23.81,0.0,0.0,WH_5,2.58,47.73,54,8279,SYNTHETIC / ASSUMED PARAMETERS,0,False,240.69,STABLE,False,620.98
2024-01-22,P0009,S003,WH_3,SKU_17,111.227554,559.0,3.0,339.0,0.0,16.8,28.54,0.0,0.0,WH_3,1.1,80.9,84,7273,SYNTHETIC / ASSUMED PARAMETERS,0,False,447.77,STABLE,False,492.55
2024-01-22,P0018,S001,WH_1,SKU_25,151.93411,555.0,5.0,314.0,0.0,14.23,20.28,0.0,0.0,WH_1,0.9,46.65,78,5160,SYNTHETIC / ASSUMED PARAMETERS,0,False,403.07,STABLE,False,362.76
2024-01-22,P0017,S001,WH_1,SKU_24,147.10301,423.0,2.0,288.0,0.0,6.14,10.22,0.0,0.0,WH_1,0.75,31.15,47,6037,SYNTHETIC / ASSUMED PARAMETERS,0,False,275.9,STABLE,False,206.92
2024-01-22,P0002,S003,WH_3,SKU_10,105.393845,323.0,5.0,218.0,0.0,13.68,17.87,0.0,0.0,WH_3,1.74,42.93,55,5968,SYNTHETIC / ASSUMED PARAMETERS,0,False,217.61,STABLE,False,378.63
2024-01-22,P0012,S004,WH_4,SKU_2,136.84593,342.0,6.0,290.0,0.0,7.06,10.96,0.0,0.0,WH_4,1.1,40.69,80,10160,SYNTHETIC / ASSUMED PARAMETERS,0,False,205.15,STABLE,False,225.67
2024-01-22,P0011,S004,WH_4,SKU_19,138.58313,549.0,4.0,352.0,0.0,5.41,7.4,0.0,0.0,WH_4,0.43,30.95,55,9647,SYNTHETIC / ASSUMED PARAMETERS,0,False,410.42,STABLE,False,176.48
2024-01-22,P0001,S002,WH_2,SKU_1,121.2732,378.0,8.0,322.0,0.0,11.46,19.92,0.0,0.0,WH_2,0.9,70.92,62,9416,SYNTHETIC / ASSUMED PARAMETERS,0,False,256.73,STABLE,False,231.05
2024-01-22,P0016,S002,WH_2,SKU_23,85.390785,518.0,12.0,312.0,0.0,6.68,11.81,0.0,0.0,WH_2,0.8,35.45,73,10338,SYNTHETIC / ASSUMED PARAMETERS,0,False,432.61,STABLE,False,346.09
2024-01-22,P0014,S004,WH_4,SKU_21,94.05183,592.0,8.0,379.0,0.0,12.65,20.04,0.0,0.0,WH_4,0.78,76.01,44,11017,SYNTHETIC / ASSUMED PARAMETERS,0,False,497.95,STABLE,False,388.4
2024-01-22,P0008,S002,WH_2,SKU_16,78.68012,590.0,11.0,327.0,295.0,19.0,26.16,0.0,0.0,WH_2,2.13,82.7,65,6031,SYNTHETIC / ASSUMED PARAMETERS,0,False,511.32,STABLE,False,1089.11
2024-01-22,P0013,S003,WH_3,SKU_20,147.0379,389.0,3.0,319.0,0.0,14.9,25.16,0.0,0.0,WH_3,1.3,53.63,94,9643,SYNTHETIC / ASSUMED PARAMETERS,0,False,241.96,STABLE,False,314.55
2024-01-22,P0014,S005,WH_5,SKU_21,79.988884,295.0,8.0,309.0,0.0,13.11,23.25,0.0,0.0,WH_5,1.81,58.89,87,5672,SYNTHETIC / ASSUMED PARAMETERS,14,True,229.01,STABLE,False,473.4
2024-01-22,P0011,S003,WH_3,SKU_19,145.2829,340.0,4.0,295.0,0.0,14.17,23.01,1.0,0.0,WH_3,1.45,87.37,62,9399,SYNTHETIC / ASSUMED PARAMETERS,0,False,194.72,STABLE,False,282.34
2024-01-22,P0006,S003,WH_3,SKU_14,112.27218,539.0,3.0,283.0,0.0,5.88,9.37,0.0,0.0,WH_3,0.82,33.85,73,7722,SYNTHETIC / ASSUMED PARAMETERS,0,False,426.73,STABLE,False,349.92
2024-01-22,P0010,S001,WH_1,SKU_18,90.42337,654.0,2.0,346.0,0.0,8.62,10.49,0.0,0.0,WH_1,0.92,38.21,43,7798,SYNTHETIC / ASSUMED PARAMETERS,0,False,563.58,STABLE,False,518.49
2024-01-22,P0015,S003,WH_3,SKU_22,169.73793,190.0,4.0,211.0,0.0,18.38,32.58,0.0,0.0,WH_3,1.34,101.74,33,5385,SYNTHETIC / ASSUMED PARAMETERS,21,True,41.26,STABLE,False,157.03
2024-01-22,P0012,S003,WH_3,SKU_2,109.802124,455.0,10.0,319.0,0.0,5.02,7.82,0.0,0.0,WH_3,0.45,23.6,74,9396,SYNTHETIC / ASSUMED PARAMETERS,0,False,345.2,STABLE,False,155.34
2024-01-22,P0014,S001,WH_1,SKU_21,194.02615,272.0,11.0,245.0,0.0,19.68,23.66,1.0,0.0,WH_1,2.7,52.3,38,5664,SYNTHETIC / ASSUMED PARAMETERS,0,False,77.97,STABLE,False,210.53
2024-01-22,P0001,S003,WH_3,SKU_1,126.3406,383.0,6.0,314.0,0.0,6.06,8.41,0.0,0.0,WH_3,0.95,32.98,61,6038,SYNTHETIC / ASSUMED PARAMETERS,0,False,256.66,STABLE,False,243.83
2024-01-22,P0013,S005,WH_5,SKU_20,134.52014,310.0,2.0,246.0,0.0,10.07,18.03,1.0,0.0,WH_5,0.8,71.16,65,5639,SYNTHETIC / ASSUMED PARAMETERS,0,False,175.48,STABLE,False,140.38
2024-01-22,P0017,S002,WH_2,SKU_24,111.269646,371.0,5.0,365.0,0.0,19.69,29.64,0.0,0.0,WH_2,2.19,76.95,92,10380,SYNTHETIC / ASSUMED PARAMETERS,0,False,259.73,STABLE,False,568.81
2024-01-22,P0015,S001,WH_1,SKU_22,97.803185,440.0,4.0,282.0,0.0,8.88,12.51,0.0,0.0,WH_1,0.94,51.81,47,10427,SYNTHETIC / ASSUMED PARAMETERS,0,False,342.2,STABLE,False,321.67
2024-01-22,P0004,S003,WH_3,SKU_12,130.26286,272.0,6.0,234.0,0.0,10.01,13.38,1.0,0.0,WH_3,1.57,45.39,57,10301,SYNTHETIC / ASSUMED PARAMETERS,0,False,141.74,STABLE,False,222.53
2024-01-22,P0005,S003,WH_3,SKU_13,114.594025,372.0,14.0,382.0,0.0,6.01,8.52,0.0,0.0,WH_3,0.87,30.72,112,6380,SYNTHETIC / ASSUMED PARAMETERS,10,True,267.41,STABLE,False,263.36
2024-01-22,P0019,S005,WH_5,SKU_26,136.62416,676.0,4.0,393.0,0.0,17.15,27.81,0.0,0.0,WH_5,2.55,59.97,91,8473,SYNTHETIC / ASSUMED PARAMETERS,0,False,539.38,STABLE,False,1375.41
2024-01-22,P0005,S004,WH_4,SKU_13,76.90689,438.0,10.0,251.0,0.0,14.29,19.75,0.0,0.0,WH_4,0.97,79.01,68,10644,SYNTHETIC / ASSUMED PARAMETERS,0,False,361.09,STABLE,False,350.26
2024-01-22,P0016,S004,WH_4,SKU_23,72.99409,464.0,14.0,236.0,0.0,15.4,18.69,0.0,0.0,WH_4,1.44,47.04,57,10538,SYNTHETIC / ASSUMED PARAMETERS,0,False,391.01,STABLE,False,563.05
2024-01-22,P0017,S005,WH_5,SKU_24,143.17905,328.0,7.0,313.0,0.0,7.27,12.17,0.0,0.0,WH_5,0.56,44.06,66,10704,SYNTHETIC / ASSUMED PARAMETERS,0,False,184.82,STABLE,False,103.5
2024-01-22,P0020,S004,WH_4,SKU_27,132.66692,483.0,14.0,289.0,0.0,13.84,20.65,0.0,0.0,WH_4,2.11,78.58,52,8263,SYNTHETIC / ASSUMED PARAMETERS,0,False,350.33,STABLE,False,739.2
2024-01-22,P0005,S005,WH_5,SKU_13,123.58485,381.0,7.0,305.0,0.0,15.13,23.34,0.0,0.0,WH_5,0.88,49.29,48,10583,SYNTHETIC / ASSUMED PARAMETERS,0,False,257.42,STABLE,False,226.53
2024-01-22,P0004,S001,WH_1,SKU_12,103.8228,503.0,5.0,299.0,0.0,5.36,7.17,0.0,0.0,WH_1,0.74,24.31,60,7801,SYNTHETIC / ASSUMED PARAMETERS,0,False,399.18,STABLE,False,295.39
2024-01-22,P0006,S004,WH_4,SKU_14,117.88326,451.0,10.0,343.0,0.0,5.76,8.49,0.0,0.0,WH_4,0.78,37.66,58,8907,SYNTHETIC / ASSUMED PARAMETERS,0,False,333.12,STABLE,False,259.83
2024-01-22,P0009,S001,WH_1,SKU_17,159.03413,458.0,10.0,268.0,0.0,14.9,26.61,0.0,0.0,WH_1,1.04,53.46,53,5188,SYNTHETIC / ASSUMED PARAMETERS,0,False,298.97,STABLE,False,310.92
2024-01-22,P0019,S002,WH_2,SKU_26,137.7755,420.0,5.0,273.0,0.0,8.5,11.16,0.0,0.0,WH_2,0.55,33.37,47,8606,SYNTHETIC / ASSUMED PARAMETERS,0,False,282.22,STABLE,False,155.22
2024-01-22,P0008,S005,WH_5,SKU_16,132.8361,457.0,2.0,394.0,0.0,13.23,20.46,0.0,0.0,WH_5,1.66,59.45,101,8221,SYNTHETIC / ASSUMED PARAMETERS,0,False,324.16,STABLE,False,538.11
2024-01-22,P0004,S002,WH_2,SKU_12,111.41559,452.0,6.0,370.0,0.0,19.03,23.02,0.0,0.0,WH_2,2.32,68.2,104,8597,SYNTHETIC / ASSUMED PARAMETERS,0,False,340.58,STABLE,False,790.16
2024-01-22,P0007,S002,WH_2,SKU_15,80.7725,482.0,8.0,386.0,0.0,11.37,14.92,0.0,0.0,WH_2,1.19,43.87,61,9277,SYNTHETIC / ASSUMED PARAMETERS,0,False,401.23,STABLE,False,477.46
2024-01-22,P0012,S001,WH_1,SKU_2,120.147896,491.0,13.0,228.0,0.0,19.76,35.1,0.0,0.0,WH_1,2.92,120.54,61,5736,SYNTHETIC / ASSUMED PARAMETERS,0,False,370.85,STABLE,False,1082.89
2024-01-22,P0020,S003,WH_3,SKU_27,135.70905,717.0,3.0,296.0,0.0,9.18,15.91,0.0,0.0,WH_3,1.13,62.45,32,6179,SYNTHETIC / ASSUMED PARAMETERS,0,False,581.29,STABLE,False,656.86
2024-01-22,P0018,S003,WH_3,SKU_25,112.14808,361.0,7.0,232.0,0.0,6.51,8.04,0.0,0.0,WH_3,0.89,32.85,39,9598,SYNTHETIC / ASSUMED PARAMETERS,0,False,248.85,STABLE,False,221.48
2024-01-22,P0012,S005,WH_5,SKU_2,127.56783,339.0,14.0,267.0,0.0,15.0,26.38,0.0,0.0,WH_5,1.72,57.23,63,7517,SYNTHETIC / ASSUMED PARAMETERS,0,False,211.43,STABLE,False,363.66
2024-01-22,P0003,S002,WH_2,SKU_11,138.09631,522.0,4.0,230.0,0.0,17.93,29.29,0.0,0.0,WH_2,2.41,85.34,31,10194,SYNTHETIC / ASSUMED PARAMETERS,0,False,383.9,STABLE,False,925.21
2024-01-22,P0011,S005,WH_5,SKU_19,99.154816,404.0,7.0,281.0,0.0,15.87,25.1,0.0,0.0,WH_5,2.0,76.39,84,8102,SYNTHETIC / ASSUMED PARAMETERS,0,False,304.85,STABLE,False,609.69
2024-01-22,P0002,S005,WH_5,SKU_10,106.40937,487.0,9.0,246.0,0.0,9.67,15.35,0.0,0.0,WH_5,1.52,60.17,40,6308,SYNTHETIC / ASSUMED PARAMETERS,0,False,380.59,STABLE,False,578.5
2024-01-22,P0010,S004,WH_4,SKU_18,102.685585,535.0,6.0,250.0,0.0,5.35,9.51,0.0,0.0,WH_4,0.78,43.27,45,6602,SYNTHETIC / ASSUMED PARAMETERS,0,False,432.31,STABLE,False,337.21
2024-01-22,P0006,S001,WH_1,SKU_14,114.48913,392.0,11.0,265.0,0.0,8.21,11.1,1.0,0.0,WH_1,1.31,43.21,69,6246,SYNTHETIC / ASSUMED PARAMETERS,0,False,277.51,STABLE,False,363.54
2024-01-22,P0015,S005,WH_5,SKU_22,103.00311,361.0,4.0,326.0,0.0,16.45,25.06,0.0,0.0,WH_5,2.1,76.56,84,10655,SYNTHETIC / ASSUMED PARAMETERS,0,False,258.0,STABLE,False,541.79
2024-01-22,P0011,S002,WH_2,SKU_19,125.85593,388.0,8.0,316.0,0.0,12.67,18.56,0.0,0.0,WH_2,1.58,55.58,37,4994,SYNTHETIC / ASSUMED PARAMETERS,0,False,262.14,STABLE,False,414.19
2024-01-22,P0009,S004,WH_4,SKU_17,104.53733,346.0,5.0,341.0,0.0,8.62,10.66,0.0,0.0,WH_4,1.16,28.26,74,6506,SYNTHETIC / ASSUMED PARAMETERS,0,False,241.46,STABLE,False,280.1
2024-01-22,P0007,S005,WH_5,SKU_15,116.02803,657.0,14.0,279.0,0.0,15.48,21.47,0.0,0.0,WH_5,1.08,84.29,72,9525,SYNTHETIC / ASSUMED PARAMETERS,0,False,540.97,STABLE,False,584.25
2024-01-23,P0016,S002,WH_2,SKU_23,116.3919,503.0,12.0,312.0,0.0,6.68,11.81,0.0,0.0,WH_2,0.8,35.45,73,10338,SYNTHETIC / ASSUMED PARAMETERS,0,False,386.61,STABLE,False,309.29
2024-01-23,P0008,S005,WH_5,SKU_16,134.22325,437.0,2.0,394.0,0.0,13.23,20.46,0.0,0.0,WH_5,1.66,59.45,101,8221,SYNTHETIC / ASSUMED PARAMETERS,0,False,302.78,STABLE,False,502.61
2024-01-23,P0001,S003,WH_3,SKU_1,96.78942,367.0,6.0,314.0,0.0,6.06,8.41,0.0,0.0,WH_3,0.95,32.98,61,6038,SYNTHETIC / ASSUMED PARAMETERS,0,False,270.21,STABLE,False,256.7
2024-01-23,P0005,S004,WH_4,SKU_13,93.581276,410.0,10.0,251.0,0.0,14.29,19.75,0.0,0.0,WH_4,0.97,79.01,68,10644,SYNTHETIC / ASSUMED PARAMETERS,0,False,316.42,STABLE,False,306.93
2024-01-23,P0015,S004,WH_4,SKU_22,62.965096,503.0,11.0,374.0,0.0,19.16,23.34,0.0,0.0,WH_4,2.12,46.36,63,10964,SYNTHETIC / ASSUMED PARAMETERS,0,False,440.03,STABLE,False,932.87
2024-01-23,P0017,S004,WH_4,SKU_24,99.60963,486.0,13.0,301.0,0.0,7.11,12.19,0.0,0.0,WH_4,1.05,31.77,79,5355,SYNTHETIC / ASSUMED PARAMETERS,0,False,386.39,STABLE,False,405.71
2024-01-23,P0002,S003,WH_3,SKU_10,102.98299,304.0,5.0,218.0,0.0,13.68,17.87,0.0,0.0,WH_3,1.74,42.93,55,5968,SYNTHETIC / ASSUMED PARAMETERS,0,False,201.02,STABLE,False,349.77
2024-01-23,P0009,S002,WH_2,SKU_17,78.42509,421.0,13.0,372.0,0.0,16.68,21.24,0.0,0.0,WH_2,1.17,53.18,81,8112,SYNTHETIC / ASSUMED PARAMETERS,0,False,342.57,STABLE,False,400.81
2024-01-23,P0010,S003,WH_3,SKU_18,110.90404,355.0,9.0,213.0,0.0,15.53,20.4,0.0,0.0,WH_3,2.28,65.06,40,7890,SYNTHETIC / ASSUMED PARAMETERS,0,False,244.1,STABLE,False,556.54
2024-01-23,P0015,S002,WH_2,SKU_22,98.97051,259.0,7.0,261.0,0.0,9.82,14.68,0.0,0.0,WH_2,1.21,42.78,60,5653,SYNTHETIC / ASSUMED PARAMETERS,2,True,162.03,STABLE,False,238.84
2024-01-23,P0017,S002,WH_2,SKU_24,65.623375,348.0,5.0,365.0,0.0,19.69,29.64,0.0,0.0,WH_2,2.19,76.95,92,10380,SYNTHETIC / ASSUMED PARAMETERS,17,True,299.38,STABLE,False,732.58
2024-01-23,P0008,S002,WH_2,SKU_16,136.2348,572.0,11.0,327.0,0.0,19.0,26.16,0.0,0.0,WH_2,2.13,82.7,65,6031,SYNTHETIC / ASSUMED PARAMETERS,0,False,435.77,STABLE,False,928.18
2024-01-23,P0010,S001,WH_1,SKU_18,73.67264,628.0,2.0,346.0,0.0,8.62,10.49,0.0,0.0,WH_1,0.92,38.21,43,7798,SYNTHETIC / ASSUMED PARAMETERS,0,False,554.33,STABLE,False,509.98
2024-01-23,P0011,S001,WH_1,SKU_19,109.13235,507.0,8.0,287.0,0.0,12.4,18.41,0.0,0.0,WH_1,1.18,43.0,33,9186,SYNTHETIC / ASSUMED PARAMETERS,0,False,397.87,STABLE,False,469.48
2024-01-23,P0020,S001,WH_1,SKU_27,65.029976,514.0,2.0,389.0,0.0,5.89,7.48,0.0,0.0,WH_1,0.77,21.54,103,8847,SYNTHETIC / ASSUMED PARAMETERS,0,False,448.97,STABLE,False,345.71
2024-01-23,P0006,S004,WH_4,SKU_14,131.43428,428.0,10.0,343.0,0.0,5.76,8.49,0.0,0.0,WH_4,0.78,37.66,58,8907,SYNTHETIC / ASSUMED PARAMETERS,0,False,296.57,STABLE,False,231.32
2024-01-23,P0011,S003,WH_3,SKU_19,104.47879,325.0,4.0,295.0,0.0,14.17,23.01,0.0,0.0,WH_3,1.45,87.37,62,9399,SYNTHETIC / ASSUMED PARAMETERS,0,False,220.52,STABLE,False,319.76
2024-01-23,P0009,S001,WH_1,SKU_17,102.26827,434.0,10.0,268.0,0.0,14.9,26.61,0.0,0.0,WH_1,1.04,53.46,53,5188,SYNTHETIC / ASSUMED PARAMETERS,0,False,331.73,STABLE,False,345.0
2024-01-23,P0017,S005,WH_5,SKU_24,85.63661,308.0,7.0,313.0,0.0,7.27,12.17,0.0,0.0,WH_5,0.56,44.06,66,10704,SYNTHETIC / ASSUMED PARAMETERS,5,True,227.36,STABLE,False,171.38
2024-01-23,P0014,S002,WH_2,SKU_21,95.83944,522.0,7.0,349.0,0.0,8.18,12.0,0.0,0.0,WH_2,1.13,36.82,79,8567,SYNTHETIC / ASSUMED PARAMETERS,0,False,426.16,STABLE,False,481.56
2024-01-23,P0012,S005,WH_5,SKU_2,101.50364,304.0,14.0,267.0,0.0,15.0,26.38,1.0,0.0,WH_5,1.72,57.23,63,7517,SYNTHETIC / ASSUMED PARAMETERS,0,False,202.5,STABLE,False,348.29
2024-01-23,P0007,S002,WH_2,SKU_15,87.78747,467.0,8.0,386.0,0.0,11.37,14.92,0.0,0.0,WH_2,1.19,43.87,61,9277,SYNTHETIC / ASSUMED PARAMETERS,0,False,379.21,STABLE,False,451.26
2024-01-23,P0011,S005,WH_5,SKU_19,93.16203,382.0,7.0,281.0,0.0,15.87,25.1,0.0,0.0,WH_5,2.0,76.39,84,8102,SYNTHETIC / ASSUMED PARAMETERS,0,False,288.84,STABLE,False,577.68
2024-01-23,P0018,S001,WH_1,SKU_25,114.49012,533.0,5.0,314.0,0.0,14.23,20.28,0.0,0.0,WH_1,0.9,46.65,78,5160,SYNTHETIC / ASSUMED PARAMETERS,0,False,418.51,STABLE,False,376.66
2024-01-23,P0012,S001,WH_1,SKU_2,136.19006,468.0,13.0,228.0,0.0,19.76,35.1,0.0,0.0,WH_1,2.92,120.54,61,5736,SYNTHETIC / ASSUMED PARAMETERS,0,False,331.81,STABLE,False,968.89
2024-01-23,P0013,S002,WH_2,SKU_20,125.70663,578.0,9.0,336.0,0.0,12.31,20.86,0.0,0.0,WH_2,1.41,50.99,90,10971,SYNTHETIC / ASSUMED PARAMETERS,0,False,452.29,STABLE,False,637.73
2024-01-23,P0007,S001,WH_1,SKU_15,80.662735,674.0,13.0,327.0,372.0,16.7,28.78,0.0,0.0,WH_1,2.21,100.17,53,6976,SYNTHETIC / ASSUMED PARAMETERS,0,False,593.34,STABLE,False,1311.28
2024-01-23,P0013,S001,WH_1,SKU_20,118.980865,320.0,9.0,295.0,0.0,9.55,16.05,0.0,0.0,WH_1,1.19,44.04,33,5191,SYNTHETIC / ASSUMED PARAMETERS,0,False,201.02,STABLE,False,239.21
2024-01-23,P0007,S005,WH_5,SKU_15,94.391106,621.0,14.0,279.0,0.0,15.48,21.47,0.0,0.0,WH_5,1.08,84.29,72,9525,SYNTHETIC / ASSUMED PARAMETERS,0,False,526.61,STABLE,False,568.74
2024-01-23,P0019,S004,WH_4,SKU_26,91.709854,511.0,14.0,331.0,0.0,8.71,13.65,0.0,0.0,WH_4,0.81,35.89,53,6838,SYNTHETIC / ASSUMED PARAMETERS,0,False,419.29,STABLE,False,339.63
2024-01-23,P0013,S003,WH_3,SKU_20,123.693184,371.0,3.0,319.0,0.0,14.9,25.16,0.0,0.0,WH_3,1.3,53.63,94,9643,SYNTHETIC / ASSUMED PARAMETERS,0,False,247.31,STABLE,False,321.5
2024-01-23,P0012,S004,WH_4,SKU_2,129.96098,318.0,6.0,290.0,0.0,7.06,10.96,0.0,0.0,WH_4,1.1,40.69,80,10160,SYNTHETIC / ASSUMED PARAMETERS,0,False,188.04,STABLE,False,206.84
2024-01-23,P0003,S002,WH_2,SKU_11,109.68383,502.0,4.0,230.0,0.0,17.93,29.29,0.0,0.0,WH_2,2.41,85.34,31,10194,SYNTHETIC / ASSUMED PARAMETERS,0,False,392.32,STABLE,False,945.48
2024-01-23,P0010,S005,WH_5,SKU_18,97.356224,392.0,13.0,394.0,0.0,13.35,21.48,0.0,0.0,WH_5,1.44,69.56,77,8261,SYNTHETIC / ASSUMED PARAMETERS,2,True,296.64,STABLE,False,496.73
2024-01-23,P0016,S005,WH_5,SKU_23,117.5434,690.0,3.0,383.0,0.0,19.43,28.74,0.0,0.0,WH_5,2.51,93.33,52,7979,SYNTHETIC / ASSUMED PARAMETERS,0,False,572.46,STABLE,False,1436.87
2024-01-23,P0018,S003,WH_3,SKU_25,89.4449,347.0,7.0,232.0,0.0,6.51,8.04,0.0,0.0,WH_3,0.89,32.85,39,9598,SYNTHETIC / ASSUMED PARAMETERS,0,False,257.56,STABLE,False,229.22
2024-01-23,P0007,S003,WH_3,SKU_15,92.718216,266.0,7.0,265.0,0.0,6.24,9.99,0.0,0.0,WH_3,0.69,40.25,72,9290,SYNTHETIC / ASSUMED PARAMETERS,0,False,173.28,STABLE,False,119.56
2024-01-23,P0019,S002,WH_2,SKU_26,110.62772,389.0,5.0,273.0,0.0,8.5,11.16,0.0,0.0,WH_2,0.55,33.37,47,8606,SYNTHETIC / ASSUMED PARAMETERS,0,False,278.37,STABLE,False,153.1
2024-01-23,P0014,S001,WH_1,SKU_21,96.30262,254.0,11.0,245.0,0.0,19.68,23.66,0.0,0.0,WH_1,2.7,52.3,38,5664,SYNTHETIC / ASSUMED PARAMETERS,0,False,157.7,STABLE,False,425.78
2024-01-23,P0002,S002,WH_2,SKU_10,74.72779,688.0,10.0,310.0,0.0,13.83,22.36,0.0,0.0,WH_2,0.8,49.56,40,6844,SYNTHETIC / ASSUMED PARAMETERS,0,False,613.27,STABLE,False,490.62
2024-01-23,P0005,S003,WH_3,SKU_13,84.324,740.0,14.0,382.0,386.0,6.01,8.52,0.0,0.0,WH_3,0.87,30.72,112,6380,SYNTHETIC / ASSUMED PARAMETERS,0,False,655.68,STABLE,False,570.44
2024-01-23,P0020,S004,WH_4,SKU_27,68.856285,455.0,14.0,289.0,0.0,13.84,20.65,1.0,0.0,WH_4,2.11,78.58,52,8263,SYNTHETIC / ASSUMED PARAMETERS,0,False,386.14,STABLE,False,814.76
2024-01-23,P0004,S004,WH_4,SKU_12,137.3465,348.0,12.0,227.0,0.0,14.2,19.73,0.0,0.0,WH_4,1.6,43.96,33,7746,SYNTHETIC / ASSUMED PARAMETERS,0,False,210.65,STABLE,False,337.05
2024-01-23,P0011,S002,WH_2,SKU_19,77.15553,373.0,8.0,316.0,0.0,12.67,18.56,0.0,0.0,WH_2,1.58,55.58,37,4994,SYNTHETIC / ASSUMED PARAMETERS,0,False,295.84,STABLE,False,467.43
2024-01-23,P0013,S004,WH_4,SKU_20,142.93501,417.0,2.0,327.0,0.0,16.89,23.51,0.0,0.0,WH_4,1.33,49.52,45,10402,SYNTHETIC / ASSUMED PARAMETERS,0,False,274.06,STABLE,False,364.51
2024-01-23,P0003,S005,WH_5,SKU_11,76.49032,494.0,3.0,349.0,0.0,18.92,31.99,0.0,0.0,WH_5,1.99,103.38,46,6507,SYNTHETIC / ASSUMED PARAMETERS,0,False,417.51,STABLE,False,830.84
2024-01-23,P0004,S001,WH_1,SKU_12,68.24508,478.0,5.0,299.0,0.0,5.36,7.17,0.0,0.0,WH_1,0.74,24.31,60,7801,SYNTHETIC / ASSUMED PARAMETERS,0,False,409.75,STABLE,False,303.22
2024-01-23,P0017,S003,WH_3,SKU_24,88.18526,377.0,10.0,209.0,0.0,10.59,15.15,0.0,0.0,WH_3,1.43,56.19,52,9960,SYNTHETIC / ASSUMED PARAMETERS,0,False,288.81,STABLE,False,413.01
2024-01-23,P0014,S005,WH_5,SKU_21,56.328266,473.0,8.0,309.0,213.0,13.11,23.25,1.0,0.0,WH_5,1.81,58.89,87,5672,SYNTHETIC / ASSUMED PARAMETERS,0,False,416.67,STABLE,False,754.18
2024-01-23,P0008,S004,WH_4,SKU_16,76.46049,647.0,4.0,367.0,0.0,6.61,9.52,0.0,0.0,WH_4,0.87,40.21,59,5735,SYNTHETIC / ASSUMED PARAMETERS,0,False,570.54,STABLE,False,496.37
2024-01-23,P0005,S005,WH_5,SKU_13,101.09681,356.0,7.0,305.0,0.0,15.13,23.34,0.0,0.0,WH_5,0.88,49.29,48,10583,SYNTHETIC / ASSUMED PARAMETERS,0,False,254.9,STABLE,False,224.31
2024-01-23,P0001,S004,WH_4,SKU_1,84.542244,651.0,9.0,333.0,0.0,6.93,10.7,1.0,0.0,WH_4,1.02,32.51,60,7800,SYNTHETIC / ASSUMED PARAMETERS,0,False,566.46,STABLE,False,577.79
2024-01-23,P0019,S005,WH_5,SKU_26,59.55087,655.0,4.0,393.0,0.0,17.15,27.81,0.0,0.0,WH_5,2.55,59.97,91,8473,SYNTHETIC / ASSUMED PARAMETERS,0,False,595.45,STABLE,False,1518.4
2024-01-23,P0016,S001,WH_1,SKU_23,136.82948,474.0,8.0,239.0,0.0,9.05,14.03,0.0,0.0,WH_1,0.76,35.69,32,4845,SYNTHETIC / ASSUMED PARAMETERS,0,False,337.17,STABLE,False,256.25
2024-01-23,P0014,S003,WH_3,SKU_21,115.20982,484.0,10.0,283.0,0.0,5.75,8.47,0.0,0.0,WH_3,0.72,24.19,84,8334,SYNTHETIC / ASSUMED PARAMETERS,0,False,368.79,STABLE,False,265.53
2024-01-23,P0002,S004,WH_4,SKU_10,94.65226,302.0,14.0,328.0,0.0,19.02,24.9,0.0,0.0,WH_4,2.76,93.09,92,6565,SYNTHETIC / ASSUMED PARAMETERS,26,True,233.35,STABLE,False,737.13
2024-01-23,P0006,S003,WH_3,SKU_14,158.87358,515.0,3.0,283.0,0.0,5.88,9.37,0.0,0.0,WH_3,0.82,33.85,73,7722,SYNTHETIC / ASSUMED PARAMETERS,0,False,356.13,STABLE,False,292.02
2024-01-23,P0020,S002,WH_2,SKU_27,54.29837,402.0,4.0,223.0,0.0,16.3,21.54,0.0,0.0,WH_2,1.63,83.19,46,6479,SYNTHETIC / ASSUMED PARAMETERS,0,False,347.7,STABLE,False,566.75
2024-01-23,P0012,S002,WH_2,SKU_2,98.18157,425.0,8.0,377.0,0.0,16.77,22.06,0.0,0.0,WH_2,1.73,61.48,56,5161,SYNTHETIC / ASSUMED PARAMETERS,0,False,326.82,STABLE,False,565.4
2024-01-23,P0013,S005,WH_5,SKU_20,132.28532,298.0,2.0,246.0,0.0,10.07,18.03,0.0,0.0,WH_5,0.8,71.16,65,5639,SYNTHETIC / ASSUMED PARAMETERS,0,False,165.71,STABLE,False,132.57
2024-01-23,P0001,S005,WH_5,SKU_1,70.75639,392.0,4.0,366.0,0.0,19.41,23.81,0.0,0.0,WH_5,2.58,47.73,54,8279,SYNTHETIC / ASSUMED PARAMETERS,0,False,321.24,STABLE,False,828.81
2024-01-23,P0005,S002,WH_2,SKU_13,91.479195,698.0,11.0,350.0,0.0,17.04,21.69,0.0,0.0,WH_2,2.15,79.74,38,5796,SYNTHETIC / ASSUMED PARAMETERS,0,False,606.52,STABLE,False,1304.02
2024-01-23,P0010,S002,WH_2,SKU_18,97.586494,361.0,10.0,270.0,0.0,17.51,24.82,0.0,0.0,WH_2,1.18,54.17,54,10850,SYNTHETIC / ASSUMED PARAMETERS,0,False,263.41,STABLE,False,310.83
2024-01-23,P0015,S001,WH_1,SKU_22,99.9106,422.0,4.0,282.0,0.0,8.88,12.51,0.0,0.0,WH_1,0.94,51.81,47,10427,SYNTHETIC / ASSUMED PARAMETERS,0,False,322.09,STABLE,False,302.76
2024-01-23,P0003,S003,WH_3,SKU_11,114.0966,331.0,13.0,342.0,0.0,13.85,18.39,0.0,0.0,WH_3,1.16,58.36,96,10164,SYNTHETIC / ASSUMED PARAMETERS,11,True,227.9,STABLE,False,322.73
2024-01-23,P0006,S005,WH_5,SKU_14,126.53766,480.0,6.0,259.0,0.0,11.19,14.98,0.0,0.0,WH_5,0.92,37.97,55,10175,SYNTHETIC / ASSUMED PARAMETERS,0,False,353.46,STABLE,False,325.19
2024-01-23,P0009,S005,WH_5,SKU_17,74.11022,426.0,8.0,321.0,0.0,7.73,13.36,0.0,0.0,WH_5,0.58,50.99,60,7894,SYNTHETIC / ASSUMED PARAMETERS,0,False,351.89,STABLE,False,204.1
2024-01-23,P0004,S002,WH_2,SKU_12,105.306915,432.0,6.0,370.0,0.0,19.03,23.02,0.0,0.0,WH_2,2.32,68.2,104,8597,SYNTHETIC / ASSUMED PARAMETERS,0,False,326.69,STABLE,False,757.93
2024-01-23,P0016,S003,WH_3,SKU_23,116.39335,709.0,5.0,293.0,433.0,18.08,23.36,0.0,0.0,WH_3,2.55,64.6,72,10369,SYNTHETIC / ASSUMED PARAMETERS,0,False,592.61,STABLE,False,1511.15
2024-01-23,P0003,S004,WH_4,SKU_11,76.11455,486.0,2.0,382.0,0.0,6.2,7.82,0.0,0.0,WH_4,0.5,33.95,90,5402,SYNTHETIC / ASSUMED PARAMETERS,0,False,409.89,STABLE,False,204.94
2024-01-23,P0015,S005,WH_5,SKU_22,89.29482,342.0,4.0,326.0,0.0,16.45,25.06,0.0,0.0,WH_5,2.1,76.56,84,10655,SYNTHETIC / ASSUMED PARAMETERS,0,False,252.71,STABLE,False,530.68
2024-01-23,P0010,S004,WH_4,SKU_18,122.88844,501.0,6.0,250.0,0.0,5.35,9.51,0.0,0.0,WH_4,0.78,43.27,45,6602,SYNTHETIC / ASSUMED PARAMETERS,0,False,378.11,STABLE,False,294.93
2024-01-23,P0020,S003,WH_3,SKU_27,97.465225,695.0,3.0,296.0,0.0,9.18,15.91,0.0,0.0,WH_3,1.13,62.45,32,6179,SYNTHETIC / ASSUMED PARAMETERS,0,False,597.53,STABLE,False,675.21
2024-01-23,P0011,S004,WH_4,SKU_19,119.278595,525.0,4.0,352.0,0.0,5.41,7.4,0.0,0.0,WH_4,0.43,30.95,55,9647,SYNTHETIC / ASSUMED PARAMETERS,0,False,405.72,STABLE,False,174.46
2024-01-23,P0005,S001,WH_1,SKU_13,88.03081,391.0,9.0,246.0,0.0,19.52,24.09,0.0,0.0,WH_1,1.26,57.54,50,8981,SYNTHETIC / ASSUMED PARAMETERS,0,False,302.97,STABLE,False,381.74
2024-01-23,P0002,S005,WH_5,SKU_10,89.34177,469.0,9.0,246.0,0.0,9.67,15.35,0.0,0.0,WH_5,1.52,60.17,40,6308,SYNTHETIC / ASSUMED PARAMETERS,0,False,379.66,STABLE,False,577.08
2024-01-23,P0020,S005,WH_5,SKU_27,89.589554,359.0,2.0,353.0,0.0,17.89,25.71,0.0,0.0,WH_5,1.71,74.7,103,6290,SYNTHETIC / ASSUMED PARAMETERS,0,False,269.41,STABLE,False,460.69
2024-01-23,P0004,S003,WH_3,SKU_12,104.22954,253.0,6.0,234.0,0.0,10.01,13.38,1.0,0.0,WH_3,1.57,45.39,57,10301,SYNTHETIC / ASSUMED PARAMETERS,0,False,148.77,STABLE,False,233.57
2024-01-23,P0018,S004,WH_4,SKU_25,62.93884,584.0,9.0,273.0,0.0,12.02,19.24,1.0,0.0,WH_4,1.67,68.75,82,5738,SYNTHETIC / ASSUMED PARAMETERS,0,False,521.06,STABLE,False,870.17
2024-01-23,P0012,S003,WH_3,SKU_2,104.07458,427.0,10.0,319.0,0.0,5.02,7.82,0.0,0.0,WH_3,0.45,23.6,74,9396,SYNTHETIC / ASSUMED PARAMETERS,0,False,322.93,STABLE,False,145.32
2024-01-23,P0019,S001,WH_1,SKU_26,55.877,326.0,2.0,335.0,0.0,18.22,23.67,0.0,0.0,WH_1,2.52,50.97,34,5684,SYNTHETIC / ASSUMED PARAMETERS,9,True,279.12,STABLE,False,754.36
2024-01-23,P0008,S003,WH_3,SKU_16,139.82047,520.0,6.0,336.0,0.0,12.08,18.52,0.0,0.0,WH_3,1.03,67.38,41,10278,SYNTHETIC / ASSUMED PARAMETERS,0,False,380.18,STABLE,False,391.58
2024-01-23,P0004,S005,WH_5,SKU_12,105.67564,715.0,6.0,349.0,0.0,10.21,15.8,1.0,0.0,WH_5,0.76,39.17,96,5993,SYNTHETIC / ASSUMED PARAMETERS,0,False,609.32,STABLE,False,463.09
2024-01-23,P0018,S005,WH_5,SKU_25,123.30736,531.0,7.0,311.0,0.0,8.45,14.29,0.0,0.0,WH_5,0.63,58.32,37,5926,SYNTHETIC / ASSUMED PARAMETERS,0,False,407.69,STABLE,False,256.85
2024-01-23,P0018,S002,WH_2,SKU_25,83.76384,380.0,3.0,352.0,0.0,5.07,6.95,0.0,0.0,WH_2,0.51,29.96,39,8258,SYNTHETIC / ASSUMED PARAMETERS,0,False,296.24,STABLE,False,151.08
2024-01-23,P0003,S001,WH_1,SKU_11,98.13086,444.0,4.0,286.0,0.0,19.54,34.79,1.0,0.0,WH_1,2.75,93.77,81,6423,SYNTHETIC / ASSUMED PARAMETERS,0,False,345.87,STABLE,False,951.14
2024-01-23,P0006,S002,WH_2,SKU_14,98.79495,360.0,14.0,268.0,0.0,18.83,23.34,0.0,0.0,WH_2,2.51,66.61,39,5701,SYNTHETIC / ASSUMED PARAMETERS,0,False,261.21,STABLE,False,655.62
2024-01-23,P0002,S001,WH_1,SKU_10,88.06386,345.0,13.0,361.0,0.0,12.67,18.73,0.0,0.0,WH_1,1.29,70.59,100,6990,SYNTHETIC / ASSUMED PARAMETERS,16,True,272.94,STABLE,False,422.68
2024-01-23,P0008,S001,WH_1,SKU_16,105.108864,378.0,14.0,328.0,0.0,11.96,17.38,0.0,0.0,WH_1,1.64,39.73,88,10604,SYNTHETIC / ASSUMED PARAMETERS,0,False,272.89,STABLE,False,447.54
2024-01-23,P0001,S001,WH_1,SKU_1,84.31748,548.0,14.0,379.0,0.0,13.95,20.48,0.0,0.0,WH_1,1.88,67.42,94,6673,SYNTHETIC / ASSUMED PARAMETERS,0,False,463.68,STABLE,False,871.72
2024-01-23,P0019,S003,WH_3,SKU_26,101.47865,387.0,14.0,222.0,0.0,7.66,9.43,0.0,0.0,WH_3,0.81,30.44,28,5399,SYNTHETIC / ASSUMED PARAMETERS,0,False,285.52,STABLE,False,231.27
2024-01-23,P0001,S002,WH_2,SKU_1,101.71262,349.0,8.0,322.0,0.0,11.46,19.92,0.0,0.0,WH_2,0.9,70.92,62,9416,SYNTHETIC / ASSUMED PARAMETERS,0,False,247.29,STABLE,False,222.56
2024-01-23,P0014,S004,WH_4,SKU_21,90.58068,562.0,8.0,379.0,0.0,12.65,20.04,0.0,0.0,WH_4,0.78,76.01,44,11017,SYNTHETIC / ASSUMED PARAMETERS,0,False,471.42,STABLE,False,367.71
2024-01-23,P0009,S003,WH_3,SKU_17,105.251144,534.0,3.0,339.0,0.0,16.8,28.54,0.0,0.0,WH_3,1.1,80.9,84,7273,SYNTHETIC / ASSUMED PARAMETERS,0,False,428.75,STABLE,False,471.62
2024-01-23,P0009,S004,WH_4,SKU_17,104.95787,322.0,5.0,341.0,0.0,8.62,10.66,0.0,0.0,WH_4,1.16,28.26,74,6506,SYNTHETIC / ASSUMED PARAMETERS,19,True,236.04,STABLE,False,302.07
2024-01-23,P0016,S004,WH_4,SKU_23,80.336685,444.0,14.0,236.0,0.0,15.4,18.69,0.0,0.0,WH_4,1.44,47.04,57,10538,SYNTHETIC / ASSUMED PARAMETERS,0,False,363.66,STABLE,False,523.68
2024-01-23,P0006,S001,WH_1,SKU_14,118.10554,365.0,11.0,265.0,0.0,8.21,11.1,0.0,0.0,WH_1,1.31,43.21,69,6246,SYNTHETIC / ASSUMED PARAMETERS,0,False,246.89,STABLE,False,323.43
2024-01-23,P0015,S003,WH_3,SKU_22,129.27962,664.0,4.0,211.0,498.0,18.38,32.58,0.0,0.0,WH_3,1.34,101.74,33,5385,SYNTHETIC / ASSUMED PARAMETERS,0,False,534.72,STABLE,False,716.53
2024-01-23,P0007,S004,WH_4,SKU_15,109.0927,554.0,5.0,224.0,360.0,13.52,23.32,0.0,0.0,WH_4,1.16,58.22,61,7785,SYNTHETIC / ASSUMED PARAMETERS,0,False,444.91,STABLE,False,516.09
2024-01-23,P0017,S001,WH_1,SKU_24,96.08631,400.0,2.0,288.0,0.0,6.14,10.22,0.0,0.0,WH_1,0.75,31.15,47,6037,SYNTHETIC / ASSUMED PARAMETERS,0,False,303.91,STABLE,False,227.94
2024-01-24,P0005,S005,WH_5,SKU_13,100.8578,332.0,7.0,305.0,0.0,15.13,23.34,1.0,0.0,WH_5,0.88,49.29,48,10583,SYNTHETIC / ASSUMED PARAMETERS,0,False,231.14,STABLE,False,203.41
2024-01-24,P0003,S003,WH_3,SKU_11,133.17876,799.0,13.0,342.0,487.0,13.85,18.39,0.0,0.0,WH_3,1.16,58.36,96,10164,SYNTHETIC / ASSUMED PARAMETERS,0,False,665.82,STABLE,False,772.35
2024-01-24,P0020,S003,WH_3,SKU_27,118.30786,664.0,3.0,296.0,0.0,9.18,15.91,0.0,0.0,WH_3,1.13,62.45,32,6179,SYNTHETIC / ASSUMED PARAMETERS,0,False,545.69,STABLE,False,616.63
2024-01-24,P0016,S004,WH_4,SKU_23,65.421326,413.0,14.0,236.0,0.0,15.4,18.69,0.0,0.0,WH_4,1.44,47.04,57,10538,SYNTHETIC / ASSUMED PARAMETERS,0,False,347.58,STABLE,False,500.51
2024-01-24,P0016,S003,WH_3,SKU_23,92.08681,673.0,5.0,293.0,0.0,18.08,23.36,1.0,0.0,WH_3,2.55,64.6,72,10369,SYNTHETIC / ASSUMED PARAMETERS,0,False,580.91,STABLE,False,1481.33
2024-01-24,P0013,S002,WH_2,SKU_20,121.918625,551.0,9.0,336.0,0.0,12.31,20.86,0.0,0.0,WH_2,1.41,50.99,90,10971,SYNTHETIC / ASSUMED PARAMETERS,0,False,429.08,STABLE,False,605.0
2024-01-24,P0003,S004,WH_4,SKU_11,108.98047,460.0,2.0,382.0,0.0,6.2,7.82,0.0,0.0,WH_4,0.5,33.95,90,5402,SYNTHETIC / ASSUMED PARAMETERS,0,False,351.02,STABLE,False,175.51
2024-01-24,P0001,S001,WH_1,SKU_1,119.11825,524.0,14.0,379.0,0.0,13.95,20.48,0.0,0.0,WH_1,1.88,67.42,94,6673,SYNTHETIC / ASSUMED PARAMETERS,0,False,404.88,STABLE,False,761.18
2024-01-24,P0014,S005,WH_5,SKU_21,103.07058,451.0,8.0,309.0,0.0,13.11,23.25,0.0,0.0,WH_5,1.81,58.89,87,5672,SYNTHETIC / ASSUMED PARAMETERS,0,False,347.93,STABLE,False,629.75
2024-01-24,P0013,S001,WH_1,SKU_20,95.847946,294.0,9.0,295.0,0.0,9.55,16.05,0.0,0.0,WH_1,1.19,44.04,33,5191,SYNTHETIC / ASSUMED PARAMETERS,1,True,199.15,STABLE,False,281.03
2024-01-24,P0008,S004,WH_4,SKU_16,69.49747,621.0,4.0,367.0,0.0,6.61,9.52,0.0,0.0,WH_4,0.87,40.21,59,5735,SYNTHETIC / ASSUMED PARAMETERS,0,False,551.5,STABLE,False,479.81
2024-01-24,P0012,S003,WH_3,SKU_2,76.62875,403.0,10.0,319.0,0.0,5.02,7.82,0.0,0.0,WH_3,0.45,23.6,74,9396,SYNTHETIC / ASSUMED PARAMETERS,0,False,326.37,STABLE,False,146.87
2024-01-24,P0018,S004,WH_4,SKU_25,61.29839,564.0,9.0,273.0,0.0,12.02,19.24,0.0,0.0,WH_4,1.67,68.75,82,5738,SYNTHETIC / ASSUMED PARAMETERS,0,False,502.7,STABLE,False,839.51
2024-01-24,P0002,S002,WH_2,SKU_10,116.21037,659.0,10.0,310.0,0.0,13.83,22.36,0.0,0.0,WH_2,0.8,49.56,40,6844,SYNTHETIC / ASSUMED PARAMETERS,0,False,542.79,STABLE,False,434.23
2024-01-24,P0010,S005,WH_5,SKU_18,140.34659,580.0,13.0,394.0,209.0,13.35,21.48,0.0,0.0,WH_5,1.44,69.56,77,8261,SYNTHETIC / ASSUMED PARAMETERS,0,False,439.65,STABLE,False,633.1
2024-01-24,P0015,S001,WH_1,SKU_22,94.618996,393.0,4.0,282.0,0.0,8.88,12.51,0.0,0.0,WH_1,0.94,51.81,47,10427,SYNTHETIC / ASSUMED PARAMETERS,0,False,298.38,STABLE,False,280.48
2024-01-24,P0012,S002,WH_2,SKU_2,94.848625,404.0,8.0,377.0,0.0,16.77,22.06,0.0,0.0,WH_2,1.73,61.48,56,5161,SYNTHETIC / ASSUMED PARAMETERS,0,False,309.15,STABLE,False,534.83
2024-01-24,P0008,S003,WH_3,SKU_16,162.92775,492.0,6.0,336.0,0.0,12.08,18.52,0.0,0.0,WH_3,1.03,67.38,41,10278,SYNTHETIC / ASSUMED PARAMETERS,0,False,329.07,STABLE,False,338.94
2024-01-24,P0019,S001,WH_1,SKU_26,110.75011,713.0,2.0,335.0,407.0,18.22,23.67,0.0,0.0,WH_1,2.52,50.97,34,5684,SYNTHETIC / ASSUMED PARAMETERS,0,False,602.25,STABLE,False,1517.67
2024-01-24,P0013,S004,WH_4,SKU_20,86.3655,393.0,2.0,327.0,0.0,16.89,23.51,0.0,0.0,WH_4,1.33,49.52,45,10402,SYNTHETIC / ASSUMED PARAMETERS,0,False,306.63,STABLE,False,407.82
2024-01-24,P0004,S005,WH_5,SKU_12,130.4099,692.0,6.0,349.0,0.0,10.21,15.8,0.0,0.0,WH_5,0.76,39.17,96,5993,SYNTHETIC / ASSUMED PARAMETERS,0,False,561.59,STABLE,False,426.81
2024-01-24,P0014,S002,WH_2,SKU_21,96.988884,509.0,7.0,349.0,0.0,8.18,12.0,0.0,0.0,WH_2,1.13,36.82,79,8567,SYNTHETIC / ASSUMED PARAMETERS,0,False,412.01,STABLE,False,465.57
2024-01-24,P0002,S005,WH_5,SKU_10,102.82197,451.0,9.0,246.0,0.0,9.67,15.35,0.0,0.0,WH_5,1.52,60.17,40,6308,SYNTHETIC / ASSUMED PARAMETERS,0,False,348.18,STABLE,False,529.23
2024-01-24,P0002,S001,WH_1,SKU_10,148.69388,738.0,13.0,361.0,415.0,12.67,18.73,1.0,0.0,WH_1,1.29,70.59,100,6990,SYNTHETIC / ASSUMED PARAMETERS,0,False,589.31,STABLE,False,760.2
2024-01-24,P0009,S002,WH_2,SKU_17,187.89442,390.0,13.0,372.0,0.0,16.68,21.24,1.0,0.0,WH_2,1.17,53.18,81,8112,SYNTHETIC / ASSUMED PARAMETERS,0,False,202.11,STABLE,False,236.46
2024-01-24,P0006,S005,WH_5,SKU_14,156.83672,462.0,6.0,259.0,0.0,11.19,14.98,0.0,0.0,WH_5,0.92,37.97,55,10175,SYNTHETIC / ASSUMED PARAMETERS,0,False,305.16,STABLE,False,280.75
2024-01-24,P0017,S001,WH_1,SKU_24,120.05329,380.0,2.0,288.0,0.0,6.14,10.22,0.0,0.0,WH_1,0.75,31.15,47,6037,SYNTHETIC / ASSUMED PARAMETERS,0,False,259.95,STABLE,False,194.96
2024-01-24,P0009,S003,WH_3,SKU_17,151.3055,507.0,3.0,339.0,0.0,16.8,28.54,0.0,0.0,WH_3,1.1,80.9,84,7273,SYNTHETIC / ASSUMED PARAMETERS,0,False,355.69,STABLE,False,391.26
2024-01-24,P0005,S002,WH_2,SKU_13,121.234985,678.0,11.0,350.0,0.0,17.04,21.69,0.0,0.0,WH_2,2.15,79.74,38,5796,SYNTHETIC / ASSUMED PARAMETERS,0,False,556.77,STABLE,False,1197.04
2024-01-24,P0008,S001,WH_1,SKU_16,120.04847,346.0,14.0,328.0,0.0,11.96,17.38,1.0,0.0,WH_1,1.64,39.73,88,10604,SYNTHETIC / ASSUMED PARAMETERS,0,False,225.95,STABLE,False,370.56
2024-01-24,P0003,S002,WH_2,SKU_11,121.025856,476.0,4.0,230.0,0.0,17.93,29.29,0.0,0.0,WH_2,2.41,85.34,31,10194,SYNTHETIC / ASSUMED PARAMETERS,0,False,354.97,STABLE,False,855.49
2024-01-24,P0018,S002,WH_2,SKU_25,103.71316,355.0,3.0,352.0,0.0,5.07,6.95,0.0,0.0,WH_2,0.51,29.96,39,8258,SYNTHETIC / ASSUMED PARAMETERS,0,False,251.29,STABLE,False,128.16
2024-01-24,P0001,S004,WH_4,SKU_1,117.77705,625.0,9.0,333.0,0.0,6.93,10.7,0.0,0.0,WH_4,1.02,32.51,60,7800,SYNTHETIC / ASSUMED PARAMETERS,0,False,507.22,STABLE,False,517.37
2024-01-24,P0009,S005,WH_5,SKU_17,149.54482,406.0,8.0,321.0,0.0,7.73,13.36,0.0,0.0,WH_5,0.58,50.99,60,7894,SYNTHETIC / ASSUMED PARAMETERS,0,False,256.46,STABLE,False,148.74
2024-01-24,P0001,S005,WH_5,SKU_1,178.58357,379.0,4.0,366.0,0.0,19.41,23.81,0.0,0.0,WH_5,2.58,47.73,54,8279,SYNTHETIC / ASSUMED PARAMETERS,0,False,200.42,STABLE,False,517.07
2024-01-24,P0017,S003,WH_3,SKU_24,82.39829,348.0,10.0,209.0,0.0,10.59,15.15,0.0,0.0,WH_3,1.43,56.19,52,9960,SYNTHETIC / ASSUMED PARAMETERS,0,False,265.6,STABLE,False,379.81
2024-01-24,P0011,S004,WH_4,SKU_19,81.88065,505.0,4.0,352.0,0.0,5.41,7.4,0.0,0.0,WH_4,0.43,30.95,55,9647,SYNTHETIC / ASSUMED PARAMETERS,0,False,423.12,STABLE,False,181.94
2024-01-24,P0006,S002,WH_2,SKU_14,152.36763,328.0,14.0,268.0,0.0,18.83,23.34,1.0,0.0,WH_2,2.51,66.61,39,5701,SYNTHETIC / ASSUMED PARAMETERS,0,False,175.63,STABLE,False,440.84
2024-01-24,P0014,S004,WH_4,SKU_21,64.8622,545.0,8.0,379.0,0.0,12.65,20.04,0.0,0.0,WH_4,0.78,76.01,44,11017,SYNTHETIC / ASSUMED PARAMETERS,0,False,480.14,STABLE,False,374.51
2024-01-24,P0016,S005,WH_5,SKU_23,95.42818,671.0,3.0,383.0,0.0,19.43,28.74,0.0,0.0,WH_5,2.51,93.33,52,7979,SYNTHETIC / ASSUMED PARAMETERS,0,False,575.57,STABLE,False,1444.69
2024-01-24,P0018,S005,WH_5,SKU_25,126.31177,518.0,7.0,311.0,0.0,8.45,14.29,0.0,0.0,WH_5,0.63,58.32,37,5926,SYNTHETIC / ASSUMED PARAMETERS,0,False,391.69,STABLE,False,246.76
2024-01-24,P0007,S005,WH_5,SKU_15,94.72928,593.0,14.0,279.0,0.0,15.48,21.47,0.0,0.0,WH_5,1.08,84.29,72,9525,SYNTHETIC / ASSUMED PARAMETERS,0,False,498.27,STABLE,False,538.13
2024-01-24,P0014,S003,WH_3,SKU_21,102.304596,468.0,10.0,283.0,0.0,5.75,8.47,0.0,0.0,WH_3,0.72,24.19,84,8334,SYNTHETIC / ASSUMED PARAMETERS,0,False,365.7,STABLE,False,263.3
2024-01-24,P0020,S002,WH_2,SKU_27,83.26896,384.0,4.0,223.0,0.0,16.3,21.54,0.0,0.0,WH_2,1.63,83.19,46,6479,SYNTHETIC / ASSUMED PARAMETERS,0,False,300.73,STABLE,False,490.19
2024-01-24,P0019,S003,WH_3,SKU_26,123.68275,373.0,14.0,222.0,0.0,7.66,9.43,0.0,0.0,WH_3,0.81,30.44,28,5399,SYNTHETIC / ASSUMED PARAMETERS,0,False,249.32,STABLE,False,201.95
2024-01-24,P0001,S002,WH_2,SKU_1,140.07057,329.0,8.0,322.0,0.0,11.46,19.92,0.0,0.0,WH_2,0.9,70.92,62,9416,SYNTHETIC / ASSUMED PARAMETERS,0,False,188.93,STABLE,False,170.04
2024-01-24,P0007,S004,WH_4,SKU_15,100.714615,526.0,5.0,224.0,0.0,13.52,23.32,0.0,0.0,WH_4,1.16,58.22,61,7785,SYNTHETIC / ASSUMED PARAMETERS,0,False,425.29,STABLE,False,493.33
2024-01-24,P0003,S001,WH_1,SKU_11,153.64742,411.0,4.0,286.0,0.0,19.54,34.79,0.0,0.0,WH_1,2.75,93.77,81,6423,SYNTHETIC / ASSUMED PARAMETERS,0,False,257.35,STABLE,False,707.72
2024-01-24,P0006,S001,WH_1,SKU_14,93.0955,342.0,11.0,265.0,0.0,8.21,11.1,0.0,0.0,WH_1,1.31,43.21,69,6246,SYNTHETIC / ASSUMED PARAMETERS,0,False,248.9,STABLE,False,326.06
2024-01-24,P0004,S004,WH_4,SKU_12,116.81766,321.0,12.0,227.0,0.0,14.2,19.73,0.0,0.0,WH_4,1.6,43.96,33,7746,SYNTHETIC / ASSUMED PARAMETERS,0,False,204.18,STABLE,False,326.69
2024-01-24,P0008,S002,WH_2,SKU_16,153.27036,538.0,11.0,327.0,0.0,19.0,26.16,0.0,0.0,WH_2,2.13,82.7,65,6031,SYNTHETIC / ASSUMED PARAMETERS,0,False,384.73,STABLE,False,819.47
2024-01-24,P0003,S005,WH_5,SKU_11,124.432106,476.0,3.0,349.0,0.0,18.92,31.99,0.0,0.0,WH_5,1.99,103.38,46,6507,SYNTHETIC / ASSUMED PARAMETERS,0,False,351.57,STABLE,False,699.62
2024-01-24,P0015,S004,WH_4,SKU_22,70.25123,479.0,11.0,374.0,0.0,19.16,23.34,0.0,0.0,WH_4,2.12,46.36,63,10964,SYNTHETIC / ASSUMED PARAMETERS,0,False,408.75,STABLE,False,866.55
2024-01-24,P0007,S001,WH_1,SKU_15,99.29699,642.0,13.0,327.0,0.0,16.7,28.78,0.0,0.0,WH_1,2.21,100.17,53,6976,SYNTHETIC / ASSUMED PARAMETERS,0,False,542.7,STABLE,False,1199.37
2024-01-24,P0017,S004,WH_4,SKU_24,146.92122,461.0,13.0,301.0,0.0,7.11,12.19,0.0,0.0,WH_4,1.05,31.77,79,5355,SYNTHETIC / ASSUMED PARAMETERS,0,False,314.08,STABLE,False,329.78
2024-01-24,P0010,S004,WH_4,SKU_18,137.03085,468.0,6.0,250.0,0.0,5.35,9.51,1.0,0.0,WH_4,0.78,43.27,45,6602,SYNTHETIC / ASSUMED PARAMETERS,0,False,330.97,STABLE,False,258.16
2024-01-24,P0007,S003,WH_3,SKU_15,76.82941,249.0,7.0,265.0,0.0,6.24,9.99,0.0,0.0,WH_3,0.69,40.25,72,9290,SYNTHETIC / ASSUMED PARAMETERS,16,True,188.17,STABLE,False,170.09
2024-01-24,P0009,S001,WH_1,SKU_17,146.25174,413.0,10.0,268.0,0.0,14.9,26.61,0.0,0.0,WH_1,1.04,53.46,53,5188,SYNTHETIC / ASSUMED PARAMETERS,0,False,266.75,STABLE,False,277.42
2024-01-24,P0010,S002,WH_2,SKU_18,175.37708,328.0,10.0,270.0,0.0,17.51,24.82,0.0,0.0,WH_2,1.18,54.17,54,10850,SYNTHETIC / ASSUMED PARAMETERS,0,False,152.62,STABLE,False,180.1
2024-01-24,P0004,S001,WH_1,SKU_12,122.78792,455.0,5.0,299.0,0.0,5.36,7.17,0.0,0.0,WH_1,0.74,24.31,60,7801,SYNTHETIC / ASSUMED PARAMETERS,0,False,332.21,STABLE,False,245.84
2024-01-24,P0012,S001,WH_1,SKU_2,120.956566,449.0,13.0,228.0,0.0,19.76,35.1,0.0,0.0,WH_1,2.92,120.54,61,5736,SYNTHETIC / ASSUMED PARAMETERS,0,False,328.04,STABLE,False,957.89
2024-01-24,P0017,S002,WH_2,SKU_24,111.05193,574.0,5.0,365.0,267.0,19.69,29.64,1.0,0.0,WH_2,2.19,76.95,92,10380,SYNTHETIC / ASSUMED PARAMETERS,0,False,462.95,STABLE,False,1013.86
2024-01-24,P0019,S004,WH_4,SKU_26,83.41497,484.0,14.0,331.0,0.0,8.71,13.65,0.0,0.0,WH_4,0.81,35.89,53,6838,SYNTHETIC / ASSUMED PARAMETERS,0,False,400.59,STABLE,False,324.47
2024-01-24,P0018,S003,WH_3,SKU_25,58.23151,321.0,7.0,232.0,0.0,6.51,8.04,0.0,0.0,WH_3,0.89,32.85,39,9598,SYNTHETIC / ASSUMED PARAMETERS,0,False,262.77,STABLE,False,233.86
2024-01-24,P0011,S005,WH_5,SKU_19,89.93745,359.0,7.0,281.0,0.0,15.87,25.1,0.0,0.0,WH_5,2.0,76.39,84,8102,SYNTHETIC / ASSUMED PARAMETERS,0,False,269.06,STABLE,False,538.13
2024-01-24,P0013,S003,WH_3,SKU_20,91.79508,345.0,3.0,319.0,0.0,14.9,25.16,0.0,0.0,WH_3,1.3,53.63,94,9643,SYNTHETIC / ASSUMED PARAMETERS,0,False,253.2,STABLE,False,329.17
2024-01-24,P0012,S005,WH_5,SKU_2,70.83438,286.0,14.0,267.0,0.0,15.0,26.38,0.0,0.0,WH_5,1.72,57.23,63,7517,SYNTHETIC / ASSUMED PARAMETERS,0,False,215.17,STABLE,False,370.08
2024-01-24,P0005,S003,WH_3,SKU_13,101.737404,719.0,14.0,382.0,0.0,6.01,8.52,0.0,0.0,WH_3,0.87,30.72,112,6380,SYNTHETIC / ASSUMED PARAMETERS,0,False,617.26,STABLE,False,537.02
2024-01-24,P0002,S003,WH_3,SKU_10,122.764145,281.0,5.0,218.0,0.0,13.68,17.87,0.0,0.0,WH_3,1.74,42.93,55,5968,SYNTHETIC / ASSUMED PARAMETERS,0,False,158.24,STABLE,False,275.33
2024-01-24,P0005,S004,WH_4,SKU_13,113.276375,379.0,10.0,251.0,0.0,14.29,19.75,0.0,0.0,WH_4,0.97,79.01,68,10644,SYNTHETIC / ASSUMED PARAMETERS,0,False,265.72,STABLE,False,257.75
2024-01-24,P0001,S003,WH_3,SKU_1,88.38924,332.0,6.0,314.0,0.0,6.06,8.41,1.0,0.0,WH_3,0.95,32.98,61,6038,SYNTHETIC / ASSUMED PARAMETERS,0,False,243.61,STABLE,False,231.43
2024-01-24,P0008,S005,WH_5,SKU_16,150.69254,406.0,2.0,394.0,0.0,13.23,20.46,1.0,0.0,WH_5,1.66,59.45,101,8221,SYNTHETIC / ASSUMED PARAMETERS,0,False,255.31,STABLE,False,423.81
2024-01-24,P0012,S004,WH_4,SKU_2,92.860634,285.0,6.0,290.0,0.0,7.06,10.96,0.0,0.0,WH_4,1.1,40.69,80,10160,SYNTHETIC / ASSUMED PARAMETERS,5,True,197.14,STABLE,False,257.54
2024-01-24,P0011,S002,WH_2,SKU_19,123.921265,352.0,8.0,316.0,0.0,12.67,18.56,0.0,0.0,WH_2,1.58,55.58,37,4994,SYNTHETIC / ASSUMED PARAMETERS,0,False,228.08,STABLE,False,360.36
2024-01-24,P0015,S003,WH_3,SKU_22,140.97232,645.0,4.0,211.0,0.0,18.38,32.58,0.0,0.0,WH_3,1.34,101.74,33,5385,SYNTHETIC / ASSUMED PARAMETERS,0,False,504.03,STABLE,False,675.4
2024-01-24,P0004,S002,WH_2,SKU_12,125.0192,402.0,6.0,370.0,0.0,19.03,23.02,0.0,0.0,WH_2,2.32,68.2,104,8597,SYNTHETIC / ASSUMED PARAMETERS,0,False,276.98,STABLE,False,642.6
2024-01-24,P0011,S003,WH_3,SKU_19,93.88637,308.0,4.0,295.0,0.0,14.17,23.01,0.0,0.0,WH_3,1.45,87.37,62,9399,SYNTHETIC / ASSUMED PARAMETERS,0,False,214.11,STABLE,False,310.46
2024-01-24,P0015,S005,WH_5,SKU_22,110.13769,325.0,4.0,326.0,0.0,16.45,25.06,0.0,0.0,WH_5,2.1,76.56,84,10655,SYNTHETIC / ASSUMED PARAMETERS,1,True,215.86,STABLE,False,529.87
2024-01-24,P0014,S001,WH_1,SKU_21,153.83441,235.0,11.0,245.0,0.0,19.68,23.66,0.0,0.0,WH_1,2.7,52.3,38,5664,SYNTHETIC / ASSUMED PARAMETERS,10,True,91.17,STABLE,False,298.45
2024-01-24,P0016,S001,WH_1,SKU_23,115.35082,447.0,8.0,239.0,0.0,9.05,14.03,0.0,0.0,WH_1,0.76,35.69,32,4845,SYNTHETIC / ASSUMED PARAMETERS,0,False,331.65,STABLE,False,252.05
2024-01-24,P0004,S003,WH_3,SKU_12,100.75241,228.0,6.0,234.0,0.0,10.01,13.38,0.0,0.0,WH_3,1.57,45.39,57,10301,SYNTHETIC / ASSUMED PARAMETERS,6,True,133.25,STABLE,False,254.59
2024-01-24,P0017,S005,WH_5,SKU_24,123.09925,699.0,7.0,313.0,417.0,7.27,12.17,0.0,0.0,WH_5,0.56,44.06,66,10704,SYNTHETIC / ASSUMED PARAMETERS,0,False,575.9,STABLE,False,322.5
2024-01-24,P0006,S003,WH_3,SKU_14,96.763084,492.0,3.0,283.0,0.0,5.88,9.37,0.0,0.0,WH_3,0.82,33.85,73,7722,SYNTHETIC / ASSUMED PARAMETERS,0,False,395.24,STABLE,False,324.09
2024-01-24,P0010,S003,WH_3,SKU_18,124.51594,316.0,9.0,213.0,0.0,15.53,20.4,1.0,0.0,WH_3,2.28,65.06,40,7890,SYNTHETIC / ASSUMED PARAMETERS,0,False,191.48,STABLE,False,436.58
2024-01-24,P0016,S002,WH_2,SKU_23,100.34057,485.0,12.0,312.0,0.0,6.68,11.81,0.0,0.0,WH_2,0.8,35.45,73,10338,SYNTHETIC / ASSUMED PARAMETERS,0,False,384.66,STABLE,False,307.73
2024-01-24,P0015,S002,WH_2,SKU_22,105.70883,622.0,7.0,261.0,390.0,9.82,14.68,0.0,0.0,WH_2,1.21,42.78,60,5653,SYNTHETIC / ASSUMED PARAMETERS,0,False,516.29,STABLE,False,624.71
2024-01-24,P0020,S004,WH_4,SKU_27,75.97971,427.0,14.0,289.0,0.0,13.84,20.65,0.0,0.0,WH_4,2.11,78.58,52,8263,SYNTHETIC / ASSUMED PARAMETERS,0,False,351.02,STABLE,False,740.65
2024-01-24,P0007,S002,WH_2,SKU_15,106.13772,446.0,8.0,386.0,0.0,11.37,14.92,0.0,0.0,WH_2,1.19,43.87,61,9277,SYNTHETIC / ASSUMED PARAMETERS,0,False,339.86,STABLE,False,404.44
2024-01-24,P0019,S005,WH_5,SKU_26,99.35713,632.0,4.0,393.0,0.0,17.15,27.81,0.0,0.0,WH_5,2.55,59.97,91,8473,SYNTHETIC / ASSUMED PARAMETERS,0,False,532.64,STABLE,False,1358.24
2024-01-24,P0010,S001,WH_1,SKU_18,127.77972,613.0,2.0,346.0,0.0,8.62,10.49,0.0,0.0,WH_1,0.92,38.21,43,7798,SYNTHETIC / ASSUMED PARAMETERS,0,False,485.22,STABLE,False,446.4
2024-01-24,P0020,S005,WH_5,SKU_27,122.981865,345.0,2.0,353.0,0.0,17.89,25.71,0.0,0.0,WH_5,1.71,74.7,103,6290,SYNTHETIC / ASSUMED PARAMETERS,8,True,230.02,STABLE,False,468.03
2024-01-24,P0009,S004,WH_4,SKU_17,158.02852,514.0,5.0,341.0,225.0,8.62,10.66,0.0,0.0,WH_4,1.16,28.26,74,6506,SYNTHETIC / ASSUMED PARAMETERS,0,False,355.97,STABLE,False,412.93
2024-01-24,P0006,S004,WH_4,SKU_14,124.08815,403.0,10.0,343.0,0.0,5.76,8.49,0.0,0.0,WH_4,0.78,37.66,58,8907,SYNTHETIC / ASSUMED PARAMETERS,0,False,278.91,STABLE,False,217.55
2024-01-24,P0019,S002,WH_2,SKU_26,165.66135,366.0,5.0,273.0,0.0,8.5,11.16,0.0,0.0,WH_2,0.55,33.37,47,8606,SYNTHETIC / ASSUMED PARAMETERS,0,False,200.34,STABLE,False,110.19
2024-01-24,P0011,S001,WH_1,SKU_19,62.837044,487.0,8.0,287.0,0.0,12.4,18.41,0.0,0.0,WH_1,1.18,43.0,33,9186,SYNTHETIC / ASSUMED PARAMETERS,0,False,424.16,STABLE,False,500.51
2024-01-24,P0013,S005,WH_5,SKU_20,135.75563,274.0,2.0,246.0,0.0,10.07,18.03,0.0,0.0,WH_5,0.8,71.16,65,5639,SYNTHETIC / ASSUMED PARAMETERS,0,False,138.24,STABLE,False,110.6
2024-01-24,P0002,S004,WH_4,SKU_10,115.33789,548.0,14.0,328.0,277.0,19.02,24.9,0.0,0.0,WH_4,2.76,93.09,92,6565,SYNTHETIC / ASSUMED PARAMETERS,0,False,432.66,STABLE,False,1194.15
2024-01-24,P0020,S001,WH_1,SKU_27,86.67509,488.0,2.0,389.0,0.0,5.89,7.48,0.0,0.0,WH_1,0.77,21.54,103,8847,SYNTHETIC / ASSUMED PARAMETERS,0,False,401.32,STABLE,False,309.02
2024-01-24,P0018,S001,WH_1,SKU_25,127.3184,514.0,5.0,314.0,0.0,14.23,20.28,0.0,0.0,WH_1,0.9,46.65,78,5160,SYNTHETIC / ASSUMED PARAMETERS,0,False,386.68,STABLE,False,348.01
2024-01-24,P0005,S001,WH_1,SKU_13,133.42914,366.0,9.0,246.0,0.0,19.52,24.09,0.0,0.0,WH_1,1.26,57.54,50,8981,SYNTHETIC / ASSUMED PARAMETERS,0,False,232.57,STABLE,False,293.04
2024-01-25,P0003,S004,WH_4,SKU_11,72.74588,439.0,2.0,382.0,0.0,6.2,7.82,0.0,0.0,WH_4,0.5,33.95,90,5402,SYNTHETIC / ASSUMED PARAMETERS,0,False,366.25,STABLE,False,183.13
2024-01-25,P0017,S002,WH_2,SKU_24,94.13879,547.0,5.0,365.0,0.0,19.69,29.64,0.0,0.0,WH_2,2.19,76.95,92,10380,SYNTHETIC / ASSUMED PARAMETERS,0,False,452.86,STABLE,False,991.77
2024-01-25,P0012,S005,WH_5,SKU_2,55.470947,257.0,14.0,267.0,0.0,15.0,26.38,0.0,0.0,WH_5,1.72,57.23,63,7517,SYNTHETIC / ASSUMED PARAMETERS,10,True,211.53,STABLE,False,421.06
2024-01-25,P0007,S003,WH_3,SKU_15,144.12549,701.0,7.0,265.0,488.0,6.24,9.99,0.0,0.0,WH_3,0.69,40.25,72,9290,SYNTHETIC / ASSUMED PARAMETERS,0,False,556.87,STABLE,False,384.24
2024-01-25,P0006,S001,WH_1,SKU_14,158.1589,321.0,11.0,265.0,0.0,8.21,11.1,0.0,0.0,WH_1,1.31,43.21,69,6246,SYNTHETIC / ASSUMED PARAMETERS,0,False,162.84,STABLE,False,213.32
2024-01-25,P0013,S003,WH_3,SKU_20,209.9672,309.0,3.0,319.0,0.0,14.9,25.16,1.0,0.0,WH_3,1.3,53.63,94,9643,SYNTHETIC / ASSUMED PARAMETERS,10,True,109.03,STABLE,False,195.37
2024-01-25,P0017,S001,WH_1,SKU_24,109.74353,357.0,2.0,288.0,0.0,6.14,10.22,0.0,0.0,WH_1,0.75,31.15,47,6037,SYNTHETIC / ASSUMED PARAMETERS,0,False,247.26,STABLE,False,185.44
2024-01-25,P0015,S005,WH_5,SKU_22,109.29933,721.0,4.0,326.0,412.0,16.45,25.06,0.0,0.0,WH_5,2.1,76.56,84,10655,SYNTHETIC / ASSUMED PARAMETERS,0,False,611.7,STABLE,False,1284.57
2024-01-25,P0020,S001,WH_1,SKU_27,63.035995,465.0,2.0,389.0,0.0,5.89,7.48,0.0,0.0,WH_1,0.77,21.54,103,8847,SYNTHETIC / ASSUMED PARAMETERS,0,False,401.96,STABLE,False,309.51
2024-01-25,P0004,S002,WH_2,SKU_12,121.96384,370.0,6.0,370.0,0.0,19.03,23.02,0.0,0.0,WH_2,2.32,68.2,104,8597,SYNTHETIC / ASSUMED PARAMETERS,0,False,248.04,STABLE,False,575.44
2024-01-25,P0005,S001,WH_1,SKU_13,147.02414,347.0,9.0,246.0,0.0,19.52,24.09,0.0,0.0,WH_1,1.26,57.54,50,8981,SYNTHETIC / ASSUMED PARAMETERS,0,False,199.98,STABLE,False,251.97
2024-01-25,P0005,S003,WH_3,SKU_13,113.6924,709.0,14.0,382.0,0.0,6.01,8.52,0.0,0.0,WH_3,0.87,30.72,112,6380,SYNTHETIC / ASSUMED PARAMETERS,0,False,595.31,STABLE,False,517.92
2024-01-25,P0012,S004,WH_4,SKU_2,130.44492,580.0,6.0,290.0,314.0,7.06,10.96,0.0,0.0,WH_4,1.1,40.69,80,10160,SYNTHETIC / ASSUMED PARAMETERS,0,False,449.56,STABLE,False,494.51
2024-01-25,P0014,S001,WH_1,SKU_21,74.8314,700.0,11.0,245.0,486.0,19.68,23.66,0.0,0.0,WH_1,2.7,52.3,38,5664,SYNTHETIC / ASSUMED PARAMETERS,0,False,625.17,STABLE,False,1687.96
2024-01-25,P0010,S005,WH_5,SKU_18,103.88109,554.0,13.0,394.0,0.0,13.35,21.48,1.0,0.0,WH_5,1.44,69.56,77,8261,SYNTHETIC / ASSUMED PARAMETERS,0,False,450.12,STABLE,False,648.17
2024-01-25,P0015,S001,WH_1,SKU_22,130.4906,362.0,4.0,282.0,0.0,8.88,12.51,1.0,0.0,WH_1,0.94,51.81,47,10427,SYNTHETIC / ASSUMED PARAMETERS,0,False,231.51,STABLE,False,217.62
2024-01-25,P0002,S002,WH_2,SKU_10,121.36591,644.0,10.0,310.0,0.0,13.83,22.36,0.0,0.0,WH_2,0.8,49.56,40,6844,SYNTHETIC / ASSUMED PARAMETERS,0,False,522.63,STABLE,False,418.11
2024-01-25,P0001,S002,WH_2,SKU_1,110.95994,303.0,8.0,322.0,0.0,11.46,19.92,0.0,0.0,WH_2,0.9,70.92,62,9416,SYNTHETIC / ASSUMED PARAMETERS,19,True,211.04,STABLE,False,260.86
2024-01-25,P0009,S005,WH_5,SKU_17,130.1083,389.0,8.0,321.0,0.0,7.73,13.36,0.0,0.0,WH_5,0.58,50.99,60,7894,SYNTHETIC / ASSUMED PARAMETERS,0,False,258.89,STABLE,False,150.16
2024-01-25,P0006,S004,WH_4,SKU_14,152.36848,378.0,10.0,343.0,0.0,5.76,8.49,0.0,0.0,WH_4,0.78,37.66,58,8907,SYNTHETIC / ASSUMED PARAMETERS,0,False,225.63,STABLE,False,175.99
2024-01-25,P0013,S004,WH_4,SKU_20,151.86111,378.0,2.0,327.0,0.0,16.89,23.51,0.0,0.0,WH_4,1.33,49.52,45,10402,SYNTHETIC / ASSUMED PARAMETERS,0,False,226.14,STABLE,False,300.76
2024-01-25,P0017,S005,WH_5,SKU_24,120.34933,674.0,7.0,313.0,0.0,7.27,12.17,0.0,0.0,WH_5,0.56,44.06,66,10704,SYNTHETIC / ASSUMED PARAMETERS,0,False,553.65,STABLE,False,310.04
2024-01-25,P0004,S004,WH_4,SKU_12,105.91153,286.0,12.0,227.0,0.0,14.2,19.73,1.0,0.0,WH_4,1.6,43.96,33,7746,SYNTHETIC / ASSUMED PARAMETERS,0,False,180.09,STABLE,False,288.14
2024-01-25,P0014,S005,WH_5,SKU_21,66.750046,438.0,8.0,309.0,0.0,13.11,23.25,0.0,0.0,WH_5,1.81,58.89,87,5672,SYNTHETIC / ASSUMED PARAMETERS,0,False,371.25,STABLE,False,671.96
2024-01-25,P0007,S004,WH_4,SKU_15,149.85028,494.0,5.0,224.0,0.0,13.52,23.32,1.0,0.0,WH_4,1.16,58.22,61,7785,SYNTHETIC / ASSUMED PARAMETERS,0,False,344.15,STABLE,False,399.21
2024-01-25,P0013,S005,WH_5,SKU_20,170.20981,250.0,2.0,246.0,0.0,10.07,18.03,0.0,0.0,WH_5,0.8,71.16,65,5639,SYNTHETIC / ASSUMED PARAMETERS,0,False,79.79,STABLE,False,63.83
2024-01-25,P0009,S001,WH_1,SKU_17,180.1936,392.0,10.0,268.0,0.0,14.9,26.61,0.0,0.0,WH_1,1.04,53.46,53,5188,SYNTHETIC / ASSUMED PARAMETERS,0,False,211.81,STABLE,False,220.28
2024-01-25,P0008,S005,WH_5,SKU_16,135.78014,382.0,2.0,394.0,0.0,13.23,20.46,0.0,0.0,WH_5,1.66,59.45,101,8221,SYNTHETIC / ASSUMED PARAMETERS,12,True,258.22,STABLE,False,488.09
2024-01-25,P0006,S003,WH_3,SKU_14,124.766365,468.0,3.0,283.0,0.0,5.88,9.37,0.0,0.0,WH_3,0.82,33.85,73,7722,SYNTHETIC / ASSUMED PARAMETERS,0,False,343.23,STABLE,False,281.45
2024-01-25,P0013,S002,WH_2,SKU_20,138.64272,523.0,9.0,336.0,0.0,12.31,20.86,0.0,0.0,WH_2,1.41,50.99,90,10971,SYNTHETIC / ASSUMED PARAMETERS,0,False,384.36,STABLE,False,541.94
2024-01-25,P0019,S002,WH_2,SKU_26,142.58475,348.0,5.0,273.0,0.0,8.5,11.16,0.0,0.0,WH_2,0.55,33.37,47,8606,SYNTHETIC / ASSUMED PARAMETERS,0,False,205.42,STABLE,False,112.98
2024-01-25,P0020,S002,WH_2,SKU_27,70.22883,364.0,4.0,223.0,0.0,16.3,21.54,0.0,0.0,WH_2,1.63,83.19,46,6479,SYNTHETIC / ASSUMED PARAMETERS,0,False,293.77,STABLE,False,478.85
2024-01-25,P0001,S005,WH_5,SKU_1,159.31735,361.0,4.0,366.0,0.0,19.41,23.81,0.0,0.0,WH_5,2.58,47.73,54,8279,SYNTHETIC / ASSUMED PARAMETERS,5,True,206.68,STABLE,False,580.97
2024-01-25,P0012,S003,WH_3,SKU_2,104.41375,382.0,10.0,319.0,0.0,5.02,7.82,0.0,0.0,WH_3,0.45,23.6,74,9396,SYNTHETIC / ASSUMED PARAMETERS,0,False,277.59,STABLE,False,124.91
2024-01-25,P0008,S001,WH_1,SKU_16,93.87904,330.0,14.0,328.0,0.0,11.96,17.38,0.0,0.0,WH_1,1.64,39.73,88,10604,SYNTHETIC / ASSUMED PARAMETERS,0,False,236.12,STABLE,False,387.24
2024-01-25,P0019,S005,WH_5,SKU_26,114.93357,605.0,4.0,393.0,0.0,17.15,27.81,0.0,0.0,WH_5,2.55,59.97,91,8473,SYNTHETIC / ASSUMED PARAMETERS,0,False,490.07,STABLE,False,1249.67
2024-01-25,P0015,S002,WH_2,SKU_22,120.205215,599.0,7.0,261.0,0.0,9.82,14.68,0.0,0.0,WH_2,1.21,42.78,60,5653,SYNTHETIC / ASSUMED PARAMETERS,0,False,478.79,STABLE,False,579.34
2024-01-25,P0018,S004,WH_4,SKU_25,87.28582,532.0,9.0,273.0,0.0,12.02,19.24,0.0,0.0,WH_4,1.67,68.75,82,5738,SYNTHETIC / ASSUMED PARAMETERS,0,False,444.71,STABLE,False,742.67
2024-01-25,P0020,S004,WH_4,SKU_27,61.83184,407.0,14.0,289.0,0.0,13.84,20.65,0.0,0.0,WH_4,2.11,78.58,52,8263,SYNTHETIC / ASSUMED PARAMETERS,0,False,345.17,STABLE,False,728.3
2024-01-25,P0010,S003,WH_3,SKU_18,119.781075,293.0,9.0,213.0,0.0,15.53,20.4,0.0,0.0,WH_3,2.28,65.06,40,7890,SYNTHETIC / ASSUMED PARAMETERS,0,False,173.22,STABLE,False,394.94
2024-01-25,P0001,S003,WH_3,SKU_1,74.61864,313.0,6.0,314.0,0.0,6.06,8.41,0.0,0.0,WH_3,0.95,32.98,61,6038,SYNTHETIC / ASSUMED PARAMETERS,1,True,239.38,STABLE,False,260.39
2024-01-25,P0019,S004,WH_4,SKU_26,116.578384,460.0,14.0,331.0,0.0,8.71,13.65,0.0,0.0,WH_4,0.81,35.89,53,6838,SYNTHETIC / ASSUMED PARAMETERS,0,False,343.42,STABLE,False,278.17
2024-01-25,P0009,S003,WH_3,SKU_17,146.74443,480.0,3.0,339.0,0.0,16.8,28.54,0.0,0.0,WH_3,1.1,80.9,84,7273,SYNTHETIC / ASSUMED PARAMETERS,0,False,333.26,STABLE,False,366.58
2024-01-25,P0007,S001,WH_1,SKU_15,136.40169,610.0,13.0,327.0,0.0,16.7,28.78,0.0,0.0,WH_1,2.21,100.17,53,6976,SYNTHETIC / ASSUMED PARAMETERS,0,False,473.6,STABLE,False,1046.65
2024-01-25,P0018,S002,WH_2,SKU_25,105.55239,340.0,3.0,352.0,0.0,5.07,6.95,0.0,0.0,WH_2,0.51,29.96,39,8258,SYNTHETIC / ASSUMED PARAMETERS,12,True,246.45,STABLE,False,155.65
2024-01-25,P0016,S002,WH_2,SKU_23,117.71888,462.0,12.0,312.0,0.0,6.68,11.81,0.0,0.0,WH_2,0.8,35.45,73,10338,SYNTHETIC / ASSUMED PARAMETERS,0,False,344.28,STABLE,False,275.42
2024-01-25,P0011,S003,WH_3,SKU_19,121.69683,295.0,4.0,295.0,0.0,14.17,23.01,0.0,0.0,WH_3,1.45,87.37,62,9399,SYNTHETIC / ASSUMED PARAMETERS,0,False,173.3,STABLE,False,251.29
2024-01-25,P0008,S003,WH_3,SKU_16,114.68539,466.0,6.0,336.0,0.0,12.08,18.52,0.0,0.0,WH_3,1.03,67.38,41,10278,SYNTHETIC / ASSUMED PARAMETERS,0,False,351.31,STABLE,False,361.85
2024-01-25,P0014,S002,WH_2,SKU_21,101.386475,485.0,7.0,349.0,0.0,8.18,12.0,0.0,0.0,WH_2,1.13,36.82,79,8567,SYNTHETIC / ASSUMED PARAMETERS,0,False,383.61,STABLE,False,433.48
2024-01-25,P0002,S003,WH_3,SKU_10,145.58209,254.0,5.0,218.0,0.0,13.68,17.87,0.0,0.0,WH_3,1.74,42.93,55,5968,SYNTHETIC / ASSUMED PARAMETERS,0,False,108.42,STABLE,False,188.65
2024-01-25,P0005,S002,WH_2,SKU_13,116.43081,673.0,11.0,350.0,0.0,17.04,21.69,0.0,0.0,WH_2,2.15,79.74,38,5796,SYNTHETIC / ASSUMED PARAMETERS,0,False,556.57,STABLE,False,1196.62
2024-01-25,P0016,S001,WH_1,SKU_23,142.32085,419.0,8.0,239.0,0.0,9.05,14.03,0.0,0.0,WH_1,0.76,35.69,32,4845,SYNTHETIC / ASSUMED PARAMETERS,0,False,276.68,STABLE,False,210.28
2024-01-25,P0019,S003,WH_3,SKU_26,167.80852,355.0,14.0,222.0,0.0,7.66,9.43,0.0,0.0,WH_3,0.81,30.44,28,5399,SYNTHETIC / ASSUMED PARAMETERS,0,False,187.19,STABLE,False,151.63
2024-01-25,P0006,S002,WH_2,SKU_14,169.88438,295.0,14.0,268.0,0.0,18.83,23.34,1.0,0.0,WH_2,2.51,66.61,39,5701,SYNTHETIC / ASSUMED PARAMETERS,0,False,125.12,STABLE,False,314.04
2024-01-25,P0020,S003,WH_3,SKU_27,107.91369,643.0,3.0,296.0,0.0,9.18,15.91,0.0,0.0,WH_3,1.13,62.45,32,6179,SYNTHETIC / ASSUMED PARAMETERS,0,False,535.09,STABLE,False,604.65
2024-01-25,P0014,S004,WH_4,SKU_21,63.768826,516.0,8.0,379.0,0.0,12.65,20.04,1.0,0.0,WH_4,0.78,76.01,44,11017,SYNTHETIC / ASSUMED PARAMETERS,0,False,452.23,STABLE,False,352.74
2024-01-25,P0016,S005,WH_5,SKU_23,104.36855,642.0,3.0,383.0,0.0,19.43,28.74,1.0,0.0,WH_5,2.51,93.33,52,7979,SYNTHETIC / ASSUMED PARAMETERS,0,False,537.63,STABLE,False,1349.45
2024-01-25,P0001,S004,WH_4,SKU_1,127.97471,604.0,9.0,333.0,0.0,6.93,10.7,0.0,0.0,WH_4,1.02,32.51,60,7800,SYNTHETIC / ASSUMED PARAMETERS,0,False,476.03,STABLE,False,485.55
2024-01-25,P0018,S005,WH_5,SKU_25,149.29982,490.0,7.0,311.0,0.0,8.45,14.29,0.0,0.0,WH_5,0.63,58.32,37,5926,SYNTHETIC / ASSUMED PARAMETERS,0,False,340.7,STABLE,False,214.64
2024-01-25,P0003,S002,WH_2,SKU_11,101.97102,451.0,4.0,230.0,0.0,17.93,29.29,0.0,0.0,WH_2,2.41,85.34,31,10194,SYNTHETIC / ASSUMED PARAMETERS,0,False,349.03,STABLE,False,841.16
2024-01-25,P0005,S004,WH_4,SKU_13,100.690994,353.0,10.0,251.0,0.0,14.29,19.75,0.0,0.0,WH_4,0.97,79.01,68,10644,SYNTHETIC / ASSUMED PARAMETERS,0,False,252.31,STABLE,False,244.74
2024-01-25,P0020,S005,WH_5,SKU_27,96.47091,563.0,2.0,353.0,237.0,17.89,25.71,0.0,0.0,WH_5,1.71,74.7,103,6290,SYNTHETIC / ASSUMED PARAMETERS,0,False,466.53,STABLE,False,797.76
2024-01-25,P0007,S005,WH_5,SKU_15,121.711685,563.0,14.0,279.0,0.0,15.48,21.47,0.0,0.0,WH_5,1.08,84.29,72,9525,SYNTHETIC / ASSUMED PARAMETERS,0,False,441.29,STABLE,False,476.59
2024-01-25,P0003,S001,WH_1,SKU_11,156.67168,376.0,4.0,286.0,0.0,19.54,34.79,1.0,0.0,WH_1,2.75,93.77,81,6423,SYNTHETIC / ASSUMED PARAMETERS,0,False,219.33,STABLE,False,603.15
2024-01-25,P0004,S005,WH_5,SKU_12,128.47844,671.0,6.0,349.0,0.0,10.21,15.8,0.0,0.0,WH_5,0.76,39.17,96,5993,SYNTHETIC / ASSUMED PARAMETERS,0,False,542.52,STABLE,False,412.32
2024-01-25,P0003,S005,WH_5,SKU_11,90.87388,449.0,3.0,349.0,0.0,18.92,31.99,0.0,0.0,WH_5,1.99,103.38,46,6507,SYNTHETIC / ASSUMED PARAMETERS,0,False,358.13,STABLE,False,712.67
2024-01-25,P0002,S001,WH_1,SKU_10,115.95521,713.0,13.0,361.0,0.0,12.67,18.73,0.0,0.0,WH_1,1.29,70.59,100,6990,SYNTHETIC / ASSUMED PARAMETERS,0,False,597.04,STABLE,False,770.19
2024-01-25,P0001,S001,WH_1,SKU_1,111.9462,504.0,14.0,379.0,0.0,13.95,20.48,0.0,0.0,WH_1,1.88,67.42,94,6673,SYNTHETIC / ASSUMED PARAMETERS,0,False,392.05,STABLE,False,737.06
2024-01-25,P0005,S005,WH_5,SKU_13,136.61867,309.0,7.0,305.0,0.0,15.13,23.34,0.0,0.0,WH_5,0.88,49.29,48,10583,SYNTHETIC / ASSUMED PARAMETERS,0,False,172.38,STABLE,False,151.7
2024-01-25,P0003,S003,WH_3,SKU_11,105.53787,774.0,13.0,342.0,0.0,13.85,18.39,0.0,0.0,WH_3,1.16,58.36,96,10164,SYNTHETIC / ASSUMED PARAMETERS,0,False,668.46,STABLE,False,775.42
2024-01-25,P0004,S001,WH_1,SKU_12,105.05145,428.0,5.0,299.0,0.0,5.36,7.17,0.0,0.0,WH_1,0.74,24.31,60,7801,SYNTHETIC / ASSUMED PARAMETERS,0,False,322.95,STABLE,False,238.98
2024-01-25,P0006,S005,WH_5,SKU_14,148.15253,434.0,6.0,259.0,0.0,11.19,14.98,1.0,0.0,WH_5,0.92,37.97,55,10175,SYNTHETIC / ASSUMED PARAMETERS,0,False,285.85,STABLE,False,262.98
2024-01-25,P0002,S005,WH_5,SKU_10,121.884125,420.0,9.0,246.0,0.0,9.67,15.35,0.0,0.0,WH_5,1.52,60.17,40,6308,SYNTHETIC / ASSUMED PARAMETERS,0,False,298.12,STABLE,False,453.14
2024-01-25,P0007,S002,WH_2,SKU_15,150.42654,431.0,8.0,386.0,0.0,11.37,14.92,0.0,0.0,WH_2,1.19,43.87,61,9277,SYNTHETIC / ASSUMED PARAMETERS,0,False,280.57,STABLE,False,333.88
2024-01-25,P0012,S001,WH_1,SKU_2,148.1239,423.0,13.0,228.0,0.0,19.76,35.1,0.0,0.0,WH_1,2.92,120.54,61,5736,SYNTHETIC / ASSUMED PARAMETERS,0,False,274.88,STABLE,False,802.64
2024-01-25,P0011,S004,WH_4,SKU_19,134.4351,477.0,4.0,352.0,0.0,5.41,7.4,0.0,0.0,WH_4,0.43,30.95,55,9647,SYNTHETIC / ASSUMED PARAMETERS,0,False,342.56,STABLE,False,147.3
2024-01-25,P0008,S002,WH_2,SKU_16,128.21715,511.0,11.0,327.0,0.0,19.0,26.16,0.0,0.0,WH_2,2.13,82.7,65,6031,SYNTHETIC / ASSUMED PARAMETERS,0,False,382.78,STABLE,False,815.33
2024-01-25,P0015,S004,WH_4,SKU_22,68.9715,447.0,11.0,374.0,0.0,19.16,23.34,0.0,0.0,WH_4,2.12,46.36,63,10964,SYNTHETIC / ASSUMED PARAMETERS,0,False,378.03,STABLE,False,801.42
2024-01-25,P0019,S001,WH_1,SKU_26,100.25826,700.0,2.0,335.0,0.0,18.22,23.67,0.0,0.0,WH_1,2.52,50.97,34,5684,SYNTHETIC / ASSUMED PARAMETERS,0,False,599.74,STABLE,False,1511.35
2024-01-25,P0008,S004,WH_4,SKU_16,86.860344,598.0,4.0,367.0,0.0,6.61,9.52,0.0,0.0,WH_4,0.87,40.21,59,5735,SYNTHETIC / ASSUMED PARAMETERS,0,False,511.14,STABLE,False,444.69
2024-01-25,P0004,S003,WH_3,SKU_12,126.494995,574.0,6.0,234.0,368.0,10.01,13.38,0.0,0.0,WH_3,1.57,45.39,57,10301,SYNTHETIC / ASSUMED PARAMETERS,0,False,447.51,STABLE,False,702.58
2024-01-25,P0018,S001,WH_1,SKU_25,145.71658,485.0,5.0,314.0,0.0,14.23,20.28,1.0,0.0,WH_1,0.9,46.65,78,5160,SYNTHETIC / ASSUMED PARAMETERS,0,False,339.28,STABLE,False,305.36
2024-01-25,P0009,S004,WH_4,SKU_17,171.05537,505.0,5.0,341.0,0.0,8.62,10.66,0.0,0.0,WH_4,1.16,28.26,74,6506,SYNTHETIC / ASSUMED PARAMETERS,0,False,333.94,STABLE,False,387.38
2024-01-25,P0010,S004,WH_4,SKU_18,119.85923,446.0,6.0,250.0,0.0,5.35,9.51,0.0,0.0,WH_4,0.78,43.27,45,6602,SYNTHETIC / ASSUMED PARAMETERS,0,False,326.14,STABLE,False,254.39
2024-01-25,P0002,S004,WH_4,SKU_10,119.76514,523.0,14.0,328.0,0.0,19.02,24.9,0.0,0.0,WH_4,2.76,93.09,92,6565,SYNTHETIC / ASSUMED PARAMETERS,0,False,403.23,STABLE,False,1112.93
2024-01-25,P0014,S003,WH_3,SKU_21,117.2684,439.0,10.0,283.0,0.0,5.75,8.47,1.0,0.0,WH_3,0.72,24.19,84,8334,SYNTHETIC / ASSUMED PARAMETERS,0,False,321.73,STABLE,False,231.65
2024-01-25,P0018,S003,WH_3,SKU_25,94.08901,308.0,7.0,232.0,0.0,6.51,8.04,0.0,0.0,WH_3,0.89,32.85,39,9598,SYNTHETIC / ASSUMED PARAMETERS,0,False,213.91,STABLE,False,190.38
2024-01-25,P0012,S002,WH_2,SKU_2,112.08912,380.0,8.0,377.0,0.0,16.77,22.06,1.0,0.0,WH_2,1.73,61.48,56,5161,SYNTHETIC / ASSUMED PARAMETERS,0,False,267.91,STABLE,False,463.49
2024-01-25,P0013,S001,WH_1,SKU_20,160.05368,647.0,9.0,295.0,378.0,9.55,16.05,0.0,0.0,WH_1,1.19,44.04,33,5191,SYNTHETIC / ASSUMED PARAMETERS,0,False,486.95,STABLE,False,579.47
2024-01-25,P0010,S001,WH_1,SKU_18,83.93159,584.0,2.0,346.0,0.0,8.62,10.49,0.0,0.0,WH_1,0.92,38.21,43,7798,SYNTHETIC / ASSUMED PARAMETERS,0,False,500.07,STABLE,False,460.06
2024-01-25,P0015,S003,WH_3,SKU_22,180.73834,623.0,4.0,211.0,0.0,18.38,32.58,0.0,0.0,WH_3,1.34,101.74,33,5385,SYNTHETIC / ASSUMED PARAMETERS,0,False,442.26,STABLE,False,592.63
2024-01-25,P0011,S002,WH_2,SKU_19,97.50155,329.0,8.0,316.0,0.0,12.67,18.56,0.0,0.0,WH_2,1.58,55.58,37,4994,SYNTHETIC / ASSUMED PARAMETERS,0,False,231.5,STABLE,False,365.77
2024-01-25,P0011,S005,WH_5,SKU_19,100.74039,335.0,7.0,281.0,0.0,15.87,25.1,0.0,0.0,WH_5,2.0,76.39,84,8102,SYNTHETIC / ASSUMED PARAMETERS,0,False,234.26,STABLE,False,468.52
2024-01-25,P0016,S003,WH_3,SKU_23,148.93275,649.0,5.0,293.0,0.0,18.08,23.36,0.0,0.0,WH_3,2.55,64.6,72,10369,SYNTHETIC / ASSUMED PARAMETERS,0,False,500.07,STABLE,False,1275.17
2024-01-25,P0016,S004,WH_4,SKU_23,80.63612,390.0,14.0,236.0,0.0,15.4,18.69,0.0,0.0,WH_4,1.44,47.04,57,10538,SYNTHETIC / ASSUMED PARAMETERS,0,False,309.36,STABLE,False,445.48
2024-01-25,P0011,S001,WH_1,SKU_19,97.57787,467.0,8.0,287.0,0.0,12.4,18.41,0.0,0.0,WH_1,1.18,43.0,33,9186,SYNTHETIC / ASSUMED PARAMETERS,0,False,369.42,STABLE,False,435.92
2024-01-25,P0010,S002,WH_2,SKU_18,121.47583,309.0,10.0,270.0,0.0,17.51,24.82,0.0,0.0,WH_2,1.18,54.17,54,10850,SYNTHETIC / ASSUMED PARAMETERS,0,False,187.52,STABLE,False,221.28
2024-01-25,P0017,S003,WH_3,SKU_24,73.02063,320.0,10.0,209.0,0.0,10.59,15.15,0.0,0.0,WH_3,1.43,56.19,52,9960,SYNTHETIC / ASSUMED PARAMETERS,0,False,246.98,STABLE,False,353.18
2024-01-25,P0009,S002,WH_2,SKU_17,133.7654,355.0,13.0,372.0,0.0,16.68,21.24,1.0,0.0,WH_2,1.17,53.18,81,8112,SYNTHETIC / ASSUMED PARAMETERS,17,True,238.23,STABLE,False,331.91
2024-01-25,P0017,S004,WH_4,SKU_24,131.20827,434.0,13.0,301.0,0.0,7.11,12.19,0.0,0.0,WH_4,1.05,31.77,79,5355,SYNTHETIC / ASSUMED PARAMETERS,0,False,302.79,STABLE,False,317.93
2024-01-26,P0020,S003,WH_3,SKU_27,86.18079,606.0,3.0,296.0,0.0,9.18,15.91,1.0,0.0,WH_3,1.13,62.45,32,6179,SYNTHETIC / ASSUMED PARAMETERS,0,False,519.82,STABLE,False,587.4
2024-01-26,P0009,S002,WH_2,SKU_17,132.05086,776.0,13.0,372.0,446.0,16.68,21.24,0.0,0.0,WH_2,1.17,53.18,81,8112,SYNTHETIC / ASSUMED PARAMETERS,0,False,643.95,STABLE,False,753.42
2024-01-26,P0005,S001,WH_1,SKU_13,154.24231,315.0,9.0,246.0,0.0,19.52,24.09,0.0,0.0,WH_1,1.26,57.54,50,8981,SYNTHETIC / ASSUMED PARAMETERS,0,False,160.76,STABLE,False,202.55
2024-01-26,P0012,S004,WH_4,SKU_2,97.87052,543.0,6.0,290.0,0.0,7.06,10.96,1.0,0.0,WH_4,1.1,40.69,80,10160,SYNTHETIC / ASSUMED PARAMETERS,0,False,445.13,STABLE,False,489.64
2024-01-26,P0001,S005,WH_5,SKU_1,128.13028,594.0,4.0,366.0,265.0,19.41,23.81,0.0,0.0,WH_5,2.58,47.73,54,8279,SYNTHETIC / ASSUMED PARAMETERS,0,False,465.87,STABLE,False,1201.94
2024-01-26,P0006,S001,WH_1,SKU_14,85.77924,294.0,11.0,265.0,0.0,8.21,11.1,0.0,0.0,WH_1,1.31,43.21,69,6246,SYNTHETIC / ASSUMED PARAMETERS,0,False,208.22,STABLE,False,272.77
2024-01-26,P0009,S001,WH_1,SKU_17,115.16409,370.0,10.0,268.0,0.0,14.9,26.61,0.0,0.0,WH_1,1.04,53.46,53,5188,SYNTHETIC / ASSUMED PARAMETERS,0,False,254.84,STABLE,False,265.03
2024-01-26,P0012,S005,WH_5,SKU_2,68.556,636.0,14.0,267.0,411.0,15.0,26.38,0.0,0.0,WH_5,1.72,57.23,63,7517,SYNTHETIC / ASSUMED PARAMETERS,0,False,567.44,STABLE,False,976.0
2024-01-26,P0008,S001,WH_1,SKU_16,94.48878,308.0,14.0,328.0,0.0,11.96,17.38,0.0,0.0,WH_1,1.64,39.73,88,10604,SYNTHETIC / ASSUMED PARAMETERS,20,True,233.51,STABLE,False,422.69
2024-01-26,P0013,S005,WH_5,SKU_20,124.96293,222.0,2.0,246.0,0.0,10.07,18.03,0.0,0.0,WH_5,0.8,71.16,65,5639,SYNTHETIC / ASSUMED PARAMETERS,24,True,121.04,STABLE,False,167.99
2024-01-26,P0001,S003,WH_3,SKU_1,71.0634,618.0,6.0,314.0,331.0,6.06,8.41,0.0,0.0,WH_3,0.95,32.98,61,6038,SYNTHETIC / ASSUMED PARAMETERS,0,False,546.94,STABLE,False,519.59
2024-01-26,P0019,S003,WH_3,SKU_26,107.79946,326.0,14.0,222.0,0.0,7.66,9.43,0.0,0.0,WH_3,0.81,30.44,28,5399,SYNTHETIC / ASSUMED PARAMETERS,0,False,218.2,STABLE,False,176.74
2024-01-26,P0006,S002,WH_2,SKU_14,112.83883,280.0,14.0,268.0,0.0,18.83,23.34,0.0,0.0,WH_2,2.51,66.61,39,5701,SYNTHETIC / ASSUMED PARAMETERS,0,False,167.16,STABLE,False,419.57
2024-01-26,P0002,S001,WH_1,SKU_10,151.09973,693.0,13.0,361.0,0.0,12.67,18.73,0.0,0.0,WH_1,1.29,70.59,100,6990,SYNTHETIC / ASSUMED PARAMETERS,0,False,541.9,STABLE,False,699.05
2024-01-26,P0011,S003,WH_3,SKU_19,98.28669,750.0,4.0,295.0,484.0,14.17,23.01,0.0,0.0,WH_3,1.45,87.37,62,9399,SYNTHETIC / ASSUMED PARAMETERS,0,False,651.71,STABLE,False,944.98
2024-01-26,P0016,S005,WH_5,SKU_23,82.94093,616.0,3.0,383.0,0.0,19.43,28.74,0.0,0.0,WH_5,2.51,93.33,52,7979,SYNTHETIC / ASSUMED PARAMETERS,0,False,533.06,STABLE,False,1337.98
2024-01-26,P0008,S002,WH_2,SKU_16,118.61016,494.0,11.0,327.0,0.0,19.0,26.16,0.0,0.0,WH_2,2.13,82.7,65,6031,SYNTHETIC / ASSUMED PARAMETERS,0,False,375.39,STABLE,False,799.58
2024-01-26,P0016,S002,WH_2,SKU_23,98.62827,441.0,12.0,312.0,0.0,6.68,11.81,0.0,0.0,WH_2,0.8,35.45,73,10338,SYNTHETIC / ASSUMED PARAMETERS,0,False,342.37,STABLE,False,273.9
2024-01-26,P0001,S004,WH_4,SKU_1,103.55118,582.0,9.0,333.0,0.0,6.93,10.7,0.0,0.0,WH_4,1.02,32.51,60,7800,SYNTHETIC / ASSUMED PARAMETERS,0,False,478.45,STABLE,False,488.02
2024-01-26,P0005,S002,WH_2,SKU_13,168.00693,649.0,11.0,350.0,0.0,17.04,21.69,0.0,0.0,WH_2,2.15,79.74,38,5796,SYNTHETIC / ASSUMED PARAMETERS,0,False,480.99,STABLE,False,1034.14
2024-01-26,P0016,S001,WH_1,SKU_23,114.06924,388.0,8.0,239.0,0.0,9.05,14.03,0.0,0.0,WH_1,0.76,35.69,32,4845,SYNTHETIC / ASSUMED PARAMETERS,0,False,273.93,STABLE,False,208.19
2024-01-26,P0015,S002,WH_2,SKU_22,161.00694,576.0,7.0,261.0,0.0,9.82,14.68,0.0,0.0,WH_2,1.21,42.78,60,5653,SYNTHETIC / ASSUMED PARAMETERS,0,False,414.99,STABLE,False,502.14
2024-01-26,P0018,S005,WH_5,SKU_25,132.24309,464.0,7.0,311.0,0.0,8.45,14.29,0.0,0.0,WH_5,0.63,58.32,37,5926,SYNTHETIC / ASSUMED PARAMETERS,0,False,331.76,STABLE,False,209.01
2024-01-26,P0013,S001,WH_1,SKU_20,103.92559,623.0,9.0,295.0,0.0,9.55,16.05,0.0,0.0,WH_1,1.19,44.04,33,5191,SYNTHETIC / ASSUMED PARAMETERS,0,False,519.07,STABLE,False,617.7
2024-01-26,P0009,S005,WH_5,SKU_17,86.638596,360.0,8.0,321.0,0.0,7.73,13.36,0.0,0.0,WH_5,0.58,50.99,60,7894,SYNTHETIC / ASSUMED PARAMETERS,0,False,273.36,STABLE,False,158.55
2024-01-26,P0013,S003,WH_3,SKU_20,82.00079,735.0,3.0,319.0,445.0,14.9,25.16,0.0,0.0,WH_3,1.3,53.63,94,9643,SYNTHETIC / ASSUMED PARAMETERS,0,False,653.0,STABLE,False,848.9
2024-01-26,P0008,S005,WH_5,SKU_16,123.70323,604.0,2.0,394.0,263.0,13.23,20.46,1.0,0.0,WH_5,1.66,59.45,101,8221,SYNTHETIC / ASSUMED PARAMETERS,0,False,480.3,STABLE,False,797.29
2024-01-26,P0015,S004,WH_4,SKU_22,89.24089,424.0,11.0,374.0,0.0,19.16,23.34,0.0,0.0,WH_4,2.12,46.36,63,10964,SYNTHETIC / ASSUMED PARAMETERS,0,False,334.76,STABLE,False,709.69
2024-01-26,P0004,S001,WH_1,SKU_12,106.11162,397.0,5.0,299.0,0.0,5.36,7.17,1.0,0.0,WH_1,0.74,24.31,60,7801,SYNTHETIC / ASSUMED PARAMETERS,0,False,290.89,STABLE,False,215.26
2024-01-26,P0010,S001,WH_1,SKU_18,93.24083,562.0,2.0,346.0,0.0,8.62,10.49,1.0,0.0,WH_1,0.92,38.21,43,7798,SYNTHETIC / ASSUMED PARAMETERS,0,False,468.76,STABLE,False,431.26
2024-01-26,P0011,S001,WH_1,SKU_19,97.2208,440.0,8.0,287.0,0.0,12.4,18.41,0.0,0.0,WH_1,1.18,43.0,33,9186,SYNTHETIC / ASSUMED PARAMETERS,0,False,342.78,STABLE,False,404.48
2024-01-26,P0017,S004,WH_4,SKU_24,150.4095,407.0,13.0,301.0,0.0,7.11,12.19,1.0,0.0,WH_4,1.05,31.77,79,5355,SYNTHETIC / ASSUMED PARAMETERS,0,False,256.59,STABLE,False,269.42
2024-01-26,P0016,S004,WH_4,SKU_23,86.26664,378.0,14.0,236.0,0.0,15.4,18.69,0.0,0.0,WH_4,1.44,47.04,57,10538,SYNTHETIC / ASSUMED PARAMETERS,0,False,291.73,STABLE,False,420.1
2024-01-26,P0010,S004,WH_4,SKU_18,126.44649,419.0,6.0,250.0,0.0,5.35,9.51,0.0,0.0,WH_4,0.78,43.27,45,6602,SYNTHETIC / ASSUMED PARAMETERS,0,False,292.55,STABLE,False,228.19
2024-01-26,P0004,S003,WH_3,SKU_12,142.6115,556.0,6.0,234.0,0.0,10.01,13.38,0.0,0.0,WH_3,1.57,45.39,57,10301,SYNTHETIC / ASSUMED PARAMETERS,0,False,413.39,STABLE,False,649.02
2024-01-26,P0014,S001,WH_1,SKU_21,117.64695,672.0,11.0,245.0,0.0,19.68,23.66,0.0,0.0,WH_1,2.7,52.3,38,5664,SYNTHETIC / ASSUMED PARAMETERS,0,False,554.35,STABLE,False,1496.75
2024-01-26,P0012,S001,WH_1,SKU_2,114.99207,403.0,13.0,228.0,0.0,19.76,35.1,0.0,0.0,WH_1,2.92,120.54,61,5736,SYNTHETIC / ASSUMED PARAMETERS,0,False,288.01,STABLE,False,840.98
2024-01-26,P0007,S001,WH_1,SKU_15,100.9361,575.0,13.0,327.0,0.0,16.7,28.78,1.0,0.0,WH_1,2.21,100.17,53,6976,SYNTHETIC / ASSUMED PARAMETERS,0,False,474.06,STABLE,False,1047.68
2024-01-26,P0019,S004,WH_4,SKU_26,153.86269,433.0,14.0,331.0,0.0,8.71,13.65,0.0,0.0,WH_4,0.81,35.89,53,6838,SYNTHETIC / ASSUMED PARAMETERS,0,False,279.14,STABLE,False,226.1
2024-01-26,P0015,S001,WH_1,SKU_22,126.730125,335.0,4.0,282.0,0.0,8.88,12.51,0.0,0.0,WH_1,0.94,51.81,47,10427,SYNTHETIC / ASSUMED PARAMETERS,0,False,208.27,STABLE,False,195.77
2024-01-26,P0011,S004,WH_4,SKU_19,89.667656,448.0,4.0,352.0,0.0,5.41,7.4,0.0,0.0,WH_4,0.43,30.95,55,9647,SYNTHETIC / ASSUMED PARAMETERS,0,False,358.33,STABLE,False,154.08
2024-01-26,P0003,S005,WH_5,SKU_11,95.4414,417.0,3.0,349.0,0.0,18.92,31.99,1.0,0.0,WH_5,1.99,103.38,46,6507,SYNTHETIC / ASSUMED PARAMETERS,0,False,321.56,STABLE,False,639.9
2024-01-26,P0018,S004,WH_4,SKU_25,95.39233,507.0,9.0,273.0,0.0,12.02,19.24,0.0,0.0,WH_4,1.67,68.75,82,5738,SYNTHETIC / ASSUMED PARAMETERS,0,False,411.61,STABLE,False,687.38
2024-01-26,P0013,S004,WH_4,SKU_20,126.043625,348.0,2.0,327.0,0.0,16.89,23.51,0.0,0.0,WH_4,1.33,49.52,45,10402,SYNTHETIC / ASSUMED PARAMETERS,0,False,221.96,STABLE,False,295.2
2024-01-26,P0002,S005,WH_5,SKU_10,98.35609,400.0,9.0,246.0,0.0,9.67,15.35,0.0,0.0,WH_5,1.52,60.17,40,6308,SYNTHETIC / ASSUMED PARAMETERS,0,False,301.64,STABLE,False,458.5
2024-01-26,P0019,S005,WH_5,SKU_26,105.41521,580.0,4.0,393.0,0.0,17.15,27.81,0.0,0.0,WH_5,2.55,59.97,91,8473,SYNTHETIC / ASSUMED PARAMETERS,0,False,474.58,STABLE,False,1210.19
2024-01-26,P0020,S004,WH_4,SKU_27,77.11396,382.0,14.0,289.0,0.0,13.84,20.65,0.0,0.0,WH_4,2.11,78.58,52,8263,SYNTHETIC / ASSUMED PARAMETERS,0,False,304.89,STABLE,False,643.31
2024-01-26,P0014,S004,WH_4,SKU_21,95.56017,495.0,8.0,379.0,0.0,12.65,20.04,0.0,0.0,WH_4,0.78,76.01,44,11017,SYNTHETIC / ASSUMED PARAMETERS,0,False,399.44,STABLE,False,311.56
2024-01-26,P0010,S003,WH_3,SKU_18,107.8062,268.0,9.0,213.0,0.0,15.53,20.4,0.0,0.0,WH_3,2.28,65.06,40,7890,SYNTHETIC / ASSUMED PARAMETERS,0,False,160.19,STABLE,False,365.24
2024-01-26,P0004,S002,WH_2,SKU_12,162.8731,598.0,6.0,370.0,247.0,19.03,23.02,0.0,0.0,WH_2,2.32,68.2,104,8597,SYNTHETIC / ASSUMED PARAMETERS,0,False,435.13,STABLE,False,1009.49
2024-01-26,P0002,S003,WH_3,SKU_10,128.6399,229.0,5.0,218.0,0.0,13.68,17.87,0.0,0.0,WH_3,1.74,42.93,55,5968,SYNTHETIC / ASSUMED PARAMETERS,0,False,100.36,STABLE,False,174.63
2024-01-26,P0019,S001,WH_1,SKU_26,115.548,671.0,2.0,335.0,0.0,18.22,23.67,0.0,0.0,WH_1,2.52,50.97,34,5684,SYNTHETIC / ASSUMED PARAMETERS,0,False,555.45,STABLE,False,1399.74
2024-01-26,P0006,S004,WH_4,SKU_14,126.92446,348.0,10.0,343.0,0.0,5.76,8.49,0.0,0.0,WH_4,0.78,37.66,58,8907,SYNTHETIC / ASSUMED PARAMETERS,0,False,221.08,STABLE,False,172.44
2024-01-26,P0019,S002,WH_2,SKU_26,153.12495,323.0,5.0,273.0,0.0,8.5,11.16,0.0,0.0,WH_2,0.55,33.37,47,8606,SYNTHETIC / ASSUMED PARAMETERS,0,False,169.88,STABLE,False,93.43
2024-01-26,P0006,S003,WH_3,SKU_14,95.298294,444.0,3.0,283.0,0.0,5.88,9.37,0.0,0.0,WH_3,0.82,33.85,73,7722,SYNTHETIC / ASSUMED PARAMETERS,0,False,348.7,STABLE,False,285.94
2024-01-26,P0014,S005,WH_5,SKU_21,64.8862,415.0,8.0,309.0,0.0,13.11,23.25,0.0,0.0,WH_5,1.81,58.89,87,5672,SYNTHETIC / ASSUMED PARAMETERS,0,False,350.11,STABLE,False,633.71
2024-01-26,P0020,S001,WH_1,SKU_27,67.63145,447.0,2.0,389.0,0.0,5.89,7.48,0.0,0.0,WH_1,0.77,21.54,103,8847,SYNTHETIC / ASSUMED PARAMETERS,0,False,379.37,STABLE,False,292.11
2024-01-26,P0005,S004,WH_4,SKU_13,140.66922,323.0,10.0,251.0,0.0,14.29,19.75,0.0,0.0,WH_4,0.97,79.01,68,10644,SYNTHETIC / ASSUMED PARAMETERS,0,False,182.33,STABLE,False,176.86
2024-01-26,P0008,S003,WH_3,SKU_16,126.19416,446.0,6.0,336.0,0.0,12.08,18.52,0.0,0.0,WH_3,1.03,67.38,41,10278,SYNTHETIC / ASSUMED PARAMETERS,0,False,319.81,STABLE,False,329.4
2024-01-26,P0003,S001,WH_1,SKU_11,98.802246,356.0,4.0,286.0,0.0,19.54,34.79,0.0,0.0,WH_1,2.75,93.77,81,6423,SYNTHETIC / ASSUMED PARAMETERS,0,False,257.2,STABLE,False,707.29
2024-01-26,P0018,S001,WH_1,SKU_25,141.18584,460.0,5.0,314.0,0.0,14.23,20.28,0.0,0.0,WH_1,0.9,46.65,78,5160,SYNTHETIC / ASSUMED PARAMETERS,0,False,318.81,STABLE,False,286.93
2024-01-26,P0020,S005,WH_5,SKU_27,101.57715,541.0,2.0,353.0,0.0,17.89,25.71,0.0,0.0,WH_5,1.71,74.7,103,6290,SYNTHETIC / ASSUMED PARAMETERS,0,False,439.42,STABLE,False,751.41
2024-01-26,P0001,S002,WH_2,SKU_1,116.31169,523.0,8.0,322.0,249.0,11.46,19.92,0.0,0.0,WH_2,0.9,70.92,62,9416,SYNTHETIC / ASSUMED PARAMETERS,0,False,406.69,STABLE,False,366.02
2024-01-26,P0004,S005,WH_5,SKU_12,152.22063,649.0,6.0,349.0,0.0,10.21,15.8,0.0,0.0,WH_5,0.76,39.17,96,5993,SYNTHETIC / ASSUMED PARAMETERS,0,False,496.78,STABLE,False,377.55
2024-01-26,P0004,S004,WH_4,SKU_12,182.45558,261.0,12.0,227.0,0.0,14.2,19.73,0.0,0.0,WH_4,1.6,43.96,33,7746,SYNTHETIC / ASSUMED PARAMETERS,0,False,78.54,STABLE,False,125.67
2024-01-26,P0017,S002,WH_2,SKU_24,84.66757,523.0,5.0,365.0,0.0,19.69,29.64,0.0,0.0,WH_2,2.19,76.95,92,10380,SYNTHETIC / ASSUMED PARAMETERS,0,False,438.33,STABLE,False,959.95
2024-01-26,P0009,S004,WH_4,SKU_17,167.3918,480.0,5.0,341.0,0.0,8.62,10.66,0.0,0.0,WH_4,1.16,28.26,74,6506,SYNTHETIC / ASSUMED PARAMETERS,0,False,312.61,STABLE,False,362.63
2024-01-26,P0009,S003,WH_3,SKU_17,84.2884,461.0,3.0,339.0,0.0,16.8,28.54,0.0,0.0,WH_3,1.1,80.9,84,7273,SYNTHETIC / ASSUMED PARAMETERS,0,False,376.71,STABLE,False,414.38
2024-01-26,P0006,S005,WH_5,SKU_14,91.164474,413.0,6.0,259.0,0.0,11.19,14.98,0.0,0.0,WH_5,0.92,37.97,55,10175,SYNTHETIC / ASSUMED PARAMETERS,0,False,321.84,STABLE,False,296.09
2024-01-26,P0007,S005,WH_5,SKU_15,108.88896,543.0,14.0,279.0,0.0,15.48,21.47,0.0,0.0,WH_5,1.08,84.29,72,9525,SYNTHETIC / ASSUMED PARAMETERS,0,False,434.11,STABLE,False,468.84
2024-01-26,P0010,S005,WH_5,SKU_18,96.082184,529.0,13.0,394.0,0.0,13.35,21.48,0.0,0.0,WH_5,1.44,69.56,77,8261,SYNTHETIC / ASSUMED PARAMETERS,0,False,432.92,STABLE,False,623.4
2024-01-26,P0020,S002,WH_2,SKU_27,110.43403,341.0,4.0,223.0,0.0,16.3,21.54,0.0,0.0,WH_2,1.63,83.19,46,6479,SYNTHETIC / ASSUMED PARAMETERS,0,False,230.57,STABLE,False,375.82
2024-01-26,P0007,S002,WH_2,SKU_15,95.41464,398.0,8.0,386.0,0.0,11.37,14.92,0.0,0.0,WH_2,1.19,43.87,61,9277,SYNTHETIC / ASSUMED PARAMETERS,0,False,302.59,STABLE,False,360.08
2024-01-26,P0002,S002,WH_2,SKU_10,126.064735,625.0,10.0,310.0,0.0,13.83,22.36,0.0,0.0,WH_2,0.8,49.56,40,6844,SYNTHETIC / ASSUMED PARAMETERS,0,False,498.94,STABLE,False,399.15
2024-01-26,P0017,S005,WH_5,SKU_24,102.562744,657.0,7.0,313.0,0.0,7.27,12.17,0.0,0.0,WH_5,0.56,44.06,66,10704,SYNTHETIC / ASSUMED PARAMETERS,0,False,554.44,STABLE,False,310.48
2024-01-26,P0008,S004,WH_4,SKU_16,92.580696,571.0,4.0,367.0,0.0,6.61,9.52,1.0,0.0,WH_4,0.87,40.21,59,5735,SYNTHETIC / ASSUMED PARAMETERS,0,False,478.42,STABLE,False,416.22
2024-01-26,P0018,S002,WH_2,SKU_25,144.57753,795.0,3.0,352.0,491.0,5.07,6.95,1.0,0.0,WH_2,0.51,29.96,39,8258,SYNTHETIC / ASSUMED PARAMETERS,0,False,650.42,STABLE,False,331.72
2024-01-26,P0007,S004,WH_4,SKU_15,119.45623,459.0,5.0,224.0,0.0,13.52,23.32,1.0,0.0,WH_4,1.16,58.22,61,7785,SYNTHETIC / ASSUMED PARAMETERS,0,False,339.54,STABLE,False,393.87
2024-01-26,P0003,S002,WH_2,SKU_11,144.00317,430.0,4.0,230.0,0.0,17.93,29.29,0.0,0.0,WH_2,2.41,85.34,31,10194,SYNTHETIC / ASSUMED PARAMETERS,0,False,286.0,STABLE,False,689.25
2024-01-26,P0005,S005,WH_5,SKU_13,180.58313,281.0,7.0,305.0,0.0,15.13,23.34,0.0,0.0,WH_5,0.88,49.29,48,10583,SYNTHETIC / ASSUMED PARAMETERS,24,True,124.42,STABLE,False,158.78
2024-01-26,P0015,S005,WH_5,SKU_22,141.61147,695.0,4.0,326.0,0.0,16.45,25.06,0.0,0.0,WH_5,2.1,76.56,84,10655,SYNTHETIC / ASSUMED PARAMETERS,0,False,553.39,STABLE,False,1162.12
2024-01-26,P0014,S003,WH_3,SKU_21,116.65028,417.0,10.0,283.0,0.0,5.75,8.47,0.0,0.0,WH_3,0.72,24.19,84,8334,SYNTHETIC / ASSUMED PARAMETERS,0,False,300.35,STABLE,False,216.25
2024-01-26,P0012,S002,WH_2,SKU_2,78.69713,359.0,8.0,377.0,0.0,16.77,22.06,0.0,0.0,WH_2,1.73,61.48,56,5161,SYNTHETIC / ASSUMED PARAMETERS,18,True,298.3,STABLE,False,577.54
2024-01-26,P0013,S002,WH_2,SKU_20,120.829605,504.0,9.0,336.0,0.0,12.31,20.86,0.0,0.0,WH_2,1.41,50.99,90,10971,SYNTHETIC / ASSUMED PARAMETERS,0,False,383.17,STABLE,False,540.27
2024-01-26,P0005,S003,WH_3,SKU_13,107.171196,679.0,14.0,382.0,0.0,6.01,8.52,0.0,0.0,WH_3,0.87,30.72,112,6380,SYNTHETIC / ASSUMED PARAMETERS,0,False,571.83,STABLE,False,497.49
2024-01-26,P0015,S003,WH_3,SKU_22,173.68802,588.0,4.0,211.0,0.0,18.38,32.58,0.0,0.0,WH_3,1.34,101.74,33,5385,SYNTHETIC / ASSUMED PARAMETERS,0,False,414.31,STABLE,False,555.18
2024-01-26,P0011,S002,WH_2,SKU_19,103.4657,304.0,8.0,316.0,0.0,12.67,18.56,0.0,0.0,WH_2,1.58,55.58,37,4994,SYNTHETIC / ASSUMED PARAMETERS,12,True,212.53,STABLE,False,391.38
2024-01-26,P0016,S003,WH_3,SKU_23,135.54778,621.0,5.0,293.0,0.0,18.08,23.36,0.0,0.0,WH_3,2.55,64.6,72,10369,SYNTHETIC / ASSUMED PARAMETERS,0,False,485.45,STABLE,False,1237.9
2024-01-26,P0014,S002,WH_2,SKU_21,118.39559,464.0,7.0,349.0,0.0,8.18,12.0,0.0,0.0,WH_2,1.13,36.82,79,8567,SYNTHETIC / ASSUMED PARAMETERS,0,False,345.6,STABLE,False,390.53
2024-01-26,P0003,S003,WH_3,SKU_11,101.651306,733.0,13.0,342.0,0.0,13.85,18.39,1.0,0.0,WH_3,1.16,58.36,96,10164,SYNTHETIC / ASSUMED PARAMETERS,0,False,631.35,STABLE,False,732.36
2024-01-26,P0011,S005,WH_5,SKU_19,103.553505,317.0,7.0,281.0,0.0,15.87,25.1,0.0,0.0,WH_5,2.0,76.39,84,8102,SYNTHETIC / ASSUMED PARAMETERS,0,False,213.45,STABLE,False,426.89
2024-01-26,P0002,S004,WH_4,SKU_10,129.7386,497.0,14.0,328.0,0.0,19.02,24.9,0.0,0.0,WH_4,2.76,93.09,92,6565,SYNTHETIC / ASSUMED PARAMETERS,0,False,367.26,STABLE,False,1013.64
2024-01-26,P0003,S004,WH_4,SKU_11,104.003784,408.0,2.0,382.0,0.0,6.2,7.82,1.0,0.0,WH_4,0.5,33.95,90,5402,SYNTHETIC / ASSUMED PARAMETERS,0,False,304.0,STABLE,False,152.0
2024-01-26,P0018,S003,WH_3,SKU_25,102.939865,290.0,7.0,232.0,0.0,6.51,8.04,0.0,0.0,WH_3,0.89,32.85,39,9598,SYNTHETIC / ASSUMED PARAMETERS,0,False,187.06,STABLE,False,166.48
2024-01-26,P0017,S001,WH_1,SKU_24,87.976204,329.0,2.0,288.0,0.0,6.14,10.22,0.0,0.0,WH_1,0.75,31.15,47,6037,SYNTHETIC / ASSUMED PARAMETERS,0,False,241.02,STABLE,False,180.77
2024-01-26,P0007,S003,WH_3,SKU_15,92.508,681.0,7.0,265.0,0.0,6.24,9.99,0.0,0.0,WH_3,0.69,40.25,72,9290,SYNTHETIC / ASSUMED PARAMETERS,0,False,588.49,STABLE,False,406.06
2024-01-26,P0012,S003,WH_3,SKU_2,79.75457,362.0,10.0,319.0,0.0,5.02,7.82,0.0,0.0,WH_3,0.45,23.6,74,9396,SYNTHETIC / ASSUMED PARAMETERS,0,False,282.25,STABLE,False,127.01
2024-01-26,P0001,S001,WH_1,SKU_1,90.566345,484.0,14.0,379.0,0.0,13.95,20.48,0.0,0.0,WH_1,1.88,67.42,94,6673,SYNTHETIC / ASSUMED PARAMETERS,0,False,393.43,STABLE,False,739.66
2024-01-26,P0010,S002,WH_2,SKU_18,141.15074,273.0,10.0,270.0,0.0,17.51,24.82,0.0,0.0,WH_2,1.18,54.17,54,10850,SYNTHETIC / ASSUMED PARAMETERS,0,False,131.85,STABLE,False,155.58
2024-01-26,P0017,S003,WH_3,SKU_24,98.66894,296.0,10.0,209.0,0.0,10.59,15.15,0.0,0.0,WH_3,1.43,56.19,52,9960,SYNTHETIC / ASSUMED PARAMETERS,0,False,197.33,STABLE,False,282.18
2024-01-27,P0018,S001,WH_1,SKU_25,148.01918,446.0,5.0,314.0,0.0,14.23,20.28,0.0,0.0,WH_1,0.9,46.65,78,5160,SYNTHETIC / ASSUMED PARAMETERS,0,False,297.98,STABLE,False,268.18
2024-01-27,P0007,S004,WH_4,SKU_15,149.1615,422.0,5.0,224.0,0.0,13.52,23.32,1.0,0.0,WH_4,1.16,58.22,61,7785,SYNTHETIC / ASSUMED PARAMETERS,0,False,272.84,STABLE,False,316.49
2024-01-27,P0003,S003,WH_3,SKU_11,87.69586,723.0,13.0,342.0,0.0,13.85,18.39,0.0,0.0,WH_3,1.16,58.36,96,10164,SYNTHETIC / ASSUMED PARAMETERS,0,False,635.3,STABLE,False,736.95
2024-01-27,P0006,S005,WH_5,SKU_14,121.74941,388.0,6.0,259.0,0.0,11.19,14.98,0.0,0.0,WH_5,0.92,37.97,55,10175,SYNTHETIC / ASSUMED PARAMETERS,0,False,266.25,STABLE,False,244.95
2024-01-27,P0005,S001,WH_1,SKU_13,149.30907,285.0,9.0,246.0,0.0,19.52,24.09,0.0,0.0,WH_1,1.26,57.54,50,8981,SYNTHETIC / ASSUMED PARAMETERS,0,False,135.69,STABLE,False,170.97
2024-01-27,P0010,S002,WH_2,SKU_18,163.64374,248.0,10.0,270.0,0.0,17.51,24.82,0.0,0.0,WH_2,1.18,54.17,54,10850,SYNTHETIC / ASSUMED PARAMETERS,22,True,106.36,STABLE,False,179.67
2024-01-27,P0020,S002,WH_2,SKU_27,77.401245,317.0,4.0,223.0,0.0,16.3,21.54,0.0,0.0,WH_2,1.63,83.19,46,6479,SYNTHETIC / ASSUMED PARAMETERS,0,False,239.6,STABLE,False,390.55
2024-01-27,P0009,S002,WH_2,SKU_17,160.43333,748.0,13.0,372.0,0.0,16.68,21.24,0.0,0.0,WH_2,1.17,53.18,81,8112,SYNTHETIC / ASSUMED PARAMETERS,0,False,587.57,STABLE,False,687.45
2024-01-27,P0009,S004,WH_4,SKU_17,184.05377,452.0,5.0,341.0,0.0,8.62,10.66,0.0,0.0,WH_4,1.16,28.26,74,6506,SYNTHETIC / ASSUMED PARAMETERS,0,False,267.95,STABLE,False,310.82
2024-01-27,P0010,S004,WH_4,SKU_18,142.17091,389.0,6.0,250.0,0.0,5.35,9.51,0.0,0.0,WH_4,0.78,43.27,45,6602,SYNTHETIC / ASSUMED PARAMETERS,0,False,246.83,STABLE,False,192.53
2024-01-27,P0006,S003,WH_3,SKU_14,107.418205,411.0,3.0,283.0,0.0,5.88,9.37,0.0,0.0,WH_3,0.82,33.85,73,7722,SYNTHETIC / ASSUMED PARAMETERS,0,False,303.58,STABLE,False,248.94
2024-01-27,P0006,S001,WH_1,SKU_14,85.831024,271.0,11.0,265.0,0.0,8.21,11.1,0.0,0.0,WH_1,1.31,43.21,69,6246,SYNTHETIC / ASSUMED PARAMETERS,0,False,185.17,STABLE,False,242.57
2024-01-27,P0019,S002,WH_2,SKU_26,105.32231,284.0,5.0,273.0,0.0,8.5,11.16,1.0,0.0,WH_2,0.55,33.37,47,8606,SYNTHETIC / ASSUMED PARAMETERS,0,False,178.68,STABLE,False,98.27
2024-01-27,P0008,S004,WH_4,SKU_16,81.4961,546.0,4.0,367.0,0.0,6.61,9.52,0.0,0.0,WH_4,0.87,40.21,59,5735,SYNTHETIC / ASSUMED PARAMETERS,0,False,464.5,STABLE,False,404.12
2024-01-27,P0001,S005,WH_5,SKU_1,82.73059,570.0,4.0,366.0,0.0,19.41,23.81,0.0,0.0,WH_5,2.58,47.73,54,8279,SYNTHETIC / ASSUMED PARAMETERS,0,False,487.27,STABLE,False,1257.16
2024-01-27,P0007,S003,WH_3,SKU_15,127.73984,657.0,7.0,265.0,0.0,6.24,9.99,0.0,0.0,WH_3,0.69,40.25,72,9290,SYNTHETIC / ASSUMED PARAMETERS,0,False,529.26,STABLE,False,365.19
2024-01-27,P0016,S001,WH_1,SKU_23,79.38555,371.0,8.0,239.0,0.0,9.05,14.03,0.0,0.0,WH_1,0.76,35.69,32,4845,SYNTHETIC / ASSUMED PARAMETERS,0,False,291.61,STABLE,False,221.63
2024-01-27,P0019,S001,WH_1,SKU_26,66.86578,652.0,2.0,335.0,0.0,18.22,23.67,0.0,0.0,WH_1,2.52,50.97,34,5684,SYNTHETIC / ASSUMED PARAMETERS,0,False,585.13,STABLE,False,1474.54
2024-01-27,P0017,S003,WH_3,SKU_24,102.44418,262.0,10.0,209.0,0.0,10.59,15.15,0.0,0.0,WH_3,1.43,56.19,52,9960,SYNTHETIC / ASSUMED PARAMETERS,0,False,159.56,STABLE,False,228.16
2024-01-27,P0016,S003,WH_3,SKU_23,88.62962,593.0,5.0,293.0,0.0,18.08,23.36,0.0,0.0,WH_3,2.55,64.6,72,10369,SYNTHETIC / ASSUMED PARAMETERS,0,False,504.37,STABLE,False,1286.14
2024-01-27,P0014,S005,WH_5,SKU_21,78.43555,390.0,8.0,309.0,0.0,13.11,23.25,0.0,0.0,WH_5,1.81,58.89,87,5672,SYNTHETIC / ASSUMED PARAMETERS,0,False,311.56,STABLE,False,563.93
2024-01-27,P0004,S003,WH_3,SKU_12,104.22622,528.0,6.0,234.0,0.0,10.01,13.38,1.0,0.0,WH_3,1.57,45.39,57,10301,SYNTHETIC / ASSUMED PARAMETERS,0,False,423.77,STABLE,False,665.32
2024-01-27,P0011,S001,WH_1,SKU_19,75.96233,416.0,8.0,287.0,0.0,12.4,18.41,0.0,0.0,WH_1,1.18,43.0,33,9186,SYNTHETIC / ASSUMED PARAMETERS,0,False,340.04,STABLE,False,401.24
2024-01-27,P0020,S004,WH_4,SKU_27,69.54046,358.0,14.0,289.0,0.0,13.84,20.65,0.0,0.0,WH_4,2.11,78.58,52,8263,SYNTHETIC / ASSUMED PARAMETERS,0,False,288.46,STABLE,False,608.65
2024-01-27,P0003,S001,WH_1,SKU_11,84.57838,336.0,4.0,286.0,0.0,19.54,34.79,0.0,0.0,WH_1,2.75,93.77,81,6423,SYNTHETIC / ASSUMED PARAMETERS,0,False,251.42,STABLE,False,691.41
2024-01-27,P0015,S005,WH_5,SKU_22,120.15046,679.0,4.0,326.0,0.0,16.45,25.06,0.0,0.0,WH_5,2.1,76.56,84,10655,SYNTHETIC / ASSUMED PARAMETERS,0,False,558.85,STABLE,False,1173.58
2024-01-27,P0006,S004,WH_4,SKU_14,88.50808,326.0,10.0,343.0,0.0,5.76,8.49,0.0,0.0,WH_4,0.78,37.66,58,8907,SYNTHETIC / ASSUMED PARAMETERS,17,True,254.49,STABLE,False,236.16
2024-01-27,P0019,S003,WH_3,SKU_26,74.49976,303.0,14.0,222.0,0.0,7.66,9.43,0.0,0.0,WH_3,0.81,30.44,28,5399,SYNTHETIC / ASSUMED PARAMETERS,0,False,228.5,STABLE,False,185.09
2024-01-27,P0009,S003,WH_3,SKU_17,140.20465,449.0,3.0,339.0,0.0,16.8,28.54,0.0,0.0,WH_3,1.1,80.9,84,7273,SYNTHETIC / ASSUMED PARAMETERS,0,False,308.8,STABLE,False,339.67
2024-01-27,P0009,S005,WH_5,SKU_17,110.898125,336.0,8.0,321.0,0.0,7.73,13.36,0.0,0.0,WH_5,0.58,50.99,60,7894,SYNTHETIC / ASSUMED PARAMETERS,0,False,225.1,STABLE,False,130.56
2024-01-27,P0003,S005,WH_5,SKU_11,90.97921,389.0,3.0,349.0,0.0,18.92,31.99,0.0,0.0,WH_5,1.99,103.38,46,6507,SYNTHETIC / ASSUMED PARAMETERS,0,False,298.02,STABLE,False,593.06
2024-01-27,P0019,S005,WH_5,SKU_26,65.64655,564.0,4.0,393.0,0.0,17.15,27.81,0.0,0.0,WH_5,2.55,59.97,91,8473,SYNTHETIC / ASSUMED PARAMETERS,0,False,498.35,STABLE,False,1270.8
2024-01-27,P0017,S005,WH_5,SKU_24,120.176285,623.0,7.0,313.0,0.0,7.27,12.17,0.0,0.0,WH_5,0.56,44.06,66,10704,SYNTHETIC / ASSUMED PARAMETERS,0,False,502.82,STABLE,False,281.58
2024-01-27,P0011,S002,WH_2,SKU_19,78.20695,757.0,8.0,316.0,488.0,12.67,18.56,0.0,0.0,WH_2,1.58,55.58,37,4994,SYNTHETIC / ASSUMED PARAMETERS,0,False,678.79,STABLE,False,1072.49
2024-01-27,P0017,S002,WH_2,SKU_24,100.94289,502.0,5.0,365.0,0.0,19.69,29.64,0.0,0.0,WH_2,2.19,76.95,92,10380,SYNTHETIC / ASSUMED PARAMETERS,0,False,401.06,STABLE,False,878.32
2024-01-27,P0020,S001,WH_1,SKU_27,71.42462,427.0,2.0,389.0,0.0,5.89,7.48,0.0,0.0,WH_1,0.77,21.54,103,8847,SYNTHETIC / ASSUMED PARAMETERS,0,False,355.58,STABLE,False,273.79
2024-01-27,P0010,S005,WH_5,SKU_18,118.91082,497.0,13.0,394.0,0.0,13.35,21.48,1.0,0.0,WH_5,1.44,69.56,77,8261,SYNTHETIC / ASSUMED PARAMETERS,0,False,378.09,STABLE,False,544.45
2024-01-27,P0018,S002,WH_2,SKU_25,143.21019,771.0,3.0,352.0,0.0,5.07,6.95,0.0,0.0,WH_2,0.51,29.96,39,8258,SYNTHETIC / ASSUMED PARAMETERS,0,False,627.79,STABLE,False,320.17
2024-01-27,P0018,S003,WH_3,SKU_25,67.523674,270.0,7.0,232.0,0.0,6.51,8.04,0.0,0.0,WH_3,0.89,32.85,39,9598,SYNTHETIC / ASSUMED PARAMETERS,0,False,202.48,STABLE,False,180.2
2024-01-27,P0005,S004,WH_4,SKU_13,161.81203,290.0,10.0,251.0,0.0,14.29,19.75,1.0,0.0,WH_4,0.97,79.01,68,10644,SYNTHETIC / ASSUMED PARAMETERS,0,False,128.19,STABLE,False,124.34
2024-01-27,P0010,S003,WH_3,SKU_18,128.4116,231.0,9.0,213.0,0.0,15.53,20.4,1.0,0.0,WH_3,2.28,65.06,40,7890,SYNTHETIC / ASSUMED PARAMETERS,0,False,102.59,STABLE,False,233.9
2024-01-27,P0015,S003,WH_3,SKU_22,182.43434,559.0,4.0,211.0,0.0,18.38,32.58,0.0,0.0,WH_3,1.34,101.74,33,5385,SYNTHETIC / ASSUMED PARAMETERS,0,False,376.57,STABLE,False,504.6
2024-01-27,P0001,S002,WH_2,SKU_1,134.27783,505.0,8.0,322.0,0.0,11.46,19.92,0.0,0.0,WH_2,0.9,70.92,62,9416,SYNTHETIC / ASSUMED PARAMETERS,0,False,370.72,STABLE,False,333.65
2024-01-27,P0019,S004,WH_4,SKU_26,75.55681,412.0,14.0,331.0,0.0,8.71,13.65,0.0,0.0,WH_4,0.81,35.89,53,6838,SYNTHETIC / ASSUMED PARAMETERS,0,False,336.44,STABLE,False,272.52
2024-01-27,P0015,S001,WH_1,SKU_22,122.09321,312.0,4.0,282.0,0.0,8.88,12.51,0.0,0.0,WH_1,0.94,51.81,47,10427,SYNTHETIC / ASSUMED PARAMETERS,0,False,189.91,STABLE,False,178.51
2024-01-27,P0002,S002,WH_2,SKU_10,165.32411,601.0,10.0,310.0,0.0,13.83,22.36,0.0,0.0,WH_2,0.8,49.56,40,6844,SYNTHETIC / ASSUMED PARAMETERS,0,False,435.68,STABLE,False,348.54
2024-01-27,P0001,S003,WH_3,SKU_1,100.16073,593.0,6.0,314.0,0.0,6.06,8.41,0.0,0.0,WH_3,0.95,32.98,61,6038,SYNTHETIC / ASSUMED PARAMETERS,0,False,492.84,STABLE,False,468.2
2024-01-27,P0010,S001,WH_1,SKU_18,81.72109,553.0,2.0,346.0,0.0,8.62,10.49,0.0,0.0,WH_1,0.92,38.21,43,7798,SYNTHETIC / ASSUMED PARAMETERS,0,False,471.28,STABLE,False,433.58
2024-01-27,P0015,S004,WH_4,SKU_22,102.387955,400.0,11.0,374.0,0.0,19.16,23.34,0.0,0.0,WH_4,2.12,46.36,63,10964,SYNTHETIC / ASSUMED PARAMETERS,0,False,297.61,STABLE,False,630.94
2024-01-27,P0002,S003,WH_3,SKU_10,118.90165,210.0,5.0,218.0,0.0,13.68,17.87,0.0,0.0,WH_3,1.74,42.93,55,5968,SYNTHETIC / ASSUMED PARAMETERS,8,True,99.1,STABLE,False,215.36
2024-01-27,P0011,S003,WH_3,SKU_19,102.96555,730.0,4.0,295.0,0.0,14.17,23.01,0.0,0.0,WH_3,1.45,87.37,62,9399,SYNTHETIC / ASSUMED PARAMETERS,0,False,627.03,STABLE,False,909.2
2024-01-27,P0008,S003,WH_3,SKU_16,150.33257,407.0,6.0,336.0,0.0,12.08,18.52,1.0,0.0,WH_3,1.03,67.38,41,10278,SYNTHETIC / ASSUMED PARAMETERS,0,False,256.67,STABLE,False,264.37
2024-01-27,P0002,S001,WH_1,SKU_10,118.02313,671.0,13.0,361.0,0.0,12.67,18.73,0.0,0.0,WH_1,1.29,70.59,100,6990,SYNTHETIC / ASSUMED PARAMETERS,0,False,552.98,STABLE,False,713.34
2024-01-27,P0008,S005,WH_5,SKU_16,132.05446,589.0,2.0,394.0,0.0,13.23,20.46,0.0,0.0,WH_5,1.66,59.45,101,8221,SYNTHETIC / ASSUMED PARAMETERS,0,False,456.95,STABLE,False,758.53
2024-01-27,P0006,S002,WH_2,SKU_14,147.10318,258.0,14.0,268.0,0.0,18.83,23.34,0.0,0.0,WH_2,2.51,66.61,39,5701,SYNTHETIC / ASSUMED PARAMETERS,10,True,120.9,STABLE,False,370.06
2024-01-27,P0013,S003,WH_3,SKU_20,141.79462,707.0,3.0,319.0,0.0,14.9,25.16,1.0,0.0,WH_3,1.3,53.63,94,9643,SYNTHETIC / ASSUMED PARAMETERS,0,False,565.21,STABLE,False,734.77
2024-01-27,P0012,S001,WH_1,SKU_2,137.0495,387.0,13.0,228.0,0.0,19.76,35.1,0.0,0.0,WH_1,2.92,120.54,61,5736,SYNTHETIC / ASSUMED PARAMETERS,0,False,249.95,STABLE,False,729.86
2024-01-27,P0004,S002,WH_2,SKU_12,123.49687,573.0,6.0,370.0,0.0,19.03,23.02,0.0,0.0,WH_2,2.32,68.2,104,8597,SYNTHETIC / ASSUMED PARAMETERS,0,False,449.5,STABLE,False,1042.85
2024-01-27,P0017,S001,WH_1,SKU_24,118.8812,306.0,2.0,288.0,0.0,6.14,10.22,0.0,0.0,WH_1,0.75,31.15,47,6037,SYNTHETIC / ASSUMED PARAMETERS,0,False,187.12,STABLE,False,140.34
2024-01-27,P0016,S004,WH_4,SKU_23,75.59878,357.0,14.0,236.0,0.0,15.4,18.69,0.0,0.0,WH_4,1.44,47.04,57,10538,SYNTHETIC / ASSUMED PARAMETERS,0,False,281.4,STABLE,False,405.22
2024-01-27,P0017,S004,WH_4,SKU_24,132.8282,378.0,13.0,301.0,0.0,7.11,12.19,0.0,0.0,WH_4,1.05,31.77,79,5355,SYNTHETIC / ASSUMED PARAMETERS,0,False,245.17,STABLE,False,257.43
2024-01-27,P0014,S002,WH_2,SKU_21,156.88019,439.0,7.0,349.0,0.0,8.18,12.0,0.0,0.0,WH_2,1.13,36.82,79,8567,SYNTHETIC / ASSUMED PARAMETERS,0,False,282.12,STABLE,False,318.8
2024-01-27,P0004,S004,WH_4,SKU_12,139.0672,235.0,12.0,227.0,0.0,14.2,19.73,0.0,0.0,WH_4,1.6,43.96,33,7746,SYNTHETIC / ASSUMED PARAMETERS,0,False,95.93,STABLE,False,153.49
2024-01-27,P0012,S004,WH_4,SKU_2,82.93597,509.0,6.0,290.0,0.0,7.06,10.96,0.0,0.0,WH_4,1.1,40.69,80,10160,SYNTHETIC / ASSUMED PARAMETERS,0,False,426.06,STABLE,False,468.67
2024-01-27,P0015,S002,WH_2,SKU_22,159.08351,551.0,7.0,261.0,0.0,9.82,14.68,0.0,0.0,WH_2,1.21,42.78,60,5653,SYNTHETIC / ASSUMED PARAMETERS,0,False,391.92,STABLE,False,474.22
2024-01-27,P0003,S002,WH_2,SKU_11,139.36958,414.0,4.0,230.0,0.0,17.93,29.29,0.0,0.0,WH_2,2.41,85.34,31,10194,SYNTHETIC / ASSUMED PARAMETERS,0,False,274.63,STABLE,False,661.86
2024-01-27,P0013,S005,WH_5,SKU_20,153.77165,656.0,2.0,246.0,455.0,10.07,18.03,0.0,0.0,WH_5,0.8,71.16,65,5639,SYNTHETIC / ASSUMED PARAMETERS,0,False,502.23,STABLE,False,401.78
2024-01-27,P0007,S005,WH_5,SKU_15,113.57225,521.0,14.0,279.0,0.0,15.48,21.47,1.0,0.0,WH_5,1.08,84.29,72,9525,SYNTHETIC / ASSUMED PARAMETERS,0,False,407.43,STABLE,False,440.02
2024-01-27,P0012,S002,WH_2,SKU_2,86.0618,603.0,8.0,377.0,279.0,16.77,22.06,1.0,0.0,WH_2,1.73,61.48,56,5161,SYNTHETIC / ASSUMED PARAMETERS,0,False,516.94,STABLE,False,894.3
2024-01-27,P0012,S005,WH_5,SKU_2,67.457306,621.0,14.0,267.0,0.0,15.0,26.38,0.0,0.0,WH_5,1.72,57.23,63,7517,SYNTHETIC / ASSUMED PARAMETERS,0,False,553.54,STABLE,False,952.09
2024-01-27,P0004,S005,WH_5,SKU_12,77.441605,613.0,6.0,349.0,0.0,10.21,15.8,0.0,0.0,WH_5,0.76,39.17,96,5993,SYNTHETIC / ASSUMED PARAMETERS,0,False,535.56,STABLE,False,407.02
2024-01-27,P0003,S004,WH_4,SKU_11,77.27395,381.0,2.0,382.0,0.0,6.2,7.82,0.0,0.0,WH_4,0.5,33.95,90,5402,SYNTHETIC / ASSUMED PARAMETERS,1,True,304.73,STABLE,False,186.31
2024-01-27,P0011,S004,WH_4,SKU_19,62.939735,430.0,4.0,352.0,0.0,5.41,7.4,0.0,0.0,WH_4,0.43,30.95,55,9647,SYNTHETIC / ASSUMED PARAMETERS,0,False,367.06,STABLE,False,157.84
2024-01-27,P0013,S002,WH_2,SKU_20,124.32314,483.0,9.0,336.0,0.0,12.31,20.86,0.0,0.0,WH_2,1.41,50.99,90,10971,SYNTHETIC / ASSUMED PARAMETERS,0,False,358.68,STABLE,False,505.73
2024-01-27,P0020,S005,WH_5,SKU_27,79.56957,506.0,2.0,353.0,0.0,17.89,25.71,0.0,0.0,WH_5,1.71,74.7,103,6290,SYNTHETIC / ASSUMED PARAMETERS,0,False,426.43,STABLE,False,729.2
2024-01-27,P0011,S005,WH_5,SKU_19,87.49216,290.0,7.0,281.0,0.0,15.87,25.1,0.0,0.0,WH_5,2.0,76.39,84,8102,SYNTHETIC / ASSUMED PARAMETERS,0,False,202.51,STABLE,False,405.02
2024-01-27,P0020,S003,WH_3,SKU_27,97.01272,569.0,3.0,296.0,0.0,9.18,15.91,1.0,0.0,WH_3,1.13,62.45,32,6179,SYNTHETIC / ASSUMED PARAMETERS,0,False,471.99,STABLE,False,533.35
2024-01-27,P0002,S005,WH_5,SKU_10,98.53391,378.0,9.0,246.0,0.0,9.67,15.35,0.0,0.0,WH_5,1.52,60.17,40,6308,SYNTHETIC / ASSUMED PARAMETERS,0,False,279.47,STABLE,False,424.79
2024-01-27,P0014,S004,WH_4,SKU_21,108.3901,469.0,8.0,379.0,0.0,12.65,20.04,0.0,0.0,WH_4,0.78,76.01,44,11017,SYNTHETIC / ASSUMED PARAMETERS,0,False,360.61,STABLE,False,281.28
2024-01-27,P0007,S001,WH_1,SKU_15,131.95163,553.0,13.0,327.0,0.0,16.7,28.78,0.0,0.0,WH_1,2.21,100.17,53,6976,SYNTHETIC / ASSUMED PARAMETERS,0,False,421.05,STABLE,False,930.52
2024-01-27,P0016,S002,WH_2,SKU_23,103.01905,406.0,12.0,312.0,0.0,6.68,11.81,1.0,0.0,WH_2,0.8,35.45,73,10338,SYNTHETIC / ASSUMED PARAMETERS,0,False,302.98,STABLE,False,242.38
2024-01-27,P0014,S001,WH_1,SKU_21,165.33199,646.0,11.0,245.0,0.0,19.68,23.66,0.0,0.0,WH_1,2.7,52.3,38,5664,SYNTHETIC / ASSUMED PARAMETERS,0,False,480.67,STABLE,False,1297.8
2024-01-27,P0005,S005,WH_5,SKU_13,116.66238,570.0,7.0,305.0,317.0,15.13,23.34,0.0,0.0,WH_5,0.88,49.29,48,10583,SYNTHETIC / ASSUMED PARAMETERS,0,False,453.34,STABLE,False,398.94
2024-01-27,P0018,S004,WH_4,SKU_25,93.488434,485.0,9.0,273.0,0.0,12.02,19.24,0.0,0.0,WH_4,1.67,68.75,82,5738,SYNTHETIC / ASSUMED PARAMETERS,0,False,391.51,STABLE,False,653.82
2024-01-27,P0002,S004,WH_4,SKU_10,146.1428,473.0,14.0,328.0,0.0,19.02,24.9,0.0,0.0,WH_4,2.76,93.09,92,6565,SYNTHETIC / ASSUMED PARAMETERS,0,False,326.86,STABLE,False,902.13
2024-01-27,P0013,S004,WH_4,SKU_20,143.25229,325.0,2.0,327.0,0.0,16.89,23.51,0.0,0.0,WH_4,1.33,49.52,45,10402,SYNTHETIC / ASSUMED PARAMETERS,2,True,183.75,STABLE,False,293.9
2024-01-27,P0008,S001,WH_1,SKU_16,102.07464,754.0,14.0,328.0,466.0,11.96,17.38,0.0,0.0,WH_1,1.64,39.73,88,10604,SYNTHETIC / ASSUMED PARAMETERS,0,False,651.93,STABLE,False,1069.16
2024-01-27,P0005,S002,WH_2,SKU_13,141.141,630.0,11.0,350.0,0.0,17.04,21.69,0.0,0.0,WH_2,2.15,79.74,38,5796,SYNTHETIC / ASSUMED PARAMETERS,0,False,488.86,STABLE,False,1051.05
2024-01-27,P0008,S002,WH_2,SKU_16,163.70453,478.0,11.0,327.0,0.0,19.0,26.16,0.0,0.0,WH_2,2.13,82.7,65,6031,SYNTHETIC / ASSUMED PARAMETERS,0,False,314.3,STABLE,False,669.45
2024-01-27,P0005,S003,WH_3,SKU_13,109.80709,661.0,14.0,382.0,0.0,6.01,8.52,0.0,0.0,WH_3,0.87,30.72,112,6380,SYNTHETIC / ASSUMED PARAMETERS,0,False,551.19,STABLE,False,479.54
2024-01-27,P0004,S001,WH_1,SKU_12,111.73505,372.0,5.0,299.0,0.0,5.36,7.17,0.0,0.0,WH_1,0.74,24.31,60,7801,SYNTHETIC / ASSUMED PARAMETERS,0,False,260.26,STABLE,False,192.6
2024-01-27,P0001,S001,WH_1,SKU_1,92.09417,456.0,14.0,379.0,0.0,13.95,20.48,0.0,0.0,WH_1,1.88,67.42,94,6673,SYNTHETIC / ASSUMED PARAMETERS,0,False,363.91,STABLE,False,684.14
2024-01-27,P0014,S003,WH_3,SKU_21,83.17071,395.0,10.0,283.0,0.0,5.75,8.47,0.0,0.0,WH_3,0.72,24.19,84,8334,SYNTHETIC / ASSUMED PARAMETERS,0,False,311.83,STABLE,False,224.52
2024-01-27,P0001,S004,WH_4,SKU_1,119.104546,561.0,9.0,333.0,0.0,6.93,10.7,0.0,0.0,WH_4,1.02,32.51,60,7800,SYNTHETIC / ASSUMED PARAMETERS,0,False,441.9,STABLE,False,450.73
2024-01-27,P0018,S005,WH_5,SKU_25,136.75665,444.0,7.0,311.0,0.0,8.45,14.29,0.0,0.0,WH_5,0.63,58.32,37,5926,SYNTHETIC / ASSUMED PARAMETERS,0,False,307.24,STABLE,False,193.56
2024-01-27,P0016,S005,WH_5,SKU_23,76.945885,591.0,3.0,383.0,0.0,19.43,28.74,0.0,0.0,WH_5,2.51,93.33,52,7979,SYNTHETIC / ASSUMED PARAMETERS,0,False,514.05,STABLE,False,1290.28
2024-01-27,P0013,S001,WH_1,SKU_20,122.48352,594.0,9.0,295.0,0.0,9.55,16.05,1.0,0.0,WH_1,1.19,44.04,33,5191,SYNTHETIC / ASSUMED PARAMETERS,0,False,471.52,STABLE,False,561.1
2024-01-27,P0007,S002,WH_2,SKU_15,154.03725,369.0,8.0,386.0,0.0,11.37,14.92,1.0,0.0,WH_2,1.19,43.87,61,9277,SYNTHETIC / ASSUMED PARAMETERS,17,True,231.96,STABLE,False,319.91
2024-01-27,P0012,S003,WH_3,SKU_2,89.13827,343.0,10.0,319.0,0.0,5.02,7.82,0.0,0.0,WH_3,0.45,23.6,74,9396,SYNTHETIC / ASSUMED PARAMETERS,0,False,253.86,STABLE,False,114.24
2024-01-27,P0009,S001,WH_1,SKU_17,160.68655,349.0,10.0,268.0,0.0,14.9,26.61,0.0,0.0,WH_1,1.04,53.46,53,5188,SYNTHETIC / ASSUMED PARAMETERS,0,False,188.31,STABLE,False,195.85
2024-01-28,P0006,S004,WH_4,SKU_14,177.35915,760.0,10.0,343.0,473.0,5.76,8.49,1.0,0.0,WH_4,0.78,37.66,58,8907,SYNTHETIC / ASSUMED PARAMETERS,0,False,582.64,STABLE,False,454.46
2024-01-28,P0003,S004,WH_4,SKU_11,127.693825,702.0,2.0,382.0,358.0,6.2,7.82,1.0,0.0,WH_4,0.5,33.95,90,5402,SYNTHETIC / ASSUMED PARAMETERS,0,False,574.31,STABLE,False,287.15
2024-01-28,P0009,S005,WH_5,SKU_17,107.7876,302.0,8.0,321.0,0.0,7.73,13.36,0.0,0.0,WH_5,0.58,50.99,60,7894,SYNTHETIC / ASSUMED PARAMETERS,19,True,213.21,STABLE,False,174.65
2024-01-28,P0003,S002,WH_2,SKU_11,152.56161,381.0,4.0,230.0,0.0,17.93,29.29,0.0,0.0,WH_2,2.41,85.34,31,10194,SYNTHETIC / ASSUMED PARAMETERS,0,False,228.44,STABLE,False,550.54
2024-01-28,P0004,S005,WH_5,SKU_12,145.34447,589.0,6.0,349.0,0.0,10.21,15.8,0.0,0.0,WH_5,0.76,39.17,96,5993,SYNTHETIC / ASSUMED PARAMETERS,0,False,443.66,STABLE,False,337.18
2024-01-28,P0007,S005,WH_5,SKU_15,105.40811,502.0,14.0,279.0,0.0,15.48,21.47,0.0,0.0,WH_5,1.08,84.29,72,9525,SYNTHETIC / ASSUMED PARAMETERS,0,False,396.59,STABLE,False,428.32
2024-01-28,P0005,S004,WH_4,SKU_13,120.29881,270.0,10.0,251.0,0.0,14.29,19.75,0.0,0.0,WH_4,0.97,79.01,68,10644,SYNTHETIC / ASSUMED PARAMETERS,0,False,149.7,STABLE,False,145.21
2024-01-28,P0015,S001,WH_1,SKU_22,98.62599,286.0,4.0,282.0,0.0,8.88,12.51,0.0,0.0,WH_1,0.94,51.81,47,10427,SYNTHETIC / ASSUMED PARAMETERS,0,False,187.37,STABLE,False,176.13
2024-01-28,P0013,S001,WH_1,SKU_20,93.0169,569.0,9.0,295.0,0.0,9.55,16.05,0.0,0.0,WH_1,1.19,44.04,33,5191,SYNTHETIC / ASSUMED PARAMETERS,0,False,475.98,STABLE,False,566.42
2024-01-28,P0020,S001,WH_1,SKU_27,85.32187,401.0,2.0,389.0,0.0,5.89,7.48,0.0,0.0,WH_1,0.77,21.54,103,8847,SYNTHETIC / ASSUMED PARAMETERS,0,False,315.68,STABLE,False,243.07
2024-01-28,P0004,S002,WH_2,SKU_12,142.1842,551.0,6.0,370.0,0.0,19.03,23.02,0.0,0.0,WH_2,2.32,68.2,104,8597,SYNTHETIC / ASSUMED PARAMETERS,0,False,408.82,STABLE,False,948.45
2024-01-28,P0020,S003,WH_3,SKU_27,135.20702,539.0,3.0,296.0,0.0,9.18,15.91,0.0,0.0,WH_3,1.13,62.45,32,6179,SYNTHETIC / ASSUMED PARAMETERS,0,False,403.79,STABLE,False,456.29
2024-01-28,P0017,S005,WH_5,SKU_24,130.41031,596.0,7.0,313.0,0.0,7.27,12.17,0.0,0.0,WH_5,0.56,44.06,66,10704,SYNTHETIC / ASSUMED PARAMETERS,0,False,465.59,STABLE,False,260.73
2024-01-28,P0002,S004,WH_4,SKU_10,107.740456,445.0,14.0,328.0,0.0,19.02,24.9,0.0,0.0,WH_4,2.76,93.09,92,6565,SYNTHETIC / ASSUMED PARAMETERS,0,False,337.26,STABLE,False,930.84
2024-01-28,P0013,S004,WH_4,SKU_20,133.32442,557.0,2.0,327.0,248.0,16.89,23.51,0.0,0.0,WH_4,1.33,49.52,45,10402,SYNTHETIC / ASSUMED PARAMETERS,0,False,423.68,STABLE,False,563.49
2024-01-28,P0005,S002,WH_2,SKU_13,107.42766,607.0,11.0,350.0,0.0,17.04,21.69,0.0,0.0,WH_2,2.15,79.74,38,5796,SYNTHETIC / ASSUMED PARAMETERS,0,False,499.57,STABLE,False,1074.08
2024-01-28,P0001,S004,WH_4,SKU_1,152.00911,539.0,9.0,333.0,0.0,6.93,10.7,0.0,0.0,WH_4,1.02,32.51,60,7800,SYNTHETIC / ASSUMED PARAMETERS,0,False,386.99,STABLE,False,394.73
2024-01-28,P0007,S004,WH_4,SKU_15,134.41646,398.0,5.0,224.0,0.0,13.52,23.32,0.0,0.0,WH_4,1.16,58.22,61,7785,SYNTHETIC / ASSUMED PARAMETERS,0,False,263.58,STABLE,False,305.76
2024-01-28,P0016,S005,WH_5,SKU_23,82.29225,563.0,3.0,383.0,0.0,19.43,28.74,1.0,0.0,WH_5,2.51,93.33,52,7979,SYNTHETIC / ASSUMED PARAMETERS,0,False,480.71,STABLE,False,1206.58
2024-01-28,P0018,S005,WH_5,SKU_25,129.12341,417.0,7.0,311.0,0.0,8.45,14.29,0.0,0.0,WH_5,0.63,58.32,37,5926,SYNTHETIC / ASSUMED PARAMETERS,0,False,287.88,STABLE,False,181.36
2024-01-28,P0011,S004,WH_4,SKU_19,66.24751,403.0,4.0,352.0,0.0,5.41,7.4,0.0,0.0,WH_4,0.43,30.95,55,9647,SYNTHETIC / ASSUMED PARAMETERS,0,False,336.75,STABLE,False,144.8
2024-01-28,P0019,S003,WH_3,SKU_26,148.48758,278.0,14.0,222.0,0.0,7.66,9.43,0.0,0.0,WH_3,0.81,30.44,28,5399,SYNTHETIC / ASSUMED PARAMETERS,0,False,129.51,STABLE,False,104.91
2024-01-28,P0003,S005,WH_5,SKU_11,116.21275,370.0,3.0,349.0,0.0,18.92,31.99,0.0,0.0,WH_5,1.99,103.38,46,6507,SYNTHETIC / ASSUMED PARAMETERS,0,False,253.79,STABLE,False,505.04
2024-01-28,P0004,S004,WH_4,SKU_12,163.81395,215.0,12.0,227.0,0.0,14.2,19.73,1.0,0.0,WH_4,1.6,43.96,33,7746,SYNTHETIC / ASSUMED PARAMETERS,12,True,63.19,STABLE,False,145.06
2024-01-28,P0007,S002,WH_2,SKU_15,84.2674,610.0,8.0,386.0,260.0,11.37,14.92,0.0,0.0,WH_2,1.19,43.87,61,9277,SYNTHETIC / ASSUMED PARAMETERS,0,False,525.73,STABLE,False,625.62
2024-01-28,P0010,S005,WH_5,SKU_18,99.33794,468.0,13.0,394.0,0.0,13.35,21.48,0.0,0.0,WH_5,1.44,69.56,77,8261,SYNTHETIC / ASSUMED PARAMETERS,0,False,368.66,STABLE,False,530.87
2024-01-28,P0003,S001,WH_1,SKU_11,157.02402,309.0,4.0,286.0,0.0,19.54,34.79,0.0,0.0,WH_1,2.75,93.77,81,6423,SYNTHETIC / ASSUMED PARAMETERS,0,False,151.98,STABLE,False,417.93
2024-01-28,P0012,S001,WH_1,SKU_2,94.22758,359.0,13.0,228.0,0.0,19.76,35.1,0.0,0.0,WH_1,2.92,120.54,61,5736,SYNTHETIC / ASSUMED PARAMETERS,0,False,264.77,STABLE,False,773.14
2024-01-28,P0008,S004,WH_4,SKU_16,70.65771,527.0,4.0,367.0,0.0,6.61,9.52,0.0,0.0,WH_4,0.87,40.21,59,5735,SYNTHETIC / ASSUMED PARAMETERS,0,False,456.34,STABLE,False,397.02
2024-01-28,P0018,S001,WH_1,SKU_25,203.63374,434.0,5.0,314.0,0.0,14.23,20.28,0.0,0.0,WH_1,0.9,46.65,78,5160,SYNTHETIC / ASSUMED PARAMETERS,0,False,230.37,STABLE,False,207.33
2024-01-28,P0004,S001,WH_1,SKU_12,126.89891,353.0,5.0,299.0,0.0,5.36,7.17,0.0,0.0,WH_1,0.74,24.31,60,7801,SYNTHETIC / ASSUMED PARAMETERS,0,False,226.1,STABLE,False,167.31
2024-01-28,P0008,S002,WH_2,SKU_16,120.52485,448.0,11.0,327.0,0.0,19.0,26.16,0.0,0.0,WH_2,2.13,82.7,65,6031,SYNTHETIC / ASSUMED PARAMETERS,0,False,327.48,STABLE,False,697.52
2024-01-28,P0011,S005,WH_5,SKU_19,99.035515,272.0,7.0,281.0,0.0,15.87,25.1,0.0,0.0,WH_5,2.0,76.39,84,8102,SYNTHETIC / ASSUMED PARAMETERS,9,True,181.96,STABLE,False,440.32
2024-01-28,P0016,S001,WH_1,SKU_23,117.77968,345.0,8.0,239.0,0.0,9.05,14.03,0.0,0.0,WH_1,0.76,35.69,32,4845,SYNTHETIC / ASSUMED PARAMETERS,0,False,227.22,STABLE,False,172.69
2024-01-28,P0010,S004,WH_4,SKU_18,128.76404,365.0,6.0,250.0,0.0,5.35,9.51,0.0,0.0,WH_4,0.78,43.27,45,6602,SYNTHETIC / ASSUMED PARAMETERS,0,False,236.24,STABLE,False,184.26
2024-01-28,P0018,S003,WH_3,SKU_25,98.652664,241.0,7.0,232.0,0.0,6.51,8.04,0.0,0.0,WH_3,0.89,32.85,39,9598,SYNTHETIC / ASSUMED PARAMETERS,0,False,142.35,STABLE,False,126.69
2024-01-28,P0001,S002,WH_2,SKU_1,131.11153,488.0,8.0,322.0,0.0,11.46,19.92,0.0,0.0,WH_2,0.9,70.92,62,9416,SYNTHETIC / ASSUMED PARAMETERS,0,False,356.89,STABLE,False,321.2
2024-01-28,P0015,S004,WH_4,SKU_22,87.96591,384.0,11.0,374.0,0.0,19.16,23.34,0.0,0.0,WH_4,2.12,46.36,63,10964,SYNTHETIC / ASSUMED PARAMETERS,0,False,296.03,STABLE,False,627.59
2024-01-28,P0004,S003,WH_3,SKU_12,153.8905,508.0,6.0,234.0,0.0,10.01,13.38,0.0,0.0,WH_3,1.57,45.39,57,10301,SYNTHETIC / ASSUMED PARAMETERS,0,False,354.11,STABLE,False,555.95
2024-01-28,P0017,S003,WH_3,SKU_24,136.54321,242.0,10.0,209.0,0.0,10.59,15.15,0.0,0.0,WH_3,1.43,56.19,52,9960,SYNTHETIC / ASSUMED PARAMETERS,0,False,105.46,STABLE,False,150.8
2024-01-28,P0017,S001,WH_1,SKU_24,137.7366,276.0,2.0,288.0,0.0,6.14,10.22,0.0,0.0,WH_1,0.75,31.15,47,6037,SYNTHETIC / ASSUMED PARAMETERS,12,True,150.26,STABLE,False,143.85
2024-01-28,P0011,S001,WH_1,SKU_19,93.13503,379.0,8.0,287.0,0.0,12.4,18.41,0.0,0.0,WH_1,1.18,43.0,33,9186,SYNTHETIC / ASSUMED PARAMETERS,0,False,285.86,STABLE,False,337.32
2024-01-28,P0010,S002,WH_2,SKU_18,116.874725,508.0,10.0,270.0,286.0,17.51,24.82,0.0,0.0,WH_2,1.18,54.17,54,10850,SYNTHETIC / ASSUMED PARAMETERS,0,False,391.13,STABLE,False,461.53
2024-01-28,P0002,S003,WH_3,SKU_10,102.06395,630.0,5.0,218.0,442.0,13.68,17.87,0.0,0.0,WH_3,1.74,42.93,55,5968,SYNTHETIC / ASSUMED PARAMETERS,0,False,527.94,STABLE,False,918.61
2024-01-28,P0002,S002,WH_2,SKU_10,89.66085,576.0,10.0,310.0,0.0,13.83,22.36,0.0,0.0,WH_2,0.8,49.56,40,6844,SYNTHETIC / ASSUMED PARAMETERS,0,False,486.34,STABLE,False,389.07
2024-01-28,P0019,S001,WH_1,SKU_26,75.225464,622.0,2.0,335.0,0.0,18.22,23.67,0.0,0.0,WH_1,2.52,50.97,34,5684,SYNTHETIC / ASSUMED PARAMETERS,0,False,546.77,STABLE,False,1377.87
2024-01-28,P0006,S002,WH_2,SKU_14,154.89717,557.0,14.0,268.0,325.0,18.83,23.34,0.0,0.0,WH_2,2.51,66.61,39,5701,SYNTHETIC / ASSUMED PARAMETERS,0,False,402.1,STABLE,False,1009.28
2024-01-28,P0014,S001,WH_1,SKU_21,72.5122,636.0,11.0,245.0,0.0,19.68,23.66,0.0,0.0,WH_1,2.7,52.3,38,5664,SYNTHETIC / ASSUMED PARAMETERS,0,False,563.49,STABLE,False,1521.42
2024-01-28,P0009,S004,WH_4,SKU_17,125.3025,433.0,5.0,341.0,0.0,8.62,10.66,0.0,0.0,WH_4,1.16,28.26,74,6506,SYNTHETIC / ASSUMED PARAMETERS,0,False,307.7,STABLE,False,356.93
2024-01-28,P0002,S001,WH_1,SKU_10,120.32219,643.0,13.0,361.0,0.0,12.67,18.73,0.0,0.0,WH_1,1.29,70.59,100,6990,SYNTHETIC / ASSUMED PARAMETERS,0,False,522.68,STABLE,False,674.25
2024-01-28,P0006,S005,WH_5,SKU_14,134.82376,363.0,6.0,259.0,0.0,11.19,14.98,0.0,0.0,WH_5,0.92,37.97,55,10175,SYNTHETIC / ASSUMED PARAMETERS,0,False,228.18,STABLE,False,209.92
2024-01-28,P0012,S004,WH_4,SKU_2,136.38774,487.0,6.0,290.0,0.0,7.06,10.96,0.0,0.0,WH_4,1.1,40.69,80,10160,SYNTHETIC / ASSUMED PARAMETERS,0,False,350.61,STABLE,False,385.67
2024-01-28,P0006,S003,WH_3,SKU_14,126.43926,385.0,3.0,283.0,0.0,5.88,9.37,0.0,0.0,WH_3,0.82,33.85,73,7722,SYNTHETIC / ASSUMED PARAMETERS,0,False,258.56,STABLE,False,212.02
2024-01-28,P0019,S002,WH_2,SKU_26,112.213005,262.0,5.0,273.0,0.0,8.5,11.16,0.0,0.0,WH_2,0.55,33.37,47,8606,SYNTHETIC / ASSUMED PARAMETERS,11,True,160.79,STABLE,False,121.8
2024-01-28,P0007,S003,WH_3,SKU_15,106.122604,626.0,7.0,265.0,0.0,6.24,9.99,0.0,0.0,WH_3,0.69,40.25,72,9290,SYNTHETIC / ASSUMED PARAMETERS,0,False,519.88,STABLE,False,358.72
2024-01-28,P0006,S001,WH_1,SKU_14,131.09392,235.0,11.0,265.0,0.0,8.21,11.1,1.0,0.0,WH_1,1.31,43.21,69,6246,SYNTHETIC / ASSUMED PARAMETERS,30,True,133.91,STABLE,False,218.63
2024-01-28,P0014,S005,WH_5,SKU_21,89.63223,362.0,8.0,309.0,0.0,13.11,23.25,0.0,0.0,WH_5,1.81,58.89,87,5672,SYNTHETIC / ASSUMED PARAMETERS,0,False,272.37,STABLE,False,492.99
2024-01-28,P0020,S004,WH_4,SKU_27,93.33135,340.0,14.0,289.0,0.0,13.84,20.65,0.0,0.0,WH_4,2.11,78.58,52,8263,SYNTHETIC / ASSUMED PARAMETERS,0,False,246.67,STABLE,False,520.47
2024-01-28,P0008,S003,WH_3,SKU_16,104.72061,366.0,6.0,336.0,0.0,12.08,18.52,1.0,0.0,WH_3,1.03,67.38,41,10278,SYNTHETIC / ASSUMED PARAMETERS,0,False,261.28,STABLE,False,269.12
2024-01-28,P0018,S002,WH_2,SKU_25,136.18185,740.0,3.0,352.0,0.0,5.07,6.95,0.0,0.0,WH_2,0.51,29.96,39,8258,SYNTHETIC / ASSUMED PARAMETERS,0,False,603.82,STABLE,False,307.95
2024-01-28,P0019,S005,WH_5,SKU_26,80.11619,539.0,4.0,393.0,0.0,17.15,27.81,0.0,0.0,WH_5,2.55,59.97,91,8473,SYNTHETIC / ASSUMED PARAMETERS,0,False,458.88,STABLE,False,1170.15
2024-01-28,P0017,S002,WH_2,SKU_24,117.71521,473.0,5.0,365.0,0.0,19.69,29.64,1.0,0.0,WH_2,2.19,76.95,92,10380,SYNTHETIC / ASSUMED PARAMETERS,0,False,355.28,STABLE,False,778.07
2024-01-28,P0013,S003,WH_3,SKU_20,115.289566,685.0,3.0,319.0,0.0,14.9,25.16,0.0,0.0,WH_3,1.3,53.63,94,9643,SYNTHETIC / ASSUMED PARAMETERS,0,False,569.71,STABLE,False,740.62
2024-01-28,P0007,S001,WH_1,SKU_15,100.510124,529.0,13.0,327.0,0.0,16.7,28.78,0.0,0.0,WH_1,2.21,100.17,53,6976,SYNTHETIC / ASSUMED PARAMETERS,0,False,428.49,STABLE,False,946.96
2024-01-28,P0016,S004,WH_4,SKU_23,76.76159,329.0,14.0,236.0,0.0,15.4,18.69,0.0,0.0,WH_4,1.44,47.04,57,10538,SYNTHETIC / ASSUMED PARAMETERS,0,False,252.24,STABLE,False,363.22
2024-01-28,P0011,S002,WH_2,SKU_19,130.85085,735.0,8.0,316.0,0.0,12.67,18.56,0.0,0.0,WH_2,1.58,55.58,37,4994,SYNTHETIC / ASSUMED PARAMETERS,0,False,604.15,STABLE,False,954.56
2024-01-28,P0015,S005,WH_5,SKU_22,150.24808,658.0,4.0,326.0,0.0,16.45,25.06,0.0,0.0,WH_5,2.1,76.56,84,10655,SYNTHETIC / ASSUMED PARAMETERS,0,False,507.75,STABLE,False,1066.28
2024-01-28,P0014,S003,WH_3,SKU_21,131.30452,374.0,10.0,283.0,0.0,5.75,8.47,0.0,0.0,WH_3,0.72,24.19,84,8334,SYNTHETIC / ASSUMED PARAMETERS,0,False,242.7,STABLE,False,174.74
2024-01-28,P0015,S003,WH_3,SKU_22,166.20842,533.0,4.0,211.0,0.0,18.38,32.58,0.0,0.0,WH_3,1.34,101.74,33,5385,SYNTHETIC / ASSUMED PARAMETERS,0,False,366.79,STABLE,False,491.5
2024-01-28,P0012,S002,WH_2,SKU_2,82.185524,582.0,8.0,377.0,0.0,16.77,22.06,0.0,0.0,WH_2,1.73,61.48,56,5161,SYNTHETIC / ASSUMED PARAMETERS,0,False,499.81,STABLE,False,864.68
2024-01-28,P0010,S001,WH_1,SKU_18,79.89423,535.0,2.0,346.0,0.0,8.62,10.49,0.0,0.0,WH_1,0.92,38.21,43,7798,SYNTHETIC / ASSUMED PARAMETERS,0,False,455.11,STABLE,False,418.7
2024-01-28,P0017,S004,WH_4,SKU_24,138.55034,357.0,13.0,301.0,0.0,7.11,12.19,0.0,0.0,WH_4,1.05,31.77,79,5355,SYNTHETIC / ASSUMED PARAMETERS,0,False,218.45,STABLE,False,229.37
2024-01-28,P0003,S003,WH_3,SKU_11,145.55191,706.0,13.0,342.0,0.0,13.85,18.39,0.0,0.0,WH_3,1.16,58.36,96,10164,SYNTHETIC / ASSUMED PARAMETERS,0,False,560.45,STABLE,False,650.12
2024-01-28,P0001,S005,WH_5,SKU_1,122.51578,545.0,4.0,366.0,0.0,19.41,23.81,0.0,0.0,WH_5,2.58,47.73,54,8279,SYNTHETIC / ASSUMED PARAMETERS,0,False,422.48,STABLE,False,1090.01
2024-01-28,P0005,S001,WH_1,SKU_13,96.26673,267.0,9.0,246.0,0.0,19.52,24.09,0.0,0.0,WH_1,1.26,57.54,50,8981,SYNTHETIC / ASSUMED PARAMETERS,0,False,170.73,STABLE,False,215.12
2024-01-28,P0009,S003,WH_3,SKU_17,101.11325,429.0,3.0,339.0,0.0,16.8,28.54,0.0,0.0,WH_3,1.1,80.9,84,7273,SYNTHETIC / ASSUMED PARAMETERS,0,False,327.89,STABLE,False,360.68
2024-01-28,P0005,S005,WH_5,SKU_13,104.83151,546.0,7.0,305.0,0.0,15.13,23.34,0.0,0.0,WH_5,0.88,49.29,48,10583,SYNTHETIC / ASSUMED PARAMETERS,0,False,441.17,STABLE,False,388.23
2024-01-28,P0020,S002,WH_2,SKU_27,120.454765,296.0,4.0,223.0,0.0,16.3,21.54,0.0,0.0,WH_2,1.63,83.19,46,6479,SYNTHETIC / ASSUMED PARAMETERS,0,False,175.55,STABLE,False,286.14
2024-01-28,P0009,S002,WH_2,SKU_17,115.23314,712.0,13.0,372.0,0.0,16.68,21.24,1.0,0.0,WH_2,1.17,53.18,81,8112,SYNTHETIC / ASSUMED PARAMETERS,0,False,596.77,STABLE,False,698.22
2024-01-28,P0016,S003,WH_3,SKU_23,86.68656,568.0,5.0,293.0,0.0,18.08,23.36,0.0,0.0,WH_3,2.55,64.6,72,10369,SYNTHETIC / ASSUMED PARAMETERS,0,False,481.31,STABLE,False,1227.35
2024-01-28,P0010,S003,WH_3,SKU_18,111.109,211.0,9.0,213.0,0.0,15.53,20.4,0.0,0.0,WH_3,2.28,65.06,40,7890,SYNTHETIC / ASSUMED PARAMETERS,2,True,101.89,STABLE,False,297.37
2024-01-28,P0001,S003,WH_3,SKU_1,98.7885,571.0,6.0,314.0,0.0,6.06,8.41,0.0,0.0,WH_3,0.95,32.98,61,6038,SYNTHETIC / ASSUMED PARAMETERS,0,False,472.21,STABLE,False,448.6
2024-01-28,P0011,S003,WH_3,SKU_19,108.34009,712.0,4.0,295.0,0.0,14.17,23.01,0.0,0.0,WH_3,1.45,87.37,62,9399,SYNTHETIC / ASSUMED PARAMETERS,0,False,603.66,STABLE,False,875.31
2024-01-28,P0002,S005,WH_5,SKU_10,94.30528,347.0,9.0,246.0,0.0,9.67,15.35,0.0,0.0,WH_5,1.52,60.17,40,6308,SYNTHETIC / ASSUMED PARAMETERS,0,False,252.69,STABLE,False,384.1
2024-01-28,P0015,S002,WH_2,SKU_22,104.773895,527.0,7.0,261.0,0.0,9.82,14.68,0.0,0.0,WH_2,1.21,42.78,60,5653,SYNTHETIC / ASSUMED PARAMETERS,0,False,422.23,STABLE,False,510.89
2024-01-28,P0012,S005,WH_5,SKU_2,91.244644,595.0,14.0,267.0,0.0,15.0,26.38,0.0,0.0,WH_5,1.72,57.23,63,7517,SYNTHETIC / ASSUMED PARAMETERS,0,False,503.76,STABLE,False,866.46
2024-01-28,P0018,S004,WH_4,SKU_25,107.29898,466.0,9.0,273.0,0.0,12.02,19.24,0.0,0.0,WH_4,1.67,68.75,82,5738,SYNTHETIC / ASSUMED PARAMETERS,0,False,358.7,STABLE,False,599.03
2024-01-28,P0014,S002,WH_2,SKU_21,59.673622,414.0,7.0,349.0,0.0,8.18,12.0,0.0,0.0,WH_2,1.13,36.82,79,8567,SYNTHETIC / ASSUMED PARAMETERS,0,False,354.33,STABLE,False,400.39
2024-01-28,P0014,S004,WH_4,SKU_21,118.696106,444.0,8.0,379.0,0.0,12.65,20.04,0.0,0.0,WH_4,0.78,76.01,44,11017,SYNTHETIC / ASSUMED PARAMETERS,0,False,325.3,STABLE,False,253.74
2024-01-28,P0005,S003,WH_3,SKU_13,72.59442,635.0,14.0,382.0,0.0,6.01,8.52,0.0,0.0,WH_3,0.87,30.72,112,6380,SYNTHETIC / ASSUMED PARAMETERS,0,False,562.41,STABLE,False,489.29
2024-01-28,P0013,S005,WH_5,SKU_20,119.25261,633.0,2.0,246.0,0.0,10.07,18.03,1.0,0.0,WH_5,0.8,71.16,65,5639,SYNTHETIC / ASSUMED PARAMETERS,0,False,513.75,STABLE,False,411.0
2024-01-28,P0019,S004,WH_4,SKU_26,78.97751,389.0,14.0,331.0,0.0,8.71,13.65,0.0,0.0,WH_4,0.81,35.89,53,6838,SYNTHETIC / ASSUMED PARAMETERS,0,False,310.02,STABLE,False,251.12
2024-01-28,P0016,S002,WH_2,SKU_23,82.14238,381.0,12.0,312.0,0.0,6.68,11.81,0.0,0.0,WH_2,0.8,35.45,73,10338,SYNTHETIC / ASSUMED PARAMETERS,0,False,298.86,STABLE,False,239.09
2024-01-28,P0009,S001,WH_1,SKU_17,145.44783,321.0,10.0,268.0,0.0,14.9,26.61,0.0,0.0,WH_1,1.04,53.46,53,5188,SYNTHETIC / ASSUMED PARAMETERS,0,False,175.55,STABLE,False,182.57
2024-01-28,P0013,S002,WH_2,SKU_20,115.97279,457.0,9.0,336.0,0.0,12.31,20.86,0.0,0.0,WH_2,1.41,50.99,90,10971,SYNTHETIC / ASSUMED PARAMETERS,0,False,341.03,STABLE,False,480.85
2024-01-28,P0008,S005,WH_5,SKU_16,120.71085,571.0,2.0,394.0,0.0,13.23,20.46,0.0,0.0,WH_5,1.66,59.45,101,8221,SYNTHETIC / ASSUMED PARAMETERS,0,False,450.29,STABLE,False,747.48
2024-01-28,P0020,S005,WH_5,SKU_27,118.30164,476.0,2.0,353.0,0.0,17.89,25.71,0.0,0.0,WH_5,1.71,74.7,103,6290,SYNTHETIC / ASSUMED PARAMETERS,0,False,357.7,STABLE,False,611.66
2024-01-28,P0001,S001,WH_1,SKU_1,97.42214,427.0,14.0,379.0,0.0,13.95,20.48,0.0,0.0,WH_1,1.88,67.42,94,6673,SYNTHETIC / ASSUMED PARAMETERS,0,False,329.58,STABLE,False,619.61
2024-01-28,P0008,S001,WH_1,SKU_16,82.941864,722.0,14.0,328.0,0.0,11.96,17.38,1.0,0.0,WH_1,1.64,39.73,88,10604,SYNTHETIC / ASSUMED PARAMETERS,0,False,639.06,STABLE,False,1048.06
2024-01-28,P0012,S003,WH_3,SKU_2,77.24574,324.0,10.0,319.0,0.0,5.02,7.82,0.0,0.0,WH_3,0.45,23.6,74,9396,SYNTHETIC / ASSUMED PARAMETERS,0,False,246.75,STABLE,False,111.04
2024-01-29,P0017,S003,WH_3,SKU_24,74.33512,217.0,10.0,209.0,0.0,10.59,15.15,0.0,0.0,WH_3,1.43,56.19,52,9960,SYNTHETIC / ASSUMED PARAMETERS,0,False,142.66,STABLE,False,204.01
2024-01-29,P0010,S005,WH_5,SKU_18,101.221886,442.0,13.0,394.0,0.0,13.35,21.48,0.0,0.0,WH_5,1.44,69.56,77,8261,SYNTHETIC / ASSUMED PARAMETERS,0,False,340.78,STABLE,False,490.72
2024-01-29,P0014,S001,WH_1,SKU_21,79.7673,611.0,11.0,245.0,0.0,19.68,23.66,0.0,0.0,WH_1,2.7,52.3,38,5664,SYNTHETIC / ASSUMED PARAMETERS,0,False,531.23,STABLE,False,1434.33
2024-01-29,P0008,S001,WH_1,SKU_16,89.99932,682.0,14.0,328.0,0.0,11.96,17.38,1.0,0.0,WH_1,1.64,39.73,88,10604,SYNTHETIC / ASSUMED PARAMETERS,0,False,592.0,STABLE,False,970.88
2024-01-29,P0018,S005,WH_5,SKU_25,146.79073,397.0,7.0,311.0,0.0,8.45,14.29,0.0,0.0,WH_5,0.63,58.32,37,5926,SYNTHETIC / ASSUMED PARAMETERS,0,False,250.21,STABLE,False,157.63
2024-01-29,P0016,S002,WH_2,SKU_23,107.42231,353.0,12.0,312.0,0.0,6.68,11.81,0.0,0.0,WH_2,0.8,35.45,73,10338,SYNTHETIC / ASSUMED PARAMETERS,0,False,245.58,STABLE,False,196.46
2024-01-29,P0001,S003,WH_3,SKU_1,71.03831,547.0,6.0,314.0,0.0,6.06,8.41,0.0,0.0,WH_3,0.95,32.98,61,6038,SYNTHETIC / ASSUMED PARAMETERS,0,False,475.96,STABLE,False,452.16
2024-01-29,P0020,S003,WH_3,SKU_27,99.982735,512.0,3.0,296.0,0.0,9.18,15.91,0.0,0.0,WH_3,1.13,62.45,32,6179,SYNTHETIC / ASSUMED PARAMETERS,0,False,412.02,STABLE,False,465.58
2024-01-29,P0003,S003,WH_3,SKU_11,92.817184,683.0,13.0,342.0,0.0,13.85,18.39,0.0,0.0,WH_3,1.16,58.36,96,10164,SYNTHETIC / ASSUMED PARAMETERS,0,False,590.18,STABLE,False,684.61
2024-01-29,P0016,S004,WH_4,SKU_23,72.42309,304.0,14.0,236.0,0.0,15.4,18.69,0.0,0.0,WH_4,1.44,47.04,57,10538,SYNTHETIC / ASSUMED PARAMETERS,0,False,231.58,STABLE,False,333.47
2024-01-29,P0015,S003,WH_3,SKU_22,103.575134,506.0,4.0,211.0,0.0,18.38,32.58,0.0,0.0,WH_3,1.34,101.74,33,5385,SYNTHETIC / ASSUMED PARAMETERS,0,False,402.42,STABLE,False,539.25
2024-01-29,P0009,S002,WH_2,SKU_17,99.23292,682.0,13.0,372.0,0.0,16.68,21.24,0.0,0.0,WH_2,1.17,53.18,81,8112,SYNTHETIC / ASSUMED PARAMETERS,0,False,582.77,STABLE,False,681.84
2024-01-29,P0011,S001,WH_1,SKU_19,70.566025,347.0,8.0,287.0,0.0,12.4,18.41,1.0,0.0,WH_1,1.18,43.0,33,9186,SYNTHETIC / ASSUMED PARAMETERS,0,False,276.43,STABLE,False,326.19
2024-01-29,P0015,S004,WH_4,SKU_22,67.32267,362.0,11.0,374.0,0.0,19.16,23.34,0.0,0.0,WH_4,2.12,46.36,63,10964,SYNTHETIC / ASSUMED PARAMETERS,12,True,306.68,STABLE,False,696.52
2024-01-29,P0011,S002,WH_2,SKU_19,137.76782,715.0,8.0,316.0,0.0,12.67,18.56,0.0,0.0,WH_2,1.58,55.58,37,4994,SYNTHETIC / ASSUMED PARAMETERS,0,False,577.23,STABLE,False,912.03
2024-01-29,P0018,S003,WH_3,SKU_25,71.56588,219.0,7.0,232.0,0.0,6.51,8.04,0.0,0.0,WH_3,0.89,32.85,39,9598,SYNTHETIC / ASSUMED PARAMETERS,13,True,160.43,STABLE,False,175.64
2024-01-29,P0011,S005,WH_5,SKU_19,79.38961,543.0,7.0,281.0,293.0,15.87,25.1,0.0,0.0,WH_5,2.0,76.39,84,8102,SYNTHETIC / ASSUMED PARAMETERS,0,False,463.61,STABLE,False,927.22
2024-01-29,P0004,S001,WH_1,SKU_12,90.27129,332.0,5.0,299.0,0.0,5.36,7.17,0.0,0.0,WH_1,0.74,24.31,60,7801,SYNTHETIC / ASSUMED PARAMETERS,0,False,241.73,STABLE,False,178.88
2024-01-29,P0008,S002,WH_2,SKU_16,105.69819,424.0,11.0,327.0,0.0,19.0,26.16,1.0,0.0,WH_2,2.13,82.7,65,6031,SYNTHETIC / ASSUMED PARAMETERS,0,False,318.3,STABLE,False,677.98
2024-01-29,P0012,S002,WH_2,SKU_2,76.97881,560.0,8.0,377.0,0.0,16.77,22.06,0.0,0.0,WH_2,1.73,61.48,56,5161,SYNTHETIC / ASSUMED PARAMETERS,0,False,483.02,STABLE,False,835.63
2024-01-29,P0004,S004,WH_4,SKU_12,132.7523,584.0,12.0,227.0,386.0,14.2,19.73,0.0,0.0,WH_4,1.6,43.96,33,7746,SYNTHETIC / ASSUMED PARAMETERS,0,False,451.25,STABLE,False,722.0
2024-01-29,P0010,S001,WH_1,SKU_18,72.94425,492.0,2.0,346.0,0.0,8.62,10.49,0.0,0.0,WH_1,0.92,38.21,43,7798,SYNTHETIC / ASSUMED PARAMETERS,0,False,419.06,STABLE,False,385.53
2024-01-29,P0014,S003,WH_3,SKU_21,97.34513,353.0,10.0,283.0,0.0,5.75,8.47,0.0,0.0,WH_3,0.72,24.19,84,8334,SYNTHETIC / ASSUMED PARAMETERS,0,False,255.65,STABLE,False,184.07
2024-01-29,P0006,S005,WH_5,SKU_14,98.862595,336.0,6.0,259.0,0.0,11.19,14.98,0.0,0.0,WH_5,0.92,37.97,55,10175,SYNTHETIC / ASSUMED PARAMETERS,0,False,237.14,STABLE,False,218.17
2024-01-29,P0007,S005,WH_5,SKU_15,123.50509,476.0,14.0,279.0,0.0,15.48,21.47,0.0,0.0,WH_5,1.08,84.29,72,9525,SYNTHETIC / ASSUMED PARAMETERS,0,False,352.49,STABLE,False,380.69
2024-01-29,P0007,S002,WH_2,SKU_15,98.84534,592.0,8.0,386.0,0.0,11.37,14.92,0.0,0.0,WH_2,1.19,43.87,61,9277,SYNTHETIC / ASSUMED PARAMETERS,0,False,493.15,STABLE,False,586.85
2024-01-29,P0012,S003,WH_3,SKU_2,57.5882,309.0,10.0,319.0,0.0,5.02,7.82,0.0,0.0,WH_3,0.45,23.6,74,9396,SYNTHETIC / ASSUMED PARAMETERS,10,True,261.41,STABLE,False,141.24
2024-01-29,P0016,S005,WH_5,SKU_23,98.0898,536.0,3.0,383.0,0.0,19.43,28.74,0.0,0.0,WH_5,2.51,93.33,52,7979,SYNTHETIC / ASSUMED PARAMETERS,0,False,437.91,STABLE,False,1099.15
2024-01-29,P0001,S001,WH_1,SKU_1,97.19869,398.0,14.0,379.0,0.0,13.95,20.48,0.0,0.0,WH_1,1.88,67.42,94,6673,SYNTHETIC / ASSUMED PARAMETERS,0,False,300.8,STABLE,False,565.51
2024-01-29,P0001,S004,WH_4,SKU_1,140.71492,514.0,9.0,333.0,0.0,6.93,10.7,0.0,0.0,WH_4,1.02,32.51,60,7800,SYNTHETIC / ASSUMED PARAMETERS,0,False,373.29,STABLE,False,380.75
2024-01-29,P0005,S002,WH_2,SKU_13,79.90447,582.0,11.0,350.0,0.0,17.04,21.69,0.0,0.0,WH_2,2.15,79.74,38,5796,SYNTHETIC / ASSUMED PARAMETERS,0,False,502.1,STABLE,False,1079.51
2024-01-29,P0013,S004,WH_4,SKU_20,112.94817,524.0,2.0,327.0,0.0,16.89,23.51,0.0,0.0,WH_4,1.33,49.52,45,10402,SYNTHETIC / ASSUMED PARAMETERS,0,False,411.05,STABLE,False,546.7
2024-01-29,P0005,S003,WH_3,SKU_13,76.189354,608.0,14.0,382.0,0.0,6.01,8.52,1.0,0.0,WH_3,0.87,30.72,112,6380,SYNTHETIC / ASSUMED PARAMETERS,0,False,531.81,STABLE,False,462.68
2024-01-29,P0013,S005,WH_5,SKU_20,124.79747,603.0,2.0,246.0,0.0,10.07,18.03,0.0,0.0,WH_5,0.8,71.16,65,5639,SYNTHETIC / ASSUMED PARAMETERS,0,False,478.2,STABLE,False,382.56
2024-01-29,P0002,S004,WH_4,SKU_10,128.76105,403.0,14.0,328.0,0.0,19.02,24.9,1.0,0.0,WH_4,2.76,93.09,92,6565,SYNTHETIC / ASSUMED PARAMETERS,0,False,274.24,STABLE,False,756.9
2024-01-29,P0011,S003,WH_3,SKU_19,104.610435,689.0,4.0,295.0,0.0,14.17,23.01,0.0,0.0,WH_3,1.45,87.37,62,9399,SYNTHETIC / ASSUMED PARAMETERS,0,False,584.39,STABLE,False,847.36
2024-01-29,P0004,S002,WH_2,SKU_12,100.02169,529.0,6.0,370.0,0.0,19.03,23.02,0.0,0.0,WH_2,2.32,68.2,104,8597,SYNTHETIC / ASSUMED PARAMETERS,0,False,428.98,STABLE,False,995.23
2024-01-29,P0014,S002,WH_2,SKU_21,95.375824,387.0,7.0,349.0,0.0,8.18,12.0,0.0,0.0,WH_2,1.13,36.82,79,8567,SYNTHETIC / ASSUMED PARAMETERS,0,False,291.62,STABLE,False,329.54
2024-01-29,P0018,S004,WH_4,SKU_25,93.599,439.0,9.0,273.0,0.0,12.02,19.24,0.0,0.0,WH_4,1.67,68.75,82,5738,SYNTHETIC / ASSUMED PARAMETERS,0,False,345.4,STABLE,False,576.82
2024-01-29,P0003,S004,WH_4,SKU_11,83.88058,676.0,2.0,382.0,0.0,6.2,7.82,0.0,0.0,WH_4,0.5,33.95,90,5402,SYNTHETIC / ASSUMED PARAMETERS,0,False,592.12,STABLE,False,296.06
2024-01-29,P0003,S002,WH_2,SKU_11,102.64035,363.0,4.0,230.0,0.0,17.93,29.29,0.0,0.0,WH_2,2.41,85.34,31,10194,SYNTHETIC / ASSUMED PARAMETERS,0,False,260.36,STABLE,False,627.47
2024-01-29,P0012,S005,WH_5,SKU_2,77.23517,564.0,14.0,267.0,0.0,15.0,26.38,0.0,0.0,WH_5,1.72,57.23,63,7517,SYNTHETIC / ASSUMED PARAMETERS,0,False,486.76,STABLE,False,837.24
2024-01-29,P0007,S001,WH_1,SKU_15,115.23544,501.0,13.0,327.0,0.0,16.7,28.78,1.0,0.0,WH_1,2.21,100.17,53,6976,SYNTHETIC / ASSUMED PARAMETERS,0,False,385.76,STABLE,False,852.54
2024-01-29,P0012,S004,WH_4,SKU_2,151.47444,463.0,6.0,290.0,0.0,7.06,10.96,0.0,0.0,WH_4,1.1,40.69,80,10160,SYNTHETIC / ASSUMED PARAMETERS,0,False,311.53,STABLE,False,342.68
2024-01-29,P0002,S005,WH_5,SKU_10,99.62992,334.0,9.0,246.0,0.0,9.67,15.35,0.0,0.0,WH_5,1.52,60.17,40,6308,SYNTHETIC / ASSUMED PARAMETERS,0,False,234.37,STABLE,False,356.24
2024-01-29,P0016,S003,WH_3,SKU_23,99.06073,545.0,5.0,293.0,0.0,18.08,23.36,0.0,0.0,WH_3,2.55,64.6,72,10369,SYNTHETIC / ASSUMED PARAMETERS,0,False,445.94,STABLE,False,1137.15
2024-01-29,P0015,S002,WH_2,SKU_22,105.54957,495.0,7.0,261.0,0.0,9.82,14.68,0.0,0.0,WH_2,1.21,42.78,60,5653,SYNTHETIC / ASSUMED PARAMETERS,0,False,389.45,STABLE,False,471.24
2024-01-29,P0013,S001,WH_1,SKU_20,100.24439,545.0,9.0,295.0,0.0,9.55,16.05,1.0,0.0,WH_1,1.19,44.04,33,5191,SYNTHETIC / ASSUMED PARAMETERS,0,False,444.76,STABLE,False,529.26
2024-01-29,P0017,S004,WH_4,SKU_24,115.92927,342.0,13.0,301.0,0.0,7.11,12.19,0.0,0.0,WH_4,1.05,31.77,79,5355,SYNTHETIC / ASSUMED PARAMETERS,0,False,226.07,STABLE,False,237.37
2024-01-29,P0004,S005,WH_5,SKU_12,96.20559,554.0,6.0,349.0,0.0,10.21,15.8,0.0,0.0,WH_5,0.76,39.17,96,5993,SYNTHETIC / ASSUMED PARAMETERS,0,False,457.79,STABLE,False,347.92
2024-01-29,P0008,S005,WH_5,SKU_16,127.23485,537.0,2.0,394.0,0.0,13.23,20.46,0.0,0.0,WH_5,1.66,59.45,101,8221,SYNTHETIC / ASSUMED PARAMETERS,0,False,409.77,STABLE,False,680.21
2024-01-29,P0019,S002,WH_2,SKU_26,107.517204,550.0,5.0,273.0,307.0,8.5,11.16,0.0,0.0,WH_2,0.55,33.37,47,8606,SYNTHETIC / ASSUMED PARAMETERS,0,False,442.48,STABLE,False,243.37
2024-01-29,P0008,S003,WH_3,SKU_16,153.61545,337.0,6.0,336.0,0.0,12.08,18.52,0.0,0.0,WH_3,1.03,67.38,41,10278,SYNTHETIC / ASSUMED PARAMETERS,0,False,183.38,STABLE,False,188.89
2024-01-29,P0008,S004,WH_4,SKU_16,82.6608,505.0,4.0,367.0,0.0,6.61,9.52,0.0,0.0,WH_4,0.87,40.21,59,5735,SYNTHETIC / ASSUMED PARAMETERS,0,False,422.34,STABLE,False,367.44
2024-01-29,P0009,S003,WH_3,SKU_17,113.547516,410.0,3.0,339.0,0.0,16.8,28.54,0.0,0.0,WH_3,1.1,80.9,84,7273,SYNTHETIC / ASSUMED PARAMETERS,0,False,296.45,STABLE,False,326.1
2024-01-29,P0017,S002,WH_2,SKU_24,82.6997,446.0,5.0,365.0,0.0,19.69,29.64,0.0,0.0,WH_2,2.19,76.95,92,10380,SYNTHETIC / ASSUMED PARAMETERS,0,False,363.3,STABLE,False,795.63
2024-01-29,P0009,S005,WH_5,SKU_17,97.14934,637.0,8.0,321.0,364.0,7.73,13.36,0.0,0.0,WH_5,0.58,50.99,60,7894,SYNTHETIC / ASSUMED PARAMETERS,0,False,539.85,STABLE,False,313.11
2024-01-29,P0005,S001,WH_1,SKU_13,114.52413,243.0,9.0,246.0,0.0,19.52,24.09,0.0,0.0,WH_1,1.26,57.54,50,8981,SYNTHETIC / ASSUMED PARAMETERS,3,True,131.48,STABLE,False,223.2
2024-01-29,P0002,S003,WH_3,SKU_10,105.57658,602.0,5.0,218.0,0.0,13.68,17.87,0.0,0.0,WH_3,1.74,42.93,55,5968,SYNTHETIC / ASSUMED PARAMETERS,0,False,496.42,STABLE,False,863.78
2024-01-29,P0007,S003,WH_3,SKU_15,101.20605,604.0,7.0,265.0,0.0,6.24,9.99,0.0,0.0,WH_3,0.69,40.25,72,9290,SYNTHETIC / ASSUMED PARAMETERS,0,False,502.79,STABLE,False,346.93
2024-01-29,P0015,S005,WH_5,SKU_22,98.83375,638.0,4.0,326.0,0.0,16.45,25.06,0.0,0.0,WH_5,2.1,76.56,84,10655,SYNTHETIC / ASSUMED PARAMETERS,0,False,539.17,STABLE,False,1132.25
2024-01-29,P0018,S002,WH_2,SKU_25,97.92575,720.0,3.0,352.0,0.0,5.07,6.95,0.0,0.0,WH_2,0.51,29.96,39,8258,SYNTHETIC / ASSUMED PARAMETERS,0,False,622.07,STABLE,False,317.26
2024-01-29,P0020,S005,WH_5,SKU_27,96.75001,443.0,2.0,353.0,0.0,17.89,25.71,0.0,0.0,WH_5,1.71,74.7,103,6290,SYNTHETIC / ASSUMED PARAMETERS,0,False,346.25,STABLE,False,592.09
2024-01-29,P0006,S001,WH_1,SKU_14,107.9207,556.0,11.0,265.0,355.0,8.21,11.1,0.0,0.0,WH_1,1.31,43.21,69,6246,SYNTHETIC / ASSUMED PARAMETERS,0,False,448.08,STABLE,False,586.98
2024-01-29,P0017,S001,WH_1,SKU_24,100.88904,448.0,2.0,288.0,201.0,6.14,10.22,0.0,0.0,WH_1,0.75,31.15,47,6037,SYNTHETIC / ASSUMED PARAMETERS,0,False,347.11,STABLE,False,260.33
2024-01-29,P0015,S001,WH_1,SKU_22,98.011635,259.0,4.0,282.0,0.0,8.88,12.51,0.0,0.0,WH_1,0.94,51.81,47,10427,SYNTHETIC / ASSUMED PARAMETERS,23,True,183.99,STABLE,False,224.76
2024-01-29,P0020,S002,WH_2,SKU_27,52.738556,266.0,4.0,223.0,0.0,16.3,21.54,0.0,0.0,WH_2,1.63,83.19,46,6479,SYNTHETIC / ASSUMED PARAMETERS,0,False,213.26,STABLE,False,347.62
2024-01-29,P0005,S004,WH_4,SKU_13,98.88993,243.0,10.0,251.0,0.0,14.29,19.75,0.0,0.0,WH_4,0.97,79.01,68,10644,SYNTHETIC / ASSUMED PARAMETERS,8,True,152.11,STABLE,False,226.56
2024-01-29,P0004,S003,WH_3,SKU_12,101.19689,494.0,6.0,234.0,0.0,10.01,13.38,0.0,0.0,WH_3,1.57,45.39,57,10301,SYNTHETIC / ASSUMED PARAMETERS,0,False,392.8,STABLE,False,616.7
2024-01-29,P0005,S005,WH_5,SKU_13,125.48953,530.0,7.0,305.0,0.0,15.13,23.34,0.0,0.0,WH_5,0.88,49.29,48,10583,SYNTHETIC / ASSUMED PARAMETERS,0,False,404.51,STABLE,False,355.97
2024-01-29,P0019,S004,WH_4,SKU_26,115.58379,350.0,14.0,331.0,0.0,8.71,13.65,1.0,0.0,WH_4,0.81,35.89,53,6838,SYNTHETIC / ASSUMED PARAMETERS,0,False,234.42,STABLE,False,189.88
2024-01-29,P0020,S001,WH_1,SKU_27,67.87782,383.0,2.0,389.0,0.0,5.89,7.48,0.0,0.0,WH_1,0.77,21.54,103,8847,SYNTHETIC / ASSUMED PARAMETERS,6,True,321.12,STABLE,False,268.8
2024-01-29,P0009,S004,WH_4,SKU_17,93.64414,420.0,5.0,341.0,0.0,8.62,10.66,0.0,0.0,WH_4,1.16,28.26,74,6506,SYNTHETIC / ASSUMED PARAMETERS,0,False,326.36,STABLE,False,378.57
2024-01-29,P0010,S003,WH_3,SKU_18,102.24841,633.0,9.0,213.0,446.0,15.53,20.4,0.0,0.0,WH_3,2.28,65.06,40,7890,SYNTHETIC / ASSUMED PARAMETERS,0,False,530.75,STABLE,False,1210.11
2024-01-29,P0011,S004,WH_4,SKU_19,98.41718,385.0,4.0,352.0,0.0,5.41,7.4,0.0,0.0,WH_4,0.43,30.95,55,9647,SYNTHETIC / ASSUMED PARAMETERS,0,False,286.58,STABLE,False,123.23
2024-01-29,P0003,S001,WH_1,SKU_11,141.87521,282.0,4.0,286.0,0.0,19.54,34.79,0.0,0.0,WH_1,2.75,93.77,81,6423,SYNTHETIC / ASSUMED PARAMETERS,4,True,144.12,STABLE,False,490.11
2024-01-29,P0006,S003,WH_3,SKU_14,94.62587,359.0,3.0,283.0,0.0,5.88,9.37,0.0,0.0,WH_3,0.82,33.85,73,7722,SYNTHETIC / ASSUMED PARAMETERS,0,False,264.37,STABLE,False,216.79
2024-01-29,P0003,S005,WH_5,SKU_11,99.94802,351.0,3.0,349.0,0.0,18.92,31.99,0.0,0.0,WH_5,1.99,103.38,46,6507,SYNTHETIC / ASSUMED PARAMETERS,0,False,251.05,STABLE,False,499.59
2024-01-29,P0019,S003,WH_3,SKU_26,77.19282,258.0,14.0,222.0,0.0,7.66,9.43,0.0,0.0,WH_3,0.81,30.44,28,5399,SYNTHETIC / ASSUMED PARAMETERS,0,False,180.81,STABLE,False,146.45
2024-01-29,P0013,S003,WH_3,SKU_20,107.38686,657.0,3.0,319.0,0.0,14.9,25.16,0.0,0.0,WH_3,1.3,53.63,94,9643,SYNTHETIC / ASSUMED PARAMETERS,0,False,549.61,STABLE,False,714.5
2024-01-29,P0006,S002,WH_2,SKU_14,99.11489,543.0,14.0,268.0,0.0,18.83,23.34,0.0,0.0,WH_2,2.51,66.61,39,5701,SYNTHETIC / ASSUMED PARAMETERS,0,False,443.89,STABLE,False,1114.15
2024-01-29,P0012,S001,WH_1,SKU_2,147.80359,338.0,13.0,228.0,0.0,19.76,35.1,0.0,0.0,WH_1,2.92,120.54,61,5736,SYNTHETIC / ASSUMED PARAMETERS,0,False,190.2,STABLE,False,555.37
2024-01-29,P0014,S004,WH_4,SKU_21,80.27504,421.0,8.0,379.0,0.0,12.65,20.04,0.0,0.0,WH_4,0.78,76.01,44,11017,SYNTHETIC / ASSUMED PARAMETERS,0,False,340.72,STABLE,False,265.77
2024-01-29,P0009,S001,WH_1,SKU_17,121.5454,300.0,10.0,268.0,0.0,14.9,26.61,0.0,0.0,WH_1,1.04,53.46,53,5188,SYNTHETIC / ASSUMED PARAMETERS,0,False,178.45,STABLE,False,185.59
2024-01-29,P0013,S002,WH_2,SKU_20,82.594734,427.0,9.0,336.0,0.0,12.31,20.86,0.0,0.0,WH_2,1.41,50.99,90,10971,SYNTHETIC / ASSUMED PARAMETERS,0,False,344.41,STABLE,False,485.61
2024-01-29,P0002,S002,WH_2,SKU_10,74.16605,550.0,10.0,310.0,0.0,13.83,22.36,0.0,0.0,WH_2,0.8,49.56,40,6844,SYNTHETIC / ASSUMED PARAMETERS,0,False,475.83,STABLE,False,380.67
2024-01-29,P0010,S002,WH_2,SKU_18,118.75969,477.0,10.0,270.0,0.0,17.51,24.82,0.0,0.0,WH_2,1.18,54.17,54,10850,SYNTHETIC / ASSUMED PARAMETERS,0,False,358.24,STABLE,False,422.72
2024-01-29,P0020,S004,WH_4,SKU_27,74.666985,319.0,14.0,289.0,0.0,13.84,20.65,0.0,0.0,WH_4,2.11,78.58,52,8263,SYNTHETIC / ASSUMED PARAMETERS,0,False,244.33,STABLE,False,515.54
2024-01-29,P0002,S001,WH_1,SKU_10,89.46929,619.0,13.0,361.0,0.0,12.67,18.73,0.0,0.0,WH_1,1.29,70.59,100,6990,SYNTHETIC / ASSUMED PARAMETERS,0,False,529.53,STABLE,False,683.09
2024-01-29,P0001,S005,WH_5,SKU_1,116.831894,519.0,4.0,366.0,0.0,19.41,23.81,0.0,0.0,WH_5,2.58,47.73,54,8279,SYNTHETIC / ASSUMED PARAMETERS,0,False,402.17,STABLE,False,1037.59
2024-01-29,P0007,S004,WH_4,SKU_15,122.48973,368.0,5.0,224.0,0.0,13.52,23.32,0.0,0.0,WH_4,1.16,58.22,61,7785,SYNTHETIC / ASSUMED PARAMETERS,0,False,245.51,STABLE,False,284.79
2024-01-29,P0017,S005,WH_5,SKU_24,114.42393,579.0,7.0,313.0,0.0,7.27,12.17,0.0,0.0,WH_5,0.56,44.06,66,10704,SYNTHETIC / ASSUMED PARAMETERS,0,False,464.58,STABLE,False,260.16
2024-01-29,P0019,S005,WH_5,SKU_26,64.23874,514.0,4.0,393.0,0.0,17.15,27.81,0.0,0.0,WH_5,2.55,59.97,91,8473,SYNTHETIC / ASSUMED PARAMETERS,0,False,449.76,STABLE,False,1146.89
2024-01-29,P0001,S002,WH_2,SKU_1,97.03415,467.0,8.0,322.0,0.0,11.46,19.92,0.0,0.0,WH_2,0.9,70.92,62,9416,SYNTHETIC / ASSUMED PARAMETERS,0,False,369.97,STABLE,False,332.97
2024-01-29,P0014,S005,WH_5,SKU_21,94.476456,333.0,8.0,309.0,0.0,13.11,23.25,0.0,0.0,WH_5,1.81,58.89,87,5672,SYNTHETIC / ASSUMED PARAMETERS,0,False,238.52,STABLE,False,431.73
2024-01-29,P0018,S001,WH_1,SKU_25,108.78504,392.0,5.0,314.0,0.0,14.23,20.28,1.0,0.0,WH_1,0.9,46.65,78,5160,SYNTHETIC / ASSUMED PARAMETERS,0,False,283.21,STABLE,False,254.89
2024-01-29,P0019,S001,WH_1,SKU_26,92.4131,595.0,2.0,335.0,0.0,18.22,23.67,0.0,0.0,WH_1,2.52,50.97,34,5684,SYNTHETIC / ASSUMED PARAMETERS,0,False,502.59,STABLE,False,1266.52
2024-01-29,P0006,S004,WH_4,SKU_14,126.09273,741.0,10.0,343.0,0.0,5.76,8.49,0.0,0.0,WH_4,0.78,37.66,58,8907,SYNTHETIC / ASSUMED PARAMETERS,0,False,614.91,STABLE,False,479.63
2024-01-29,P0016,S001,WH_1,SKU_23,107.38647,329.0,8.0,239.0,0.0,9.05,14.03,0.0,0.0,WH_1,0.76,35.69,32,4845,SYNTHETIC / ASSUMED PARAMETERS,0,False,221.61,STABLE,False,168.43
2024-01-29,P0010,S004,WH_4,SKU_18,125.18371,337.0,6.0,250.0,0.0,5.35,9.51,0.0,0.0,WH_4,0.78,43.27,45,6602,SYNTHETIC / ASSUMED PARAMETERS,0,False,211.82,STABLE,False,165.22
2024-01-30,P0009,S005,WH_5,SKU_17,106.452576,618.0,8.0,321.0,0.0,7.73,13.36,0.0,0.0,WH_5,0.58,50.99,60,7894,SYNTHETIC / ASSUMED PARAMETERS,0,False,511.55,STABLE,False,296.7
2024-01-30,P0017,S005,WH_5,SKU_24,106.27134,546.0,7.0,313.0,0.0,7.27,12.17,1.0,0.0,WH_5,0.56,44.06,66,10704,SYNTHETIC / ASSUMED PARAMETERS,0,False,439.73,STABLE,False,246.25
2024-01-30,P0016,S005,WH_5,SKU_23,74.064896,514.0,3.0,383.0,0.0,19.43,28.74,0.0,0.0,WH_5,2.51,93.33,52,7979,SYNTHETIC / ASSUMED PARAMETERS,0,False,439.94,STABLE,False,1104.24
2024-01-30,P0015,S005,WH_5,SKU_22,91.90033,611.0,4.0,326.0,0.0,16.45,25.06,0.0,0.0,WH_5,2.1,76.56,84,10655,SYNTHETIC / ASSUMED PARAMETERS,0,False,519.1,STABLE,False,1090.11
2024-01-30,P0014,S005,WH_5,SKU_21,108.513374,307.0,8.0,309.0,0.0,13.11,23.25,0.0,0.0,WH_5,1.81,58.89,87,5672,SYNTHETIC / ASSUMED PARAMETERS,2,True,200.49,STABLE,False,421.77
2024-01-30,P0013,S005,WH_5,SKU_20,106.01937,582.0,2.0,246.0,0.0,10.07,18.03,0.0,0.0,WH_5,0.8,71.16,65,5639,SYNTHETIC / ASSUMED PARAMETERS,0,False,475.98,STABLE,False,380.78
2024-01-30,P0012,S005,WH_5,SKU_2,54.390736,545.0,14.0,267.0,0.0,15.0,26.38,0.0,0.0,WH_5,1.72,57.23,63,7517,SYNTHETIC / ASSUMED PARAMETERS,0,False,490.61,STABLE,False,843.85
2024-01-30,P0011,S005,WH_5,SKU_19,77.01567,516.0,7.0,281.0,0.0,15.87,25.1,0.0,0.0,WH_5,2.0,76.39,84,8102,SYNTHETIC / ASSUMED PARAMETERS,0,False,438.98,STABLE,False,877.97
2024-01-30,P0010,S005,WH_5,SKU_18,85.99274,421.0,13.0,394.0,0.0,13.35,21.48,0.0,0.0,WH_5,1.44,69.56,77,8261,SYNTHETIC / ASSUMED PARAMETERS,0,False,335.01,STABLE,False,482.41
2024-01-30,P0008,S005,WH_5,SKU_16,94.71469,517.0,2.0,394.0,0.0,13.23,20.46,0.0,0.0,WH_5,1.66,59.45,101,8221,SYNTHETIC / ASSUMED PARAMETERS,0,False,422.29,STABLE,False,700.99
2024-01-30,P0011,S003,WH_3,SKU_19,139.81248,658.0,4.0,295.0,0.0,14.17,23.01,1.0,0.0,WH_3,1.45,87.37,62,9399,SYNTHETIC / ASSUMED PARAMETERS,0,False,518.19,STABLE,False,751.37
2024-01-30,P0006,S005,WH_5,SKU_14,136.76071,317.0,6.0,259.0,0.0,11.19,14.98,0.0,0.0,WH_5,0.92,37.97,55,10175,SYNTHETIC / ASSUMED PARAMETERS,0,False,180.24,STABLE,False,165.82
2024-01-30,P0005,S005,WH_5,SKU_13,105.02636,508.0,7.0,305.0,0.0,15.13,23.34,0.0,0.0,WH_5,0.88,49.29,48,10583,SYNTHETIC / ASSUMED PARAMETERS,0,False,402.97,STABLE,False,354.62
2024-01-30,P0004,S005,WH_5,SKU_12,101.52925,533.0,6.0,349.0,0.0,10.21,15.8,0.0,0.0,WH_5,0.76,39.17,96,5993,SYNTHETIC / ASSUMED PARAMETERS,0,False,431.47,STABLE,False,327.92
2024-01-30,P0003,S005,WH_5,SKU_11,100.227936,322.0,3.0,349.0,0.0,18.92,31.99,0.0,0.0,WH_5,1.99,103.38,46,6507,SYNTHETIC / ASSUMED PARAMETERS,27,True,248.77,STABLE,False,598.44
2024-01-30,P0002,S005,WH_5,SKU_10,81.51099,317.0,9.0,246.0,0.0,9.67,15.35,0.0,0.0,WH_5,1.52,60.17,40,6308,SYNTHETIC / ASSUMED PARAMETERS,0,False,235.49,STABLE,False,357.94
2024-01-30,P0001,S005,WH_5,SKU_1,103.57965,501.0,4.0,366.0,0.0,19.41,23.81,0.0,0.0,WH_5,2.58,47.73,54,8279,SYNTHETIC / ASSUMED PARAMETERS,0,False,397.42,STABLE,False,1025.34
2024-01-30,P0020,S004,WH_4,SKU_27,81.84598,288.0,14.0,289.0,0.0,13.84,20.65,1.0,0.0,WH_4,2.11,78.58,52,8263,SYNTHETIC / ASSUMED PARAMETERS,1,True,207.15,STABLE,False,515.67
2024-01-30,P0019,S004,WH_4,SKU_26,108.82873,311.0,14.0,331.0,0.0,8.71,13.65,1.0,0.0,WH_4,0.81,35.89,53,6838,SYNTHETIC / ASSUMED PARAMETERS,20,True,222.17,STABLE,False,215.85
2024-01-30,P0018,S004,WH_4,SKU_25,67.54793,410.0,9.0,273.0,0.0,12.02,19.24,0.0,0.0,WH_4,1.67,68.75,82,5738,SYNTHETIC / ASSUMED PARAMETERS,0,False,342.45,STABLE,False,571.89
2024-01-30,P0017,S004,WH_4,SKU_24,102.816345,316.0,13.0,301.0,0.0,7.11,12.19,0.0,0.0,WH_4,1.05,31.77,79,5355,SYNTHETIC / ASSUMED PARAMETERS,0,False,213.18,STABLE,False,223.84
2024-01-30,P0007,S005,WH_5,SKU_15,91.44541,448.0,14.0,279.0,0.0,15.48,21.47,0.0,0.0,WH_5,1.08,84.29,72,9525,SYNTHETIC / ASSUMED PARAMETERS,0,False,356.55,STABLE,False,385.08
2024-01-30,P0016,S004,WH_4,SKU_23,51.304096,285.0,14.0,236.0,0.0,15.4,18.69,0.0,0.0,WH_4,1.44,47.04,57,10538,SYNTHETIC / ASSUMED PARAMETERS,0,False,233.7,STABLE,False,336.52
2024-01-30,P0012,S004,WH_4,SKU_2,92.34766,443.0,6.0,290.0,0.0,7.06,10.96,0.0,0.0,WH_4,1.1,40.69,80,10160,SYNTHETIC / ASSUMED PARAMETERS,0,False,350.65,STABLE,False,385.72
2024-01-30,P0015,S004,WH_4,SKU_22,47.870853,657.0,11.0,374.0,315.0,19.16,23.34,0.0,0.0,WH_4,2.12,46.36,63,10964,SYNTHETIC / ASSUMED PARAMETERS,0,False,609.13,STABLE,False,1291.35
2024-01-30,P0008,S003,WH_3,SKU_16,132.06982,303.0,6.0,336.0,0.0,12.08,18.52,0.0,0.0,WH_3,1.03,67.38,41,10278,SYNTHETIC / ASSUMED PARAMETERS,33,True,203.93,STABLE,False,277.43
2024-01-30,P0011,S004,WH_4,SKU_19,80.68828,365.0,4.0,352.0,0.0,5.41,7.4,0.0,0.0,WH_4,0.43,30.95,55,9647,SYNTHETIC / ASSUMED PARAMETERS,0,False,284.31,STABLE,False,122.25
2024-01-30,P0010,S004,WH_4,SKU_18,116.848175,317.0,6.0,250.0,0.0,5.35,9.51,0.0,0.0,WH_4,0.78,43.27,45,6602,SYNTHETIC / ASSUMED PARAMETERS,0,False,200.15,STABLE,False,156.12
2024-01-30,P0009,S004,WH_4,SKU_17,120.88476,398.0,5.0,341.0,0.0,8.62,10.66,0.0,0.0,WH_4,1.16,28.26,74,6506,SYNTHETIC / ASSUMED PARAMETERS,0,False,277.12,STABLE,False,321.45
2024-01-30,P0008,S004,WH_4,SKU_16,55.548683,486.0,4.0,367.0,0.0,6.61,9.52,0.0,0.0,WH_4,0.87,40.21,59,5735,SYNTHETIC / ASSUMED PARAMETERS,0,False,430.45,STABLE,False,374.49
2024-01-30,P0007,S004,WH_4,SKU_15,120.43371,336.0,5.0,224.0,0.0,13.52,23.32,0.0,0.0,WH_4,1.16,58.22,61,7785,SYNTHETIC / ASSUMED PARAMETERS,0,False,215.57,STABLE,False,250.06
2024-01-30,P0006,S004,WH_4,SKU_14,108.43225,709.0,10.0,343.0,0.0,5.76,8.49,0.0,0.0,WH_4,0.78,37.66,58,8907,SYNTHETIC / ASSUMED PARAMETERS,0,False,600.57,STABLE,False,468.44
2024-01-30,P0005,S004,WH_4,SKU_13,103.22581,606.0,10.0,251.0,382.0,14.29,19.75,0.0,0.0,WH_4,0.97,79.01,68,10644,SYNTHETIC / ASSUMED PARAMETERS,0,False,502.77,STABLE,False,487.69
2024-01-30,P0004,S004,WH_4,SKU_12,111.69785,562.0,12.0,227.0,0.0,14.2,19.73,0.0,0.0,WH_4,1.6,43.96,33,7746,SYNTHETIC / ASSUMED PARAMETERS,0,False,450.3,STABLE,False,720.48
2024-01-30,P0003,S004,WH_4,SKU_11,64.6344,650.0,2.0,382.0,0.0,6.2,7.82,0.0,0.0,WH_4,0.5,33.95,90,5402,SYNTHETIC / ASSUMED PARAMETERS,0,False,585.37,STABLE,False,292.68
2024-01-30,P0009,S003,WH_3,SKU_17,133.6172,387.0,3.0,339.0,0.0,16.8,28.54,0.0,0.0,WH_3,1.1,80.9,84,7273,SYNTHETIC / ASSUMED PARAMETERS,0,False,253.38,STABLE,False,278.72
2024-01-30,P0002,S004,WH_4,SKU_10,76.97335,379.0,14.0,328.0,0.0,19.02,24.9,0.0,0.0,WH_4,2.76,93.09,92,6565,SYNTHETIC / ASSUMED PARAMETERS,0,False,302.03,STABLE,False,833.59
2024-01-30,P0020,S003,WH_3,SKU_27,115.77725,483.0,3.0,296.0,0.0,9.18,15.91,0.0,0.0,WH_3,1.13,62.45,32,6179,SYNTHETIC / ASSUMED PARAMETERS,0,False,367.22,STABLE,False,414.96
2024-01-30,P0019,S003,WH_3,SKU_26,141.40924,234.0,14.0,222.0,0.0,7.66,9.43,0.0,0.0,WH_3,0.81,30.44,28,5399,SYNTHETIC / ASSUMED PARAMETERS,0,False,92.59,STABLE,False,75.0
2024-01-30,P0018,S003,WH_3,SKU_25,88.436226,542.0,7.0,232.0,356.0,6.51,8.04,0.0,0.0,WH_3,0.89,32.85,39,9598,SYNTHETIC / ASSUMED PARAMETERS,0,False,453.56,STABLE,False,403.67
2024-01-30,P0017,S003,WH_3,SKU_24,113.82308,190.0,10.0,209.0,0.0,10.59,15.15,1.0,0.0,WH_3,1.43,56.19,52,9960,SYNTHETIC / ASSUMED PARAMETERS,19,True,95.18,STABLE,False,192.29
2024-01-30,P0016,S003,WH_3,SKU_23,115.715454,509.0,5.0,293.0,0.0,18.08,23.36,1.0,0.0,WH_3,2.55,64.6,72,10369,SYNTHETIC / ASSUMED PARAMETERS,0,False,393.28,STABLE,False,1002.88
2024-01-30,P0015,S003,WH_3,SKU_22,145.13301,469.0,4.0,211.0,0.0,18.38,32.58,1.0,0.0,WH_3,1.34,101.74,33,5385,SYNTHETIC / ASSUMED PARAMETERS,0,False,323.87,STABLE,False,433.98
2024-01-30,P0014,S003,WH_3,SKU_21,141.88245,332.0,10.0,283.0,0.0,5.75,8.47,0.0,0.0,WH_3,0.72,24.19,84,8334,SYNTHETIC / ASSUMED PARAMETERS,0,False,190.12,STABLE,False,136.88
2024-01-30,P0013,S003,WH_3,SKU_20,124.96008,636.0,3.0,319.0,0.0,14.9,25.16,0.0,0.0,WH_3,1.3,53.63,94,9643,SYNTHETIC / ASSUMED PARAMETERS,0,False,511.04,STABLE,False,664.35
2024-01-30,P0012,S003,WH_3,SKU_2,67.819954,518.0,10.0,319.0,240.0,5.02,7.82,1.0,0.0,WH_3,0.45,23.6,74,9396,SYNTHETIC / ASSUMED PARAMETERS,0,False,450.18,STABLE,False,202.58
2024-01-30,P0013,S004,WH_4,SKU_20,59.910873,510.0,2.0,327.0,0.0,16.89,23.51,0.0,0.0,WH_4,1.33,49.52,45,10402,SYNTHETIC / ASSUMED PARAMETERS,0,False,450.09,STABLE,False,598.62
2024-01-30,P0001,S004,WH_4,SKU_1,105.546,490.0,9.0,333.0,0.0,6.93,10.7,0.0,0.0,WH_4,1.02,32.51,60,7800,SYNTHETIC / ASSUMED PARAMETERS,0,False,384.45,STABLE,False,392.14
2024-01-30,P0019,S005,WH_5,SKU_26,83.58606,488.0,4.0,393.0,0.0,17.15,27.81,0.0,0.0,WH_5,2.55,59.97,91,8473,SYNTHETIC / ASSUMED PARAMETERS,0,False,404.41,STABLE,False,1031.26
2024-01-30,P0007,S003,WH_3,SKU_15,108.31251,580.0,7.0,265.0,0.0,6.24,9.99,0.0,0.0,WH_3,0.69,40.25,72,9290,SYNTHETIC / ASSUMED PARAMETERS,0,False,471.69,STABLE,False,325.46
2024-01-30,P0001,S002,WH_2,SKU_1,98.61912,442.0,8.0,322.0,0.0,11.46,19.92,0.0,0.0,WH_2,0.9,70.92,62,9416,SYNTHETIC / ASSUMED PARAMETERS,0,False,343.38,STABLE,False,309.04
2024-01-30,P0003,S003,WH_3,SKU_11,108.37292,648.0,13.0,342.0,0.0,13.85,18.39,1.0,0.0,WH_3,1.16,58.36,96,10164,SYNTHETIC / ASSUMED PARAMETERS,0,False,539.63,STABLE,False,625.97
2024-01-30,P0002,S003,WH_3,SKU_10,114.3104,584.0,5.0,218.0,0.0,13.68,17.87,0.0,0.0,WH_3,1.74,42.93,55,5968,SYNTHETIC / ASSUMED PARAMETERS,0,False,469.69,STABLE,False,817.26
2024-01-30,P0001,S003,WH_3,SKU_1,68.79656,514.0,6.0,314.0,0.0,6.06,8.41,0.0,0.0,WH_3,0.95,32.98,61,6038,SYNTHETIC / ASSUMED PARAMETERS,0,False,445.2,STABLE,False,422.94
2024-01-30,P0020,S002,WH_2,SKU_27,77.162315,238.0,4.0,223.0,0.0,16.3,21.54,0.0,0.0,WH_2,1.63,83.19,46,6479,SYNTHETIC / ASSUMED PARAMETERS,0,False,160.84,STABLE,False,262.17
2024-01-30,P0019,S002,WH_2,SKU_26,108.04683,529.0,5.0,273.0,0.0,8.5,11.16,0.0,0.0,WH_2,0.55,33.37,47,8606,SYNTHETIC / ASSUMED PARAMETERS,0,False,420.95,STABLE,False,231.52
2024-01-30,P0018,S002,WH_2,SKU_25,110.5826,696.0,3.0,352.0,0.0,5.07,6.95,1.0,0.0,WH_2,0.51,29.96,39,8258,SYNTHETIC / ASSUMED PARAMETERS,0,False,585.42,STABLE,False,298.56
2024-01-30,P0017,S002,WH_2,SKU_24,76.296005,420.0,5.0,365.0,0.0,19.69,29.64,0.0,0.0,WH_2,2.19,76.95,92,10380,SYNTHETIC / ASSUMED PARAMETERS,0,False,343.7,STABLE,False,752.71
2024-01-30,P0016,S002,WH_2,SKU_23,85.55854,337.0,12.0,312.0,0.0,6.68,11.81,0.0,0.0,WH_2,0.8,35.45,73,10338,SYNTHETIC / ASSUMED PARAMETERS,0,False,251.44,STABLE,False,201.15
2024-01-30,P0015,S002,WH_2,SKU_22,84.14197,467.0,7.0,261.0,0.0,9.82,14.68,0.0,0.0,WH_2,1.21,42.78,60,5653,SYNTHETIC / ASSUMED PARAMETERS,0,False,382.86,STABLE,False,463.26
2024-01-30,P0014,S002,WH_2,SKU_21,96.54242,355.0,7.0,349.0,0.0,8.18,12.0,0.0,0.0,WH_2,1.13,36.82,79,8567,SYNTHETIC / ASSUMED PARAMETERS,0,False,258.46,STABLE,False,292.06
2024-01-30,P0013,S002,WH_2,SKU_20,112.76764,403.0,9.0,336.0,0.0,12.31,20.86,0.0,0.0,WH_2,1.41,50.99,90,10971,SYNTHETIC / ASSUMED PARAMETERS,0,False,290.23,STABLE,False,409.23
2024-01-30,P0012,S002,WH_2,SKU_2,77.16779,533.0,8.0,377.0,0.0,16.77,22.06,0.0,0.0,WH_2,1.73,61.48,56,5161,SYNTHETIC / ASSUMED PARAMETERS,0,False,455.83,STABLE,False,788.59
2024-01-30,P0011,S002,WH_2,SKU_19,75.88801,689.0,8.0,316.0,0.0,12.67,18.56,0.0,0.0,WH_2,1.58,55.58,37,4994,SYNTHETIC / ASSUMED PARAMETERS,0,False,613.11,STABLE,False,968.72
2024-01-30,P0010,S002,WH_2,SKU_18,101.45444,460.0,10.0,270.0,0.0,17.51,24.82,0.0,0.0,WH_2,1.18,54.17,54,10850,SYNTHETIC / ASSUMED PARAMETERS,0,False,358.55,STABLE,False,423.08
2024-01-30,P0009,S002,WH_2,SKU_17,100.783875,661.0,13.0,372.0,0.0,16.68,21.24,0.0,0.0,WH_2,1.17,53.18,81,8112,SYNTHETIC / ASSUMED PARAMETERS,0,False,560.22,STABLE,False,655.45
2024-01-30,P0008,S002,WH_2,SKU_16,106.53177,399.0,11.0,327.0,0.0,19.0,26.16,0.0,0.0,WH_2,2.13,82.7,65,6031,SYNTHETIC / ASSUMED PARAMETERS,0,False,292.47,STABLE,False,622.96
2024-01-30,P0007,S002,WH_2,SKU_15,95.15023,565.0,8.0,386.0,0.0,11.37,14.92,0.0,0.0,WH_2,1.19,43.87,61,9277,SYNTHETIC / ASSUMED PARAMETERS,0,False,469.85,STABLE,False,559.12
2024-01-30,P0006,S002,WH_2,SKU_14,107.13177,514.0,14.0,268.0,0.0,18.83,23.34,0.0,0.0,WH_2,2.51,66.61,39,5701,SYNTHETIC / ASSUMED PARAMETERS,0,False,406.87,STABLE,False,1021.24
2024-01-30,P0018,S005,WH_5,SKU_25,77.45647,368.0,7.0,311.0,0.0,8.45,14.29,0.0,0.0,WH_5,0.63,58.32,37,5926,SYNTHETIC / ASSUMED PARAMETERS,0,False,290.54,STABLE,False,183.04
2024-01-30,P0010,S003,WH_3,SKU_18,124.57101,618.0,9.0,213.0,0.0,15.53,20.4,0.0,0.0,WH_3,2.28,65.06,40,7890,SYNTHETIC / ASSUMED PARAMETERS,0,False,493.43,STABLE,False,1125.02
2024-01-30,P0014,S004,WH_4,SKU_21,47.878654,387.0,8.0,379.0,0.0,12.65,20.04,0.0,0.0,WH_4,0.78,76.01,44,11017,SYNTHETIC / ASSUMED PARAMETERS,0,False,339.12,STABLE,False,264.51
2024-01-30,P0004,S003,WH_3,SKU_12,108.49607,473.0,6.0,234.0,0.0,10.01,13.38,0.0,0.0,WH_3,1.57,45.39,57,10301,SYNTHETIC / ASSUMED PARAMETERS,0,False,364.5,STABLE,False,572.27
2024-01-30,P0005,S003,WH_3,SKU_13,108.36021,579.0,14.0,382.0,0.0,6.01,8.52,0.0,0.0,WH_3,0.87,30.72,112,6380,SYNTHETIC / ASSUMED PARAMETERS,0,False,470.64,STABLE,False,409.46
2024-01-30,P0006,S003,WH_3,SKU_14,137.72394,337.0,3.0,283.0,0.0,5.88,9.37,0.0,0.0,WH_3,0.82,33.85,73,7722,SYNTHETIC / ASSUMED PARAMETERS,0,False,199.28,STABLE,False,163.41
2024-01-30,P0005,S002,WH_2,SKU_13,109.39859,559.0,11.0,350.0,0.0,17.04,21.69,0.0,0.0,WH_2,2.15,79.74,38,5796,SYNTHETIC / ASSUMED PARAMETERS,0,False,449.6,STABLE,False,966.64
2024-01-30,P0020,S001,WH_1,SKU_27,61.089756,670.0,2.0,389.0,312.0,5.89,7.48,0.0,0.0,WH_1,0.77,21.54,103,8847,SYNTHETIC / ASSUMED PARAMETERS,0,False,608.91,STABLE,False,468.86
2024-01-30,P0019,S001,WH_1,SKU_26,62.92127,570.0,2.0,335.0,0.0,18.22,23.67,0.0,0.0,WH_1,2.52,50.97,34,5684,SYNTHETIC / ASSUMED PARAMETERS,0,False,507.08,STABLE,False,1277.84
2024-01-30,P0018,S001,WH_1,SKU_25,94.33692,369.0,5.0,314.0,0.0,14.23,20.28,0.0,0.0,WH_1,0.9,46.65,78,5160,SYNTHETIC / ASSUMED PARAMETERS,0,False,274.66,STABLE,False,247.2
2024-01-30,P0017,S001,WH_1,SKU_24,84.86666,414.0,2.0,288.0,0.0,6.14,10.22,0.0,0.0,WH_1,0.75,31.15,47,6037,SYNTHETIC / ASSUMED PARAMETERS,0,False,329.13,STABLE,False,246.85
2024-01-30,P0016,S001,WH_1,SKU_23,100.723236,308.0,8.0,239.0,0.0,9.05,14.03,0.0,0.0,WH_1,0.76,35.69,32,4845,SYNTHETIC / ASSUMED PARAMETERS,0,False,207.28,STABLE,False,157.53
2024-01-30,P0015,S001,WH_1,SKU_22,71.6949,509.0,4.0,282.0,287.0,8.88,12.51,1.0,0.0,WH_1,0.94,51.81,47,10427,SYNTHETIC / ASSUMED PARAMETERS,0,False,437.31,STABLE,False,411.07
2024-01-30,P0014,S001,WH_1,SKU_21,95.817665,576.0,11.0,245.0,0.0,19.68,23.66,1.0,0.0,WH_1,2.7,52.3,38,5664,SYNTHETIC / ASSUMED PARAMETERS,0,False,480.18,STABLE,False,1296.49
2024-01-30,P0013,S001,WH_1,SKU_20,96.19126,524.0,9.0,295.0,0.0,9.55,16.05,0.0,0.0,WH_1,1.19,44.04,33,5191,SYNTHETIC / ASSUMED PARAMETERS,0,False,427.81,STABLE,False,509.09
2024-01-30,P0012,S001,WH_1,SKU_2,98.624695,311.0,13.0,228.0,0.0,19.76,35.1,0.0,0.0,WH_1,2.92,120.54,61,5736,SYNTHETIC / ASSUMED PARAMETERS,0,False,212.38,STABLE,False,620.14
2024-01-30,P0011,S001,WH_1,SKU_19,56.377354,327.0,8.0,287.0,0.0,12.4,18.41,0.0,0.0,WH_1,1.18,43.0,33,9186,SYNTHETIC / ASSUMED PARAMETERS,0,False,270.62,STABLE,False,319.33
2024-01-30,P0003,S002,WH_2,SKU_11,90.16307,337.0,4.0,230.0,0.0,17.93,29.29,0.0,0.0,WH_2,2.41,85.34,31,10194,SYNTHETIC / ASSUMED PARAMETERS,0,False,246.84,STABLE,False,594.88
2024-01-30,P0010,S001,WH_1,SKU_18,74.3064,456.0,2.0,346.0,0.0,8.62,10.49,1.0,0.0,WH_1,0.92,38.21,43,7798,SYNTHETIC / ASSUMED PARAMETERS,0,False,381.69,STABLE,False,351.16
2024-01-30,P0008,S001,WH_1,SKU_16,69.35221,662.0,14.0,328.0,0.0,11.96,17.38,0.0,0.0,WH_1,1.64,39.73,88,10604,SYNTHETIC / ASSUMED PARAMETERS,0,False,592.65,STABLE,False,971.94
2024-01-30,P0007,S001,WH_1,SKU_15,93.20289,482.0,13.0,327.0,0.0,16.7,28.78,0.0,0.0,WH_1,2.21,100.17,53,6976,SYNTHETIC / ASSUMED PARAMETERS,0,False,388.8,STABLE,False,859.24
2024-01-30,P0006,S001,WH_1,SKU_14,89.06766,536.0,11.0,265.0,0.0,8.21,11.1,0.0,0.0,WH_1,1.31,43.21,69,6246,SYNTHETIC / ASSUMED PARAMETERS,0,False,446.93,STABLE,False,585.48
2024-01-30,P0005,S001,WH_1,SKU_13,87.28386,472.0,9.0,246.0,260.0,19.52,24.09,0.0,0.0,WH_1,1.26,57.54,50,8981,SYNTHETIC / ASSUMED PARAMETERS,0,False,384.72,STABLE,False,484.74
2024-01-30,P0004,S001,WH_1,SKU_12,83.19946,304.0,5.0,299.0,0.0,5.36,7.17,0.0,0.0,WH_1,0.74,24.31,60,7801,SYNTHETIC / ASSUMED PARAMETERS,0,False,220.8,STABLE,False,163.39
2024-01-30,P0003,S001,WH_1,SKU_11,108.45987,688.0,4.0,286.0,426.0,19.54,34.79,0.0,0.0,WH_1,2.75,93.77,81,6423,SYNTHETIC / ASSUMED PARAMETERS,0,False,579.54,STABLE,False,1593.74
2024-01-30,P0002,S001,WH_1,SKU_10,112.26901,593.0,13.0,361.0,0.0,12.67,18.73,0.0,0.0,WH_1,1.29,70.59,100,6990,SYNTHETIC / ASSUMED PARAMETERS,0,False,480.73,STABLE,False,620.14
2024-01-30,P0001,S001,WH_1,SKU_1,94.68838,375.0,14.0,379.0,0.0,13.95,20.48,0.0,0.0,WH_1,1.88,67.42,94,6673,SYNTHETIC / ASSUMED PARAMETERS,4,True,284.31,STABLE,False,601.93
2024-01-30,P0002,S002,WH_2,SKU_10,76.37156,528.0,10.0,310.0,0.0,13.83,22.36,0.0,0.0,WH_2,0.8,49.56,40,6844,SYNTHETIC / ASSUMED PARAMETERS,0,False,451.63,STABLE,False,361.3
2024-01-30,P0004,S002,WH_2,SKU_12,100.99701,503.0,6.0,370.0,0.0,19.03,23.02,0.0,0.0,WH_2,2.32,68.2,104,8597,SYNTHETIC / ASSUMED PARAMETERS,0,False,402.0,STABLE,False,932.65
2024-01-30,P0009,S001,WH_1,SKU_17,100.30169,280.0,10.0,268.0,0.0,14.9,26.61,0.0,0.0,WH_1,1.04,53.46,53,5188,SYNTHETIC / ASSUMED PARAMETERS,0,False,179.7,STABLE,False,186.89
2024-01-30,P0020,S005,WH_5,SKU_27,81.60403,416.0,2.0,353.0,0.0,17.89,25.71,0.0,0.0,WH_5,1.71,74.7,103,6290,SYNTHETIC / ASSUMED PARAMETERS,0,False,334.4,STABLE,False,571.82
